cycle_index,robot_namespace,ros_time_s,source_stamp_s,wall_elapsed_s,cycle_valid,status,input_point_count,filtered_point_count,fine_enabled,ros_to_pcl_ms,queue_wait_ms,task_setup_ms,preprocessing_ms,height_mapping_ms,bgk_mapping_ms,startup_hole_fill_ms,geometric_mapping_ms,step_mapping_ms,traversability_mapping_ms,fine_traversability_mapping_ms,viewpoint_update_ms,map_publication_ms,algorithm_total_ms,accounted_total_ms,cycle_wall_ms,unaccounted_ms,end_to_end_ms
0,vehicle2,963.778000,963.678000,2.909442,1,ok,10593,7907,1,0.157555,0.005852,0.000107,0.057555,35.378178,13.366687,3.214698,40.475423,6.964011,0.697832,216.075938,0.032447,9.519956,316.230322,325.782832,325.925196,0.142364,326.088603
1,vehicle2,964.043000,963.849000,3.800717,1,ok,19957,15699,1,0.262943,0.010427,0.000390,0.130108,26.972286,13.548289,0.000074,40.713234,8.025096,0.710134,372.626414,0.003662,6.631476,462.725635,469.361163,469.642899,0.281736,469.916269
2,vehicle2,964.237000,964.055000,4.610470,1,ok,23338,18638,1,0.174664,0.004809,0.000282,0.068517,20.844666,14.586360,0.000111,55.905472,12.716144,0.930827,403.085256,0.003346,6.622278,508.137353,514.763259,515.282990,0.519731,515.462463
3,vehicle2,964.444000,964.253000,5.482451,1,ok,22564,18288,1,0.261024,0.004349,0.000202,0.051764,22.671090,12.364102,0.000073,40.920801,8.928391,0.822316,444.255001,0.003428,6.947630,530.013538,536.964798,537.207606,0.242808,537.472979
4,vehicle2,964.645000,964.451000,6.247494,1,ok,22829,18439,1,0.376525,0.007401,0.000280,0.179675,21.995252,11.787560,0.000081,42.780002,8.929672,0.722648,450.972506,0.005661,6.802935,537.367396,544.176272,544.449537,0.273265,544.833463
5,vehicle2,964.838000,964.664000,7.166367,1,ok,22815,18375,1,0.317965,0.007838,0.000163,0.093392,15.556078,11.977060,0.000083,43.188328,9.215334,0.728271,553.930957,0.023661,6.686337,634.689503,641.399664,641.632753,0.233089,641.958556
6,vehicle2,965.037000,964.852000,8.003247,1,ok,22784,18372,1,0.369972,0.007597,0.000478,0.085682,8.462271,11.404323,0.000087,43.307233,9.742882,0.698396,454.579272,0.008941,6.539645,528.280146,534.829210,535.087503,0.258293,535.465072
7,vehicle2,965.237000,965.051000,8.795395,1,ok,22781,18352,1,0.257002,0.008120,0.000306,0.095104,14.373028,11.877042,0.000074,41.418268,9.487919,0.707634,448.651073,0.007036,6.967029,526.610142,533.584513,533.852271,0.267758,534.117393
8,vehicle2,965.439000,965.252000,9.656194,1,ok,22831,18391,1,0.357611,0.004735,0.000244,0.120895,13.259797,10.850073,0.000094,42.274927,9.874061,0.716304,533.243673,0.006814,6.896185,610.339824,617.243067,617.514448,0.271381,617.876794
9,vehicle2,965.638000,965.455000,10.544351,1,ok,22719,18375,1,0.350169,0.008256,0.000396,0.089752,20.610235,16.516542,0.000151,47.519690,8.938537,0.928323,475.263503,0.003503,7.673764,569.866733,577.544396,577.911737,0.367341,578.270162
10,vehicle2,965.838000,965.652000,11.363180,1,ok,22426,18196,1,0.193755,0.005795,0.000308,0.094234,14.649652,10.424825,0.000136,45.992871,11.185733,0.713487,445.059132,0.018888,6.148910,528.120070,534.288176,534.543388,0.255212,534.742938
11,vehicle2,966.038000,965.852000,12.152239,1,ok,22174,18079,1,0.284597,0.004769,0.000245,0.053464,8.030304,11.734722,0.000096,41.917280,8.960126,0.702629,417.426878,0.004100,6.549353,488.825499,495.379197,495.575963,0.196766,495.865329
12,vehicle2,966.236000,966.050000,12.973715,1,ok,22212,18031,1,0.266509,0.006492,0.000299,0.084805,14.966643,10.759269,0.000087,45.509275,9.243887,0.706559,423.229682,0.003564,8.098173,504.500207,512.602243,512.821686,0.219443,513.094687
13,vehicle2,966.438000,966.251000,13.758158,1,ok,22197,18004,1,0.334050,0.007502,0.000431,0.084854,10.100789,11.223353,0.000073,42.415549,9.693108,0.908886,415.400442,0.012802,6.435136,489.827054,496.275423,496.638461,0.363038,496.980013
14,vehicle2,966.638000,966.451000,14.550577,1,ok,22196,17969,1,0.345517,0.007219,0.000302,0.079509,9.595114,10.634410,0.000075,42.499629,9.130834,1.904178,405.261323,0.003789,6.534603,479.105072,485.643766,485.913377,0.269611,486.266113
15,vehicle2,966.838000,966.651000,15.394764,1,ok,22069,17941,1,0.274956,0.510972,0.000288,0.115887,8.260830,11.645441,0.000084,41.318017,9.331007,0.718097,422.454616,0.020867,6.605744,493.843979,500.470878,500.817094,0.346216,501.603022
16,vehicle2,967.038000,966.852000,16.173952,1,ok,21946,17868,1,0.322904,0.004983,0.000307,0.050930,7.649925,11.068414,0.000115,43.763203,8.811403,0.733900,400.698339,0.003790,6.787552,472.776229,479.567878,479.881571,0.313693,480.209458
17,vehicle2,967.237000,967.050000,16.982205,1,ok,21991,17892,1,0.211871,0.007191,0.000210,0.084561,10.259610,11.995134,0.000080,42.249389,8.715908,0.737829,403.544415,0.004499,7.809662,477.586926,485.401297,485.892425,0.491128,486.111487
18,vehicle2,967.437000,967.249000,17.812781,1,ok,22011,17913,1,0.194074,0.004389,0.000315,0.052822,6.869651,11.069928,0.000154,44.824521,8.976834,0.752025,403.751495,0.004944,6.757637,476.297430,483.060326,483.298512,0.238186,483.496975
19,vehicle2,967.637000,967.452000,18.668952,1,ok,22062,17988,1,0.317078,0.005880,0.000260,0.052919,13.828027,10.992904,0.000124,43.419786,12.677623,0.926112,427.632891,0.003033,6.962094,509.530386,516.495773,516.865854,0.370081,517.188812
20,vehicle2,967.837000,967.652000,19.488642,1,ok,21942,17864,1,0.349259,0.006702,0.000282,0.058333,8.638365,10.388795,0.000105,42.866670,10.027162,0.714292,406.862442,0.010202,6.217022,479.556164,485.783670,486.315955,0.532285,486.671916
21,vehicle2,968.038000,967.852000,20.349759,1,ok,21876,17815,1,0.275697,0.004822,0.000359,0.050860,7.459592,10.523872,0.000085,42.924876,10.666647,1.008808,427.641328,0.015382,6.410317,500.276068,506.702126,507.011292,0.309166,507.291811
22,vehicle2,968.238000,968.052000,21.179527,1,ok,21887,17904,1,0.239844,0.007606,0.000664,0.084764,7.931179,11.078242,0.000140,44.303780,9.330613,0.706911,416.062917,0.003615,6.976909,489.498546,496.479734,496.799956,0.320222,497.047406
23,vehicle2,968.439000,968.254000,22.008716,1,ok,21867,17964,1,0.200289,0.005290,0.000314,0.050557,7.959081,11.004976,0.000140,43.599779,12.494618,0.963255,414.346370,0.004875,7.155079,490.418776,497.579044,497.884949,0.305905,498.090528
24,vehicle2,968.638000,968.452000,22.845491,1,ok,21762,17998,1,0.184303,0.007601,0.000388,0.091929,9.493841,12.688878,0.000090,44.712377,10.597581,0.709070,424.259986,0.028975,7.645477,502.553752,510.228592,510.727678,0.499086,510.919582
25,vehicle2,968.837000,968.653000,23.707470,1,ok,21755,18086,1,0.239452,0.004776,0.000303,0.048280,11.625514,10.747653,0.000130,43.337628,10.369180,0.712535,459.658479,0.004595,8.253305,536.499399,544.757602,545.007810,0.250208,545.252038
26,vehicle2,969.038000,968.850000,24.498482,1,ok,21859,18204,1,0.300909,0.006029,0.000265,0.123563,12.738662,11.087419,0.000088,41.817304,11.475471,0.730532,442.096370,0.039344,7.586325,520.069409,527.695343,528.030343,0.335000,528.337281
27,vehicle2,969.239000,969.052000,25.362766,1,ok,22143,18466,1,0.259097,0.007875,0.000124,0.105236,23.251149,11.305060,0.000096,43.131607,11.417382,0.724857,473.673985,0.009426,6.474636,563.609372,570.093558,570.360613,0.267055,570.627585
28,vehicle2,969.438000,969.253000,26.174407,1,ok,22412,18658,1,0.310290,0.009264,0.000161,0.172604,13.156616,11.133356,0.000095,46.524618,10.531762,0.778112,456.946177,0.004985,6.945880,539.243340,546.194366,546.446485,0.252119,546.766039
29,vehicle2,969.638000,969.454000,26.990226,1,ok,22603,18808,1,0.292048,0.007194,0.000116,0.079035,12.520334,10.555060,0.000136,43.528334,9.974211,0.740386,442.263861,0.003546,7.069159,519.661357,526.734178,527.082304,0.348126,527.381546
30,vehicle2,969.837000,969.652000,27.827882,1,ok,22705,18915,1,0.216676,0.004732,0.000272,0.112128,10.655969,10.912611,0.000075,42.501713,10.279328,0.923316,452.500579,0.007046,6.317639,527.885719,534.210676,534.596049,0.385373,534.817457
31,vehicle2,970.037000,969.852000,28.627792,1,ok,22730,18975,1,0.268991,0.009016,0.000279,0.091680,9.552969,10.466977,0.000129,43.693190,10.016802,0.871021,437.346088,0.004620,6.538281,512.038856,518.582036,518.866562,0.284526,519.144569
32,vehicle2,970.238000,970.053000,29.476517,1,ok,22755,19043,1,0.271797,0.005053,0.000184,0.053706,16.599993,9.992566,0.000079,42.981819,11.978485,0.920654,455.840585,0.024517,7.500925,538.367887,545.893513,546.271000,0.377487,546.547850
33,vehicle2,970.437000,970.253000,30.280105,1,ok,22780,19033,1,0.251372,0.007004,0.000259,0.094720,11.274097,11.708097,0.000100,43.223714,10.542694,0.718175,449.872657,0.003412,6.372034,527.434254,533.809959,534.081392,0.271433,534.339768
34,vehicle2,970.637000,970.455000,31.079482,1,ok,22826,19022,1,0.317843,0.005604,0.000222,0.116399,7.449383,10.853639,0.000076,43.057939,9.530603,0.991113,442.282203,0.003793,6.151329,514.281355,520.436699,520.748377,0.311678,521.071824
35,vehicle2,970.838000,970.652000,31.914178,1,ok,22871,19074,1,0.279002,0.006131,0.000238,0.054405,6.553434,11.824461,0.000125,42.318855,10.799797,0.716992,441.486174,0.004040,6.427090,513.754243,520.185611,520.396503,0.210892,520.681636
36,vehicle2,971.037000,970.855000,32.740171,1,ok,22971,19193,1,0.323820,0.007304,0.000274,0.102938,6.833048,11.358394,0.000083,41.841405,9.622111,0.762247,439.075577,0.003886,6.460486,509.595803,516.060449,516.435867,0.375418,516.766991
37,vehicle2,971.240000,971.052000,33.539710,1,ok,23195,19385,1,0.318893,0.004271,0.000309,0.069733,6.364351,10.811542,0.000089,42.457146,10.459857,0.725881,430.377551,0.011421,6.758088,501.266150,508.035968,508.268737,0.232769,508.591901
38,vehicle2,971.437000,971.255000,34.368765,1,ok,23457,19619,1,0.194711,0.005127,0.000470,0.071314,7.536683,9.129869,0.000105,44.264267,14.299239,0.901239,436.394292,0.003647,6.666249,512.597008,519.267374,519.690269,0.422895,519.890107
39,vehicle2,971.638000,971.448000,35.179080,1,ok,23646,19779,1,0.263119,0.008087,0.000528,0.116698,7.551415,9.725795,0.000091,40.869819,12.012006,0.737631,426.128972,0.003814,7.406255,497.142427,504.553024,504.979885,0.426861,505.251091
40,vehicle2,971.838000,971.652000,35.982636,1,ok,23767,19823,1,0.250595,0.004691,0.000191,0.082476,7.731216,9.884425,0.000094,44.052690,11.158364,0.706275,423.371931,0.004439,6.637438,496.987471,503.629539,503.849684,0.220145,504.104970
41,vehicle2,972.038000,971.853000,36.819650,1,ok,23938,19950,1,0.350830,0.008638,0.000347,0.090531,8.741566,9.786855,0.000123,41.598739,11.199748,0.783916,435.595889,0.004428,6.714923,507.797367,514.517065,514.899813,0.382748,515.259281
42,vehicle2,972.238000,972.052000,37.639553,1,ok,23996,19946,1,0.369097,0.006966,0.000448,0.115943,11.700708,9.435023,0.000096,45.768805,12.053126,0.732237,439.179681,0.004989,7.169292,518.985619,526.160348,526.574623,0.414275,526.950686
43,vehicle2,972.438000,972.249000,38.462506,1,ok,24087,20008,1,0.283017,0.005712,0.000172,0.059054,9.506921,9.180536,0.000113,44.079685,11.340210,0.703781,441.775034,0.054422,6.930301,516.645334,523.630229,523.925522,0.295293,524.214251
44,vehicle2,972.637000,972.453000,39.258130,1,ok,24177,20029,1,0.220357,0.003684,0.000297,0.057633,6.925755,10.083248,0.000088,43.437981,11.585816,0.895362,436.767778,0.003467,7.115031,509.753661,516.872456,517.178997,0.306541,517.403038
45,vehicle2,972.838000,972.653000,40.059871,1,ok,24251,20006,1,0.299361,0.004598,0.000363,0.067090,6.861267,10.187026,0.000196,44.409236,9.712028,0.706001,429.224169,0.035902,7.118250,501.167013,508.321528,508.578572,0.257044,508.882531
46,vehicle2,973.037000,972.851000,40.921685,1,ok,24334,20069,1,0.355292,0.008085,0.000261,0.095450,9.777802,10.487173,0.000086,46.500110,11.455610,0.718909,435.286583,0.004483,8.983001,514.321723,523.309468,523.551749,0.242281,523.915126
47,vehicle2,973.237000,973.053000,41.713470,1,ok,24375,20110,1,0.354732,0.006881,0.000298,0.171630,11.869579,10.080599,0.000098,42.827345,11.882812,0.961036,433.344655,0.004076,6.767139,511.137754,517.909267,518.451589,0.542322,518.813202
48,vehicle2,973.436000,973.252000,42.554387,1,ok,24368,20099,1,0.382123,0.008679,0.000444,0.080101,8.628105,10.414374,0.000106,45.153822,11.487647,0.726574,442.562309,0.003513,6.469273,519.053038,525.526268,525.796814,0.270546,526.187616
49,vehicle2,973.637000,973.452000,43.395544,1,ok,24296,20068,1,0.368788,0.008762,0.000290,0.118601,13.745795,9.589148,0.000090,45.135224,10.667232,0.691903,441.592932,0.033422,6.308554,521.540925,527.883191,528.191716,0.308525,528.569266
50,vehicle2,973.837000,973.655000,44.187026,1,ok,24265,20042,1,0.299867,0.007652,0.000392,0.095105,10.327477,12.078638,0.000194,43.030292,9.910430,0.786409,419.267497,0.004110,6.784513,495.496042,502.285057,502.702020,0.416963,503.009539
51,vehicle2,974.039000,973.853000,45.034605,1,ok,24179,19943,1,0.246451,0.007883,0.000316,0.100192,11.191331,11.776219,0.000290,44.680761,10.786884,0.707776,431.702458,0.003863,6.911248,510.945911,517.861338,518.140895,0.279557,518.395229
52,vehicle2,974.235000,974.056000,45.850055,1,ok,24020,19760,1,0.262042,0.006401,0.000289,0.097618,9.318113,10.713379,0.000086,44.516474,12.269408,0.741435,430.002472,0.003514,7.164718,507.658985,514.827506,515.294269,0.466763,515.562712
53,vehicle2,974.440000,974.254000,46.676236,1,ok,24039,19742,1,0.214312,0.005810,0.000225,0.095487,8.861899,13.829062,0.000147,46.932833,11.132177,0.875410,409.028094,0.004829,7.294952,490.755109,498.055115,498.635240,0.580125,498.855362
54,vehicle2,974.638000,974.454000,47.516717,1,ok,23991,19619,1,0.219936,0.004214,0.000241,0.064717,11.498979,10.098701,0.000130,43.815074,12.718507,0.780912,429.614683,0.035832,7.505120,508.591703,516.132896,516.490252,0.357356,516.714402
55,vehicle2,974.836000,974.653000,48.329441,1,ok,23922,19498,1,0.208616,0.004502,0.000250,0.058292,10.682040,10.705671,0.000141,45.584112,11.607887,0.701974,412.349967,0.003902,6.808677,491.690084,498.502913,498.788898,0.285985,499.002016
56,vehicle2,975.039000,974.851000,49.188254,1,ok,23821,19398,1,0.373315,0.006952,0.000322,0.096942,12.070677,11.844871,0.000135,44.206822,11.328012,0.721724,390.495798,0.003615,7.463563,470.764981,478.232481,478.658418,0.425937,479.038685
57,vehicle2,975.208000,975.054000,50.021823,1,ok,23776,19355,1,0.250020,0.006733,0.000249,0.093133,9.653675,12.628194,0.000075,47.047509,10.758569,0.845734,384.166046,0.002862,7.544859,465.192935,472.740905,473.296391,0.555486,473.553144
58,vehicle2,975.437000,975.251000,50.905811,1,ok,23713,19354,1,0.305047,0.007535,0.000258,0.082535,11.794088,10.227912,0.000204,51.598025,11.123230,0.907210,399.425604,0.003341,7.872125,485.158808,493.034532,493.343794,0.309262,493.656376
59,vehicle2,975.628000,975.454000,51.747165,1,ok,23768,19383,1,0.348629,0.007263,0.000289,0.092348,11.829425,11.271230,0.000092,44.937975,14.938706,0.879544,390.411266,0.003143,8.873410,474.360586,483.237428,483.619688,0.382260,483.975580
60,vehicle2,975.814000,975.655000,52.558793,1,ok,23755,19351,1,0.303829,0.004116,0.000210,0.057130,9.068489,11.082595,0.000077,44.709221,11.235245,0.721734,367.427536,0.015159,6.886175,444.302027,451.203571,451.452114,0.248543,451.760059
61,vehicle2,976.018000,975.857000,53.405145,1,ok,23675,19267,1,0.255774,0.004625,0.000186,0.064330,10.296067,11.704312,0.000087,40.889076,9.526913,0.752777,354.323584,0.002919,8.140547,427.557146,435.700798,435.985766,0.284968,436.246165
62,vehicle2,976.225000,976.051000,54.279137,1,ok,23665,19242,1,0.248303,0.004321,0.000322,0.060673,11.492392,12.327763,0.000101,47.780039,10.759495,0.735277,392.355994,0.003035,8.111131,475.511734,483.626222,483.955182,0.328960,484.207806
63,vehicle2,976.426000,976.255000,55.123007,1,ok,23598,19162,1,0.362673,0.008742,0.000132,0.092843,8.430439,10.629628,0.000089,46.404307,9.883382,0.873405,392.450969,0.004751,8.514270,468.765062,477.284215,477.681868,0.397653,478.053283
64,vehicle2,976.628000,976.454000,55.988882,1,ok,23637,19119,1,0.253128,0.005170,0.000144,0.101292,13.859757,11.143587,0.000100,46.967678,11.970247,1.062940,398.794597,0.002789,7.091471,483.900198,490.994602,491.394199,0.399597,491.652497
65,vehicle2,976.809000,976.651000,56.828795,1,ok,23605,19025,1,0.302025,0.005975,0.000251,0.091680,12.937983,9.789371,0.000116,44.278203,9.786316,0.709380,368.908425,0.003717,7.215311,446.501474,453.720753,453.981820,0.261067,454.289820
66,vehicle2,977.014000,976.854000,57.664770,1,ok,23638,18944,1,0.208123,0.004319,0.000265,0.131722,6.941479,11.023418,0.000094,41.046773,8.669637,0.708671,370.076107,0.037391,7.611273,438.597901,446.246830,446.536726,0.289896,446.749168
67,vehicle2,977.166000,977.056000,58.478263,1,ok,23601,18834,1,0.242391,0.005926,0.000197,0.057285,6.228588,10.401634,0.000109,42.395065,9.741842,0.728898,349.243130,0.017870,7.899767,418.796551,426.714385,426.950650,0.236265,427.198967
68,vehicle2,977.422000,977.255000,59.371998,1,ok,23438,18645,1,0.339680,0.010289,0.000434,0.084504,7.492040,10.204884,0.000074,42.958256,9.565716,0.878099,369.397145,0.003475,7.325050,440.580718,447.909677,448.335508,0.425831,448.685477
69,vehicle2,977.581000,977.457000,60.201119,1,ok,23175,18364,1,0.276083,0.028236,0.000262,0.078019,8.592268,9.890639,0.000191,43.350486,9.576766,0.915320,369.253356,0.003444,6.290095,441.657045,447.950846,448.338933,0.388087,448.643252
70,vehicle2,977.826000,977.655000,61.099823,1,ok,22656,17911,1,0.214082,0.004410,0.000177,0.052841,10.773304,10.068482,0.000103,44.291399,12.657305,0.898713,385.949359,0.003136,7.246591,464.691506,471.941410,472.471214,0.529804,472.689706
71,vehicle2,978.013000,977.858000,61.949118,1,ok,22200,17525,1,0.287299,0.005089,0.000156,0.052005,7.808226,10.120286,0.000107,40.536587,10.413744,0.787470,392.492279,0.021161,7.253902,462.210704,469.485923,469.770232,0.284309,470.062620
72,vehicle2,978.239000,978.054000,62.818127,1,ok,22133,17411,1,0.222124,0.005875,0.000151,0.074636,10.031370,10.608081,0.000083,44.735248,10.668326,0.836370,393.133336,0.004624,6.941722,470.087450,477.033947,477.544807,0.510860,477.772806
73,vehicle2,978.396000,978.255000,63.618057,1,ok,22448,17623,1,0.228777,0.006107,0.000189,0.148733,6.313228,11.071610,0.000123,42.104168,11.091639,0.967770,367.004560,0.012666,6.800244,438.701831,445.514930,445.875271,0.360341,446.110155
74,vehicle2,978.573000,978.453000,64.453742,1,ok,22344,17635,1,0.293277,0.003413,0.000206,0.045720,7.462205,10.925451,0.000094,39.490039,8.193446,0.873925,358.718399,0.004016,7.025315,425.709279,432.738816,433.078393,0.339577,433.375083
75,vehicle2,978.762000,978.652000,65.309653,1,ok,22006,17558,1,0.266391,0.019614,0.000298,0.075468,7.607252,9.899926,0.000109,38.723798,6.922149,0.724459,342.943894,0.018387,9.668097,406.897055,416.583837,416.859491,0.275654,417.145496
76,vehicle2,978.994000,978.853000,66.169561,1,ok,21774,17584,1,0.276967,0.005213,0.000165,0.049849,6.868445,10.273173,0.000131,37.331603,11.164685,0.893658,349.237768,0.002815,6.724902,415.819312,422.547194,423.063344,0.516150,423.345524
77,vehicle2,979.201000,979.055000,67.031332,1,ok,21554,17645,1,0.336447,0.008465,0.000396,0.063899,6.270641,10.960785,0.000200,37.178420,7.345581,0.693040,364.484130,0.017335,7.834564,426.996696,434.848991,435.175284,0.326293,435.520196
78,vehicle2,979.401000,979.255000,67.879484,1,ok,21429,17742,1,0.403463,0.085322,0.000486,0.079439,7.673832,9.506722,0.000119,38.085211,9.085123,0.694667,358.312591,0.003088,7.256030,423.437704,430.697308,431.181651,0.484343,431.670436
79,vehicle2,979.564000,979.455000,68.739257,1,ok,21255,17750,1,0.226978,0.008101,0.000351,0.077417,7.741227,14.406711,0.000087,42.566340,7.155556,0.711566,369.464194,0.014995,7.786399,442.123098,449.924843,450.209074,0.284231,450.444153
80,vehicle2,979.791000,979.657000,69.614279,1,ok,21149,17836,1,0.285936,0.006467,0.000217,0.064991,6.775584,9.495555,0.000100,39.184419,9.210072,0.851793,359.125925,0.003779,8.235769,424.708439,432.948204,433.277492,0.329288,433.569895
81,vehicle2,979.983000,979.855000,70.486595,1,ok,21001,17813,1,0.299548,0.006507,0.000223,0.086769,11.145667,9.987949,0.000083,37.722618,6.635275,0.717966,354.520259,0.002504,8.205517,420.816586,429.024830,429.314094,0.289264,429.620149
82,vehicle2,980.161000,980.055000,71.343285,1,ok,20842,17738,1,0.266859,0.007302,0.000285,0.077260,10.392467,12.401784,0.000199,39.446877,7.320941,0.872738,339.165587,0.006688,8.028601,409.677853,417.713427,418.113492,0.400065,418.387653
83,vehicle2,980.354000,980.253000,72.187178,1,ok,20694,17606,1,0.243799,0.006012,0.000115,0.049358,8.328632,10.973884,0.000134,35.377377,9.137974,0.871603,335.162657,0.025718,6.209529,399.901619,406.136981,406.479051,0.342070,406.728862
84,vehicle2,980.562000,980.453000,73.050846,1,ok,20556,17506,1,0.259203,0.008566,0.000327,0.082584,9.963009,12.852437,0.000124,35.380546,7.692301,0.766324,340.536575,0.003356,6.837253,407.273900,414.114836,414.492540,0.377704,414.760309
85,vehicle2,980.765000,980.658000,73.926856,1,ok,20395,17393,1,0.330385,0.008696,0.000344,0.067430,8.206480,12.685886,0.000103,36.253913,8.358269,1.063280,347.856558,0.005537,6.578082,414.491919,421.075882,421.493016,0.417134,421.832097
86,vehicle2,980.958000,980.857000,74.784559,1,ok,20368,17436,1,0.305144,0.005916,0.000225,0.050488,10.021638,10.983051,0.000115,37.263427,7.713976,0.937733,318.233851,0.004827,8.212855,385.204279,393.422186,394.031420,0.609234,394.342480
87,vehicle2,981.156000,981.053000,75.624176,1,ok,20479,17638,1,0.407912,0.009716,0.000255,0.059034,8.900201,10.394515,0.000093,37.210620,7.070975,0.698994,320.687266,0.005046,6.637189,385.021698,391.664188,392.072180,0.407992,392.489808
88,vehicle2,981.350000,981.253000,76.444181,1,ok,20563,17811,1,0.209170,0.004478,0.000213,0.047162,8.941017,8.979442,0.000084,34.537457,7.362544,1.011970,300.867755,0.003682,8.443572,361.747431,370.194898,370.497730,0.302832,370.711378
89,vehicle2,981.553000,981.457000,77.270640,1,ok,20732,17950,1,0.240073,0.007717,0.000277,0.183503,9.274942,9.391582,0.000106,37.291769,8.192439,0.886742,295.326809,0.029162,7.390099,360.547892,367.967430,368.329887,0.362457,368.577677
90,vehicle2,981.772000,981.651000,78.100375,1,ok,21046,18174,1,0.272741,0.004835,0.000142,0.053866,9.333244,8.679038,0.000100,35.086473,9.869267,0.705649,311.682165,0.004173,7.458669,375.409802,382.872786,383.084532,0.211746,383.362108
91,vehicle2,981.960000,981.851000,78.891537,1,ok,21153,18218,1,0.273902,0.008979,0.000272,0.084862,7.529413,8.597972,0.000122,35.603858,7.672878,1.105207,311.595822,0.003497,7.075700,372.190134,379.269603,379.516181,0.246578,379.799062
92,vehicle2,982.187000,982.054000,79.720862,1,ok,21222,18295,1,0.353013,0.007930,0.000356,0.079996,8.784674,11.921388,0.000166,40.880640,7.853694,0.684146,322.317236,0.004222,7.030341,392.521940,399.556859,399.949262,0.392403,400.310205
93,vehicle2,982.383000,982.251000,80.511776,1,ok,21260,18289,1,0.310274,0.004065,0.000157,0.100638,6.572755,9.204221,0.000123,36.055267,10.382448,0.691935,321.489028,0.005376,6.975713,384.496415,391.477661,391.800126,0.322465,392.114465
94,vehicle2,982.567000,982.450000,81.331289,1,ok,21421,18383,1,0.257163,0.006997,0.000331,0.104921,7.025523,9.011934,0.000106,35.108403,8.376033,0.937449,346.560748,0.054971,8.066675,407.125117,415.247094,415.699520,0.452426,415.963680
95,vehicle2,982.805000,982.655000,82.169758,1,ok,21476,18398,1,0.205393,0.005904,0.000217,0.046566,6.319005,9.858992,0.000124,36.961123,7.609700,0.695038,358.102263,0.003194,7.293748,419.592811,426.889970,427.353066,0.463096,427.564363
96,vehicle2,983.003000,982.851000,82.984343,1,ok,21600,18541,1,0.534310,0.006019,0.000351,0.091569,7.249392,9.155884,0.000092,37.725392,8.721248,0.766450,352.758279,0.005091,6.489840,416.468306,422.963588,423.319094,0.355506,423.859423
97,vehicle2,983.194000,983.051000,83.775603,1,ok,21628,18577,1,0.265667,0.036728,0.000288,0.069193,7.956353,10.224379,0.000241,37.257367,8.470257,0.690906,347.364555,0.004948,7.464720,412.033251,419.503207,419.860048,0.356841,420.162443
98,vehicle2,983.385000,983.252000,84.580501,1,ok,21556,18509,1,0.196914,0.004365,0.000213,0.046698,7.169794,8.725912,0.000092,37.304905,9.815546,0.695819,342.300620,0.004356,8.638095,406.059386,414.702050,415.095335,0.393285,415.296614
99,vehicle2,983.599000,983.454000,85.416265,1,ok,21119,18151,1,0.219335,0.005623,0.000331,0.043669,7.927709,8.896524,0.000084,37.826417,10.745134,0.764662,362.981974,0.055014,7.495533,429.186173,436.737051,437.069945,0.332894,437.294903
100,vehicle2,983.753000,983.653000,86.174050,1,ok,20456,17586,1,0.208144,0.003689,0.000205,0.047932,4.753197,9.125783,0.000075,36.645436,8.209562,0.771564,311.689420,0.003698,7.761174,371.242969,379.008046,379.304741,0.296695,379.516574
101,vehicle2,983.963000,983.853000,87.018266,1,ok,19858,17117,1,0.092482,0.006258,0.000299,0.079517,7.054304,11.621835,0.000119,37.090098,7.676545,0.751457,320.596682,0.012567,7.222895,384.870557,392.106318,392.376859,0.270541,392.475599
102,vehicle2,984.172000,984.054000,87.865260,1,ok,19843,17074,1,0.162115,0.006388,0.000321,0.047355,4.989294,10.567216,0.000100,33.474159,9.118650,0.689701,336.502840,0.003138,6.670750,395.389315,402.063524,402.323010,0.259486,402.491513
103,vehicle2,984.399000,984.253000,88.687698,1,ok,19858,16987,1,0.156371,0.005858,0.000131,0.042396,6.909389,8.072615,0.000144,33.984973,8.040159,0.691985,342.108391,0.008337,6.880017,399.850052,406.738537,407.020458,0.281921,407.182687
104,vehicle2,984.568000,984.453000,89.511553,1,ok,19515,16665,1,0.085857,0.006615,0.000264,0.073232,4.965162,9.031685,0.000087,35.384474,8.301677,0.765741,353.285418,0.004664,8.589077,411.807476,420.401481,420.729885,0.328404,420.822357
105,vehicle2,984.770000,984.652000,90.313726,1,ok,18578,15942,1,0.061200,0.004570,0.000238,0.039217,5.301785,10.820579,0.000321,33.243108,6.825492,0.791077,318.675188,0.032509,6.609407,375.696767,382.338921,382.620298,0.281377,382.686068
106,vehicle2,984.976000,984.852000,91.137122,1,ok,17925,15495,1,0.084566,0.004162,0.000182,0.035504,5.200088,11.174827,0.000115,33.204434,7.633997,0.713542,345.330005,0.006467,6.927527,403.292512,410.226688,410.488390,0.261702,410.577118
107,vehicle2,985.152000,985.052000,91.927233,1,ok,17392,14952,1,0.153684,0.013089,0.000464,0.072155,6.447319,8.503109,0.000115,32.777829,6.346274,0.857119,323.535559,0.011769,6.356030,378.539479,384.907742,385.174393,0.266651,385.341166
108,vehicle2,985.358000,985.255000,92.742566,1,ok,16497,13998,1,0.079245,0.004842,0.000304,0.036610,4.659392,8.829127,0.000097,32.648371,6.868295,0.678670,321.530772,0.004322,7.303000,375.251334,382.558960,382.790249,0.231289,382.874336
109,vehicle2,985.559000,985.449000,93.590574,1,ok,15387,12854,1,0.137415,0.006785,0.000332,0.061812,4.681548,8.031580,0.000106,33.703440,7.961736,0.702066,340.677637,0.023893,7.441371,395.819925,403.285521,403.603404,0.317883,403.747604
110,vehicle2,985.759000,985.653000,94.405058,1,ok,14965,12265,1,0.077621,0.017477,0.000246,0.037576,4.074903,8.130515,0.000098,31.934091,6.162749,0.738994,332.240486,0.003835,7.372724,383.319412,390.696217,390.910455,0.214238,391.005553
111,vehicle2,985.977000,985.851000,95.242206,1,ok,15131,12246,1,0.161893,0.012289,0.000362,0.124435,5.992594,8.582681,0.000075,33.268448,8.188566,0.715696,338.163127,0.033669,7.969117,395.035622,403.038770,403.345478,0.306708,403.519660
112,vehicle2,986.171000,986.052000,96.026013,1,ok,15226,12211,1,0.069988,0.392157,0.000350,0.053390,6.315185,8.960009,0.000095,32.187993,6.203400,0.692426,326.028358,0.002972,7.306649,380.440856,387.750827,388.006850,0.256023,388.468995
113,vehicle2,986.376000,986.252000,96.822031,1,ok,15577,12434,1,0.171238,0.012693,0.000246,0.069012,5.928841,9.850912,0.000097,32.480323,7.421492,0.704321,329.871209,0.003511,7.355747,386.326207,393.685711,393.943457,0.257746,394.127388
114,vehicle2,986.636000,986.453000,97.709612,1,ok,16595,13333,1,0.081416,0.009307,0.000113,0.080596,9.909401,8.232256,0.000114,39.142117,8.251416,0.833404,396.157493,0.003738,7.122981,462.606797,469.733629,470.004744,0.271115,470.095467
115,vehicle2,986.838000,986.654000,98.532231,1,ok,17761,14420,1,0.077607,0.005032,0.000227,0.055396,8.589054,8.739730,0.000215,35.936402,8.491138,0.791463,407.203478,0.005239,7.426353,469.806876,477.238695,477.557812,0.319117,477.640451
116,vehicle2,987.038000,986.852000,99.357814,1,ok,18603,15158,1,0.068771,0.008741,0.000258,0.153140,11.268702,9.792701,0.000098,36.285539,8.501625,0.691542,422.524889,0.023479,7.394097,489.218236,496.636070,496.976928,0.340858,497.054440
117,vehicle2,987.238000,987.053000,100.179376,1,ok,18795,15285,1,0.095546,0.007225,0.000192,0.055174,9.704019,8.165940,0.000088,36.320819,9.338583,0.892935,465.147778,0.004298,6.706079,529.625336,536.335905,536.634286,0.298381,536.737057
118,vehicle2,987.438000,987.253000,101.010536,1,ok,19049,15444,1,0.117631,0.007953,0.000281,0.175548,10.835857,9.866044,0.000131,39.067175,10.585093,0.722107,473.306844,0.003912,6.990282,544.558799,551.553274,551.851951,0.298677,551.977535
119,vehicle2,987.639000,987.454000,101.799472,1,ok,19292,15571,1,0.079275,0.007519,0.000229,0.136869,7.338963,9.077123,0.000121,40.439532,8.777086,0.693468,471.313167,0.003836,6.402444,537.776329,544.182838,544.429033,0.246195,544.515827
120,vehicle2,987.837000,987.657000,102.577915,1,ok,19444,15673,1,0.150325,0.006023,0.000237,0.086752,9.519276,10.467647,0.000143,34.469795,8.627209,0.694261,451.992562,0.006073,7.180258,515.857645,523.044213,523.313688,0.269475,523.470036
121,vehicle2,988.039000,987.852000,103.424721,1,ok,19476,15728,1,0.166482,0.007198,0.000245,0.056259,10.284718,8.925209,0.000081,37.801450,9.472088,0.978009,479.509937,0.012961,7.550113,547.027751,554.591070,554.887291,0.296221,555.060971
122,vehicle2,988.237000,988.054000,104.229370,1,ok,19410,15685,1,0.167966,0.006447,0.000354,0.068230,11.377719,9.247632,0.000121,38.937040,7.938239,0.695530,468.938729,0.005197,7.010214,537.203240,544.219005,544.482178,0.263173,544.656591
123,vehicle2,988.438000,988.252000,105.027184,1,ok,19378,15670,1,0.088524,0.006226,0.000218,0.064463,6.755206,8.223208,0.000090,35.171012,8.805987,1.003782,481.143107,0.005501,6.475069,541.166855,547.647643,548.002262,0.354619,548.097012
124,vehicle2,988.638000,988.452000,105.832730,1,ok,19382,15693,1,0.109886,0.011643,0.000400,0.058829,6.243668,9.656502,0.000092,35.492331,8.072845,0.695299,469.007350,0.006496,6.287466,529.226916,535.521278,535.767869,0.246591,535.889398
125,vehicle2,988.838000,988.653000,106.646822,1,ok,19437,15703,1,0.101774,0.007754,0.000309,0.078034,10.298130,8.421798,0.000084,38.770448,9.561199,0.718594,470.109362,0.003813,7.589291,537.957649,545.551062,545.784759,0.233697,545.894287
126,vehicle2,989.038000,988.854000,107.429649,1,ok,19512,15737,1,0.207601,0.007573,0.000290,0.072333,8.173345,9.601212,0.000083,39.200007,9.032859,0.716505,457.387454,0.003792,6.183959,524.183798,530.371839,530.617127,0.245288,530.832301
127,vehicle2,989.238000,989.052000,108.236103,1,ok,19592,15801,1,0.097836,0.007943,0.000306,0.074688,7.415980,9.692926,0.000133,40.854030,9.154111,0.712183,462.437792,0.018174,7.090545,530.341843,537.450868,537.768310,0.317442,537.874089
128,vehicle2,989.437000,989.253000,109.015550,1,ok,19578,15815,1,0.073131,0.006398,0.000322,0.074586,4.972942,7.840131,0.000073,35.155347,7.235339,0.725465,412.499793,0.004522,6.672701,468.503676,475.181221,475.437206,0.255985,475.516735
129,vehicle2,989.637000,989.452000,109.863991,1,ok,19516,15761,1,0.094209,0.005251,0.000207,0.044474,4.785805,8.724044,0.000085,36.014285,9.544918,0.710408,442.607418,0.003975,6.161597,502.431437,508.597216,508.836858,0.239642,508.936318
130,vehicle2,989.838000,989.650000,110.660075,1,ok,19478,15723,1,0.081001,0.007280,0.000200,0.072944,4.562008,7.813080,0.000043,39.873870,10.304450,0.862415,439.215113,0.004019,6.683386,502.703923,509.391528,509.719326,0.327798,509.807607
131,vehicle2,990.038000,989.851000,111.476128,1,ok,19478,15713,1,0.154747,0.007019,0.000194,0.049911,5.334072,10.966349,0.000073,35.658197,9.278028,0.838211,445.587838,0.004897,7.275979,507.712679,514.993749,515.296117,0.302368,515.457883
132,vehicle2,990.238000,990.053000,112.316724,1,ok,19520,15747,1,0.158985,0.005681,0.000252,0.043781,6.112640,8.995990,0.000088,35.804131,10.948153,0.877551,456.772389,0.027095,6.310027,519.554723,525.892097,526.414356,0.522259,526.579022
133,vehicle2,990.438000,990.253000,113.140399,1,ok,19534,15763,1,0.154676,0.004002,0.000279,0.045190,4.916494,8.787808,0.000107,35.853275,8.176262,0.719160,447.505200,0.004467,7.050727,506.003496,513.058969,513.351655,0.292686,513.510333
134,vehicle2,990.638000,990.453000,113.961778,1,ok,19599,15802,1,0.166647,0.007425,0.000389,0.074239,10.077172,10.364982,0.000149,36.773476,9.498230,0.866726,460.156776,0.004131,6.866548,527.811750,534.682818,535.049071,0.366253,535.223143
135,vehicle2,990.838000,990.652000,114.730428,1,ok,19554,15757,1,0.158226,0.008386,0.000232,0.070930,6.296052,8.979229,0.000188,34.006125,8.293229,0.936911,434.299639,0.003671,6.480244,492.882303,499.366450,499.620117,0.253667,499.786729
136,vehicle2,991.038000,990.853000,115.571934,1,ok,19655,15847,1,0.182307,0.006817,0.000256,0.152044,9.548853,8.794627,0.000141,38.073685,9.363838,0.817499,460.904652,0.003897,7.166580,527.655339,534.826072,535.260828,0.434756,535.449952
137,vehicle2,991.239000,991.053000,116.352770,1,ok,19605,15809,1,0.073376,0.004468,0.000202,0.044361,6.514157,8.159541,0.000084,36.811674,9.661380,0.730350,436.030106,0.013368,6.357382,497.951653,504.322605,504.660849,0.338244,504.738693
138,vehicle2,991.440000,991.253000,117.162090,1,ok,19611,15771,1,0.159996,0.007299,0.000143,0.082883,7.174254,7.693384,0.000109,37.453017,10.991809,0.755779,439.844729,0.003409,6.452144,503.995964,510.451660,510.700148,0.248488,510.867443
139,vehicle2,991.640000,991.453000,117.997368,1,ok,19692,15815,1,0.127540,0.010003,0.000364,0.069650,7.537858,8.220798,0.000125,37.292417,10.398369,0.957154,455.441382,0.003745,6.651457,519.917753,526.573319,526.957226,0.383907,527.094769
140,vehicle2,991.837000,991.655000,118.777274,1,ok,19884,15940,1,0.210526,0.005767,0.000196,0.053971,7.083222,8.173153,0.000099,37.222695,8.562193,0.843629,435.090847,0.004293,6.937465,497.029809,503.971763,504.330655,0.358892,504.546948
141,vehicle2,992.038000,991.851000,119.602253,1,ok,20123,16126,1,0.096042,0.008827,0.000427,0.104735,7.499471,9.407162,0.000097,37.013228,9.183296,0.697653,436.673206,0.005042,6.730929,500.578848,507.315246,507.613350,0.298104,507.718219
142,vehicle2,992.237000,992.053000,120.418107,1,ok,20240,16204,1,0.079176,0.006500,0.000223,0.083852,7.568806,8.723251,0.000093,42.167127,10.147338,0.710294,429.925977,0.014727,7.265523,499.326738,506.607211,506.964459,0.357248,507.050135
143,vehicle2,992.439000,992.257000,121.272228,1,ok,20248,16277,1,0.125653,0.005294,0.000119,0.043200,5.461907,8.504616,0.000101,38.371680,9.328998,0.711301,423.256363,0.026696,7.339285,485.678166,493.044266,493.391204,0.346938,493.522151
144,vehicle2,992.638000,992.454000,122.077354,1,ok,20230,16305,1,0.190091,0.011548,0.000291,0.080198,5.823720,8.225213,0.000123,38.359934,9.108356,0.737444,401.920105,0.003554,7.734227,464.255093,471.993165,472.313211,0.320046,472.514850
145,vehicle2,992.815000,992.652000,122.864264,1,ok,20372,16403,1,0.108340,0.007165,0.000456,0.069612,5.567552,8.149567,0.000108,34.282911,8.635624,0.718878,379.005808,0.004889,6.587043,436.430060,443.022448,443.342031,0.319583,443.457536
146,vehicle2,993.037000,992.852000,123.727801,1,ok,20586,16538,1,0.186078,0.007637,0.000267,0.087979,7.655394,10.603519,0.000138,45.762078,8.929880,0.731134,400.709826,0.010785,6.800564,474.479948,481.291564,481.581050,0.289486,481.774765
147,vehicle2,993.237000,993.053000,124.554761,1,ok,20920,16814,1,0.098280,0.008424,0.000350,0.091865,7.464574,8.668527,0.000331,37.742227,9.563594,0.842163,410.089044,0.003913,6.387022,474.462325,480.853610,481.211508,0.357898,481.318212
148,vehicle2,993.438000,993.252000,125.397109,1,ok,21318,17200,1,0.110170,0.006396,0.000178,0.070092,5.836497,8.444795,0.000079,37.343657,9.828242,0.709311,415.727093,0.005682,6.338691,477.959766,484.304317,484.576017,0.271700,484.692583
149,vehicle2,993.638000,993.454000,126.251238,1,ok,21675,17512,1,0.105947,0.006419,0.000292,0.102195,8.935221,9.062189,0.000087,39.654768,11.126347,0.761742,430.166198,0.021827,7.603501,499.808747,507.434367,507.719377,0.285010,507.831743
150,vehicle2,993.838000,993.652000,127.122623,1,ok,22289,17912,1,0.116336,0.006995,0.000277,0.088613,7.580356,8.893671,0.000112,40.444565,10.529541,0.715837,441.531368,0.004593,6.105996,509.784063,515.894929,516.134601,0.239672,516.257932
151,vehicle2,994.038000,993.852000,127.969271,1,ok,22950,18288,1,0.199627,0.011401,0.000287,0.081109,9.401871,8.143153,0.000105,48.895017,10.041287,0.689179,433.105289,0.009393,7.284203,510.357010,517.650893,518.138146,0.487253,518.349174
152,vehicle2,994.239000,994.054000,128.755330,1,ok,23401,18562,1,0.248154,0.004418,0.000302,0.055870,6.000225,8.193404,0.000080,39.420869,9.912135,0.700520,422.973383,0.004647,7.577096,487.256486,494.838531,495.102873,0.264342,495.355445
153,vehicle2,994.439000,994.255000,129.587338,1,ok,23467,18627,1,0.116973,0.004484,0.000200,0.052591,6.040892,8.157107,0.000098,40.456092,10.846206,0.816489,421.390008,0.004772,6.718856,487.759483,494.483311,494.761874,0.278563,494.883331
154,vehicle2,994.638000,994.454000,130.459552,1,ok,23597,18735,1,0.093544,0.006429,0.000338,0.089571,11.173551,7.773175,0.000084,40.247364,11.957246,0.708327,469.333123,0.012984,7.329335,541.282441,548.625098,548.868849,0.243751,548.968822
155,vehicle2,994.839000,994.654000,131.252603,1,ok,23683,18850,1,0.111734,0.006277,0.000212,0.099618,7.670622,9.898853,0.000087,40.501938,12.172733,0.732206,446.944281,0.004099,6.722459,518.020338,524.747108,525.043191,0.296083,525.161202
156,vehicle2,995.038000,994.855000,132.063282,1,ok,23635,18878,1,0.188429,0.007252,0.000282,0.095740,8.853765,10.152494,0.000142,37.669220,9.643396,0.725407,417.948566,0.004296,6.912705,485.088730,492.006013,492.276193,0.270180,492.471874
157,vehicle2,995.242000,995.053000,132.880727,1,ok,23479,18840,1,0.128044,0.007298,0.000326,0.091663,9.698096,9.749346,0.000132,40.294196,10.363026,0.714605,412.318674,0.003737,6.257142,483.229738,489.490943,489.724848,0.233905,489.860190
158,vehicle2,995.439000,995.258000,133.701398,1,ok,23269,18759,1,0.191876,0.008985,0.000140,0.093417,7.679475,8.568799,0.000090,39.433138,10.530257,0.810071,435.479145,0.004179,7.214963,502.594392,509.813674,510.033958,0.220284,510.234819
159,vehicle2,995.638000,995.455000,134.513160,1,ok,23018,18591,1,0.088948,0.007312,0.000298,0.064392,7.482424,9.539593,0.000107,40.556384,10.782513,0.922723,435.005888,0.033823,6.348134,504.354024,510.736279,511.117426,0.381147,511.213686
160,vehicle2,995.838000,995.651000,135.405583,1,ok,22857,18512,1,0.081309,0.005732,0.000167,0.078052,8.437644,8.108911,0.000102,38.003701,11.083619,0.946472,457.239931,0.004027,8.066100,523.898432,531.968726,532.242324,0.273598,532.329365
161,vehicle2,996.037000,995.852000,136.185813,1,ok,22768,18441,1,0.097394,0.009344,0.000370,0.117424,6.581897,7.965233,0.000101,43.369718,10.581747,0.720097,423.952695,0.003699,6.751725,493.288912,500.044706,500.346943,0.302237,500.453681
162,vehicle2,996.237000,996.054000,137.020120,1,ok,22720,18392,1,0.118884,0.091746,0.000321,0.094414,6.935026,7.411959,0.000088,37.297366,10.504127,0.709127,436.270087,0.004279,6.227410,499.222194,505.454204,505.769739,0.315535,505.980369
163,vehicle2,996.438000,996.253000,137.885461,1,ok,22682,18360,1,0.102845,0.012607,0.000263,0.425460,12.976525,9.248936,0.000408,41.734132,13.478809,0.718272,463.677630,0.003504,8.413424,542.260172,550.677363,551.039509,0.362146,551.154961
164,vehicle2,996.638000,996.454000,138.679431,1,ok,22610,18300,1,0.115415,0.004901,0.000193,0.079103,6.616584,8.307307,0.000204,39.571490,11.561124,0.809227,450.632932,0.028591,8.373363,517.577971,525.980118,526.377834,0.397716,526.498150
165,vehicle2,996.838000,996.652000,139.487713,1,ok,22474,18214,1,0.179683,0.005479,0.000257,0.062830,6.684484,10.270363,0.000076,38.514492,9.860418,0.707006,453.570954,0.005057,7.555254,519.670623,527.231191,527.487144,0.255953,527.672306
166,vehicle2,997.037000,996.854000,140.302019,1,ok,22318,18087,1,0.184137,0.007793,0.000250,0.087852,8.178604,10.665801,0.000171,42.601727,11.066182,0.852387,429.902045,0.004168,6.325320,503.354769,509.684507,510.002383,0.317876,510.194313
167,vehicle2,997.237000,997.052000,141.104985,1,ok,22221,17991,1,0.191495,0.007404,0.000297,0.086469,6.220809,7.531409,0.000079,38.477898,12.571461,0.723080,421.726122,0.002891,6.326600,487.337327,493.667115,494.003545,0.336430,494.202444
168,vehicle2,997.438000,997.253000,141.934914,1,ok,22193,17965,1,0.077598,0.003826,0.000224,0.054828,7.984799,8.670938,0.000122,39.319823,11.583469,0.732470,443.792779,0.003498,6.535746,512.139228,518.678696,518.949075,0.270379,519.030499
169,vehicle2,997.638000,997.451000,142.758712,1,ok,22206,17997,1,0.245485,0.008657,0.000313,0.077256,8.459477,8.692480,0.000112,38.967729,13.000255,0.800347,440.079416,0.089218,10.976571,510.077072,521.143174,521.520768,0.377594,521.774910
170,vehicle2,997.838000,997.653000,143.535502,1,ok,22228,18040,1,0.187206,0.006720,0.000161,0.067162,5.654004,8.366384,0.000079,37.995165,10.952077,0.692596,415.249221,0.004397,9.150759,478.976688,488.132005,488.372777,0.240772,488.566703
171,vehicle2,998.038000,997.852000,144.385247,1,ok,22405,18216,1,0.191813,0.006925,0.000258,0.056118,6.631225,7.652843,0.000102,39.005327,10.935174,0.803921,434.252050,0.005884,6.335524,499.336760,505.678426,506.016122,0.337696,506.214860
172,vehicle2,998.239000,998.050000,145.242648,1,ok,22540,18395,1,0.095379,0.005311,0.000186,0.054389,7.608460,12.818028,0.000259,39.609402,10.320062,0.825371,442.456971,0.004495,7.558298,513.692942,521.255921,521.553792,0.297871,521.654482
173,vehicle2,998.439000,998.253000,146.086702,1,ok,22675,18614,1,0.119393,0.004183,0.000150,0.055958,15.051762,8.530606,0.000095,42.629237,11.378513,1.024110,448.284159,0.005634,6.310679,526.954440,533.270903,533.729336,0.458433,533.852912
174,vehicle2,998.638000,998.453000,146.858001,1,ok,22828,18860,1,0.194974,0.022016,0.000277,0.175668,12.662330,9.278389,0.000087,36.093594,9.821057,0.917197,426.627874,0.027162,6.502006,495.576196,502.105641,502.380338,0.274697,502.597328
175,vehicle2,998.838000,998.652000,147.694810,1,ok,23068,19179,1,0.191414,0.007386,0.000209,0.112073,10.146126,10.601958,0.000110,39.628830,10.823893,0.710583,421.280502,0.003637,6.571868,493.304075,499.879789,500.127593,0.247804,500.326393
176,vehicle2,999.038000,998.854000,148.534247,1,ok,23298,19478,1,0.116453,0.005168,0.000273,0.073422,8.445072,8.728648,0.000113,40.655763,9.780307,0.700734,439.725854,0.011025,6.731488,508.109913,514.852699,515.067859,0.215160,515.189480
177,vehicle2,999.240000,999.053000,149.349203,1,ok,23559,19789,1,0.091372,0.035950,0.000255,0.077121,13.169828,8.347263,0.000179,43.381435,11.914172,0.801715,432.460222,0.028909,8.244725,510.151935,518.425824,519.034778,0.608954,519.162100
178,vehicle2,999.439000,999.255000,150.173620,1,ok,23918,20242,1,0.205052,0.006808,0.000227,0.112272,17.514530,9.606374,0.000076,39.086726,12.516697,0.772517,436.298147,0.004283,7.406190,515.907339,523.318039,523.569963,0.251924,523.781823
179,vehicle2,999.638000,999.452000,150.980722,1,ok,24098,20512,1,0.103712,0.018683,0.000236,0.106286,9.481123,7.849267,0.000080,38.946905,12.358236,0.734025,439.535152,0.004309,7.178919,509.011074,516.194538,516.783645,0.589107,516.906040
180,vehicle2,999.839000,999.653000,151.839208,1,ok,24333,20800,1,0.123035,0.004274,0.000401,0.071212,9.862874,7.976341,0.000095,37.452755,11.183802,0.964697,442.428998,0.031218,8.098024,509.940774,518.070417,518.421973,0.351556,518.549282
181,vehicle2,1000.039000,999.853000,152.681056,1,ok,24531,21103,1,0.189537,0.005815,0.000118,0.095931,11.976285,7.790967,0.000124,41.944040,10.248237,0.867484,450.530315,0.007167,7.091549,523.453383,530.552217,530.997042,0.444825,531.192394
182,vehicle2,1000.239000,1000.054000,153.543012,1,ok,24769,21421,1,0.085729,0.008115,0.000456,0.108642,18.389323,9.057377,0.000184,39.988221,12.247497,0.719453,478.155160,0.004548,6.563186,558.665857,565.234047,565.537025,0.302978,565.630869
183,vehicle2,1000.437000,1000.254000,154.378932,1,ok,25060,21779,1,0.136108,0.008164,0.000188,0.099450,10.570591,8.262168,0.000094,37.532915,12.597515,0.720649,478.548597,0.003837,6.287786,548.331979,554.623790,554.925303,0.301513,555.069575
184,vehicle2,1000.638000,1000.452000,155.223742,1,ok,25318,22033,1,0.254141,0.007954,0.000268,0.169794,13.314715,8.002025,0.000084,40.017395,11.621011,0.717339,476.909787,0.004815,7.078318,550.752150,557.835551,558.181634,0.346083,558.443729
185,vehicle2,1000.837000,1000.654000,156.074349,1,ok,25580,22270,1,0.131724,0.007235,0.000489,0.094525,14.469097,7.628053,0.000107,39.560242,10.868784,2.176194,494.050579,0.004041,6.579345,568.847581,575.431456,575.785658,0.354202,575.924617
186,vehicle2,1001.043000,1000.853000,156.929188,1,ok,25558,22362,1,0.245402,0.008107,0.000391,0.099094,22.685832,7.452093,0.000084,44.530569,11.491819,0.820057,496.240640,0.100094,7.623549,583.320188,591.044222,591.531458,0.487236,591.784967
187,vehicle2,1001.245000,1001.050000,157.786322,1,ok,25270,22260,1,0.130444,0.007863,0.000263,0.098954,13.118317,7.257206,0.000095,42.675820,12.037629,0.695046,523.456059,0.007232,6.627714,599.339126,605.974335,606.322922,0.348587,606.461229
188,vehicle2,1001.446000,1001.253000,158.576061,1,ok,25027,22118,1,0.133501,0.004595,0.000209,0.066819,9.360351,8.371758,0.000078,39.701193,11.151601,0.733506,501.877904,0.005527,7.106930,571.263210,578.375876,578.696140,0.320264,578.834236
189,vehicle2,1001.639000,1001.452000,159.410627,1,ok,24987,22030,1,0.121036,0.006238,0.000276,0.099088,9.661563,8.980685,0.000076,39.578388,10.893411,0.826758,511.246424,0.005309,7.500758,581.286393,588.792736,589.272545,0.479809,589.399819
190,vehicle2,1001.845000,1001.652000,160.269873,1,ok,24996,22025,1,0.170841,0.005671,0.000257,0.072650,9.479173,8.636253,0.000215,43.327003,10.507039,0.701454,501.690626,0.003858,6.898704,574.414413,581.317232,581.743799,0.426567,581.920311
191,vehicle2,1002.038000,1001.853000,161.130052,1,ok,25077,22104,1,0.241001,0.009804,0.000308,0.097608,11.535533,7.702742,0.000088,39.769220,13.447510,1.002987,504.265565,0.006032,6.509094,577.821253,584.336687,585.021342,0.684655,585.272147
192,vehicle2,1002.240000,1002.053000,161.982603,1,ok,25122,22204,1,0.124274,0.015388,0.000231,0.216005,13.460779,7.351706,0.000083,41.204353,12.805529,0.803319,501.644317,0.043750,7.090972,577.486091,584.621044,585.010202,0.389158,585.149864
193,vehicle2,1002.437000,1002.258000,162.852780,1,ok,25057,22191,1,0.128917,0.004838,0.000175,0.096471,13.390350,7.664898,0.000118,40.184641,11.947666,0.802483,491.662817,0.245819,7.337188,565.749444,573.332626,573.933271,0.600645,574.067026
194,vehicle2,1002.639000,1002.452000,163.732546,1,ok,24983,22120,1,0.289196,0.009680,0.000929,0.089096,15.198987,8.035010,0.000075,42.923853,12.259473,0.707016,509.396006,0.004175,6.989733,588.609516,595.604353,595.962076,0.357723,596.260952
195,vehicle2,1002.838000,1002.656000,164.606286,1,ok,24849,22058,1,0.213338,0.008567,0.000308,0.070430,10.615605,7.811933,0.000111,43.253095,11.560845,0.714717,488.059770,0.004606,6.534548,562.086506,568.625968,568.907343,0.281375,569.129248
196,vehicle2,1003.038000,1002.856000,165.478135,1,ok,24652,21905,1,0.099588,0.010048,0.000292,0.075993,11.433115,7.903545,0.000117,39.135892,11.779015,1.004516,489.543612,0.009407,8.484246,560.875805,569.369750,570.052115,0.682365,570.161751
197,vehicle2,1003.239000,1003.052000,166.329869,1,ok,24336,21683,1,0.077191,0.007395,0.000446,0.077421,11.756017,8.519253,0.000082,41.175300,11.406489,0.706428,481.064027,0.005532,6.736557,554.705017,561.447552,561.806435,0.358883,561.891021
198,vehicle2,1003.438000,1003.253000,167.193504,1,ok,24173,21456,1,0.098519,0.006015,0.000453,0.084938,14.844707,9.623561,0.000087,38.415665,10.916601,0.710116,485.266948,0.036144,8.536990,559.862623,568.436210,568.775393,0.339183,568.879927
199,vehicle2,1003.637000,1003.454000,168.036416,1,ok,24114,21212,1,0.195097,0.008322,0.000173,0.089813,15.242145,7.919184,0.000235,39.138537,11.990504,0.750583,475.891717,0.004156,8.559199,551.022718,559.586246,560.071345,0.485099,560.274764
200,vehicle2,1003.837000,1003.651000,168.849317,1,ok,23982,20998,1,0.119377,0.006828,0.000455,0.069898,11.004429,8.036125,0.000501,39.347778,11.044162,0.713732,450.928120,0.004170,6.349015,521.144745,527.498385,527.789830,0.291445,527.916035
201,vehicle2,1004.038000,1003.852000,169.693525,1,ok,23828,20848,1,0.075610,0.007420,0.000317,0.101332,15.975965,10.273781,0.000165,37.871918,11.959286,1.025931,441.664361,0.003751,7.693949,518.872739,526.570756,527.051538,0.480782,527.134568
202,vehicle2,1004.238000,1004.054000,170.560147,1,ok,23748,20686,1,0.134466,0.005919,0.000336,0.054254,11.919280,8.582223,0.000240,40.384137,10.715199,0.705940,457.954665,0.005333,6.839936,530.315938,537.161543,537.455273,0.293730,537.595658
203,vehicle2,1004.439000,1004.255000,171.445235,1,ok,23731,20599,1,0.094240,0.006028,0.000381,0.055106,11.224115,8.085881,0.000116,41.691060,11.773775,0.718162,448.698528,0.093701,6.929741,522.246743,529.270566,529.560316,0.289750,529.660584
204,vehicle2,1004.638000,1004.454000,172.268015,1,ok,23933,20632,1,0.103239,0.006334,0.000249,0.079456,13.223994,8.256217,0.000073,39.370464,10.823549,0.822478,427.777091,0.037727,7.479017,500.353322,507.870315,508.163263,0.292948,508.272836
205,vehicle2,1004.839000,1004.653000,173.112088,1,ok,24111,20596,1,0.104991,0.012710,0.000425,0.101956,12.089194,7.958660,0.000083,39.691656,10.852522,0.968462,406.815938,0.004831,7.112488,478.478471,485.596215,486.061146,0.464931,486.178847
206,vehicle2,1005.039000,1004.853000,173.993233,1,ok,24186,20610,1,0.154511,0.007204,0.000297,0.198385,13.013042,8.194414,0.000109,39.483410,14.122006,0.890740,398.650506,0.005644,6.486131,474.552612,481.044684,481.393348,0.348664,481.555063
207,vehicle2,1005.218000,1005.053000,174.813952,1,ok,24228,20708,1,0.109106,0.006641,0.000160,0.102007,9.984376,8.475238,0.000134,36.557478,12.336953,0.789928,376.465602,0.010526,9.282011,444.711716,454.004413,454.742342,0.737929,454.858089
208,vehicle2,1005.437000,1005.252000,175.699660,1,ok,24320,20829,1,0.174684,0.009984,0.000377,0.072378,7.971901,9.259117,0.000101,42.932334,11.920514,0.944843,409.805454,0.003577,6.762361,482.906642,489.672957,490.034523,0.361566,490.219191
209,vehicle2,1005.639000,1005.454000,176.573238,1,ok,24397,21035,1,0.114376,0.004734,0.000313,0.057723,10.737978,8.400123,0.000256,40.663299,12.581710,2.205736,428.126163,0.049336,8.321355,502.772988,511.143992,511.602149,0.458157,511.721259
210,vehicle2,1005.838000,1005.655000,177.397293,1,ok,24455,21250,1,0.101008,0.004718,0.000177,0.055858,11.972471,7.389062,0.000138,40.239618,11.929523,0.723806,416.694479,0.004180,7.126813,489.004955,496.136125,496.443199,0.307074,496.548925
211,vehicle2,1006.039000,1005.852000,178.253925,1,ok,24425,21321,1,0.199288,0.007166,0.000179,0.052770,14.745690,8.658371,0.000193,39.882707,12.323013,0.713395,418.654977,0.003530,6.246626,495.031116,501.281451,501.504472,0.223021,501.710926
212,vehicle2,1006.237000,1006.053000,179.095720,1,ok,24319,21349,1,0.089689,0.008810,0.000319,0.106424,12.774116,7.866733,0.000085,38.044149,13.139678,0.746387,424.333712,0.004012,6.515824,497.011284,503.531439,503.837326,0.305887,503.935825
213,vehicle2,1006.438000,1006.252000,179.909468,1,ok,24360,21465,1,0.134681,0.004491,0.000287,0.055798,12.412832,8.141562,0.000148,37.039319,11.787826,1.007270,417.630124,0.003924,7.517386,488.074879,495.596476,496.219781,0.623305,496.358953
214,vehicle2,1006.638000,1006.452000,180.771487,1,ok,24521,21563,1,0.120393,0.007363,0.000254,0.107643,17.940890,8.223504,0.000091,40.922223,13.479628,0.716916,417.462632,0.006565,8.043189,498.853527,506.903535,507.406690,0.503155,507.534446
215,vehicle2,1006.839000,1006.656000,181.578610,1,ok,24772,21667,1,0.221542,0.006570,0.000282,0.169430,12.300702,10.140680,0.000088,40.054835,10.691488,0.718274,404.304594,0.014032,7.856536,478.380091,486.250941,486.565266,0.314325,486.793378
216,vehicle2,1007.033000,1006.854000,182.398072,1,ok,24917,21764,1,0.126698,0.006752,0.000255,0.105784,12.536258,8.151925,0.000145,40.093572,11.187771,0.704980,399.453585,0.003898,7.510639,472.234020,479.748812,480.086681,0.337869,480.220131
217,vehicle2,1007.237000,1007.054000,183.272305,1,ok,25013,21943,1,0.083584,0.018214,0.001023,0.113445,14.458347,7.307984,0.000117,42.405714,14.129370,0.773215,419.678498,0.005747,10.349564,498.866690,509.223024,509.946929,0.723905,510.048727
218,vehicle2,1007.438000,1007.253000,184.140852,1,ok,25033,22052,1,0.217450,0.005206,0.000130,0.076788,13.919418,8.066974,0.000079,41.454104,11.643496,0.736922,429.687053,0.011598,7.072869,505.584834,512.669431,513.010800,0.341369,513.233456
219,vehicle2,1007.638000,1007.453000,184.978996,1,ok,25034,22102,1,0.091328,0.007560,0.000326,0.079072,14.540490,7.647842,0.000085,39.043266,14.170919,1.163177,427.810925,0.004453,6.797542,504.455776,511.258097,511.695434,0.437337,511.794322
220,vehicle2,1007.837000,1007.653000,185.811026,1,ok,25143,22201,1,0.085958,0.005004,0.000257,0.123793,16.581750,7.975832,0.000117,40.403413,14.082884,0.723657,425.457144,0.003048,7.518983,505.348590,512.870878,513.110168,0.239290,513.201130
221,vehicle2,1008.038000,1007.851000,186.620430,1,ok,25271,22344,1,0.124431,0.006233,0.000255,0.056254,10.005361,8.946083,0.000125,40.025063,10.773672,0.907276,417.682006,0.029715,6.967355,488.395840,495.393165,495.669527,0.276362,495.800191
222,vehicle2,1008.237000,1008.052000,187.488548,1,ok,25235,22432,1,0.133735,0.009064,0.000388,0.081136,17.373870,7.703981,0.000090,42.062325,12.834103,0.814384,427.553744,0.003703,8.158556,508.423633,516.586280,517.053208,0.466928,517.196007
223,vehicle2,1008.438000,1008.256000,188.320412,1,ok,25246,22520,1,0.136012,0.005892,0.000133,0.072653,8.290190,8.045915,0.000169,38.569846,14.852514,0.868586,430.091580,0.004154,8.272627,500.791453,509.068367,509.525906,0.457539,509.667810
224,vehicle2,1008.638000,1008.455000,189.127376,1,ok,25277,22586,1,0.089743,0.004384,0.000378,0.050156,8.665793,7.750075,0.000113,44.127327,12.208652,0.714060,434.325179,0.004048,7.071765,507.841355,514.917546,515.289940,0.372394,515.384067
225,vehicle2,1008.837000,1008.653000,189.955125,1,ok,25403,22651,1,0.134975,0.013913,0.000256,0.101018,11.622563,7.994566,0.000105,40.562847,11.893054,0.709256,433.672153,0.003999,6.866869,506.555562,513.426686,513.824967,0.398281,513.973855
226,vehicle2,1009.038000,1008.852000,190.762646,1,ok,25412,22675,1,0.219003,0.007416,0.000354,0.084984,12.105826,9.958049,0.000087,43.100349,11.708225,0.827023,420.688989,0.028238,6.972531,498.473532,505.474655,505.989120,0.514465,506.215539
227,vehicle2,1009.238000,1009.051000,191.626078,1,ok,25396,22686,1,0.093228,0.008097,0.000301,0.092584,15.730229,8.301520,0.000091,38.826079,12.658359,0.773247,428.469752,0.018018,6.314030,504.851861,511.184210,511.800656,0.616446,511.901981
228,vehicle2,1009.438000,1009.254000,192.455470,1,ok,25346,22602,1,0.195550,0.007702,0.000250,0.079082,10.890250,9.060446,0.000098,40.322315,11.017786,0.716645,427.060750,0.005372,6.432925,499.147372,505.585919,506.067381,0.481462,506.270633
229,vehicle2,1009.639000,1009.453000,193.283117,1,ok,25356,22662,1,0.224804,0.004523,0.000174,0.044641,12.137451,7.605601,0.000095,43.069583,12.103018,0.780757,438.162823,0.004125,7.635880,513.903969,521.544148,521.777698,0.233550,522.007025
230,vehicle2,1009.837000,1009.656000,194.107338,1,ok,25232,22600,1,0.081458,0.003788,0.000285,0.052422,8.365987,8.308598,0.000254,38.919349,11.244768,0.886675,427.898029,0.004505,7.117557,495.676082,502.798429,503.070246,0.271817,503.155492
231,vehicle2,1010.038000,1009.852000,194.917281,1,ok,25036,22382,1,0.214228,0.006858,0.000366,0.077308,10.487886,8.170933,0.000129,41.641014,10.618951,0.771051,420.636263,0.043038,7.543734,492.403535,499.990673,500.389211,0.398538,500.610297
232,vehicle2,1010.237000,1010.053000,195.766768,1,ok,24958,22293,1,0.236527,0.006029,0.000194,0.048243,12.038374,7.236986,0.000081,46.338517,11.731378,0.765550,436.257057,0.015051,6.793409,514.416186,521.224840,521.475533,0.250693,521.718089
233,vehicle2,1010.439000,1010.251000,196.585765,1,ok,24892,22217,1,0.108431,0.012069,0.000263,0.109406,11.441233,7.917805,0.000075,39.835299,11.124860,0.842641,441.136572,0.004391,6.478453,512.407891,518.890998,519.262296,0.371298,519.382796
234,vehicle2,1010.638000,1010.454000,197.388723,1,ok,24916,22227,1,0.115231,0.004896,0.000233,0.116116,9.279092,8.894128,0.000090,40.220387,12.695847,0.804922,452.679138,0.012711,7.266828,524.689720,531.969492,532.293721,0.324229,532.413848
235,vehicle2,1010.837000,1010.653000,198.223713,1,ok,24845,22138,1,0.187013,0.006724,0.000243,0.070028,8.669476,8.589797,0.000130,41.533409,11.919209,0.713574,434.084087,0.004298,6.710225,505.579710,512.294476,515.458510,3.164034,515.652247
236,vehicle2,1011.038000,1010.855000,199.054879,1,ok,24772,22077,1,0.111034,0.006953,0.000488,0.095693,9.117598,8.501161,0.000080,41.218243,10.812106,0.894837,457.032237,0.011088,6.119587,527.671955,533.803118,534.053892,0.250774,534.171879
237,vehicle2,1011.238000,1011.054000,199.881095,1,ok,24836,22152,1,0.115776,0.012651,0.000626,0.082336,15.069162,7.357178,0.000077,41.751144,12.386110,0.724712,465.397360,0.004585,7.068012,542.768079,549.841302,550.154861,0.313559,550.283288
238,vehicle2,1011.439000,1011.253000,200.702928,1,ok,24908,22249,1,0.119045,0.007054,0.000337,0.086347,18.762029,8.194449,0.000107,42.728059,12.271515,0.830185,461.741036,0.009498,7.561493,544.613727,552.185055,552.523696,0.338641,552.649795
239,vehicle2,1011.637000,1011.453000,201.519334,1,ok,24904,22255,1,0.115003,0.007632,0.000290,0.082866,13.694016,7.308606,0.000146,41.948123,12.844400,0.750326,471.488274,0.004147,7.128940,548.116757,555.250134,555.550836,0.300702,555.673471
240,vehicle2,1011.844000,1011.653000,202.379283,1,ok,24791,22154,1,0.128752,0.008881,0.000360,0.089345,11.576392,7.823704,0.000102,37.267402,10.687785,0.740153,475.105813,0.003934,6.939778,543.290696,550.234768,550.464466,0.229698,550.602099
241,vehicle2,1012.038000,1011.857000,203.148935,1,ok,24623,22064,1,0.085798,0.007340,0.000500,0.078673,13.690494,12.788774,0.000077,38.408725,11.878531,1.019952,428.143773,0.011952,6.217941,506.008999,512.239392,512.672762,0.433370,512.765900
242,vehicle2,1012.246000,1012.054000,204.000016,1,ok,24658,22071,1,0.095496,0.004625,0.000295,0.046875,11.499155,7.312610,0.000184,42.008845,11.017242,0.836301,462.772703,0.003798,8.487574,535.493915,543.985582,544.243901,0.258319,544.344022
243,vehicle2,1012.438000,1012.255000,204.777287,1,ok,24675,22051,1,0.116173,0.008106,0.000191,0.171249,12.291329,7.403057,0.000174,42.329497,13.083727,0.906950,448.231216,0.004648,7.046487,524.417199,531.468525,531.862980,0.394455,531.987259
244,vehicle2,1012.638000,1012.453000,205.549136,1,ok,24719,22097,1,0.086046,0.754032,0.000791,0.070475,11.682841,7.681480,0.000097,40.357108,11.592174,0.733985,442.278934,0.004021,6.691694,514.397094,521.093600,521.583405,0.489805,522.423483
245,vehicle2,1012.838000,1012.653000,206.349199,1,ok,24689,22095,1,0.139520,0.005104,0.000203,0.083775,10.417978,7.162544,0.000120,40.076754,11.122140,0.929308,442.650157,0.003714,6.819389,512.442776,519.266082,519.623609,0.357527,519.768233
246,vehicle2,1013.038000,1012.852000,207.169374,1,ok,24646,22044,1,0.106662,0.005271,0.000247,0.046501,9.072246,8.242175,0.000102,43.257863,10.291732,0.757930,444.902555,0.012307,7.898915,516.571104,524.482573,524.921434,0.438861,525.033367
247,vehicle2,1013.238000,1013.053000,207.984732,1,ok,24484,21951,1,0.263776,0.012567,0.000173,0.099882,11.960125,7.434710,0.000192,41.367761,13.560331,0.769008,451.947943,0.004423,6.134929,527.139952,533.279477,533.731949,0.452472,534.008292
248,vehicle2,1013.439000,1013.253000,208.768931,1,ok,24419,21910,1,0.101532,0.007813,0.000284,0.079209,11.304956,6.971168,0.000095,40.201713,13.159665,0.714556,427.979617,0.003447,6.875338,500.410979,507.290048,507.581376,0.291328,507.690721
249,vehicle2,1013.638000,1013.454000,209.584507,1,ok,24549,21979,1,0.113157,0.006484,0.000274,0.069211,10.784875,8.477082,0.000111,40.371737,13.751794,0.833171,441.974077,0.004205,7.175096,516.262058,523.441633,524.069738,0.628105,524.189379
250,vehicle2,1013.838000,1013.654000,210.323876,1,ok,24550,21991,1,0.085737,0.007199,0.000252,0.099112,10.125643,7.856437,0.000079,41.762083,12.299427,0.706227,409.712545,0.004099,6.534540,482.561553,489.100444,489.339831,0.239387,489.432767
251,vehicle2,1014.039000,1013.853000,211.148243,1,ok,24598,22003,1,0.180705,0.008465,0.000230,0.079863,10.045092,7.324020,0.000085,37.663785,12.210220,0.705559,391.580671,0.013598,6.523497,459.609295,466.146620,466.380315,0.233695,466.569485
252,vehicle2,1014.222000,1014.055000,212.016981,1,ok,24581,21998,1,0.213028,0.008624,0.000257,0.093709,9.689436,8.973834,0.000209,39.388974,12.016420,0.756795,431.388808,0.005394,8.251388,502.308185,510.565224,510.855313,0.290089,511.076965
253,vehicle2,1014.439000,1014.252000,212.873087,1,ok,24586,21956,1,0.144253,0.012933,0.000398,0.127437,11.416646,7.468154,0.000103,39.368050,14.357174,0.758183,414.704689,0.003878,6.492725,488.200436,494.697437,494.963265,0.265828,495.120451
254,vehicle2,1014.639000,1014.457000,213.671842,1,ok,24627,21823,1,0.202008,0.021123,0.000107,0.099451,12.067236,8.055800,0.000095,40.500418,12.174186,0.865155,422.789539,0.006400,6.475179,496.551880,503.033566,503.440804,0.407238,503.663935
255,vehicle2,1014.839000,1014.653000,214.445915,1,ok,24650,21509,1,0.173154,0.008304,0.000261,0.084484,16.277509,6.863865,0.000089,39.974084,13.088220,0.713415,416.359707,0.003933,7.502174,493.361373,500.867741,501.143420,0.275679,501.324878
256,vehicle2,1015.041000,1014.852000,215.264300,1,ok,24384,21102,1,0.143009,0.005708,0.000165,0.072189,9.843191,7.735939,0.000158,41.124873,13.118987,0.708106,421.147974,0.011484,8.554435,493.751417,502.317501,502.560002,0.242501,502.708719
257,vehicle2,1015.238000,1015.056000,216.062272,1,ok,23829,20611,1,0.083864,0.006863,0.000354,0.094401,13.110818,8.351041,0.000089,40.301509,10.662934,0.740274,414.785186,0.004967,6.952795,488.046252,495.004368,496.651293,1.646925,496.742020
258,vehicle2,1015.433000,1015.253000,216.891644,1,ok,23293,20144,1,0.158935,0.006936,0.000296,0.081690,7.210608,6.982687,0.000077,42.255232,11.082225,0.748869,425.223376,0.049009,7.517228,493.584764,501.151297,501.557654,0.406357,501.723525
259,vehicle2,1015.627000,1015.453000,217.782373,1,ok,22849,19730,1,0.107573,0.011344,0.000303,0.099292,8.639241,7.808590,0.000095,40.519217,13.755198,0.885424,429.276130,0.004058,7.388859,500.983187,508.376407,508.795946,0.419539,508.914863
260,vehicle2,1015.837000,1015.657000,218.642093,1,ok,22406,19285,1,0.137058,0.005870,0.000297,0.047034,7.505763,7.219009,0.000084,43.470111,12.493395,0.744051,411.732735,0.003853,7.282918,483.212182,490.499250,490.778822,0.279572,490.921750
261,vehicle2,1016.040000,1015.854000,219.551457,1,ok,22006,19130,1,0.284051,0.009519,0.000398,0.070968,14.741242,8.538778,0.000116,52.002554,14.523026,0.803263,455.098284,0.004857,7.159705,545.778231,552.943191,553.264654,0.321463,553.558224
262,vehicle2,1016.233000,1016.056000,220.319390,1,ok,20892,18618,1,0.120364,0.006998,0.000294,0.077483,14.589667,7.752395,0.000088,41.578080,11.920593,0.715973,356.372034,0.048895,7.967506,433.006313,441.023008,441.369397,0.346389,441.496759
263,vehicle2,1016.411000,1016.253000,221.156376,1,ok,19707,17987,1,0.111987,0.007847,0.000186,0.059890,8.044370,7.200571,0.000095,35.999492,10.535016,0.703095,357.970237,0.004661,7.910304,420.512766,428.427917,428.868034,0.440117,428.987868
264,vehicle2,1016.565000,1016.452000,221.912828,1,ok,19306,17735,1,0.114741,0.005665,0.000249,0.043614,6.166867,8.824920,0.000204,35.215225,10.230194,0.918121,318.345209,0.004106,7.114027,379.744354,386.862736,387.218345,0.355609,387.338751
265,vehicle2,1016.762000,1016.653000,222.713719,1,ok,19584,17957,1,0.101496,0.005491,0.000224,0.056807,6.065432,7.926773,0.000082,35.423607,9.422796,0.697895,316.539696,0.004146,10.657723,376.133088,386.795181,387.052460,0.257279,387.159447
266,vehicle2,1017.023000,1016.852000,223.563521,1,ok,19868,18228,1,0.202195,0.005534,0.000231,0.114212,9.218847,7.175167,0.000078,36.888613,13.865549,0.715250,347.342240,0.003483,7.270078,415.319956,422.593748,422.827683,0.233935,423.035412
267,vehicle2,1017.171000,1017.053000,224.311586,1,ok,20050,18387,1,0.097059,0.015311,0.000316,0.107963,5.927709,6.997859,0.000077,35.347612,9.864552,0.707764,308.458852,0.005614,7.439632,367.412388,374.857950,375.107636,0.249686,375.220006
268,vehicle2,1017.392000,1017.255000,225.151123,1,ok,20256,18568,1,0.212895,0.006423,0.000465,0.085281,9.480948,9.904381,0.000101,39.006267,11.165358,1.035098,342.916637,0.046453,8.024552,413.594071,421.665541,422.461044,0.795503,422.680362
269,vehicle2,1017.587000,1017.453000,225.995753,1,ok,20301,18566,1,0.177758,0.007295,0.000129,0.057713,11.675159,10.984836,0.000092,40.657717,11.397734,0.877687,352.486380,0.004410,8.329816,428.137318,436.471673,436.966077,0.494404,437.151130
270,vehicle2,1017.813000,1017.652000,226.823993,1,ok,20408,18653,1,0.144110,0.005612,0.000215,0.042013,7.098981,8.054400,0.000094,35.579501,11.075298,1.037113,348.163106,0.004825,6.366701,411.050506,417.422247,417.861565,0.439318,418.011287
271,vehicle2,1018.016000,1017.854000,227.629765,1,ok,20431,18694,1,0.165031,0.008741,0.000378,0.080434,12.978970,8.342161,0.000087,37.275589,10.630067,0.817447,362.892728,0.004444,7.263343,433.017483,440.285648,440.547298,0.261650,440.721070
272,vehicle2,1018.204000,1018.053000,228.430197,1,ok,19999,18355,1,0.070046,0.005925,0.000318,0.070251,10.590536,11.150998,0.000212,38.282980,10.575191,0.859235,364.348356,0.003192,7.429376,435.877759,443.310645,443.573156,0.262511,443.649127
273,vehicle2,1018.438000,1018.256000,229.268778,1,ok,18759,17223,1,0.584174,1.203018,0.000206,0.069409,8.815011,8.680859,0.000117,39.579387,10.889170,0.719618,377.516887,0.012121,6.292745,446.270458,452.575530,454.012856,1.437326,455.800048
274,vehicle2,1018.579000,1018.454000,230.078891,1,ok,17370,15811,1,0.226904,0.013051,0.000256,0.057252,9.722106,7.941834,0.000115,39.083906,10.177055,0.888579,369.723901,0.004612,7.377653,437.594748,444.977269,445.383329,0.406060,445.623284
275,vehicle2,1018.771000,1018.657000,230.935440,1,ok,16843,15279,1,0.124271,0.007275,0.000214,0.051722,7.298893,7.927078,0.000087,37.166134,8.571854,0.862944,342.429054,0.003254,6.780926,404.307766,411.092160,411.510247,0.418087,411.641793
276,vehicle2,1018.952000,1018.853000,231.753026,1,ok,17111,15575,1,0.124896,0.007904,0.000415,0.142693,6.636850,11.027968,0.000082,34.369703,8.215169,0.711058,299.521246,0.003538,6.902200,360.624769,367.530922,367.920351,0.389429,368.053151
277,vehicle2,1019.163000,1019.055000,232.623333,1,ok,17590,16050,1,0.070040,0.008959,0.000354,0.046623,7.846026,8.968528,0.000119,34.831766,12.848421,0.971137,317.612509,0.004254,6.824245,383.125129,389.953982,390.243087,0.289105,390.322086
278,vehicle2,1019.355000,1019.251000,233.456051,1,ok,17817,16216,1,0.085264,0.017501,0.000166,0.032322,5.360772,8.829044,0.000153,32.912461,7.332805,0.703953,283.847624,0.003075,8.919036,339.019134,347.941411,348.205297,0.263886,348.308062
279,vehicle2,1019.554000,1019.453000,234.291211,1,ok,17947,16338,1,0.144811,0.006670,0.000256,0.030259,5.164687,8.865357,0.000140,32.974038,7.402719,0.688521,290.814768,0.017873,6.537387,345.940489,352.496005,352.834125,0.338120,352.985606
280,vehicle2,1019.754000,1019.653000,235.145020,1,ok,18044,16449,1,0.189181,0.007178,0.000384,0.064513,7.306180,9.514765,0.000100,33.586704,8.431052,0.690067,308.044415,0.003407,9.019925,367.637796,376.661512,377.165057,0.503545,377.361416
281,vehicle2,1019.956000,1019.855000,236.019535,1,ok,18017,16420,1,0.084710,0.004069,0.000237,0.034103,5.943837,10.514037,0.000112,37.845705,9.526768,0.781890,306.070599,0.006014,7.047575,370.717051,377.770877,378.190797,0.419920,378.279576
282,vehicle2,1020.155000,1020.055000,236.843495,1,ok,17816,16214,1,0.139555,0.004744,0.000187,0.033261,5.739428,7.483853,0.000105,36.174752,6.978586,0.704470,290.281906,0.004113,7.327468,347.396361,354.728129,354.933471,0.205342,355.077770
283,vehicle2,1020.353000,1020.252000,237.713429,1,ok,17676,16075,1,0.085143,0.006268,0.000182,0.033618,5.339991,8.505587,0.000090,33.957755,7.754389,0.708847,295.102810,0.005787,6.529058,351.403087,357.938114,358.201866,0.263752,358.293277
284,vehicle2,1020.555000,1020.457000,238.525447,1,ok,17482,15849,1,0.094106,0.006869,0.000275,0.056231,6.065957,7.727814,0.000126,31.136800,7.440072,0.816001,276.630089,0.064318,8.418003,329.873090,338.355686,338.713360,0.357674,338.814335
285,vehicle2,1020.753000,1020.655000,239.361512,1,ok,17465,15802,1,0.138205,0.006209,0.000230,0.054906,5.530827,7.383904,0.000079,31.665148,8.703560,0.869042,276.961735,0.004598,6.342155,331.169201,337.516184,337.838113,0.321929,337.982527
286,vehicle2,1020.954000,1020.858000,240.281644,1,ok,17537,15860,1,0.178020,0.006770,0.000404,0.056090,8.472087,9.833359,0.000091,33.401876,6.950600,0.693903,285.800937,0.004025,7.117023,345.208943,352.330395,352.704750,0.374355,352.889540
287,vehicle2,1021.155000,1021.055000,241.110182,1,ok,17947,16215,1,0.083458,0.005772,0.000216,0.043945,6.228977,9.093549,0.000150,35.785418,9.133907,0.812932,289.078452,0.004211,7.139532,350.177330,357.321289,357.655624,0.334335,357.744854
288,vehicle2,1021.352000,1021.253000,241.967979,1,ok,18431,16555,1,0.089809,0.009576,0.000243,0.055561,7.217236,10.252660,0.000089,37.167148,8.963072,0.698666,302.480207,0.003678,7.222680,366.834639,374.061240,374.544670,0.483430,374.644055
289,vehicle2,1021.557000,1021.450000,242.885229,1,ok,18696,16692,1,0.164231,0.006003,0.000245,0.059638,7.029884,9.760860,0.000130,37.675757,9.196564,0.695994,325.029759,0.008511,7.302858,389.448586,396.760200,397.840341,1.080141,398.010575
290,vehicle2,1021.770000,1021.652000,243.770395,1,ok,18522,16479,1,0.096132,0.007466,0.000400,0.076480,7.507451,8.535555,0.000082,38.820711,9.392009,0.825611,320.970264,0.029473,7.932917,386.128163,394.090953,394.368987,0.278034,394.472585
291,vehicle2,1021.966000,1021.854000,244.601767,1,ok,18054,15971,1,0.739016,0.012212,0.000311,0.057449,10.933615,10.398404,0.000096,35.770034,8.263646,0.872923,324.746738,0.004075,6.407940,391.042905,397.455231,397.807270,0.352039,398.558498
292,vehicle2,1022.154000,1022.057000,245.442953,1,ok,17703,15642,1,0.073376,0.010905,0.000330,0.051217,7.838336,9.453125,0.000099,38.601217,8.569242,0.716891,323.225773,0.004883,7.546981,388.455900,396.008094,396.357774,0.349680,396.442055
293,vehicle2,1022.352000,1022.256000,246.285314,1,ok,17875,15975,1,0.157674,0.007203,0.000430,0.062817,10.305496,11.379012,0.000180,34.174875,7.421640,0.812894,304.926160,0.003620,6.150615,369.083074,375.237739,375.601253,0.363514,375.766130
294,vehicle2,1022.554000,1022.457000,247.132505,1,ok,18552,16585,1,0.127216,0.009411,0.000196,0.062149,8.819620,8.762895,0.000122,33.382900,7.889202,0.876872,317.191107,0.004385,7.652914,376.984867,384.642362,384.998573,0.356211,385.135200
295,vehicle2,1022.764000,1022.652000,248.000737,1,ok,19631,17196,1,0.113346,0.006995,0.000369,0.061709,8.047727,10.032795,0.000151,37.452495,7.890746,0.866100,333.154414,0.003763,7.629422,397.506137,405.139691,405.694664,0.554973,405.815005
296,vehicle2,1023.031000,1022.852000,248.909575,1,ok,20742,17694,1,0.100072,0.008901,0.000328,0.153634,15.711167,9.200498,0.000163,38.520939,9.250591,0.712400,370.355244,0.015118,9.071170,443.904636,452.991252,453.333889,0.342637,453.442862
297,vehicle2,1023.238000,1023.056000,249.753981,1,ok,22692,18624,1,0.187627,0.007516,0.000460,0.091003,11.962240,10.086332,0.000082,38.490985,10.107151,0.693062,400.612677,0.009994,7.522579,472.043532,479.576565,479.879588,0.303023,480.074731
298,vehicle2,1023.438000,1023.255000,250.619488,1,ok,24775,19298,1,0.131225,0.007929,0.000264,0.117044,12.935653,9.669481,0.000082,41.871217,9.188096,0.759134,384.655677,0.009557,7.945878,459.196384,467.152083,467.761969,0.609886,467.901123
299,vehicle2,1023.641000,1023.455000,251.564124,1,ok,27081,20945,1,0.175957,0.011008,0.000777,0.225719,34.955330,10.712173,0.000104,47.914571,13.315785,0.707688,448.291595,0.006443,7.787051,556.122965,563.917236,564.517109,0.599873,564.704074
300,vehicle2,1023.841000,1023.657000,252.467739,1,ok,29216,22167,1,0.153489,0.008769,0.000331,0.137636,18.852549,8.954459,0.000125,49.378985,14.644167,0.928675,463.470857,0.004247,7.785808,556.367453,564.157839,564.573338,0.415499,564.735596
301,vehicle2,1024.042000,1023.855000,253.361853,1,ok,30745,22920,1,0.263965,0.007395,0.000215,0.129726,18.387716,9.686117,0.000121,49.396360,12.399167,0.840897,464.949453,0.040575,6.960301,555.789557,562.790648,563.266398,0.475750,563.537758
302,vehicle2,1024.242000,1024.057000,254.182025,1,ok,31031,22713,1,0.273045,0.008407,0.000299,0.140294,15.156075,10.763505,0.000278,44.912257,13.055117,0.964786,442.941663,0.012940,7.527225,527.933975,535.474439,535.831088,0.356649,536.112540
303,vehicle2,1024.440000,1024.255000,255.028248,1,ok,31464,22635,1,0.252082,0.008388,0.000159,0.139642,20.607766,9.944335,0.000075,46.244810,12.610649,0.735768,443.915506,0.004374,6.818854,534.198551,541.021938,541.369564,0.347626,541.630034
304,vehicle2,1024.640000,1024.456000,255.824130,1,ok,31827,22653,1,0.319378,0.008131,0.000356,0.164780,18.171228,9.586409,0.000113,42.773072,11.105332,0.699297,397.536572,0.004701,6.855396,480.036803,486.897256,487.854445,0.957189,488.181954
305,vehicle2,1024.842000,1024.655000,256.616435,1,ok,32215,22800,1,0.135812,0.004506,0.000250,0.087812,19.447993,8.651923,0.000086,42.748831,14.795786,0.710527,398.205753,0.004261,6.951492,484.648711,491.604714,491.907374,0.302660,492.047692
306,vehicle2,1025.038000,1024.858000,257.480597,1,ok,32756,23142,1,0.248134,0.009620,0.000383,0.120439,22.550627,10.391057,0.000140,48.067463,15.414377,0.990137,419.141652,0.007999,8.225776,516.675892,524.910050,525.573617,0.663567,525.831371
307,vehicle2,1025.244000,1025.053000,258.322067,1,ok,33235,23391,1,0.314406,0.009670,0.000167,0.112578,21.576278,9.420368,0.000122,45.994017,16.949817,0.832617,427.950848,0.053893,8.563118,522.836645,531.453823,532.227624,0.773801,532.551700
308,vehicle2,1025.442000,1025.260000,259.201126,1,ok,33462,23441,1,0.147007,0.007289,0.000215,0.130639,20.884167,9.279113,0.000097,47.080684,15.805533,0.718279,440.932292,0.004095,7.259407,534.830804,542.094521,542.394813,0.300292,542.549109
309,vehicle2,1025.642000,1025.459000,260.037297,1,ok,33448,23429,1,0.167405,0.009257,0.000392,0.124471,19.798692,9.781694,0.000113,44.280537,17.951957,0.769602,452.399181,0.004139,7.445054,545.106247,552.555832,553.082340,0.526508,553.259002
310,vehicle2,1025.841000,1025.659000,260.874920,1,ok,33342,23339,1,0.222577,0.005671,0.000372,0.098181,17.663339,9.158733,0.000082,44.509403,14.193479,0.727980,440.638663,0.033422,7.327455,526.989860,534.351109,534.703899,0.352790,534.932147
311,vehicle2,1026.041000,1025.858000,261.735318,1,ok,33325,23419,1,0.167726,0.012001,0.000541,0.158930,18.551210,7.506525,0.000239,42.102833,17.603857,0.883703,430.363729,0.004691,6.590876,517.171026,523.767134,524.363748,0.596614,524.543475
312,vehicle2,1026.243000,1026.056000,262.567273,1,ok,33293,23477,1,0.165811,0.006098,0.000518,0.092589,15.933499,8.822186,0.000091,47.922236,14.843612,0.986990,453.627305,0.004567,8.675127,542.228508,550.908720,551.405801,0.497081,551.577710
313,vehicle2,1026.443000,1026.258000,263.400763,1,ok,33343,23615,1,0.139937,0.009766,0.000384,0.249710,15.974267,8.421265,0.000087,47.157160,15.298135,0.841237,436.124323,0.068872,8.214873,524.066184,532.350313,532.703182,0.352869,532.852885
314,vehicle2,1026.642000,1026.462000,264.256065,1,ok,33396,23690,1,0.166193,0.005179,0.000226,0.079684,17.323062,8.123724,0.000083,46.807876,15.531573,0.718156,449.302285,0.003885,6.552760,537.886443,544.443314,545.041016,0.597702,545.212388
315,vehicle2,1026.841000,1026.658000,265.087465,1,ok,33420,23720,1,0.178542,0.005403,0.000160,0.088322,21.576240,7.005038,0.000155,44.534282,20.628902,0.857119,458.217162,0.006114,7.209427,552.907220,560.122921,560.852849,0.729928,561.036794
316,vehicle2,1027.050000,1026.857000,265.931045,1,ok,33441,23813,1,0.142057,0.009456,0.000361,0.368813,15.777672,6.108945,0.000120,47.542619,18.022838,0.711619,461.109242,0.004220,7.220241,549.641868,556.866690,557.205118,0.338428,557.356631
317,vehicle2,1027.251000,1027.058000,266.813179,1,ok,33414,23766,1,0.276727,0.008543,0.000292,0.122512,25.823694,12.811518,0.000147,61.978630,17.181574,0.830657,495.675789,0.005286,8.058086,614.424521,622.488185,622.937681,0.449496,623.222951
318,vehicle2,1027.442000,1027.258000,267.596149,1,ok,33421,23806,1,0.157182,0.011254,0.000382,0.113054,12.720427,7.284381,0.000077,43.144672,19.071431,0.723278,467.985510,0.006136,6.333750,551.042830,557.383098,557.867178,0.484080,558.035614
319,vehicle2,1027.647000,1027.460000,268.450639,1,ok,33429,23823,1,0.334750,0.009655,0.000160,0.123614,13.890395,6.176118,0.000081,45.317057,16.845349,0.889941,481.376061,0.020212,9.172725,564.618616,573.811713,574.405901,0.594188,574.750306
320,vehicle2,1027.842000,1027.654000,269.274358,1,ok,33398,23840,1,0.306332,0.008358,0.000180,0.122077,11.498520,13.213416,0.000119,43.866000,16.873455,0.813215,482.726702,0.013568,8.644340,569.113504,577.771592,578.495211,0.723619,578.809901
321,vehicle2,1028.041000,1027.860000,270.130416,1,ok,33442,23834,1,0.265672,0.010602,0.000296,0.073693,13.084632,6.387841,0.000122,44.789077,19.308365,0.722569,474.618437,0.004802,7.928878,558.984736,566.918712,567.305229,0.386517,567.581503
322,vehicle2,1028.242000,1028.054000,270.978389,1,ok,33492,23852,1,0.288944,2.105920,0.000526,0.285262,12.332510,5.948909,0.000112,43.012776,17.349755,0.856432,474.910541,0.005118,7.093322,554.696297,561.795263,562.455307,0.660044,564.850171
323,vehicle2,1028.443000,1028.258000,271.762175,1,ok,33500,23862,1,0.340441,0.010030,0.000251,0.088642,7.855244,5.860660,0.000158,41.165610,14.604924,0.856259,450.277066,0.004314,7.055136,520.708563,527.768264,528.399384,0.631120,528.749855
324,vehicle2,1028.643000,1028.458000,272.597184,1,ok,33530,23889,1,0.143520,0.007390,0.000154,0.096874,8.535781,7.475197,0.000078,38.278453,14.570781,0.960893,461.249719,0.006709,6.256514,531.167776,537.431153,537.981340,0.550187,538.132250
325,vehicle2,1028.842000,1028.658000,273.440855,1,ok,33489,23878,1,0.271929,0.008029,0.000224,0.123133,7.810372,8.341807,0.000165,39.636370,13.343642,0.837019,445.232792,0.034055,8.037013,515.325300,523.396592,524.099006,0.702414,524.378964
326,vehicle2,1029.044000,1028.858000,274.298047,1,ok,33476,23876,1,0.322441,0.009017,0.000195,0.116111,9.432540,5.680390,0.000077,38.882961,15.504838,0.816150,454.066848,0.004042,6.955316,524.499915,531.459468,531.868152,0.408684,532.199610
327,vehicle2,1029.248000,1029.060000,275.168500,1,ok,33401,23879,1,0.312790,0.009363,0.000164,0.108122,11.799765,6.658414,0.000182,40.043849,16.338432,1.072642,486.383660,0.005301,11.223441,562.405066,573.633972,574.605386,0.971414,574.927539
328,vehicle2,1029.443000,1029.256000,275.988680,1,ok,33433,23887,1,0.282640,0.008757,0.000420,0.109480,13.383969,6.846109,0.000260,46.160852,15.288509,0.738007,475.792790,0.011814,7.788891,558.319976,566.121101,566.719628,0.598527,567.011025
329,vehicle2,1029.642000,1029.459000,276.825970,1,ok,33486,23972,1,0.171726,0.007302,0.000420,0.136891,11.446771,7.904320,0.000153,46.527751,15.695203,0.923095,487.315606,0.006370,6.974967,569.949790,576.931547,577.704159,0.772612,577.883187
330,vehicle2,1029.842000,1029.657000,277.663140,1,ok,33535,24076,1,0.159676,0.015856,0.000367,0.145077,12.346025,5.893483,0.000090,42.446482,13.746261,0.949165,451.819328,0.124181,8.362569,527.345911,535.833028,536.523589,0.690561,536.699121
331,vehicle2,1030.042000,1029.859000,278.493185,1,ok,33497,24111,1,0.132922,0.011537,0.000293,0.120943,13.692552,6.296571,0.000232,39.977612,15.671410,0.722314,461.545623,0.003778,8.093662,538.027257,546.124990,546.435065,0.310075,546.579524
332,vehicle2,1030.253000,1030.058000,279.405450,1,ok,33273,24105,1,0.112655,0.006882,0.000227,0.109249,21.060735,6.999264,0.000199,52.497489,17.537468,0.771031,492.806364,0.016828,7.451874,591.781799,599.250728,599.947628,0.696900,600.067165
333,vehicle2,1030.443000,1030.260000,280.224439,1,ok,32984,24183,1,0.311403,0.008479,0.000256,0.150343,17.784530,6.537082,0.000081,44.900208,18.584793,0.891839,464.013038,0.006315,8.991763,552.861914,561.860248,562.271131,0.410883,562.591013
334,vehicle2,1030.643000,1030.456000,281.062617,1,ok,32754,24208,1,0.339734,0.013302,0.000329,0.131580,18.140668,6.603193,0.000076,45.488943,18.121340,0.849129,466.885025,0.006730,6.189879,556.219954,562.416892,562.940975,0.524083,563.294011
335,vehicle2,1030.843000,1030.658000,281.910435,1,ok,32667,24271,1,0.124691,0.007721,0.000293,0.127489,12.946812,7.577712,0.000104,43.338317,19.856174,0.949815,475.311776,0.018374,8.696293,560.108199,568.823159,569.222972,0.399813,569.355384
336,vehicle2,1031.043000,1030.858000,282.761319,1,ok,32589,24336,1,0.268895,0.007302,0.000182,0.126400,19.080699,7.626139,0.000112,43.841998,18.081197,0.937103,467.925648,0.017038,6.906969,557.619296,564.543485,565.066893,0.523408,565.343090
337,vehicle2,1031.243000,1031.060000,283.590561,1,ok,32565,24416,1,0.103761,0.007471,0.000355,0.125580,16.125230,6.065142,0.000099,42.044415,16.585990,0.894449,466.719874,0.003487,7.669030,548.560779,556.233651,556.742628,0.508977,556.853860
338,vehicle2,1031.443000,1031.259000,284.426262,1,ok,32541,24438,1,0.166615,0.007389,0.000174,0.115164,9.199522,5.997970,0.000108,45.242784,19.688647,0.915868,454.428299,0.010824,6.330211,535.588362,541.929571,542.544368,0.614797,542.718372
339,vehicle2,1031.651000,1031.463000,285.295536,1,ok,32528,24464,1,0.254969,0.011292,0.000115,0.104211,7.746720,6.387966,0.000100,40.381346,15.938214,0.717230,468.744328,0.004737,7.597526,540.020115,547.622493,548.302562,0.680069,548.568823
340,vehicle2,1031.844000,1031.660000,286.036072,1,ok,32500,24433,1,0.418365,0.011041,0.000431,0.121774,11.071437,5.269845,0.000112,37.714092,12.893583,0.749725,429.507871,0.012481,6.202219,497.328439,503.543570,503.863737,0.320167,504.293143
341,vehicle2,1032.042000,1031.859000,286.922955,1,ok,32429,24353,1,0.152331,0.149506,0.000252,0.118972,9.079479,6.289702,0.000099,45.671023,17.715752,0.865236,428.474027,0.004491,6.945782,508.214290,515.164815,515.522472,0.357657,515.824309
342,vehicle2,1032.242000,1032.056000,287.847704,1,ok,32395,24329,1,0.278387,0.005875,0.000264,0.078803,11.977006,6.881741,0.000087,43.249611,17.236930,0.824191,473.070916,0.004037,6.160298,553.319285,559.483884,559.794078,0.310194,560.078340
343,vehicle2,1032.441000,1032.254000,288.649213,1,ok,32487,24360,1,0.168440,0.007052,0.000134,0.080717,10.316374,5.964476,0.000104,48.242496,14.877205,0.725843,437.626862,0.003924,7.078278,517.834077,524.916413,525.282964,0.366551,525.458456
344,vehicle2,1032.644000,1032.453000,289.484644,1,ok,32621,24457,1,0.286386,0.008447,0.000297,0.138715,14.506929,6.460215,0.000083,42.064680,16.901618,0.881651,441.422692,0.003333,6.239719,522.376583,528.619932,529.287567,0.667635,529.582400
345,vehicle2,1032.844000,1032.660000,290.386115,1,ok,32675,24516,1,0.158203,0.009720,0.000601,0.172210,14.625926,6.241969,0.000081,43.012890,16.984395,0.721463,463.498542,0.013964,7.371682,545.257476,552.643723,553.036319,0.392596,553.204242
346,vehicle2,1033.042000,1032.862000,291.233353,1,ok,32676,24512,1,0.142381,0.006658,0.000361,0.114912,12.409861,5.419517,0.000101,44.420578,18.131508,0.717084,454.453082,0.005067,6.835502,535.666643,542.507573,543.044151,0.536578,543.193190
347,vehicle2,1033.243000,1033.059000,292.066907,1,ok,32694,24511,1,0.361473,0.007792,0.000192,0.108192,11.440301,5.217186,0.000091,42.888282,16.517186,0.835342,467.658736,0.004410,7.166379,544.665316,551.836297,552.329225,0.492928,552.698490
348,vehicle2,1033.442000,1033.258000,292.890957,1,ok,32681,24504,1,0.146556,0.004752,0.000224,0.078675,10.658325,4.796787,0.000125,47.182846,18.491382,0.751456,444.886513,0.015164,9.407559,526.846109,536.269056,536.782110,0.513054,536.933418
349,vehicle2,1033.641000,1033.457000,293.753198,1,ok,32508,24466,1,0.259482,0.004186,0.000126,0.072783,13.851716,5.390098,0.000124,44.504792,16.934129,0.792390,473.182451,0.012270,6.493828,554.728483,561.234707,561.553782,0.319075,561.817450
350,vehicle2,1033.842000,1033.655000,294.623882,1,ok,32433,24451,1,0.361150,0.009902,0.000461,0.145003,15.204183,5.737694,0.000085,51.571302,16.770152,0.723627,455.298212,0.010977,12.841413,545.450258,558.303109,558.752359,0.449250,559.123411
351,vehicle2,1034.043000,1033.859000,295.469096,1,ok,32483,24472,1,0.331668,0.018230,0.000299,0.137255,18.933262,5.587258,0.000074,42.818861,18.475043,0.716303,441.490791,0.012901,8.229296,528.158847,536.401343,536.929361,0.528018,537.279259
352,vehicle2,1034.244000,1034.054000,296.329918,1,ok,32522,24500,1,0.114207,0.008841,0.000513,0.110872,14.480196,5.599734,0.000123,44.445207,17.159026,0.799161,471.694658,0.003818,6.615657,554.288977,560.908965,561.380827,0.471862,561.503875
353,vehicle2,1034.449000,1034.261000,297.207518,1,ok,32583,24456,1,0.127024,0.009889,0.000279,0.096546,14.277723,5.840093,0.000115,41.361661,18.126944,0.832760,436.361598,0.003835,9.055627,516.897440,525.957181,526.540324,0.583143,526.677237
354,vehicle2,1034.644000,1034.456000,297.985684,1,ok,32618,24503,1,0.165741,0.010415,0.000175,0.217170,11.464265,5.633179,0.000137,40.090722,17.745822,1.033240,438.002815,0.004861,6.682570,514.187350,520.874956,521.473217,0.598261,521.649373
355,vehicle2,1034.844000,1034.661000,298.824161,1,ok,32521,24400,1,0.163797,0.006865,0.000267,0.075769,11.313756,5.742330,0.000102,40.253954,14.945230,0.941239,424.841726,0.004405,6.581384,498.114106,504.700162,505.307450,0.607288,505.478112
356,vehicle2,1035.043000,1034.860000,299.664553,1,ok,32424,24408,1,0.196112,0.008495,0.000152,0.084530,10.906496,4.478775,0.000109,52.103101,15.753186,0.816129,430.714308,0.012186,6.371097,514.856634,521.240069,521.565481,0.325412,521.770088
357,vehicle2,1035.239000,1035.055000,300.547521,1,ok,32329,24342,1,0.142491,0.015642,0.000248,0.124139,13.159054,5.162432,0.000154,39.216140,15.725948,0.954759,423.347366,0.004447,7.999690,497.689992,505.694377,506.159293,0.464916,506.317426
358,vehicle2,1035.443000,1035.258000,301.413152,1,ok,32275,24336,1,0.183433,0.008517,0.000203,0.103578,10.156576,5.016069,0.000133,42.658686,15.667986,0.752528,402.062866,0.004903,7.145703,476.418422,483.569231,483.958128,0.388897,484.150078
359,vehicle2,1035.643000,1035.459000,302.300877,1,ok,32262,24345,1,0.169314,0.014455,0.000367,0.077548,8.216343,6.724290,0.000091,39.538985,13.947875,0.708572,430.140784,0.004699,8.336485,499.354488,507.696039,508.044866,0.348827,508.228635
360,vehicle2,1035.844000,1035.662000,303.137900,1,ok,32219,24344,1,0.294999,0.008301,0.000310,0.140571,9.468679,7.001890,0.000089,37.235910,12.593435,0.707325,404.171855,0.003782,9.050382,471.319754,480.374228,481.153938,0.779710,481.457238
361,vehicle2,1036.044000,1035.860000,303.968007,1,ok,32207,24319,1,0.513731,0.014002,0.000456,0.163614,10.367143,6.161655,0.000078,36.680781,15.179370,0.741928,419.916876,0.021631,9.257275,489.211445,498.490807,499.306051,0.815244,499.833784
362,vehicle2,1036.216000,1036.059000,304.786049,1,ok,32222,24322,1,0.310586,0.008767,0.000299,0.123458,8.101041,5.362295,0.000093,39.343609,15.818045,0.717674,392.648259,0.005250,7.047545,462.114474,469.167568,469.572199,0.404631,469.891552
363,vehicle2,1036.402000,1036.259000,305.681793,1,ok,32283,24345,1,0.275392,0.008783,0.000260,0.120462,9.668063,6.621400,0.000154,40.690557,14.270479,0.705000,388.303527,0.004215,8.282416,460.379642,468.666533,469.047751,0.381218,469.331926
364,vehicle2,1036.645000,1036.457000,306.605621,1,ok,32251,24289,1,0.146399,0.008410,0.000391,0.145880,13.255342,7.325303,0.000132,41.827826,15.642842,0.758270,420.620218,0.004086,7.866119,499.575813,507.446409,508.117062,0.670653,508.271871
365,vehicle2,1036.844000,1036.663000,307.476904,1,ok,32223,24262,1,0.165553,0.007844,0.000357,0.110960,17.759480,5.519583,0.000115,41.588194,18.090122,0.831350,427.392269,0.032686,7.596176,511.292073,518.921292,519.621760,0.700468,519.795157
366,vehicle2,1037.043000,1036.860000,308.327070,1,ok,32243,24300,1,0.321584,0.006389,0.000264,0.257675,19.045957,5.386194,0.000108,40.799902,16.122256,1.062625,446.761578,0.004526,6.643677,529.436295,536.084762,536.712531,0.627769,537.040504
367,vehicle2,1037.243000,1037.060000,309.141929,1,ok,32369,24342,1,0.169996,0.007177,0.000201,0.148551,12.683138,6.649601,0.000139,36.631970,15.693986,0.894397,420.092820,0.012065,7.271395,492.794602,500.078263,500.755716,0.677453,500.932889
368,vehicle2,1037.443000,1037.263000,310.009653,1,ok,32426,24309,1,0.265207,0.007012,0.000219,0.125112,9.100358,5.042681,0.000108,36.971032,12.773972,0.906667,427.822099,0.004160,7.231212,492.742029,499.977620,500.296763,0.319143,500.568982
369,vehicle2,1037.645000,1037.466000,310.902406,1,ok,32518,24306,1,0.134320,0.012432,0.000342,0.109047,9.480439,4.276671,0.000135,37.551330,15.784168,0.996099,461.820801,0.004123,6.658458,530.018690,536.681613,537.053791,0.372178,537.200543
370,vehicle2,1037.843000,1037.661000,311.749267,1,ok,32584,24208,1,0.265647,0.006772,0.000218,0.106231,11.095510,6.350047,0.000095,40.790380,14.353378,0.788026,440.504957,0.004197,6.951745,513.988624,520.944784,521.283332,0.338548,521.555751
371,vehicle2,1038.042000,1037.858000,312.582637,1,ok,32870,24117,1,0.297662,0.009708,0.000325,0.161190,13.255365,5.653116,0.000203,46.774096,15.644418,0.964127,457.359908,0.004292,6.316541,539.812423,546.133581,546.567549,0.433968,546.874919
372,vehicle2,1038.245000,1038.057000,313.454020,1,ok,33084,23909,1,0.126863,0.012604,0.000188,0.103490,13.392107,5.052823,0.000109,43.371744,15.400001,0.706070,473.324395,0.108891,8.531090,551.350739,559.990908,560.478953,0.488045,560.618420
373,vehicle2,1038.443000,1038.266000,314.328793,1,ok,33250,23785,1,0.283819,0.007926,0.000232,0.145366,11.291177,5.563680,0.000085,40.560650,14.188788,0.881733,457.419861,0.003303,7.140513,530.051340,537.195388,537.788613,0.593225,538.080358
374,vehicle2,1038.643000,1038.458000,315.143951,1,ok,33219,23706,1,0.123160,0.006152,0.000251,0.121280,12.029202,4.197214,0.000100,39.391911,13.568850,0.707141,440.387401,0.004386,6.276280,510.403099,516.684016,516.993127,0.309111,517.122439
375,vehicle2,1038.843000,1038.659000,316.024561,1,ok,33198,23586,1,0.152723,0.021899,0.000140,0.110049,11.415678,4.339493,0.000128,41.602189,15.241882,0.880010,469.074455,0.004619,7.346307,542.663884,550.014950,550.648290,0.633340,550.822912
376,vehicle2,1039.043000,1038.859000,316.835749,1,ok,33278,23482,1,0.315025,0.016616,0.000490,0.130409,14.752440,4.172352,0.000153,37.344187,14.079791,0.772703,428.612989,0.003510,6.410615,499.865024,506.279639,506.946219,0.666580,507.277860
377,vehicle2,1039.244000,1039.059000,317.703781,1,ok,33376,23370,1,0.145462,0.010546,0.000342,0.126923,13.023639,5.313721,0.000204,41.652741,14.123401,0.865044,460.475478,0.003883,6.638833,535.581151,542.224209,542.898452,0.674243,543.054460
378,vehicle2,1039.442000,1039.261000,318.566270,1,ok,33460,23373,1,0.144472,0.004591,0.000236,0.971322,12.840033,5.465459,0.000124,41.092663,16.768907,0.972794,442.105393,0.016365,6.541343,520.216695,526.774639,527.582261,0.807622,527.731324
379,vehicle2,1039.644000,1039.456000,319.448442,1,ok,33599,23417,1,0.239745,0.008015,0.000300,0.126995,15.314711,4.850979,0.000158,47.675512,19.098504,0.753274,496.650594,0.004629,9.163165,584.470727,593.638821,594.180493,0.541672,594.428253
380,vehicle2,1039.843000,1039.662000,320.291114,1,ok,33717,23453,1,0.290588,0.006697,0.000343,0.137883,11.878692,5.311726,0.000219,48.359519,15.685113,0.737328,452.642016,0.014555,7.572982,534.752496,542.340376,542.981919,0.641543,543.279204
381,vehicle2,1040.045000,1039.857000,321.147578,1,ok,33805,23411,1,0.374055,0.296321,0.000257,0.141322,13.601933,4.916581,0.000116,40.720942,17.633512,0.937968,446.629461,0.004339,6.197401,524.581835,530.783832,531.976592,1.192760,532.646968
382,vehicle2,1040.249000,1040.061000,322.020011,1,ok,33765,23294,1,0.238521,0.006508,0.000194,0.153564,13.812719,5.109776,0.000181,40.184298,16.282690,0.776646,464.569567,0.004438,8.086056,540.889441,548.980129,549.863166,0.883037,550.108195
383,vehicle2,1040.454000,1040.264000,322.873192,1,ok,33794,23197,1,0.156585,0.007385,0.000346,0.092141,12.211118,5.081629,0.000161,40.043378,16.951374,0.911030,483.560044,0.012582,7.472894,558.850875,566.336697,566.709960,0.373263,566.873930
384,vehicle2,1040.656000,1040.462000,323.654243,1,ok,33813,23183,1,0.168642,0.005723,0.000198,0.085492,13.186325,4.461788,0.000083,38.077836,17.191418,0.746467,479.684457,0.002931,6.143757,553.433866,559.580752,559.932122,0.351370,560.106487
385,vehicle2,1040.853000,1040.664000,324.562353,1,ok,33862,23388,1,0.217649,0.007940,0.000297,0.129348,24.695491,4.807603,0.000120,44.900296,18.066222,0.951671,529.724208,0.003983,6.197248,623.274959,629.476487,629.865192,0.388705,630.090781
386,vehicle2,1041.051000,1040.862000,325.356978,1,ok,33770,23397,1,0.138644,0.007775,0.000440,0.148528,13.963706,4.887607,0.000129,41.052960,17.619771,0.893775,493.798266,0.005274,7.835345,572.364742,580.205801,580.753870,0.548069,580.900289
387,vehicle2,1041.245000,1041.059000,326.146873,1,ok,33598,23109,1,0.262284,0.007459,0.000180,0.093663,12.807226,4.111260,0.000176,44.307253,17.697553,0.709951,483.715501,0.014609,7.221821,563.442583,570.679193,570.998836,0.319643,571.268579
388,vehicle2,1041.453000,1041.260000,326.980861,1,ok,33645,23165,1,0.104249,0.006698,0.000182,0.129908,16.839494,5.426930,0.000098,45.047707,18.588451,0.904756,481.821677,0.004487,7.275928,568.759021,576.039618,577.082428,1.042810,577.193375
389,vehicle2,1041.651000,1041.458000,327.837093,1,ok,33636,23265,1,0.293952,0.007425,0.000152,0.233842,16.540583,4.847388,0.000086,44.996427,22.443847,0.806537,496.939156,0.014038,7.520335,586.807866,594.342391,594.813642,0.471251,595.115019
390,vehicle2,1041.844000,1041.660000,328.622365,1,ok,33547,23317,1,0.203739,0.004849,0.000281,0.076146,14.710306,5.322852,0.000082,43.386991,16.395571,0.883780,471.629781,0.005245,7.125971,552.405509,559.537006,560.050986,0.513980,560.259574
391,vehicle2,1042.050000,1041.861000,329.491619,1,ok,33443,23364,1,0.140370,0.008753,0.000314,0.126761,12.204873,5.515138,0.000174,41.495995,16.228465,0.708861,450.892404,0.005191,7.061116,527.172671,534.239292,535.057131,0.817839,535.206254
392,vehicle2,1042.255000,1042.057000,330.339784,1,ok,33376,23482,1,0.487640,0.010504,0.003669,0.107025,26.247898,6.413631,0.000126,44.952206,24.257836,0.923722,489.945925,0.004145,7.364120,592.848369,600.220303,600.836602,0.616299,601.334746
393,vehicle2,1042.450000,1042.263000,331.151559,1,ok,33222,23531,1,0.283555,0.007932,0.000237,0.132023,14.395557,5.184233,0.000112,48.307620,23.645461,0.726909,466.223602,0.008299,8.338574,558.615517,566.962627,567.380923,0.418296,567.672410
394,vehicle2,1042.646000,1042.459000,331.978515,1,ok,33027,23578,1,0.152629,0.006230,0.000387,0.102850,15.436730,5.048544,0.000095,46.089500,20.659301,0.962845,481.847796,0.005377,6.705666,570.147661,576.859091,577.623412,0.764321,577.782271
395,vehicle2,1042.844000,1042.662000,332.805240,1,ok,32829,23509,1,0.266313,0.009004,0.000232,0.141105,15.298313,4.666780,0.000098,39.851739,15.806412,0.737721,444.846325,0.012897,7.593772,521.348493,528.955394,530.167699,1.212305,530.443016
396,vehicle2,1043.044000,1042.863000,333.680762,1,ok,32749,23590,1,0.154638,0.007857,0.000394,0.119356,16.949966,5.311947,0.000097,42.192189,17.382912,0.716912,441.515253,0.004773,8.013831,524.188632,532.207630,532.640584,0.432954,532.803079
397,vehicle2,1043.246000,1043.061000,334.526882,1,ok,32715,23695,1,0.248558,0.005985,0.000340,0.113015,17.588535,5.544597,0.000083,49.273136,17.469456,0.823373,444.784941,0.004133,7.206362,535.597136,542.807971,543.541378,0.733407,543.795921
398,vehicle2,1043.444000,1043.258000,335.330612,1,ok,32646,23729,1,0.113862,0.004828,0.000263,0.080446,15.644891,4.701589,0.000110,48.863074,18.976064,0.705935,412.354498,0.007721,6.674561,501.326607,508.009152,508.519689,0.510537,508.638379
399,vehicle2,1043.645000,1043.464000,336.237937,1,ok,32633,23760,1,0.257170,0.008482,0.000238,0.125850,21.150029,5.678777,0.000104,42.546670,17.558985,1.218298,456.625717,0.005227,8.720265,544.904430,553.630160,554.677399,1.047239,554.943051
400,vehicle2,1043.845000,1043.663000,337.003287,1,ok,32632,23751,1,0.157061,0.008658,0.000491,0.116638,13.465767,4.796717,0.000116,37.315747,16.776017,0.728927,397.360961,0.013611,7.739257,470.560890,478.314249,478.819378,0.505129,478.985097
401,vehicle2,1044.045000,1043.862000,337.821320,1,ok,32685,23810,1,0.148168,0.008702,0.000246,0.118072,11.465743,4.166268,0.000281,40.389692,15.696611,0.941508,395.239344,0.003718,6.776280,468.017519,474.797763,475.462392,0.664629,475.619262
402,vehicle2,1044.244000,1044.064000,338.692694,1,ok,32816,24033,1,0.152376,0.007535,0.000153,0.235116,15.920108,4.406207,0.000077,41.987447,17.603515,0.713965,430.078442,0.004377,7.113551,510.944877,518.062958,518.504583,0.441625,518.664494
403,vehicle2,1044.444000,1044.260000,339.497280,1,ok,32911,24168,1,0.157510,0.010434,0.000374,0.140336,15.779921,3.739767,0.000076,43.179700,18.194298,0.722645,406.650112,0.004754,6.587416,488.406855,494.999399,495.360246,0.360847,495.528190
404,vehicle2,1044.645000,1044.457000,340.333595,1,ok,32918,24289,1,0.339038,0.008631,0.000284,0.150491,12.948780,3.911085,0.000148,44.923457,20.814153,0.727193,422.361982,0.005120,7.454076,505.837289,513.296769,513.716348,0.419579,514.064017
405,vehicle2,1044.843000,1044.662000,341.172417,1,ok,32947,24441,1,0.297102,0.005093,0.000264,0.108651,20.127022,6.440899,0.000095,43.193892,18.812183,0.722845,421.945975,0.004919,7.456048,511.351562,518.812793,519.191514,0.378721,519.493709
406,vehicle2,1045.045000,1044.859000,341.985174,1,ok,32957,24477,1,0.155762,2.026531,0.000239,0.125013,14.809219,3.946360,0.000075,44.134949,21.284792,0.881249,400.524199,0.015054,6.530027,485.705856,492.251176,493.085030,0.833854,495.267323
407,vehicle2,1045.245000,1045.062000,342.852944,1,ok,32969,24455,1,0.161284,0.013315,0.000484,0.135129,13.972713,3.821387,0.000073,46.393350,19.059463,0.812165,414.530255,0.016131,10.441751,498.724535,509.182901,509.897256,0.714355,510.071855
408,vehicle2,1045.445000,1045.262000,343.708350,1,ok,32987,24565,1,0.172269,0.006224,0.000403,0.091823,11.941629,4.718925,0.000089,45.407744,15.492416,0.983707,398.641491,0.038733,10.063261,477.277824,487.380221,488.216909,0.836688,488.395402
409,vehicle2,1045.645000,1045.461000,344.574587,1,ok,33003,24722,1,0.165514,0.005312,0.000348,0.135506,15.792234,4.858158,0.000078,40.402986,19.656954,0.725606,419.836677,0.005996,7.897799,501.408199,509.312342,509.778523,0.466181,509.949349
410,vehicle2,1045.844000,1045.661000,345.412020,1,ok,33001,24800,1,0.137757,0.007372,0.000251,0.128602,36.060352,3.915580,0.000075,40.907976,16.888272,0.716293,410.411261,0.007029,7.571360,509.028411,516.607051,517.120224,0.513173,517.265353
411,vehicle2,1046.046000,1045.858000,346.242089,1,ok,33062,24925,1,0.156020,0.006541,0.000280,0.080996,16.496042,11.874362,0.000082,50.838603,18.173091,0.972845,405.746223,0.013220,8.429829,504.182244,512.625573,513.033021,0.407448,513.195582
412,vehicle2,1046.245000,1046.062000,347.111254,1,ok,33156,25106,1,0.155674,0.010793,0.000226,0.121615,19.090476,4.889420,0.000158,43.900550,18.477122,0.713900,417.383656,0.005746,8.510046,504.576897,513.092915,513.437732,0.344817,513.604199
413,vehicle2,1046.445000,1046.263000,347.963210,1,ok,33355,25499,1,0.120602,0.006511,0.000323,0.158736,16.527913,3.755941,0.000094,43.231096,18.913341,0.728790,424.228525,0.004545,6.233215,507.544436,513.782519,514.101173,0.318654,514.228286
414,vehicle2,1046.646000,1046.461000,348.808686,1,ok,33537,25774,1,0.137200,0.006737,0.000274,0.151985,15.543613,5.293987,0.000082,46.490419,18.273685,0.864539,419.327230,0.004829,6.669497,505.945540,512.620140,513.307450,0.687310,513.451387
415,vehicle2,1046.843000,1046.662000,349.666079,1,ok,33644,26026,1,0.308257,0.008138,0.000181,0.110495,19.320825,5.031078,0.000076,44.753151,19.755355,0.722247,428.802742,0.012079,11.178727,518.495969,529.686956,530.429375,0.742419,530.745770
416,vehicle2,1047.044000,1046.857000,350.478702,1,ok,33671,26211,1,0.385532,3.026215,0.000385,0.149146,22.781232,3.942571,0.000108,47.912876,20.389680,0.782162,428.615546,0.004952,7.252156,524.573321,531.830814,533.378234,1.547420,536.789981
417,vehicle2,1047.244000,1047.062000,351.362282,1,ok,33684,26516,1,0.399421,2.028384,0.000384,0.141635,23.293836,3.641381,0.000097,50.698290,21.385448,0.727672,441.900672,0.012067,6.200019,541.789031,548.001501,549.253475,1.251974,551.681280
418,vehicle2,1047.445000,1047.258000,352.205491,1,ok,33560,26618,1,0.170745,0.006798,0.000306,0.086006,17.070241,4.741576,0.000080,44.277389,18.456438,0.816497,423.146027,0.004014,6.782069,508.594254,515.380643,516.486894,1.106251,516.664437
419,vehicle2,1047.645000,1047.460000,353.076907,1,ok,33425,26721,1,0.121263,0.007620,0.000247,0.098249,17.727322,4.384343,0.000102,43.269084,18.589002,0.864442,432.125071,0.003970,6.705320,517.057615,523.767152,524.398895,0.631743,524.527778
420,vehicle2,1047.826000,1047.660000,353.929033,1,ok,33306,26848,1,0.264367,0.006865,0.000369,0.135054,18.357539,4.457654,0.000090,41.057034,16.734735,0.723817,412.688801,0.003628,6.776106,494.154724,500.934827,502.075836,1.141009,502.347068
421,vehicle2,1048.046000,1047.859000,354.846205,1,ok,33316,26978,1,0.174561,0.005528,0.000164,0.112536,20.649598,5.308623,0.000174,41.599339,18.468190,0.990083,424.103374,0.005343,8.692908,511.231917,519.930332,520.660662,0.730330,520.840751
422,vehicle2,1048.247000,1048.061000,355.695879,1,ok,33315,27019,1,0.299505,0.470311,0.000373,0.122866,20.092875,4.428039,0.000081,42.114284,20.257310,0.752034,436.591298,0.013937,7.948863,524.358787,532.321960,532.730156,0.408196,533.499972
423,vehicle2,1048.444000,1048.264000,356.543194,1,ok,33295,27015,1,0.504674,0.007828,0.000289,0.138841,23.171677,6.377579,0.000161,52.497379,21.317346,0.782949,421.720585,0.004647,7.302112,526.006517,533.313565,533.727063,0.413498,534.239565
424,vehicle2,1048.643000,1048.460000,357.344431,1,ok,33425,27139,1,0.135032,0.008266,0.000373,0.146573,21.438609,7.508636,0.000104,40.230937,17.816650,0.904226,428.305128,0.004495,8.718028,516.350863,525.073759,525.766594,0.692835,525.909892
425,vehicle2,1048.845000,1048.664000,358.213354,1,ok,33459,27200,1,0.172995,2.876708,0.000435,0.128000,13.181722,3.267398,0.000082,38.842254,15.659045,0.869132,431.573058,0.003595,8.118291,503.520691,511.643012,513.054166,1.411154,516.103869
426,vehicle2,1049.045000,1048.861000,359.070724,1,ok,33463,27263,1,0.185745,0.007192,0.000441,0.126263,17.450195,5.331084,0.000114,49.801625,16.367566,0.737541,411.989452,0.004317,6.987548,501.803840,508.796146,509.266370,0.470224,509.459307
427,vehicle2,1049.246000,1049.059000,359.905004,1,ok,33322,27146,1,0.266043,0.008414,0.000279,0.123745,20.024939,5.870127,0.000177,46.561637,16.276129,0.721744,454.074210,0.005060,8.631224,543.652708,552.289271,552.855856,0.566585,553.130313
428,vehicle2,1049.446000,1049.265000,360.745742,1,ok,33195,27091,1,0.156116,0.005825,0.000361,0.097657,16.210043,4.135564,0.000108,39.451595,17.199858,0.811968,420.263073,0.014465,6.517027,498.169866,504.701719,505.070378,0.368659,505.232319
429,vehicle2,1049.644000,1049.460000,361.605564,1,ok,33086,27079,1,0.181738,0.684851,0.000330,0.091606,19.357443,4.519413,0.000250,42.711285,16.502988,0.944930,419.345806,0.010250,10.050413,503.473721,513.534714,514.239848,0.705134,515.106437
430,vehicle2,1049.845000,1049.662000,362.480169,1,ok,32834,26890,1,0.272511,0.005482,0.000364,0.076343,18.762777,4.629535,0.000080,40.576985,16.990731,0.889137,423.313311,0.004059,7.985578,505.238899,513.228900,514.409340,1.180440,514.687333
431,vehicle2,1050.044000,1049.859000,363.294803,1,ok,32581,26704,1,0.446007,0.010252,0.000210,0.133480,15.616231,3.351367,0.000095,39.946865,18.374494,0.724532,409.793740,0.019309,8.493986,487.940804,496.454309,497.292480,0.838171,497.748739
432,vehicle2,1050.243000,1050.060000,364.129826,1,ok,32258,26407,1,0.126354,0.006263,0.000338,0.105598,16.064305,3.525801,0.000116,37.784691,22.912447,1.888868,416.988150,0.012054,8.808022,499.269976,508.090390,509.375995,1.285605,509.508612
433,vehicle2,1050.444000,1050.260000,364.983016,1,ok,31881,26038,1,0.093919,0.004380,0.000200,0.080415,19.262773,3.657540,0.000101,41.660866,17.245948,0.750841,410.136000,0.004742,7.682309,492.794484,500.481735,501.122598,0.640863,501.220897
434,vehicle2,1050.645000,1050.460000,365.806717,1,ok,31228,25587,1,0.262907,0.008246,0.000199,0.957385,16.502738,3.994899,0.000196,39.893240,13.455047,0.738351,416.807731,0.013193,8.650409,492.349587,501.013388,502.191519,1.178131,502.462672
435,vehicle2,1050.821000,1050.658000,366.599417,1,ok,30659,25199,1,0.120073,0.007562,0.000345,0.158449,13.386394,4.380342,0.000120,34.002714,13.452489,0.724627,387.269524,0.003758,6.516058,453.374659,459.894820,460.471299,0.576479,460.598934
436,vehicle2,1051.045000,1050.863000,367.488757,1,ok,30199,24784,1,0.234820,0.004986,0.000205,0.070416,12.276351,5.314066,0.000095,33.177188,15.745790,0.713739,401.225904,0.003617,7.645048,468.523549,476.172419,476.545500,0.373081,476.785306
437,vehicle2,1051.247000,1051.060000,368.281271,1,ok,29710,24312,1,0.256254,0.010648,0.000201,0.115185,14.061306,3.562835,0.000100,38.581287,13.634262,3.250688,413.761825,0.004280,9.066734,486.967488,496.038703,496.333214,0.294511,496.600116
438,vehicle2,1051.444000,1051.263000,369.176805,1,ok,29246,23873,1,0.299613,0.007030,0.000294,0.116828,12.741158,3.614963,0.000086,39.289307,17.230302,0.871045,408.317641,0.004441,8.683279,482.181330,490.869344,491.128065,0.258721,491.434708
439,vehicle2,1051.637000,1051.462000,370.010613,1,ok,28818,23553,1,0.101777,0.004929,0.000194,0.069819,12.633020,3.596582,0.000134,38.895202,12.811435,0.873198,406.294463,0.004091,8.071514,475.173853,483.249652,483.569816,0.320164,483.676522
440,vehicle2,1051.823000,1051.663000,370.853127,1,ok,28321,23245,1,0.133043,0.005032,0.000232,0.071819,13.315211,5.201332,0.000122,44.958510,15.650820,0.959363,385.732883,0.012274,8.092296,465.890060,473.994862,474.353993,0.359131,474.492068
441,vehicle2,1052.040000,1051.861000,371.727585,1,ok,27859,22985,1,0.125187,0.007519,0.000467,0.206392,11.532194,4.943086,0.000088,34.546720,12.726053,0.707948,393.501962,0.003017,8.050350,458.164443,466.218277,467.417383,1.199106,467.550089
442,vehicle2,1052.221000,1052.060000,372.574031,1,ok,27309,22702,1,0.257104,0.006656,0.000357,0.093247,18.429267,4.459057,0.000097,36.359847,13.153701,1.127173,394.148624,0.002817,11.911587,467.771013,479.685774,481.655772,1.969998,481.919532
443,vehicle2,1052.393000,1052.258000,373.402809,1,ok,26829,22445,1,0.277926,0.008502,0.000295,0.112994,17.051594,3.887748,0.000098,31.397565,12.155641,0.705996,357.522003,0.004971,12.274009,422.833639,435.112914,435.834438,0.721524,436.120866
444,vehicle2,1052.623000,1052.461000,374.243957,1,ok,26377,22192,1,0.234840,0.008220,0.000387,0.097246,10.320997,6.183938,0.000135,27.985109,12.723014,0.881290,353.964589,0.013592,8.911682,412.156318,421.081979,422.263559,1.181580,422.506619
445,vehicle2,1052.779000,1052.661000,375.055672,1,ok,26016,22091,1,0.215632,0.023279,0.000249,0.090283,11.694730,3.902472,0.000099,31.469651,9.347385,0.731334,328.629113,0.003598,6.530866,385.865067,392.399780,392.756375,0.356595,392.995286
446,vehicle2,1052.974000,1052.857000,375.892128,1,ok,25691,21967,1,0.136184,0.007631,0.000309,0.072787,12.807796,4.295145,0.000081,34.097529,14.492360,0.885636,325.204404,0.011174,7.466408,391.855738,399.333629,399.675036,0.341407,399.818851
447,vehicle2,1053.203000,1053.061000,376.736674,1,ok,25437,21860,1,0.232663,0.007544,0.000213,0.092186,12.518219,4.877926,0.000082,32.127178,11.349864,0.717925,338.579300,0.003727,8.434691,400.262680,408.701311,409.073059,0.371748,409.313266
448,vehicle2,1053.399000,1053.258000,377.591979,1,ok,25393,21955,1,0.259247,0.007328,0.000389,0.092344,20.259488,5.973649,0.000162,37.031723,12.953396,0.909282,343.122706,0.004395,8.571487,420.342750,428.919021,429.636250,0.717229,429.902825
449,vehicle2,1053.613000,1053.463000,378.448271,1,ok,25343,22079,1,0.100042,0.004598,0.000245,0.053414,10.650055,5.407331,0.000134,33.906605,12.152733,0.890673,352.619425,0.003174,9.521624,415.680370,425.205413,425.708849,0.503436,425.813489
450,vehicle2,1053.820000,1053.666000,379.295069,1,ok,25252,22174,1,0.082584,0.006784,0.000350,0.077563,10.668422,5.425982,0.000096,29.926621,13.412976,0.884219,358.851835,0.004258,7.827868,419.247714,427.080190,427.733038,0.652848,427.822406
451,vehicle2,1053.988000,1053.859000,380.102256,1,ok,25162,22288,1,0.122091,0.010779,0.000369,0.167090,14.514786,5.341820,0.000091,34.090918,12.051055,0.975211,356.990528,0.023151,8.715503,424.131499,432.870522,433.398217,0.527695,433.531087
452,vehicle2,1054.221000,1054.063000,380.964619,1,ok,24832,22321,1,0.091204,0.015876,0.000623,0.079566,12.573935,5.465961,0.000086,33.148349,11.536076,0.740728,362.169316,0.004824,8.432863,425.714017,434.152327,434.797776,0.645449,434.904856
453,vehicle2,1054.386000,1054.261000,381.774039,1,ok,24320,22212,1,0.201564,0.008621,0.000338,0.084906,11.509790,5.037117,0.000117,31.847513,12.193570,0.869173,337.639972,0.005213,7.055416,399.182158,406.243125,406.824074,0.580949,407.034259
454,vehicle2,1054.606000,1054.462000,382.623464,1,ok,23919,22141,1,0.119180,0.007948,0.000219,0.065174,11.761108,5.440525,0.000097,30.277738,12.708586,0.872902,327.569611,0.004674,9.156441,388.695741,397.857075,398.297832,0.440757,398.424960
455,vehicle2,1054.786000,1054.663000,383.469378,1,ok,24029,22275,1,0.093534,0.007855,0.000282,0.082310,11.979236,5.966052,0.000102,33.022242,11.688014,0.695254,349.689254,0.004111,9.854976,413.122464,422.981833,423.296337,0.314504,423.397726
456,vehicle2,1054.997000,1054.861000,384.311537,1,ok,24124,22452,1,0.127469,0.037444,0.000368,0.087053,12.988136,4.575661,0.000214,32.600374,12.558767,0.763739,332.817590,0.018823,9.121171,396.391534,405.531896,405.866774,0.334878,406.031687
457,vehicle2,1055.185000,1055.060000,385.129428,1,ok,24198,22582,1,0.125651,0.015824,0.000454,0.104461,13.152764,4.807209,0.000091,35.750626,11.389422,0.990989,352.907878,0.003090,8.018492,419.103440,427.125476,427.495769,0.370293,427.637244
458,vehicle2,1055.435000,1055.265000,386.004440,1,ok,24370,22771,1,0.180389,0.008461,0.000254,0.063992,13.060909,5.583257,0.000117,36.619678,10.915873,0.699622,342.402780,0.010660,6.879300,409.346228,416.236442,416.465596,0.229154,416.654446
459,vehicle2,1055.602000,1055.459000,386.810510,1,ok,24556,22974,1,0.094763,0.004409,0.000192,0.047921,10.125203,5.301142,0.000101,36.237579,13.561977,0.869669,353.542070,0.005354,7.978082,419.685662,427.669290,428.086769,0.417479,428.185941
460,vehicle2,1055.818000,1055.663000,387.632309,1,ok,24584,23095,1,0.200787,0.006241,0.000190,0.089221,9.956766,5.367973,0.000148,39.585347,11.684320,0.710809,336.544017,0.003868,7.832734,403.938601,411.775393,412.099122,0.323729,412.306150
461,vehicle2,1055.993000,1055.861000,388.463022,1,ok,24629,23147,1,0.163055,0.007457,0.000214,0.106120,12.365113,7.447434,0.000167,37.060374,12.745552,0.946804,329.723160,0.003021,7.886255,400.394724,408.284214,408.755120,0.470906,408.925632
462,vehicle2,1056.164000,1056.055000,389.292429,1,ok,24602,23114,1,0.205115,0.004857,0.000144,0.047672,9.104143,6.280480,0.000180,37.669770,13.215613,0.899242,330.851743,0.011338,7.427426,398.068843,405.507751,406.359738,0.851987,406.569710
463,vehicle2,1056.372000,1056.259000,390.149969,1,ok,24598,23096,1,0.091259,0.008167,0.000329,0.102987,11.320927,6.920753,0.000132,36.362597,15.700264,1.021238,322.839535,0.003103,6.929676,394.268433,401.201541,401.759741,0.558200,401.859167
464,vehicle2,1056.561000,1056.459000,390.991364,1,ok,24597,23063,1,0.085995,0.014713,0.000214,0.049976,9.773665,5.496583,0.000098,36.785065,16.834840,0.870104,328.646318,0.011435,7.918718,398.456649,406.387016,406.914378,0.527362,407.015086
465,vehicle2,1056.773000,1056.660000,391.845494,1,ok,24592,22996,1,0.146288,0.007754,0.000265,0.077798,12.447929,5.397867,0.000127,40.725105,13.300153,0.967316,323.092651,0.003872,7.833100,396.008946,403.846183,404.377537,0.531354,404.531579
466,vehicle2,1057.022000,1056.862000,392.736727,1,ok,24501,22733,1,0.104480,0.006658,0.000118,0.060601,10.856955,5.282872,0.000089,39.704373,14.624920,0.854080,348.399126,0.002881,7.679750,419.783016,427.465765,427.755839,0.290074,427.866977
467,vehicle2,1057.213000,1057.057000,393.562482,1,ok,24350,22422,1,0.337561,0.006452,0.000211,0.078794,12.742118,6.849193,0.000082,39.496996,18.002533,0.924501,359.058858,0.012615,6.863086,437.153075,444.028987,444.398849,0.369862,444.742862
468,vehicle2,1057.395000,1057.258000,394.345322,1,ok,24209,22206,1,0.084943,0.010446,0.002874,0.099779,12.153168,6.428747,0.000087,38.290543,13.025991,0.717405,336.373448,0.006070,7.512598,407.089168,414.610710,414.877650,0.266940,414.973039
469,vehicle2,1057.589000,1057.457000,395.198979,1,ok,24080,22055,1,0.237784,0.008529,0.000388,0.098212,16.211537,6.152636,0.000217,43.284685,16.183917,0.757333,344.317348,0.002871,7.156210,427.005885,434.165354,434.490667,0.325313,434.736980
470,vehicle2,1057.792000,1057.659000,396.037063,1,ok,23950,21917,1,0.111998,0.007905,0.000333,0.088732,12.002995,6.387193,0.000102,39.927310,12.317674,0.745478,335.313103,0.003680,8.099886,406.782587,414.886486,415.202289,0.315803,415.322192
471,vehicle2,1058.014000,1057.860000,396.860630,1,ok,23781,21726,1,0.115709,0.007658,0.000178,0.056093,12.237707,10.777388,0.000214,35.441175,13.066466,0.829097,346.528132,0.011309,6.983272,418.936272,425.931031,426.503150,0.572119,426.626517
472,vehicle2,1058.247000,1058.067000,397.717579,1,ok,23611,21529,1,0.192695,0.006171,0.000205,0.083659,21.390706,5.884414,0.000103,40.532384,15.407171,0.868511,354.140495,0.015436,8.216778,438.307443,446.539862,446.943352,0.403490,447.142218
473,vehicle2,1058.373000,1058.261000,398.495684,1,ok,23487,21441,1,0.083553,0.005503,0.000347,0.086035,10.925825,8.333338,0.000168,44.182414,11.645397,0.878830,320.927887,0.003582,8.464643,396.979894,405.448466,406.096497,0.648031,406.185553
474,vehicle2,1058.566000,1058.462000,399.337375,1,ok,23330,21303,1,0.165824,0.005856,0.000313,0.083160,8.743254,6.550255,0.000094,36.844941,10.486765,1.068312,295.808731,0.005027,9.182485,359.585512,368.773337,369.142854,0.369517,369.314534
475,vehicle2,1058.765000,1058.662000,400.168012,1,ok,23188,21140,1,0.112401,0.006348,0.000116,0.056461,7.829727,9.107220,0.000099,38.249311,11.722282,0.705996,297.700737,0.004058,7.636336,365.371833,373.012343,373.506983,0.494640,373.625732
476,vehicle2,1058.960000,1058.860000,400.989551,1,ok,23008,20900,1,0.103512,0.015181,0.000500,0.160487,8.509743,6.181918,0.000084,35.469744,12.172527,0.707004,288.003092,0.005404,7.133135,351.204599,358.343638,358.812293,0.468655,358.930986
477,vehicle2,1059.163000,1059.060000,401.842636,1,ok,22896,20661,1,0.085133,0.009175,0.000166,0.085287,9.154508,7.948210,0.000084,40.034098,13.640773,0.690962,305.913996,0.004113,7.978051,377.467918,385.450248,386.024786,0.574538,386.119094
478,vehicle2,1059.364000,1059.260000,402.677163,1,ok,22755,20430,1,0.105891,0.008577,0.000208,0.080154,8.272632,7.691507,0.000111,37.757347,12.175378,0.858034,305.127553,0.105340,9.138037,371.962716,381.206301,381.837183,0.630882,381.951651
479,vehicle2,1059.576000,1059.461000,403.530503,1,ok,22716,20277,1,0.097839,0.010182,0.000282,0.105611,10.270292,6.972385,0.000146,38.472676,13.926743,0.902515,317.085336,0.002912,7.256273,387.735704,394.995171,395.428931,0.433760,395.536952
480,vehicle2,1059.761000,1059.660000,404.330108,1,ok,22814,19997,1,0.233176,0.009845,0.000273,0.150302,9.344933,6.453320,0.000115,36.472788,13.417263,0.706253,306.231806,0.004002,8.038067,372.776780,380.819122,381.176411,0.357289,381.419432
481,vehicle2,1059.961000,1059.861000,405.228502,1,ok,22890,19654,1,0.202959,0.005975,0.000266,0.082522,13.020976,8.210504,0.000110,38.089153,12.027321,0.725602,316.803295,0.003712,8.229972,388.959483,397.193433,397.533750,0.340317,397.742684
482,vehicle2,1060.173000,1060.060000,406.108746,1,ok,22956,19449,1,0.229567,0.020294,0.000244,0.109919,14.346805,9.718949,0.000157,51.501488,13.757260,0.846161,325.695752,0.003344,7.999200,415.976491,423.979279,424.736618,0.757339,424.986479
483,vehicle2,1060.375000,1060.262000,406.954896,1,ok,22986,19301,1,0.097616,0.009640,0.000295,0.115121,9.388254,8.219416,0.000106,37.215425,12.238151,0.823470,304.795967,0.053481,11.330498,372.795910,384.180184,384.719459,0.539275,384.826715
484,vehicle2,1060.578000,1060.461000,407.805817,1,ok,23045,19240,1,0.094558,0.005944,0.000364,0.084795,9.117986,8.209852,0.000165,37.753005,10.857605,0.684028,315.574086,0.005287,8.699323,382.281522,390.986496,391.337611,0.351115,391.438113
485,vehicle2,1060.778000,1060.665000,408.636810,1,ok,23183,19233,1,0.225721,0.007628,0.000217,0.185237,10.996146,7.734792,0.000107,36.806062,10.220562,0.888334,303.891460,0.004433,6.488774,370.722700,377.216124,377.537057,0.320933,377.770406
486,vehicle2,1060.982000,1060.862000,409.501331,1,ok,23296,19240,1,0.085502,0.007253,0.000392,0.079329,8.578064,7.065907,0.000129,34.962536,13.135746,0.956712,303.985471,0.003338,7.855907,368.763894,376.623531,377.346110,0.722579,377.438865
487,vehicle2,1061.223000,1061.065000,410.374928,1,ok,23387,19188,1,0.078760,0.007933,0.000190,0.094739,12.416926,13.367368,0.000153,40.040966,14.123588,0.729856,344.220555,0.004202,7.723504,424.994151,432.722047,433.065628,0.343581,433.152321
488,vehicle2,1061.420000,1061.263000,411.221840,1,ok,23546,19196,1,0.217690,0.006444,0.000218,0.094687,11.761627,7.872037,0.000119,42.402987,14.072332,0.743992,339.899238,0.016970,7.413950,416.847019,424.278157,424.833253,0.555096,425.057387
489,vehicle2,1061.588000,1061.463000,412.030055,1,ok,23653,19114,1,0.212634,0.008317,0.000256,0.103829,12.884227,9.428270,0.000117,55.044248,10.968966,0.711963,337.458005,0.003304,6.829256,426.599625,433.432441,433.824282,0.391841,434.045233
490,vehicle2,1061.819000,1061.667000,412.864373,1,ok,23759,19005,1,0.087712,0.013447,0.000277,0.145159,10.236482,8.625447,0.000087,41.146819,12.423449,0.729175,324.188521,0.003549,7.646392,397.495139,405.145357,405.519987,0.374630,405.621146
491,vehicle2,1062.001000,1061.864000,413.713257,1,ok,23904,18948,1,0.133706,0.012428,0.000405,0.177419,16.314418,6.363571,0.000085,43.969760,14.071612,0.967341,330.604049,0.004055,6.675549,412.468255,419.148264,419.520422,0.372158,419.666556
492,vehicle2,1062.190000,1062.066000,414.527261,1,ok,23959,18883,1,0.108293,0.008284,0.000378,0.129591,14.050165,8.002162,0.000123,39.062693,10.817863,0.700567,324.275381,0.006198,8.455302,397.038545,405.500423,405.775624,0.275201,405.892201
493,vehicle2,1062.397000,1062.267000,415.341475,1,ok,23886,18750,1,0.113228,0.004505,0.000250,0.062622,15.224746,8.425514,0.000166,43.890357,15.629640,0.743871,323.020669,0.014026,9.424156,406.997585,416.436017,416.818663,0.382646,416.936396
494,vehicle2,1062.573000,1062.464000,416.145033,1,ok,23963,18703,1,0.187204,0.006269,0.000314,0.189319,10.242166,6.997934,0.000104,41.571242,13.311045,0.852522,301.300411,0.023492,10.619624,374.464743,385.108173,385.467711,0.359538,385.661184
495,vehicle2,1062.765000,1062.664000,416.971614,1,ok,24005,18788,1,0.280330,0.013069,0.000338,0.149792,12.883490,8.387818,0.000107,38.570773,12.697377,0.870348,290.729568,0.025957,7.048067,364.289273,371.363635,371.865218,0.501583,372.158617
496,vehicle2,1062.964000,1062.864000,417.825427,1,ok,23992,18862,1,0.123928,0.007203,0.000277,0.117686,11.723413,9.794809,0.000130,49.657456,13.331166,0.823824,269.441224,0.004561,7.312900,354.889708,362.207446,362.636179,0.428733,362.767310
497,vehicle2,1063.163000,1063.063000,418.648326,1,ok,23976,19023,1,0.218266,0.007812,0.000216,0.097363,12.576591,8.816737,0.000113,39.740230,11.060250,0.734557,262.897323,0.009436,6.645654,335.923164,342.578470,342.847679,0.269209,343.073757
498,vehicle2,1063.362000,1063.265000,419.449375,1,ok,23957,19172,1,0.175674,0.007379,0.000270,0.109137,9.744379,8.598078,0.000175,36.711115,10.883868,0.720742,231.656303,0.004248,9.129290,298.423797,307.557605,308.016202,0.458597,308.199255
499,vehicle2,1063.567000,1063.468000,420.316494,1,ok,23934,19312,1,0.227119,0.007290,0.000183,0.066382,11.486502,8.703644,0.000083,38.158271,12.808427,0.787208,252.470124,0.011991,7.882927,324.480641,332.375742,332.626151,0.250409,332.860560
500,vehicle2,1063.758000,1063.666000,421.060294,1,ok,24050,19480,1,0.114491,0.006581,0.000322,0.166926,8.606748,6.201263,0.000079,34.996750,10.454652,0.791743,195.684996,0.004123,6.564501,256.903157,263.472103,263.738361,0.266258,263.859433
501,vehicle2,1063.967000,1063.864000,421.910398,1,ok,23992,19539,1,0.100023,0.009183,0.000413,0.114094,8.994616,8.292173,0.000081,36.516495,11.642351,0.720957,192.891130,0.005380,7.357621,259.171897,266.535311,267.241727,0.706416,267.350933
502,vehicle2,1064.156000,1064.063000,422.723139,1,ok,23897,19607,1,0.111327,0.009183,0.000229,0.105924,9.923112,7.803337,0.000084,31.356357,9.775908,0.875848,185.096209,0.003825,6.997410,244.936779,251.938243,252.412445,0.474202,252.532955
503,vehicle2,1064.365000,1064.266000,423.580565,1,ok,23610,19571,1,0.183081,0.008593,0.000152,0.104945,11.130979,7.951303,0.000088,35.860626,13.630336,0.888891,187.547930,0.003556,7.473726,257.115098,264.592532,264.874369,0.281837,265.066043
504,vehicle2,1064.565000,1064.466000,424.400756,1,ok,23504,19652,1,0.112449,0.004866,0.000199,0.062977,11.281965,8.308187,0.000083,40.904915,12.585452,0.725053,197.437784,0.002578,6.795625,271.306416,278.104818,278.588780,0.483962,278.706095
505,vehicle2,1064.760000,1064.664000,425.206349,1,ok,23450,19621,1,0.105009,0.008498,0.000265,0.111468,10.567210,6.962062,0.000095,38.562685,15.689623,1.085469,191.669598,0.012363,7.024490,264.648210,271.685328,272.196524,0.511196,272.310031
506,vehicle2,1064.965000,1064.867000,426.060916,1,ok,23585,19702,1,0.115036,0.009463,0.000360,0.090562,9.111869,7.096627,0.000083,37.712733,12.023805,1.136338,193.289196,0.003127,6.860441,260.461213,267.325141,267.847208,0.522067,267.971707
507,vehicle2,1065.169000,1065.065000,426.912750,1,ok,23651,19800,1,0.141066,0.009643,0.000416,0.098005,16.780568,8.068965,0.000075,39.689451,12.390513,1.744672,197.600319,0.015736,9.303687,276.372568,285.692407,286.179738,0.487331,286.330447
508,vehicle2,1065.362000,1065.265000,427.731318,1,ok,23642,19943,1,0.081134,0.006247,0.000330,0.101865,10.270007,8.604814,0.000135,34.006464,9.936825,0.760534,192.504035,0.003581,6.440953,256.184679,262.629543,263.111946,0.482403,263.199327
509,vehicle2,1065.561000,1065.463000,428.551125,1,ok,23637,19885,1,0.216163,0.007077,0.000218,0.098534,9.313164,7.552847,0.000099,35.677281,13.516815,0.699412,183.154164,0.004431,8.290078,250.012316,258.307043,258.724514,0.417471,258.947754
510,vehicle2,1065.763000,1065.665000,429.407089,1,ok,23704,19936,1,0.123527,0.005568,0.000193,0.060353,9.562732,7.738744,0.000097,32.954293,10.659583,0.723850,194.419677,0.004260,8.636458,256.119329,264.760240,265.084927,0.324687,265.214022
511,vehicle2,1065.955000,1065.865000,430.225431,1,ok,23746,19994,1,0.100558,0.008580,0.000311,0.112368,10.245763,7.000026,0.000096,36.181274,10.678558,1.111934,182.146890,0.021873,6.849375,247.476909,254.348468,254.726699,0.378231,254.835837
512,vehicle2,1066.167000,1066.064000,431.075462,1,ok,23764,19990,1,0.113078,0.005445,0.000315,0.088874,9.354046,8.609981,0.000234,33.647086,11.079311,0.984907,189.261484,0.004633,7.530227,253.025923,260.561098,261.058495,0.497397,261.177018
513,vehicle2,1066.361000,1066.264000,431.899484,1,ok,23790,19900,1,0.083110,0.003896,0.000317,0.065145,9.032973,7.003050,0.000088,33.777925,13.428534,0.839109,177.759214,0.004002,7.656210,241.906038,249.566567,250.141089,0.574522,250.228095
514,vehicle2,1066.566000,1066.466000,432.773897,1,ok,23901,19871,1,0.217728,0.007080,0.000286,0.158228,17.515230,11.633167,0.000288,40.064742,14.054839,0.732445,216.881269,0.032524,8.103175,301.040208,309.176193,309.488338,0.312145,309.713146
515,vehicle2,1066.765000,1066.664000,433.646743,1,ok,23897,19865,1,0.239703,0.006221,0.000276,0.059422,15.057525,6.752254,0.000112,41.127034,14.288773,0.711791,241.863972,0.004151,7.576610,319.860883,327.441920,327.668132,0.226212,327.914056
516,vehicle2,1066.967000,1066.861000,434.454787,1,ok,23729,19820,1,0.072723,0.008604,0.000373,0.103465,10.941176,8.024740,0.000206,34.955277,11.677712,0.890738,220.513611,0.067697,9.775712,287.106925,296.950707,297.554461,0.603754,297.635788
517,vehicle2,1067.167000,1067.063000,435.245588,1,ok,23636,20110,1,0.198290,0.008471,0.000477,0.078900,9.647507,8.502998,0.000116,35.208603,11.705581,0.857852,214.716201,0.007568,9.338612,280.717758,290.064415,290.527077,0.462662,290.733838
518,vehicle2,1067.364000,1067.265000,436.094025,1,ok,23724,20391,1,0.162813,0.006887,0.000319,0.137722,10.228178,8.245338,0.000111,37.004472,10.617817,0.872066,224.420893,0.005035,6.991335,291.526597,298.523286,299.207575,0.684289,299.377275
519,vehicle2,1067.565000,1067.465000,436.937514,1,ok,23833,20605,1,0.084284,0.007328,0.000284,0.105977,11.629791,9.095269,0.000087,33.715323,13.004623,0.755229,211.462587,0.003223,8.456880,279.768886,288.229273,288.932864,0.703591,289.024476
520,vehicle2,1067.765000,1067.665000,437.812176,1,ok,23868,20659,1,0.158811,0.010231,0.000335,0.105954,8.585786,8.339049,0.000100,33.821735,8.993401,0.790887,218.029973,0.005545,6.812583,278.666885,285.485348,286.090743,0.605395,286.259785
521,vehicle2,1067.963000,1067.866000,438.644981,1,ok,23912,20695,1,0.149830,0.008039,0.000276,0.115071,7.973409,6.682963,0.000075,37.803871,12.244526,0.789232,226.358626,0.004945,9.059371,291.967773,301.032365,301.495037,0.462672,301.652906
522,vehicle2,1068.165000,1068.065000,439.503407,1,ok,23917,20691,1,0.113995,0.009038,0.000412,0.194532,10.916284,9.016295,0.000090,42.310423,13.013427,0.765793,229.914875,0.013852,6.272707,306.131719,312.418690,312.805428,0.386738,312.928461
523,vehicle2,1068.369000,1068.265000,440.326646,1,ok,23881,20690,1,0.096877,0.009379,0.000334,0.091683,13.788626,8.728054,0.000095,36.289712,10.323807,0.690846,234.009547,0.004321,6.870848,303.922370,310.797873,311.048722,0.250849,311.154978
524,vehicle2,1068.562000,1068.467000,441.124256,1,ok,23889,20711,1,0.111151,0.006759,0.000246,0.056513,10.087681,8.031780,0.000096,39.813625,14.463999,1.020397,217.129112,0.006374,8.523818,290.603203,299.133641,299.625748,0.492107,299.743658
525,vehicle2,1068.768000,1068.667000,441.992632,1,ok,23904,20671,1,0.174092,0.025490,0.000316,0.087260,12.048413,9.653903,0.000092,38.681136,12.503953,0.951764,226.086932,0.003191,7.017083,300.013453,307.034043,307.512024,0.477981,307.711606
526,vehicle2,1068.964000,1068.864000,442.841791,1,ok,23946,20671,1,0.200846,0.010499,0.000181,0.182828,8.747695,7.487480,0.000074,35.336692,11.969877,0.961848,220.414175,0.003524,6.755632,285.100669,291.860006,292.214272,0.354266,292.425617
527,vehicle2,1069.170000,1069.064000,443.689991,1,ok,24102,20782,1,0.213395,0.010858,0.000356,0.098402,9.210234,7.168976,0.000168,38.760048,10.789540,0.738636,234.228322,0.012200,7.912592,300.994326,308.919474,309.175339,0.255865,309.399592
528,vehicle2,1069.366000,1069.270000,444.545752,1,ok,24215,20837,1,0.182909,0.007423,0.000347,0.088389,12.774667,8.439841,0.000250,41.538915,12.637965,0.967077,244.204261,0.006407,8.044800,320.651365,328.702919,329.024201,0.321282,329.214533
529,vehicle2,1069.566000,1069.471000,445.388750,1,ok,24386,20913,1,0.233129,0.007079,0.000225,0.118219,19.498989,10.155461,0.000185,52.464847,14.726530,0.996962,244.789419,0.007455,7.934157,342.750612,350.692449,351.518309,0.825860,351.758517
530,vehicle2,1069.768000,1069.666000,446.210026,1,ok,24555,20948,1,0.107594,0.009396,0.000458,0.078466,9.755902,7.222141,0.000081,40.093341,13.272032,0.718956,240.909716,0.004532,6.304866,312.050635,318.360491,318.866819,0.506328,318.983809
531,vehicle2,1069.964000,1069.867000,447.082333,1,ok,24706,21053,1,0.140312,0.011740,0.000414,0.127946,19.390798,8.834339,0.000086,42.258923,15.130308,0.873187,256.493219,0.003836,7.012423,343.108806,350.125479,350.775845,0.650366,350.927897
532,vehicle2,1070.166000,1070.065000,447.867666,1,ok,24685,21053,1,0.113475,0.004813,0.000143,0.053614,9.781107,8.255896,0.000080,39.822939,13.501980,0.726232,245.066617,0.004301,8.300117,317.208465,325.513026,325.750571,0.237545,325.868859
533,vehicle2,1070.367000,1070.270000,448.703892,1,ok,24537,20965,1,0.209218,0.006696,0.000369,0.101078,18.214623,10.120687,0.000214,49.128516,16.689004,0.709007,245.356532,0.014233,6.838887,340.319661,347.173150,347.533762,0.360612,347.749676
534,vehicle2,1070.567000,1070.465000,449.477151,1,ok,24444,20818,1,0.094256,0.004723,0.000306,0.064224,10.227332,8.050251,0.000288,37.284485,12.902257,0.714607,237.653119,0.013499,8.916026,306.896563,315.826394,316.463858,0.637464,316.562837
535,vehicle2,1070.769000,1070.665000,450.306053,1,ok,24399,20721,1,0.152070,0.010219,0.000240,0.066910,7.329188,8.234318,0.000094,36.988207,13.898065,0.709711,244.667045,0.003689,10.668516,311.893538,322.565983,322.799712,0.233729,322.962001
536,vehicle2,1070.971000,1070.864000,451.142323,1,ok,24392,20691,1,0.211063,0.007539,0.000280,0.091388,9.781291,13.048854,0.000134,39.824635,11.605958,0.713466,240.282588,0.003551,7.816801,315.348314,323.168946,323.598329,0.429383,323.816931
537,vehicle2,1071.175000,1071.068000,451.952906,1,ok,24345,20647,1,0.148337,0.007777,0.000342,0.135110,11.113260,14.506872,0.000122,36.475309,12.433638,0.748472,226.123038,0.012584,8.846812,301.535821,310.395559,311.144692,0.749133,311.300806
538,vehicle2,1071.368000,1071.267000,452.794180,1,ok,24232,20543,1,0.203093,0.004658,0.000168,0.049991,7.238800,10.726811,0.000308,41.412231,9.996538,0.708603,228.335660,0.011332,6.713489,298.468942,305.193931,305.459051,0.265120,305.666802
539,vehicle2,1071.569000,1071.467000,453.628554,1,ok,24127,20429,1,0.091492,0.005165,0.000230,0.052971,7.109273,7.930840,0.000082,48.197493,11.963391,0.902491,232.451225,0.011347,7.149854,308.607766,315.769197,316.110972,0.341775,316.207629
540,vehicle2,1071.767000,1071.667000,454.482044,1,ok,24062,20293,1,0.127819,0.008082,0.000373,0.091014,14.218548,9.729951,0.000075,40.216263,12.361696,0.942549,228.473125,0.004310,8.361080,306.033221,314.398984,314.748636,0.349652,314.884537
541,vehicle2,1071.972000,1071.868000,455.318051,1,ok,23876,20176,1,0.108522,0.011057,0.000323,0.087772,12.170215,10.147172,0.000116,46.020120,13.676905,0.941410,236.728973,0.003908,6.210004,319.772683,325.986918,326.439970,0.453052,326.559549
542,vehicle2,1072.169000,1072.064000,456.131871,1,ok,23472,19957,1,0.223393,0.018840,0.000463,0.112261,13.240743,7.162990,0.000090,43.032230,12.282787,0.948879,239.574338,0.003189,6.648565,316.354318,323.006535,323.683318,0.676783,323.925551
543,vehicle2,1072.367000,1072.266000,456.986826,1,ok,23147,19721,1,0.085759,0.006868,0.000160,0.091764,9.537751,12.294170,0.000097,47.058688,14.102687,0.945610,243.199989,0.003994,7.375488,327.230756,334.610398,335.161589,0.551191,335.254216
544,vehicle2,1072.568000,1072.466000,457.854421,1,ok,22949,19584,1,0.172353,0.007034,0.000234,0.091025,27.940888,8.716807,0.000204,44.291008,17.941392,0.885916,279.256067,0.021675,9.040199,379.123307,388.185415,388.609278,0.423863,388.788665
545,vehicle2,1072.762000,1072.667000,458.664849,1,ok,22643,19416,1,0.214493,0.006142,0.000433,0.062973,16.638039,7.655092,0.000118,48.581269,14.687101,0.732106,293.607285,0.004635,6.195228,381.963983,388.164279,388.445798,0.281519,388.666433
546,vehicle2,1072.967000,1072.866000,459.516646,1,ok,22181,19268,1,0.083868,0.007590,0.000560,0.073133,12.414502,9.317152,0.000111,41.562496,13.426087,0.905019,279.901317,0.013254,7.548961,357.599817,365.162592,365.836059,0.673467,365.927517
547,vehicle2,1073.202000,1073.069000,460.403001,1,ok,22260,19362,1,0.101677,0.007575,0.000229,0.083685,24.002131,10.634787,0.000148,50.036583,14.976197,0.794141,309.528096,0.004808,7.615912,410.055768,417.676717,418.224886,0.548169,418.334138
548,vehicle2,1073.408000,1073.267000,461.251299,1,ok,22345,19416,1,0.087550,0.008828,0.000459,0.213429,23.779894,7.448421,0.000126,47.127422,14.036212,0.880418,312.315350,0.003484,7.279108,405.801272,413.084323,413.937958,0.853635,414.034336
549,vehicle2,1073.600000,1073.466000,462.050501,1,ok,22438,19494,1,0.121484,0.573642,0.000159,0.110465,11.908931,7.968939,0.000090,45.644615,15.167824,0.871489,301.224467,0.021386,8.748999,382.896820,391.667364,392.492647,0.825283,393.187773
550,vehicle2,1073.769000,1073.666000,462.828634,1,ok,22488,19544,1,0.113687,0.006232,0.000339,0.105205,9.166943,7.735855,0.000116,41.311401,11.462665,0.834100,284.195318,0.003957,6.928007,354.811603,361.743906,362.121265,0.377359,362.241184
551,vehicle2,1073.976000,1073.869000,463.683122,1,ok,22487,19556,1,0.116210,0.010183,0.000370,0.076795,16.611882,8.545734,0.000098,44.142003,15.256929,0.912501,298.018371,0.004327,6.727211,383.564313,390.296221,390.651087,0.354866,390.777480
552,vehicle2,1074.181000,1074.070000,464.501959,1,ok,22488,19561,1,0.184012,0.005199,0.000203,0.075085,8.154654,7.899452,0.000087,54.349217,14.484924,0.721438,294.253908,0.004289,7.692213,379.938765,387.635470,388.147670,0.512200,388.336881
553,vehicle2,1074.372000,1074.269000,465.307161,1,ok,22517,19594,1,0.175201,0.005482,0.000260,0.051663,9.287228,8.275237,0.000122,43.057421,13.114033,0.714045,281.275118,0.004126,8.847684,355.774867,364.626937,365.060346,0.433409,365.241029
554,vehicle2,1074.587000,1074.466000,466.144730,1,ok,22552,19654,1,0.237576,0.007681,0.000315,0.114697,12.618274,10.475482,0.000080,45.056975,13.257034,0.901930,285.078147,0.013738,9.338624,367.502619,376.855296,377.614293,0.758997,377.859550
555,vehicle2,1074.778000,1074.668000,466.957813,1,ok,22668,19751,1,0.184806,0.006271,0.000311,0.051355,12.772080,8.550570,0.000092,47.173595,14.899467,0.889061,298.478287,0.014255,6.540024,382.814507,389.369097,390.124397,0.755300,390.315474
556,vehicle2,1074.979000,1074.866000,467.782719,1,ok,22831,19798,1,0.105923,0.007649,0.000189,0.157818,10.335146,8.720346,0.000079,45.651449,13.286278,0.993129,288.304391,0.004833,7.817576,367.448636,375.271234,375.746573,0.475339,375.860145
557,vehicle2,1075.174000,1075.064000,468.605121,1,ok,23107,19881,1,0.113810,2.986688,0.000292,0.091407,9.474398,9.126559,0.000085,44.094054,14.625111,0.934122,295.438597,0.014861,6.948787,373.784333,380.748273,381.297938,0.549665,384.398436
558,vehicle2,1075.393000,1075.271000,469.429579,1,ok,23392,19989,1,0.189573,0.009853,0.000285,0.095163,9.140250,7.663620,0.000080,44.657881,12.939131,0.728158,291.987358,0.005329,8.485674,367.211641,375.702929,376.152094,0.449165,376.351520
559,vehicle2,1075.610000,1075.468000,470.269406,1,ok,23631,20043,1,0.114066,0.010546,0.000254,0.065356,16.767139,11.624508,0.000111,48.065567,14.810978,0.841665,306.695457,0.004368,7.935023,398.870781,406.810426,407.597662,0.787236,407.722274
560,vehicle2,1075.770000,1075.668000,471.027518,1,ok,23642,19995,1,0.120605,0.007109,0.000287,0.097979,11.886041,8.413449,0.000096,42.584475,13.566494,0.777212,286.203773,0.011352,6.506370,363.529519,370.047528,370.302231,0.254703,370.429945
561,vehicle2,1076.052000,1075.870000,471.888358,1,ok,23674,20003,1,0.231534,0.009741,0.000362,0.078758,13.189594,8.545359,0.000128,45.037002,12.655413,0.867838,350.815904,0.003786,7.977113,431.189996,439.171257,439.702835,0.531578,439.944110
562,vehicle2,1076.172000,1076.068000,472.646836,1,ok,23712,20003,1,0.121175,0.008173,0.000432,0.218710,9.517606,8.819313,0.000095,41.710140,13.312191,0.873931,289.151477,0.015598,7.565815,363.603463,371.185308,371.669335,0.484027,371.798683
563,vehicle2,1076.366000,1076.267000,473.455343,1,ok,23843,19989,1,0.090892,0.008302,0.000228,0.104698,12.201896,10.045053,0.000115,45.111980,15.390191,0.874335,275.773904,0.003654,8.980708,359.502172,368.486762,369.155364,0.668602,369.254558
564,vehicle2,1076.566000,1076.467000,474.281404,1,ok,23988,20037,1,0.116355,0.009379,0.000186,0.055319,8.265990,9.926036,0.000090,40.588677,13.399740,0.761736,283.185574,0.004162,8.442486,356.183162,364.629996,365.105301,0.475305,365.231035
565,vehicle2,1076.768000,1076.667000,475.074916,1,ok,24056,20116,1,0.101946,0.007716,0.000367,0.089878,10.195901,8.561854,0.000143,42.615293,13.572701,0.743792,278.100397,0.004631,6.880702,353.879959,360.765659,361.086560,0.320901,361.196222
566,vehicle2,1076.967000,1076.868000,475.887096,1,ok,23995,20200,1,0.291612,0.007639,0.000236,0.078308,11.542876,9.147914,0.000114,40.269629,14.079769,0.963824,268.829761,0.011834,6.608940,344.912195,351.533205,351.878415,0.345210,352.177666
567,vehicle2,1077.172000,1077.070000,476.696766,1,ok,23896,20282,1,0.088141,0.009221,0.000262,0.098255,9.801483,8.498921,0.000088,41.912567,13.292207,0.788087,272.448669,0.010559,8.469672,346.840277,355.320770,355.933145,0.612375,356.030507
568,vehicle2,1077.366000,1077.264000,477.485202,1,ok,23816,20373,1,0.129414,0.006745,0.000200,0.081989,8.708460,9.677092,0.000084,40.737037,12.888761,0.932299,265.912055,0.003852,7.104230,338.937777,346.046059,346.321347,0.275288,346.457506
569,vehicle2,1077.564000,1077.467000,478.300774,1,ok,23730,20473,1,0.243080,0.008325,0.000226,0.089499,10.491247,17.835409,0.000089,40.886960,13.510397,0.768764,279.035402,0.003839,6.232966,362.617767,368.854798,369.165209,0.310411,369.416614
570,vehicle2,1077.770000,1077.663000,479.162478,1,ok,23818,20638,1,0.094298,0.008658,0.000302,0.105358,12.263215,7.687085,0.000099,45.875960,12.350831,0.869866,268.648388,0.004198,7.433463,347.800802,355.238765,356.112806,0.874041,356.215762
571,vehicle2,1077.970000,1077.869000,480.012964,1,ok,23979,20804,1,0.122150,0.009295,0.000382,0.096790,14.229529,11.723719,0.000157,44.883206,12.424082,0.964282,258.741779,0.016102,7.192831,343.063544,350.272859,350.792539,0.519680,350.923984
572,vehicle2,1078.165000,1078.068000,480.819253,1,ok,24133,20943,1,0.104052,0.006424,0.000383,0.213273,13.375889,8.519147,0.000096,41.443141,12.572267,0.720323,269.085329,0.005445,7.447036,345.929465,353.382329,353.772778,0.390449,353.883254
573,vehicle2,1078.368000,1078.267000,481.635352,1,ok,24197,21015,1,0.189507,0.007091,0.000146,0.099245,8.240036,9.156973,0.000083,44.347484,13.086097,0.761748,260.620885,0.004471,6.880195,336.312551,343.197363,343.701860,0.504497,343.898458
574,vehicle2,1078.569000,1078.474000,482.447279,1,ok,24244,21093,1,0.104474,0.007498,0.000305,0.096517,8.377320,10.787461,0.000147,44.837326,11.895869,1.855329,267.612263,0.048023,7.858118,345.462232,353.368678,354.274817,0.906139,354.386789
575,vehicle2,1078.767000,1078.667000,483.212814,1,ok,24284,21139,1,0.090705,0.011610,0.000344,0.099356,9.680974,9.314935,0.000189,42.188072,14.443143,0.729012,250.513299,0.004201,7.917103,326.968980,334.890628,335.379978,0.489350,335.482293
576,vehicle2,1078.971000,1078.867000,484.070453,1,ok,24315,21202,1,0.219907,0.010344,0.000464,0.072298,8.768366,9.696187,0.000113,46.437213,11.011842,0.879138,262.810168,0.010974,7.465132,339.675325,347.151895,347.892782,0.740887,348.123033
577,vehicle2,1079.170000,1079.067000,484.904117,1,ok,24395,21310,1,0.266869,0.008233,0.000375,0.091641,19.414721,8.557678,0.000094,43.112677,14.744441,1.788690,288.866746,0.003889,7.418086,376.576688,383.999038,384.514431,0.515393,384.789533
578,vehicle2,1079.383000,1079.268000,485.725630,1,ok,24423,21408,1,0.191448,0.005674,0.000209,0.092536,14.141015,8.612328,0.000101,42.737494,13.524964,0.960707,278.827506,0.003550,7.350695,358.896651,366.251105,366.633930,0.382825,366.831052
579,vehicle2,1079.604000,1079.466000,486.527079,1,ok,24442,21482,1,0.127382,0.006089,0.000303,0.061980,8.396770,9.830741,0.000092,44.627598,12.414874,0.723905,298.495974,0.004693,8.328454,374.551934,382.885384,383.386633,0.501249,383.520104
580,vehicle2,1079.780000,1079.670000,487.292588,1,ok,24441,21485,1,0.180545,0.004685,0.000314,0.053085,8.693183,10.916651,0.000098,46.782151,10.964389,0.792996,280.399138,0.003291,7.275085,358.601691,365.880381,366.169836,0.289455,366.355066
581,vehicle2,1079.982000,1079.869000,488.102416,1,ok,24507,21556,1,0.134241,0.038589,0.000202,0.110582,17.101704,8.634365,0.000102,43.952643,12.361890,0.989244,286.705055,0.012806,6.844844,369.855585,376.713437,377.164532,0.451095,377.337362
582,vehicle2,1080.171000,1080.067000,488.874741,1,ok,24392,21451,1,0.100330,0.011289,0.000282,0.058835,8.294433,9.912193,0.000245,43.694613,11.415985,0.757658,272.640744,0.004284,7.719310,346.774706,354.498582,354.933756,0.435174,355.045375
583,vehicle2,1080.373000,1080.266000,489.700905,1,ok,24168,21264,1,0.111374,0.008120,0.000272,0.057074,18.403250,8.467483,0.000074,42.906958,14.884380,0.788358,271.110508,0.005401,8.923317,356.618085,365.547075,365.961031,0.413956,366.080525
584,vehicle2,1080.566000,1080.468000,490.474134,1,ok,23989,21101,1,0.083345,0.004331,0.000452,0.067064,7.550942,8.095155,0.000106,42.489201,11.613199,0.738774,274.963787,0.004129,7.048516,345.518228,352.571325,352.822582,0.251257,352.910258
585,vehicle2,1080.769000,1080.666000,491.239791,1,ok,23838,20978,1,0.182037,0.006625,0.000272,0.080898,7.634940,8.801321,0.000091,41.490782,10.494268,0.715191,249.504060,0.009102,6.766674,318.721551,325.497599,325.823042,0.325443,326.011704
586,vehicle2,1080.968000,1080.868000,492.031695,1,ok,23667,20836,1,0.118988,0.007272,0.000264,0.081943,7.932272,8.653111,0.000086,45.564596,13.407698,0.939270,257.895916,0.004213,6.152469,334.474892,340.631838,340.920165,0.288327,341.046425
587,vehicle2,1081.171000,1081.068000,492.790103,1,ok,23478,20672,1,0.085596,0.006343,0.000249,0.067449,7.188403,9.853499,0.000084,39.353180,11.411266,0.994419,241.062635,0.012232,6.157649,309.930935,316.101065,316.655789,0.554724,316.747728
588,vehicle2,1081.364000,1081.266000,493.565573,1,ok,23338,20539,1,0.071682,0.006273,0.000286,0.097952,12.356123,11.522525,0.000072,44.101049,11.975497,0.814942,242.569106,0.004261,6.204145,323.437266,329.645958,329.918748,0.272790,329.996703
589,vehicle2,1081.568000,1081.467000,494.371731,1,ok,23243,20448,1,0.156233,0.007885,0.000402,0.062033,8.919072,10.920274,0.000155,41.901122,9.689276,0.775794,261.730415,0.005129,7.480341,333.998141,341.484013,341.731952,0.247939,341.896070
590,vehicle2,1081.768000,1081.668000,495.147283,1,ok,23117,20329,1,0.178058,0.006941,0.000209,0.086294,7.879676,9.754696,0.000084,43.511088,9.696076,0.805617,250.089658,0.003907,6.660583,321.823189,328.487888,328.797272,0.309384,328.982271
591,vehicle2,1081.965000,1081.869000,495.923960,1,ok,22925,20162,1,0.114724,0.009374,0.000232,0.081060,8.703661,9.372176,0.000115,43.948027,11.119189,0.726630,226.946404,0.004317,8.000785,300.897262,308.902596,309.381927,0.479331,309.506025
592,vehicle2,1082.169000,1082.067000,496.702020,1,ok,22769,20037,1,0.217708,0.007286,0.000396,0.087425,9.944861,10.526137,0.000084,39.999276,9.814077,0.771715,201.776626,0.004099,6.933071,272.920201,279.857767,280.144846,0.287079,280.369840
593,vehicle2,1082.365000,1082.267000,497.519838,1,ok,22522,19794,1,0.102220,0.014624,0.000386,0.061646,11.786653,10.315422,0.000081,40.797375,10.685744,0.734563,221.905187,0.013032,6.963429,296.286671,303.263518,303.487351,0.223833,303.604195
594,vehicle2,1082.565000,1082.467000,498.296415,1,ok,22172,19485,1,0.219707,0.006950,0.000242,0.093069,9.211545,14.367390,0.000112,41.168301,10.438389,0.894388,226.362535,0.003887,6.481728,302.535729,309.021586,309.553975,0.532389,309.780632
595,vehicle2,1082.767000,1082.666000,499.073439,1,ok,21956,19282,1,0.088291,0.006130,0.000203,0.055332,8.017814,11.886934,0.000108,42.137077,9.092070,0.815050,228.779134,0.012326,8.122014,300.783519,308.918062,309.243216,0.325154,309.337637
596,vehicle2,1082.965000,1082.867000,499.887991,1,ok,21796,19152,1,0.099962,0.007445,0.006814,0.105855,9.122214,10.853018,0.000209,42.382128,11.863158,0.703971,218.441120,0.003289,7.056334,293.471673,300.538110,300.883786,0.345676,300.991193
597,vehicle2,1083.163000,1083.069000,500.665829,1,ok,21634,19036,1,0.189742,0.007164,0.000212,0.083669,9.609231,9.811090,0.000092,39.688520,9.578154,0.963775,202.865114,0.004035,6.753748,272.599645,279.357640,279.810752,0.453112,280.007658
598,vehicle2,1083.369000,1083.267000,501.478517,1,ok,21543,18978,1,0.196906,0.008808,0.000326,0.077890,7.844778,19.540516,0.000128,42.268075,8.532555,0.720908,203.794055,0.016015,8.406012,282.778905,291.201258,291.543224,0.341966,291.748938
599,vehicle2,1083.568000,1083.466000,502.257156,1,ok,21334,18789,1,0.523160,0.008140,0.000211,0.051958,12.963070,10.159574,0.000089,41.689559,10.554735,0.916676,202.437468,0.003733,7.199508,278.773129,285.976581,286.439069,0.462488,286.970369
600,vehicle2,1083.765000,1083.667000,503.074460,1,ok,21129,18609,1,0.108489,0.013223,0.000354,0.085595,7.188371,9.259154,0.000094,48.887621,9.762465,1.068512,200.223603,0.004274,7.704546,276.475415,284.184589,284.523996,0.339407,284.645708
601,vehicle2,1083.965000,1083.864000,503.870762,1,ok,20991,18488,1,0.108093,0.005202,0.000177,0.052062,6.688772,11.575184,0.000132,41.744254,9.492647,0.749117,203.196731,0.004407,7.670176,273.498899,281.173659,281.538879,0.365220,281.652174
602,vehicle2,1084.174000,1084.068000,504.643703,1,ok,20914,18426,1,0.166737,0.005892,0.000256,0.050998,7.457420,10.709216,0.000086,42.314256,9.927308,0.723300,206.003263,0.003862,6.577564,277.185847,283.767529,283.999834,0.232305,284.172463
603,vehicle2,1084.367000,1084.267000,505.425989,1,ok,21006,18527,1,0.344748,0.008424,0.000271,0.079781,8.840595,10.281065,0.000097,46.209905,10.293718,0.706610,207.618220,0.004787,7.377981,284.029991,291.413030,291.682687,0.269657,292.035859
604,vehicle2,1084.569000,1084.467000,506.198666,1,ok,21111,18628,1,0.075461,0.005461,0.000230,0.076927,5.466257,10.757598,0.000082,42.433736,10.542125,0.708695,207.977691,0.057768,8.365438,277.963111,286.386547,286.722346,0.335799,286.803268
605,vehicle2,1084.767000,1084.670000,506.999190,1,ok,21224,18743,1,0.107036,0.009603,0.000324,0.128279,9.109641,9.932170,0.000085,42.635164,10.217092,1.014015,215.868463,0.004337,8.280317,288.904909,297.189887,297.619868,0.429981,297.736507
606,vehicle2,1084.967000,1084.869000,507.760713,1,ok,21313,18843,1,0.109492,0.020542,0.000218,0.077471,7.362522,11.104494,0.000117,41.655059,9.689176,0.763253,213.592391,0.003670,8.116855,284.244483,292.365226,292.576893,0.211667,292.706927
607,vehicle2,1085.174000,1085.065000,508.535113,1,ok,21415,18951,1,0.089847,0.006867,0.000312,0.069605,9.020447,10.301837,0.000108,41.406288,8.081141,0.729460,226.043179,0.003961,6.116871,295.652065,301.773209,302.027869,0.254660,302.124583
608,vehicle2,1085.367000,1085.267000,509.307518,1,ok,21540,19075,1,0.199293,0.007495,0.000322,0.083442,10.701576,11.283787,0.000074,39.884814,7.992560,0.699151,207.780622,0.004742,6.935236,278.426026,285.366326,285.796755,0.430429,286.003543
609,vehicle2,1085.567000,1085.466000,510.100683,1,ok,21660,19222,1,0.094989,0.014832,0.000515,0.095693,9.371665,9.913225,0.000105,42.758607,10.512099,0.732063,215.747111,0.003464,6.827178,289.130568,295.961725,296.468256,0.506531,296.578077
610,vehicle2,1085.769000,1085.669000,510.890766,1,ok,21775,19352,1,0.112530,0.006941,0.000195,0.066991,6.691004,11.138742,0.000074,48.736522,9.113170,0.763527,216.892927,0.011208,7.239180,293.402957,300.653540,300.885827,0.232287,301.005298
611,vehicle2,1085.966000,1085.867000,511.690444,1,ok,22083,19667,1,0.176445,0.005539,0.000136,0.118922,7.906830,9.868160,0.000156,45.412677,10.196825,0.901333,223.745528,0.004896,6.985208,298.150431,305.140671,305.393485,0.252814,305.575469
612,vehicle2,1086.171000,1086.065000,512.435414,1,ok,22260,19848,1,0.192277,0.007431,0.000338,0.111618,9.583036,12.407320,0.000089,40.300999,8.590205,0.711206,223.086340,0.005267,6.522134,294.790813,301.318552,301.599522,0.280970,301.799230
613,vehicle2,1086.368000,1086.267000,513.213881,1,ok,22345,19895,1,0.087269,0.006417,0.000238,0.083739,9.623839,10.597077,0.000098,47.122365,10.441594,0.853152,218.173804,0.003738,6.382091,296.895668,303.281735,303.642558,0.360823,303.736244
614,vehicle2,1086.568000,1086.465000,514.014360,1,ok,22523,20054,1,0.211892,0.005548,0.000325,0.067234,8.105212,14.035040,0.000147,41.216981,8.940819,0.811955,235.187581,0.003741,6.536368,308.364969,314.905403,315.202846,0.297443,315.420286
615,vehicle2,1086.765000,1086.667000,514.798102,1,ok,22693,20226,1,0.110896,0.007447,0.000344,0.094734,10.061639,11.285562,0.000099,43.860543,9.449663,0.846758,223.424634,0.003925,7.368587,299.023632,306.396488,306.736465,0.339977,306.854808
616,vehicle2,1086.967000,1086.865000,515.606350,1,ok,22844,20378,1,0.236608,0.009105,0.000312,0.081663,7.635072,10.253984,0.000113,40.482544,10.303481,0.872264,230.432244,0.011611,9.348044,300.061365,309.421332,310.040425,0.619093,310.286138
617,vehicle2,1087.171000,1087.065000,516.380661,1,ok,23053,20562,1,0.225820,0.005528,0.000180,0.070198,8.583878,12.972321,0.000116,41.902616,11.087409,0.722027,239.485874,0.005078,11.036384,314.824439,325.866081,326.119919,0.253838,326.351267
618,vehicle2,1087.366000,1087.267000,517.191745,1,ok,23226,20721,1,0.199422,0.007379,0.000304,0.085613,11.708296,13.204146,0.000144,54.121902,12.812374,0.762743,233.636388,0.003814,7.965556,326.331606,334.301280,334.767100,0.465820,334.973901
619,vehicle2,1087.566000,1087.467000,517.976798,1,ok,23364,20852,1,0.276882,0.007623,0.000416,0.098053,8.502957,9.693376,0.000105,42.085486,11.354342,0.710127,237.249888,0.005072,9.037684,309.694334,318.737506,319.047412,0.309906,319.331917
620,vehicle2,1087.768000,1087.669000,518.748231,1,ok,23644,21140,1,0.105489,0.006081,0.000514,0.090012,9.365667,10.386693,0.000078,43.544011,10.514273,0.717304,242.428934,0.003668,6.660218,317.046972,323.711372,324.048164,0.336792,324.159734
621,vehicle2,1087.978000,1087.868000,519.515229,1,ok,23874,21360,1,0.243192,0.007145,0.000267,0.132419,9.222330,9.893683,0.000102,43.845808,10.112822,0.707078,258.790206,0.015071,6.953657,332.704448,339.673443,340.100875,0.427432,340.351212
622,vehicle2,1088.166000,1088.065000,520.280876,1,ok,23984,21440,1,0.226449,0.007621,0.000331,0.073015,9.968098,10.852594,0.000076,44.387534,9.778198,0.735264,249.447317,0.004104,6.551742,325.242096,331.798273,332.087886,0.289613,332.321956
623,vehicle2,1088.363000,1088.266000,521.037201,1,ok,24121,21553,1,0.220366,0.006271,0.000178,0.070118,10.054832,10.470847,0.000159,39.513396,11.282091,0.814910,229.762594,0.004934,7.181898,301.968947,309.155957,309.417236,0.261279,309.643873
624,vehicle2,1088.576000,1088.470000,521.848526,1,ok,24467,21915,1,0.114652,0.008118,0.000284,0.092189,11.272177,11.694886,0.000101,42.609645,10.648838,0.830019,262.739586,0.003969,6.493295,339.887441,346.384989,346.720166,0.335177,346.842936
625,vehicle2,1088.777000,1088.665000,522.582808,1,ok,24681,22111,1,0.190834,0.004676,0.000423,0.068054,9.792880,10.239032,0.000125,41.787540,13.165975,0.980709,257.388486,0.003382,7.079470,333.422801,340.506076,340.823567,0.317491,341.019077
626,vehicle2,1088.988000,1088.867000,523.349540,1,ok,24756,22169,1,0.219826,0.010487,0.000201,0.086932,11.329861,9.722674,0.000103,46.169450,11.194290,0.953247,255.197165,0.027263,6.794782,334.653722,341.475968,341.802471,0.326503,342.032784
627,vehicle2,1089.171000,1089.065000,524.087728,1,ok,24747,22140,1,0.273517,0.011941,0.000500,0.125988,16.346210,12.023300,0.000143,41.952553,11.982719,0.926656,260.889776,0.010638,9.469126,344.247345,353.727609,354.347193,0.619584,354.632651
628,vehicle2,1089.378000,1089.264000,524.849909,1,ok,24791,22166,1,0.090900,0.004959,0.000290,0.056175,7.337541,9.397503,0.000082,41.698489,10.754246,0.709781,253.671230,0.003680,6.964722,323.625047,330.593739,330.952236,0.358497,331.048095
629,vehicle2,1089.572000,1089.466000,525.589147,1,ok,24766,22144,1,0.194328,0.008119,0.000221,0.103730,7.102952,11.461787,0.000207,44.862706,9.836608,1.000761,240.389703,0.005462,7.997112,314.758454,322.761249,323.281515,0.520266,323.483962
630,vehicle2,1089.767000,1089.669000,526.381687,1,ok,24698,22095,1,0.238746,0.009138,0.000281,0.084882,7.750845,10.579087,0.000125,40.860242,10.038188,0.706582,257.004958,0.003625,7.019236,327.024909,334.048051,334.532756,0.484705,334.780640
631,vehicle2,1089.982000,1089.867000,527.169743,1,ok,24574,21998,1,0.108677,0.009462,0.000325,0.107719,7.203982,9.572127,0.000092,39.170629,10.312870,0.896442,255.487461,0.003707,7.429402,322.751322,330.184756,330.746175,0.561419,330.864314
632,vehicle2,1090.172000,1090.066000,527.913090,1,ok,24465,21900,1,0.110065,0.013924,0.000318,0.094077,10.410780,11.754513,0.000072,37.355640,9.842292,0.828934,262.877455,0.014178,9.429294,333.163763,342.607553,343.030408,0.422855,343.154397
633,vehicle2,1090.361000,1090.266000,528.682983,1,ok,24445,21838,1,0.091658,0.044941,0.000369,0.085903,9.849320,10.610998,0.000100,39.239783,10.498079,0.726171,254.423100,0.003800,7.295808,325.433454,332.733431,333.012116,0.278685,333.148715
634,vehicle2,1090.567000,1090.467000,529.458850,1,ok,24491,21864,1,0.118537,0.005010,0.000272,0.060534,9.734660,12.025029,0.000130,43.161894,8.978056,0.702589,264.388846,0.004355,6.442534,339.051738,345.498899,345.835816,0.336917,345.959363
635,vehicle2,1090.768000,1090.669000,530.207234,1,ok,24484,21862,1,0.089578,0.008938,0.000488,0.084202,9.800954,9.808337,0.000085,39.021503,8.217702,0.721652,264.860486,0.004277,7.531156,332.514921,340.050842,340.495132,0.444290,340.593648
636,vehicle2,1090.968000,1090.867000,530.987535,1,ok,24380,21764,1,0.082997,0.008010,0.000382,0.164580,7.923476,10.354163,0.000245,39.452053,11.457928,0.724891,254.884380,0.003883,7.064493,324.961716,332.030474,332.533481,0.503007,332.624488
637,vehicle2,1091.169000,1091.061000,531.776020,1,ok,24294,21651,1,0.112594,0.008284,0.000533,0.090105,10.021432,12.147160,0.000126,51.635748,13.267413,0.943404,249.047381,0.003281,7.320404,337.152769,344.476987,344.854322,0.377335,344.975200
638,vehicle2,1091.365000,1091.267000,532.534727,1,ok,24260,21588,1,0.118904,0.009775,0.000308,0.103692,10.571596,11.388278,0.000073,40.394358,9.281960,1.951259,255.105745,0.011812,7.131719,328.796961,335.940800,336.197539,0.256739,336.326218
639,vehicle2,1091.570000,1091.466000,533.312088,1,ok,24257,21546,1,0.114994,0.007852,0.000201,0.102124,10.217308,9.753882,0.000082,42.788835,9.627173,0.926113,266.523489,0.003725,8.294789,339.939006,348.237721,348.880202,0.642481,349.003048
640,vehicle2,1091.788000,1091.668000,534.089168,1,ok,24318,21548,1,0.258272,0.010113,0.000335,0.088373,9.385433,10.108832,0.000130,41.222630,11.944402,0.778304,266.537955,0.004383,7.833573,340.066059,347.904350,348.261622,0.357272,348.530007
641,vehicle2,1091.977000,1091.872000,534.857576,1,ok,24338,21498,1,0.232733,0.007503,0.000249,0.083157,9.542392,10.717177,0.000095,42.327955,10.944609,0.942820,263.341475,0.002889,8.330049,337.899680,346.232867,346.871036,0.638169,347.111272
642,vehicle2,1092.166000,1092.066000,535.636150,1,ok,24268,21400,1,0.108248,0.006064,0.000467,0.077952,8.514418,12.725119,0.000102,37.950552,10.113475,0.970868,274.148198,0.004416,8.442527,344.500684,352.948094,353.396867,0.448773,353.511179
643,vehicle2,1092.366000,1092.265000,536.384783,1,ok,24189,21311,1,0.175064,0.010419,0.000543,0.074288,8.444042,9.579189,0.000078,45.283998,8.727387,0.713699,260.957899,0.012186,7.154287,333.780580,340.947596,341.176452,0.228856,341.361935
644,vehicle2,1092.568000,1092.470000,537.178027,1,ok,24163,21254,1,0.093495,0.006960,0.000406,0.091770,10.020559,9.302293,0.000077,42.617024,9.710074,0.840564,265.040698,0.016664,7.693846,337.623059,345.333975,345.668167,0.334192,345.768622
645,vehicle2,1092.772000,1092.666000,537.972174,1,ok,24027,21103,1,0.123514,0.009441,0.000335,0.084109,9.249755,9.652721,0.000073,39.998329,8.577211,0.754450,261.843184,0.003583,6.405897,330.159832,336.569647,336.859667,0.290020,336.992622
646,vehicle2,1092.977000,1092.867000,538.771744,1,ok,23932,20983,1,0.394500,0.008690,0.000282,0.090831,9.817526,10.242371,0.000078,40.295701,11.010726,0.963950,263.629326,0.012310,7.512331,336.050509,343.575432,344.088699,0.513267,344.491889
647,vehicle2,1093.160000,1093.066000,539.543349,1,ok,23769,20822,1,0.171051,0.005265,0.000175,0.051459,7.733956,10.422486,0.000079,39.737267,10.414822,0.711835,272.957347,0.004997,8.182406,342.029251,350.216829,350.410956,0.194127,350.587272
648,vehicle2,1093.369000,1093.267000,540.346528,1,ok,23608,20661,1,0.123840,0.005970,0.000268,0.078703,8.452713,12.890541,0.000123,41.095679,9.464577,0.874776,272.399573,0.012145,7.340686,345.256685,352.609784,353.294385,0.684601,353.424195
649,vehicle2,1093.569000,1093.464000,541.119655,1,ok,23447,20478,1,0.117112,0.005201,0.000320,0.052627,8.493214,10.721294,0.000076,44.224795,10.720550,0.709736,266.517069,0.016437,7.676390,341.439361,349.132508,349.417295,0.284787,349.539608
650,vehicle2,1093.769000,1093.668000,541.914951,1,ok,23352,20355,1,0.082582,0.006828,0.000251,0.084587,8.148508,10.484135,0.000086,38.049994,10.555870,0.884184,255.192736,0.003596,7.408083,323.400100,330.812030,331.127218,0.315188,331.216628
651,vehicle2,1093.975000,1093.868000,542.738725,1,ok,23343,20288,1,0.185966,0.008882,0.000289,0.086174,10.372103,8.779466,0.000211,39.021281,9.279377,0.886332,275.930036,0.003356,9.574719,344.354980,353.933344,354.492783,0.559439,354.687631
652,vehicle2,1094.166000,1094.068000,543.543795,1,ok,23291,20214,1,0.191110,0.007960,0.000341,0.083874,8.692714,9.833293,0.000105,43.915497,9.118751,0.720299,292.597271,0.003935,7.303585,364.961804,372.269665,372.735496,0.465831,372.934566
653,vehicle2,1094.383000,1094.271000,544.349248,1,ok,23250,20169,1,0.180018,0.005271,0.000183,0.051365,9.145919,10.750650,0.000096,40.396553,9.512631,0.712140,276.992442,0.011877,10.274187,347.561796,357.848043,358.058287,0.210244,358.243576
654,vehicle2,1094.580000,1094.469000,545.146435,1,ok,23280,20125,1,1.613027,0.006245,0.000392,0.098169,13.999014,11.312197,0.000119,47.446953,11.513825,0.773287,279.473422,0.003529,7.955170,364.616986,372.576077,372.931345,0.355268,374.550617
655,vehicle2,1094.768000,1094.669000,545.926802,1,ok,23173,19946,1,0.213519,0.006039,0.000376,0.053720,11.145345,9.827141,0.000226,38.048856,8.170742,0.707531,285.720853,0.004008,7.493765,353.674414,361.172563,361.497552,0.324989,361.717110
656,vehicle2,1094.998000,1094.868000,546.744532,1,ok,23194,19938,1,0.069946,0.008571,0.000400,0.083767,12.615145,9.497623,0.000246,47.170547,9.607038,0.811482,284.982041,0.005845,8.360068,364.767889,373.134202,373.409643,0.275441,373.488160
657,vehicle2,1095.164000,1095.067000,547.511903,1,ok,23306,20046,1,0.148045,0.007366,0.000409,0.091424,7.650779,9.249536,0.000171,41.043533,11.212917,0.692692,285.699853,0.011990,8.485356,355.640905,364.138660,364.515520,0.376860,364.670931
658,vehicle2,1095.369000,1095.267000,548.304307,1,ok,23398,20136,1,0.236725,0.007756,0.000293,0.086563,9.915116,10.160821,0.000116,42.711011,9.470343,0.962925,276.409153,0.004220,6.894432,349.716048,356.614993,357.086987,0.471994,357.331468
659,vehicle2,1095.597000,1095.472000,549.095486,1,ok,23421,20154,1,0.094617,0.008427,0.000331,0.092079,8.594045,12.098019,0.000108,43.532253,10.130372,0.733589,286.072223,0.017163,8.375964,361.252688,369.646146,369.898513,0.252367,370.001557
660,vehicle2,1095.835000,1095.671000,549.917415,1,ok,23407,20041,1,0.190238,0.005710,0.000268,0.065149,8.022284,11.344194,0.000115,43.364232,14.273945,1.060566,333.528269,0.005014,8.668875,411.658754,420.332911,420.866625,0.533714,421.062573
661,vehicle2,1096.007000,1095.868000,550.667879,1,ok,23361,19874,1,0.209103,0.008765,0.000226,0.081916,11.502139,9.445890,0.000109,38.939034,9.536599,0.720521,305.749260,0.005416,6.844561,375.975468,382.825671,383.096001,0.270330,383.313869
662,vehicle2,1096.229000,1096.069000,551.453934,1,ok,23091,19558,1,0.184930,0.007423,0.000185,0.071046,15.568405,10.561397,0.000092,40.228635,13.077052,0.739428,312.370856,0.003204,7.242906,392.616911,399.863206,400.249017,0.385811,400.441370
663,vehicle2,1096.428000,1096.269000,552.222402,1,ok,22706,19186,1,0.317155,0.007311,0.000416,0.051448,15.735583,9.826894,0.000096,42.926279,10.504874,0.873982,318.034028,0.003085,8.177119,397.953184,406.133804,406.764212,0.630408,407.088678
664,vehicle2,1096.625000,1096.467000,552.997390,1,ok,22507,18974,1,0.216599,0.009119,0.000290,0.087021,9.347973,10.493953,0.000096,42.875864,11.357791,0.930850,326.716410,0.020832,8.528383,401.809958,410.359463,411.073907,0.714444,411.299625
665,vehicle2,1096.824000,1096.668000,553.769681,1,ok,22468,18892,1,0.110267,0.005588,0.000289,0.083476,10.127806,10.540364,0.000157,40.191133,11.982488,0.735950,313.576327,0.003762,7.700719,387.237701,394.942471,395.374360,0.431889,395.490215
666,vehicle2,1097.006000,1096.869000,554.551855,1,ok,22685,19014,1,0.223779,0.008394,0.000147,0.081746,10.374494,9.724598,0.000145,40.414239,12.088222,0.764740,305.308523,0.003259,6.938749,378.756707,385.698862,386.337241,0.638379,386.569414
667,vehicle2,1097.221000,1097.071000,555.348228,1,ok,23042,19282,1,0.127028,0.008504,0.000211,0.058822,9.958399,9.869174,0.000099,40.670067,10.642413,0.843752,312.472042,0.010972,6.923808,384.514768,391.449759,392.126706,0.676947,392.262238
668,vehicle2,1097.399000,1097.270000,556.092773,1,ok,23232,19404,1,0.087110,0.008205,0.000267,0.090240,15.165092,10.529503,0.000113,41.900059,10.470799,0.976405,281.828341,0.003628,7.172892,360.960552,368.137339,368.464926,0.327587,368.560241
669,vehicle2,1097.589000,1097.463000,556.765864,1,ok,23288,19344,1,0.085568,0.009354,0.000326,0.094650,10.069683,9.426049,0.000114,40.533889,10.899897,0.750141,289.760296,0.003729,8.026000,361.534719,369.564774,370.079358,0.514584,370.174280
670,vehicle2,1097.796000,1097.668000,557.563113,1,ok,23432,19332,1,0.200520,0.006754,0.000276,0.097951,14.586716,10.978329,0.000115,42.426974,10.584019,0.822016,276.570197,0.037951,10.607206,356.066317,366.711750,367.300959,0.589209,367.508233
671,vehicle2,1097.994000,1097.871000,558.361746,1,ok,23877,19714,1,0.191405,0.007974,0.000170,0.090267,15.359330,9.901053,0.000136,41.873388,13.145399,0.717158,287.523372,0.011951,8.473606,368.610103,377.095830,377.731391,0.635561,377.930770
672,vehicle2,1098.222000,1098.067000,559.185127,1,ok,24691,20496,1,0.224483,0.006944,0.000330,0.059775,12.086289,8.201049,0.000103,44.999817,13.057944,0.868128,317.031786,0.008110,8.651140,396.304891,404.964471,405.306776,0.342305,405.538203
673,vehicle2,1098.419000,1098.273000,559.943027,1,ok,25672,21524,1,0.197842,0.005823,0.000194,0.073920,13.142655,10.014766,0.000125,42.056602,11.009162,0.877733,306.312025,0.005544,8.727307,383.486988,392.220033,392.589418,0.369385,392.793083
674,vehicle2,1098.613000,1098.480000,560.751822,1,ok,26736,22666,1,0.117874,0.008609,0.000213,0.317738,16.680542,10.448931,0.000106,42.995514,13.236626,0.720812,322.138608,0.004295,7.507707,406.538877,414.051092,415.180901,1.129809,415.307384
675,vehicle2,1098.854000,1098.670000,561.606947,1,ok,28161,24094,1,0.154834,0.007268,0.000140,0.119772,21.792389,9.328777,0.000126,46.714689,16.709510,0.730067,377.138493,0.014472,7.380844,472.533823,479.929279,480.257267,0.327988,480.419369
676,vehicle2,1099.051000,1098.870000,562.387399,1,ok,29521,25365,1,0.353339,0.007561,0.000221,0.136129,24.960131,11.045417,0.000143,51.993278,12.796954,0.714207,359.120453,0.003418,6.662797,460.766712,467.433148,467.916794,0.483646,468.277694
677,vehicle2,1099.254000,1099.070000,563.197721,1,ok,30179,25885,1,0.270375,0.006525,0.000355,0.145370,18.640630,9.333430,0.000174,43.498267,15.203359,0.942803,366.559672,0.004387,8.574156,454.323705,462.902603,465.370098,2.467495,465.646998
678,vehicle2,1099.454000,1099.268000,563.951127,1,ok,30169,25882,1,0.116812,0.008577,0.000268,0.137170,17.126756,9.469647,0.000139,46.224407,13.248561,0.721838,351.703699,0.004385,10.111143,438.632217,448.748013,449.129234,0.381221,449.254623
679,vehicle2,1099.627000,1099.469000,564.735165,1,ok,30210,25912,1,0.278720,0.008896,0.000232,0.104114,17.915341,8.541985,0.000117,44.098858,15.438608,0.821002,343.299119,0.003850,7.732651,430.219144,437.955877,438.538512,0.582635,438.826128
680,vehicle2,1099.851000,1099.670000,565.547406,1,ok,30291,25951,1,0.145773,0.006034,0.000228,0.074832,16.795372,8.729877,0.000102,45.680833,14.373256,0.727018,337.008074,0.008804,8.880452,423.389364,432.278848,432.662874,0.384026,432.814681
681,vehicle2,1100.054000,1099.866000,566.358752,1,ok,30301,25914,1,0.315625,0.007163,0.000337,0.109913,33.582885,8.036886,0.000107,46.386005,14.680391,0.814199,340.205040,0.014266,8.774891,443.815426,452.604920,453.283296,0.678376,453.606084
682,vehicle2,1100.253000,1100.071000,567.120172,1,ok,30435,26069,1,0.349033,0.012325,0.000225,0.152379,17.732988,8.733584,0.000077,46.340786,15.585888,0.774812,337.180817,0.003910,6.367361,426.501331,432.872827,434.259233,1.386406,434.620591
683,vehicle2,1100.417000,1100.268000,567.871483,1,ok,30430,26051,1,0.275567,0.010046,0.000215,0.132050,15.226944,8.756353,0.000093,46.854844,12.318132,0.941129,309.551210,0.005569,7.440036,393.780755,401.226575,402.179083,0.952508,402.464696
684,vehicle2,1100.613000,1100.468000,568.653394,1,ok,30409,26028,1,0.144544,0.023680,0.000251,0.094863,12.763622,8.174038,0.000121,46.654620,14.691581,0.717577,306.387119,0.005448,7.309464,389.483541,396.798704,398.403029,1.604325,398.571253
685,vehicle2,1100.822000,1100.664000,569.447058,1,ok,30329,25917,1,0.134098,0.009973,0.000364,0.137111,15.760279,9.183351,0.000089,43.229101,13.754133,0.743749,310.774679,0.003775,6.641356,393.582492,400.227987,400.583945,0.355958,400.728016
686,vehicle2,1101.004000,1100.871000,570.212813,1,ok,30328,25819,1,0.149554,0.007453,0.000237,0.116050,18.602854,8.388789,0.000177,46.047124,15.558874,0.753295,289.228852,0.006024,7.721713,378.696015,386.423989,387.046102,0.622113,387.203109
687,vehicle2,1101.206000,1101.066000,571.007492,1,ok,30322,25714,1,0.151997,0.008667,0.000138,0.122816,12.804798,8.359422,0.000114,46.941336,12.752143,0.877008,304.275127,0.017452,8.263945,386.132764,394.414299,394.891451,0.477152,395.052115
688,vehicle2,1101.395000,1101.270000,571.795075,1,ok,30199,25340,1,0.177133,0.006619,0.000368,0.109909,13.832242,9.265811,0.000093,42.608228,12.426418,0.879807,292.262827,0.003320,8.086906,371.385335,379.475929,379.909100,0.433171,380.092852
689,vehicle2,1101.588000,1101.470000,572.559924,1,ok,30039,25226,1,0.263717,0.006594,0.000195,0.111726,12.397226,7.794651,0.000097,40.793307,11.464536,0.768535,281.452967,0.003932,7.295470,354.783045,362.082642,362.370401,0.287759,362.640712
690,vehicle2,1101.776000,1101.670000,573.365945,1,ok,30002,25228,1,0.176592,0.006514,0.000192,0.112496,18.391510,10.290012,0.000212,46.272694,15.082906,0.880584,282.012991,0.004856,6.755509,373.043405,379.803962,380.455375,0.651413,380.638481
691,vehicle2,1101.995000,1101.869000,574.180256,1,ok,29945,25198,1,0.135582,0.009788,0.000477,0.113512,14.457623,11.182846,0.000084,48.345384,11.174529,1.038695,283.435680,0.046756,7.554405,369.748353,377.349991,378.026349,0.676358,378.171719
692,vehicle2,1102.168000,1102.066000,574.963659,1,ok,29928,25216,1,0.225472,0.005476,0.000160,0.080167,11.330399,9.131507,0.000120,44.897444,13.405169,0.808049,288.038861,0.004451,6.474021,367.691716,374.170348,374.482814,0.312466,374.713762
693,vehicle2,1102.373000,1102.271000,575.770311,1,ok,29807,25124,1,0.267873,0.008884,0.000456,0.117424,12.569916,9.689082,0.000108,48.142211,13.518477,0.810957,269.124927,0.017152,7.433180,353.973102,361.423890,361.789416,0.365526,362.066173
694,vehicle2,1102.569000,1102.467000,576.585123,1,ok,29766,25134,1,0.125661,0.007213,0.000182,0.145156,14.918880,8.922676,0.000112,44.624442,12.508251,0.856448,275.857494,0.005025,6.911135,357.833459,364.749801,365.397325,0.647524,365.530199
695,vehicle2,1102.767000,1102.672000,577.400446,1,ok,29642,25048,1,0.256811,0.012372,0.000284,0.106767,13.959227,9.722593,0.000096,43.919298,14.297002,0.875926,274.218898,0.003809,7.375942,357.099807,364.479842,364.912023,0.432181,365.181206
696,vehicle2,1102.976000,1102.869000,578.250559,1,ok,29420,24841,1,0.150573,0.010929,0.000298,0.104049,17.378918,9.302002,0.000084,44.626065,12.465559,0.772215,272.105166,0.003745,7.368878,356.754058,364.126979,364.535348,0.408369,364.696850
697,vehicle2,1103.171000,1103.067000,579.028247,1,ok,29037,24441,1,0.250661,0.023250,0.000170,0.108008,11.169058,8.416435,0.000081,46.363865,14.587842,0.744525,264.138294,0.003476,7.048106,345.528108,352.579860,353.192468,0.612608,353.466379
698,vehicle2,1103.374000,1103.265000,579.808489,1,ok,28652,24098,1,0.132118,0.007423,0.000194,0.108464,9.774610,8.948149,0.000102,43.695705,14.656197,0.928618,236.246515,0.012742,7.148861,314.358360,321.520157,321.857084,0.336927,321.996625
699,vehicle2,1103.571000,1103.467000,580.656460,1,ok,28395,23903,1,0.228270,0.006621,0.000241,0.073851,21.970767,10.372635,0.000098,44.474197,14.331687,0.820787,266.600996,0.003796,8.661142,358.645018,367.310197,368.076110,0.765913,368.311001
700,vehicle2,1103.769000,1103.670000,581.401797,1,ok,28224,23748,1,0.258966,0.006717,0.000225,0.113195,11.848276,10.013621,0.000092,42.001409,12.204450,0.712735,221.561866,0.004476,6.357512,298.455644,304.817857,305.116755,0.298898,305.382438
701,vehicle2,1103.968000,1103.872000,582.260400,1,ok,28096,23586,1,0.247399,0.008068,0.000250,0.114628,8.740626,9.283119,0.000142,41.697909,13.608859,0.814205,221.802025,0.004304,8.386463,296.061513,304.452530,304.879814,0.427284,305.135281
702,vehicle2,1104.172000,1104.074000,583.119957,1,ok,27887,23404,1,0.123051,0.009726,0.000277,0.127301,13.971226,11.873226,0.000094,46.482920,12.915201,0.879136,265.310385,0.004238,6.628270,351.559489,358.192274,358.799603,0.607329,358.932380
703,vehicle2,1104.367000,1104.271000,583.890266,1,ok,27637,23191,1,0.089776,0.006966,0.000370,0.081889,12.328460,9.288887,0.000315,43.331509,12.203244,0.796126,224.043383,0.003582,6.074334,302.073813,308.152099,308.569454,0.417355,308.666196
704,vehicle2,1104.569000,1104.468000,584.669613,1,ok,27387,22988,1,0.137305,0.008737,0.000580,0.116385,11.863550,9.811039,0.000096,41.527881,11.029169,0.733305,226.933319,0.011349,7.897394,302.014744,309.924067,310.288636,0.364569,310.434678
705,vehicle2,1104.772000,1104.668000,585.460600,1,ok,27233,22815,1,0.121859,0.005093,0.000222,0.071758,19.369247,9.251479,0.000101,43.553845,10.855507,2.043648,217.532994,0.004182,6.174937,302.678579,308.857920,309.100822,0.242902,309.227774
706,vehicle2,1104.973000,1104.871000,586.275608,1,ok,27061,22598,1,0.239662,0.007433,0.000207,0.084797,12.870393,9.547865,0.000084,45.614863,11.189978,0.829887,215.261725,0.004662,8.072674,295.399592,303.477135,303.948897,0.471762,304.195992
707,vehicle2,1105.169000,1105.067000,587.115309,1,ok,26999,22525,1,0.207462,0.008443,0.000170,0.100550,13.560440,8.231958,0.000097,42.440499,11.904497,0.726419,237.846729,0.003967,10.102882,314.811189,324.918208,325.224492,0.306284,325.440397
708,vehicle2,1105.370000,1105.271000,587.941068,1,ok,26921,22442,1,0.245987,0.008119,0.000178,0.085458,16.403135,8.185425,0.000092,44.111764,13.220159,0.734844,215.998211,0.005290,6.974038,298.739088,305.718594,307.397722,1.679128,307.651828
709,vehicle2,1105.573000,1105.478000,588.747828,1,ok,27010,22492,1,0.126876,0.005619,0.000218,0.113568,12.089730,10.097440,0.000168,42.590927,13.352084,0.711311,231.649355,0.012533,6.433022,310.604583,317.050356,317.338618,0.288262,317.471113
710,vehicle2,1105.772000,1105.672000,589.542012,1,ok,27239,22600,1,0.137461,0.005795,0.000228,0.062039,15.985621,13.342080,0.000156,42.528387,15.573209,0.720112,240.811139,0.004149,6.988956,329.022743,336.016076,336.491483,0.475407,336.634739
711,vehicle2,1105.973000,1105.871000,590.347870,1,ok,27480,22719,1,0.106145,0.007627,0.000209,0.103483,14.082683,9.600392,0.000177,43.463969,14.184968,0.869508,245.044154,0.004640,6.536027,327.349334,333.890210,334.505275,0.615065,334.619047
712,vehicle2,1106.170000,1106.067000,591.184060,1,ok,27707,22868,1,0.210124,0.005726,0.000219,0.071475,15.458688,9.452000,0.000103,46.820499,14.637416,0.951311,267.029933,0.003689,6.404593,354.421425,360.829926,361.665121,0.835195,361.880971
713,vehicle2,1106.369000,1106.271000,592.027640,1,ok,27879,23027,1,0.119013,0.004904,0.000162,0.063638,18.120694,7.740985,0.000206,47.548218,14.077321,0.727950,258.068815,0.011306,7.188430,346.347827,353.547725,354.553917,1.006192,354.677834
714,vehicle2,1106.581000,1106.475000,592.844284,1,ok,27968,23145,1,0.237932,0.006864,0.000162,0.108832,15.324031,9.383319,0.000075,43.832289,12.903663,0.718505,284.938098,0.033650,7.150491,367.208812,374.393115,374.852372,0.459257,375.097168
715,vehicle2,1106.829000,1106.670000,593.689281,1,ok,28276,23455,1,0.565621,0.012415,0.000230,0.091172,20.100984,9.057200,0.000087,47.339302,14.559991,0.704482,303.319150,0.004126,7.336575,395.172368,402.513299,402.919552,0.406253,403.497588
716,vehicle2,1107.027000,1106.869000,594.472843,1,ok,28552,23808,1,0.189663,0.008795,0.000184,0.112895,16.143016,9.233261,0.000211,45.451266,15.472345,0.716947,316.086565,0.003360,6.911302,403.216506,410.131352,410.395577,0.264225,410.594035
717,vehicle2,1107.256000,1107.069000,595.359100,1,ok,28937,24205,1,0.246815,0.007614,0.000208,0.096084,26.935724,7.814251,0.000115,46.597723,15.333398,0.936595,395.448315,0.004721,7.515282,493.162205,500.682416,501.740581,1.058165,501.995010
718,vehicle2,1107.454000,1107.273000,596.117867,1,ok,29096,24408,1,0.149282,0.007251,0.000240,0.101723,14.988199,8.686215,0.000117,46.190313,19.332132,0.725927,361.275045,0.003320,6.125293,451.299671,457.428524,458.092447,0.663923,458.248980
719,vehicle2,1107.656000,1107.474000,596.911161,1,ok,29200,24602,1,0.152226,0.007440,0.000155,0.150027,20.572872,9.622687,0.000114,43.966639,13.102526,0.880567,366.092560,0.015213,7.478470,454.387992,461.881830,462.290667,0.408837,462.450333
720,vehicle2,1107.836000,1107.674000,597.680571,1,ok,29359,24885,1,0.380461,0.006946,0.000209,0.109477,13.803664,14.603107,0.000081,37.890179,13.946050,0.719333,323.037227,0.002608,7.909176,404.109118,412.021111,412.335798,0.314687,412.723205
721,vehicle2,1108.045000,1107.866000,598.482778,1,ok,29620,25134,1,0.146783,0.009806,0.000226,0.126364,12.744402,7.619542,0.000090,40.127966,13.306887,0.751930,345.087617,0.003584,10.507284,419.764798,430.275892,430.969363,0.693471,431.125952
722,vehicle2,1108.217000,1108.070000,599.243252,1,ok,29886,25407,1,0.254408,0.006108,0.000281,0.098228,21.944637,7.608198,0.000104,38.239568,12.649090,0.771288,330.644946,0.003911,7.568055,411.956059,419.528306,420.565662,1.037356,420.826178
723,vehicle2,1108.452000,1108.271000,600.058504,1,ok,30178,25743,1,0.232704,0.006813,0.000157,0.086729,12.354061,7.334239,0.000091,45.414447,17.482403,0.938317,342.752578,0.004112,7.289819,426.362865,433.656953,434.898613,1.241660,435.138130
724,vehicle2,1108.655000,1108.468000,600.910219,1,ok,30171,25984,1,0.143532,0.007384,0.000199,0.121276,31.216075,7.170122,0.000095,44.282466,17.025711,0.854001,409.476031,0.009313,6.627379,510.145777,516.782668,518.148106,1.365438,518.299022
725,vehicle2,1108.854000,1108.668000,601.702423,1,ok,29962,25965,1,0.276522,0.007171,0.000292,0.118236,16.975798,7.942469,0.000074,45.515102,14.280019,0.706233,376.881958,0.014200,11.667380,462.419889,474.101761,474.442269,0.340508,474.725962
726,vehicle2,1109.048000,1108.872000,602.458708,1,ok,29829,25766,1,0.233310,0.006205,0.000172,0.097648,14.515742,7.158878,0.000090,41.975186,14.614846,0.784921,358.424558,0.002796,7.585147,437.571869,445.159984,445.636768,0.476784,445.876283
727,vehicle2,1109.260000,1109.078000,603.354290,1,ok,29592,25491,1,0.277114,0.014087,0.000248,0.117270,24.368964,7.021016,0.000087,59.730607,16.903912,0.869000,421.363885,0.003976,6.580400,530.374741,536.959365,537.558770,0.599405,537.849971
728,vehicle2,1109.454000,1109.269000,604.107155,1,ok,29275,25248,1,0.141326,0.004936,0.000207,0.067179,16.569064,7.174443,0.000098,44.825043,13.188421,0.699484,408.921710,0.007889,8.412819,491.445442,499.866357,500.236138,0.369781,500.382400
729,vehicle2,1109.654000,1109.470000,604.843951,1,ok,29055,25095,1,0.263889,0.007599,0.000261,0.121209,15.769936,7.266707,0.000088,43.283053,13.558493,0.704871,386.261439,0.004634,8.229262,466.965796,475.199953,475.682215,0.482262,475.953703
730,vehicle2,1109.854000,1109.670000,605.576305,1,ok,28985,25039,1,0.144783,0.011328,0.000148,0.068070,12.499510,8.115374,0.000080,42.456145,11.382185,0.797138,359.200168,0.074168,9.318158,434.518670,443.911144,444.488109,0.576965,444.644220
731,vehicle2,1110.040000,1109.870000,606.341549,1,ok,28509,24842,1,0.142502,0.011123,0.000104,0.107500,14.410293,6.843178,0.000075,43.802482,14.619802,0.721848,347.897060,0.010496,7.898147,428.402238,436.310985,436.884248,0.573263,437.037873
732,vehicle2,1110.255000,1110.068000,607.120823,1,ok,27753,24463,1,0.251112,0.007122,0.000172,0.107265,14.859276,7.750175,0.000107,41.720706,15.711313,0.806285,335.337848,0.013437,7.830475,416.292975,424.137059,424.624222,0.487163,424.882456
733,vehicle2,1110.391000,1110.271000,607.819814,1,ok,27139,24021,1,0.238169,0.006787,0.000180,0.096991,12.635316,7.640407,0.000113,39.170121,13.062375,0.953044,276.862326,0.004803,6.925452,350.420693,357.351128,357.944535,0.593407,358.189491
734,vehicle2,1110.583000,1110.469000,608.574493,1,ok,26861,23732,1,0.151309,0.020053,0.000132,0.073753,14.109812,7.674319,0.000129,39.196702,11.368123,1.981478,260.576545,0.004717,8.756559,334.980861,343.742269,344.381598,0.639329,344.552960
735,vehicle2,1110.835000,1110.674000,609.375798,1,ok,26759,23531,1,0.313283,0.008991,0.000161,0.092558,15.491857,7.567611,0.000158,40.264704,12.078857,0.895974,308.878218,0.009641,9.681187,385.269937,394.960926,395.702207,0.741281,396.024481
736,vehicle2,1111.050000,1110.871000,610.153670,1,ok,26471,23228,1,0.122324,0.010120,0.000323,0.096424,19.312066,7.360430,0.000101,45.309462,14.200037,0.894013,325.495918,0.012280,7.208429,412.668451,419.889483,420.479356,0.589873,420.611800
737,vehicle2,1111.209000,1111.071000,610.886009,1,ok,25872,22731,1,0.106536,0.010616,0.000202,0.100270,12.171228,7.865025,0.000116,38.832516,12.120403,0.745789,309.930786,0.022912,8.018412,381.766133,389.807659,390.341440,0.533781,390.458592
738,vehicle2,1111.412000,1111.273000,611.661358,1,ok,25280,22146,1,0.103777,0.008749,0.000198,0.132552,12.623166,9.329381,0.000076,40.959492,12.955328,0.866890,306.959468,0.005075,7.422213,383.826353,391.253839,391.907480,0.653641,392.020006
739,vehicle2,1111.654000,1111.470000,612.499846,1,ok,25023,21808,1,0.078758,0.007072,0.000228,0.061319,12.698533,9.107251,0.000146,45.738072,12.440131,0.722554,358.245263,0.004913,6.744161,439.013269,445.762571,446.186962,0.424391,446.272792
740,vehicle2,1111.831000,1111.669000,613.218596,1,ok,25116,21674,1,0.241400,0.006970,0.000217,0.092322,14.330272,8.090192,0.000212,39.195862,12.973359,0.728527,321.568633,0.004628,8.611624,396.979379,405.595848,406.067271,0.471423,406.315641
741,vehicle2,1112.018000,1111.873000,613.987033,1,ok,25413,21729,1,0.237879,0.008940,0.000402,0.102647,13.226831,7.053090,0.000103,42.700695,13.762932,0.953083,329.457335,0.009381,6.899469,407.256716,414.165968,414.921972,0.756004,415.168791
742,vehicle2,1112.225000,1112.071000,614.764766,1,ok,25378,21622,1,0.100009,0.006844,0.000303,0.105343,10.635154,8.666639,0.000127,43.399972,14.986554,0.809076,327.663970,0.023026,8.863567,406.266835,415.153731,415.587616,0.433885,415.694469
743,vehicle2,1112.455000,1112.269000,615.527339,1,ok,25272,21505,1,0.365412,0.008928,0.000181,0.090698,10.850474,7.281086,0.000217,41.407264,13.682126,0.761143,338.493532,0.011686,6.725473,412.566540,419.303880,419.994885,0.691005,420.369225
744,vehicle2,1112.643000,1112.470000,616.288591,1,ok,25145,21380,1,0.090379,0.007117,0.000229,0.094534,12.396479,9.488939,0.000076,41.576206,12.020820,0.829491,333.363619,0.003961,7.718235,409.770164,417.492589,418.075416,0.582827,418.172912
745,vehicle2,1112.834000,1112.668000,617.051212,1,ok,25174,21354,1,0.490961,0.012796,0.000267,0.139945,18.924904,8.110391,0.000100,41.295201,13.847507,0.727879,317.808820,0.004019,7.481008,400.854747,408.340041,408.658329,0.318288,409.162086
746,vehicle2,1113.038000,1112.871000,617.809748,1,ok,25199,21402,1,0.190643,0.007215,0.000202,0.090669,14.421943,10.038088,0.000081,41.890783,13.180465,0.842162,325.284864,0.002985,7.774363,405.749055,413.526605,414.007593,0.480988,414.205451
747,vehicle2,1113.208000,1113.070000,618.556237,1,ok,25249,21457,1,0.199437,0.006091,0.000109,0.054972,11.345363,8.887525,0.000135,46.710305,14.005446,0.710031,321.587683,0.003887,7.848750,403.301460,411.154206,411.618753,0.464547,411.824281
748,vehicle2,1113.454000,1113.271000,619.385907,1,ok,25214,21398,1,0.125376,0.008008,0.000327,0.094011,13.415142,10.451320,0.000121,49.947569,14.107758,0.794291,322.181747,0.022808,8.454353,410.991959,419.469447,420.009683,0.540236,420.143067
749,vehicle2,1113.625000,1113.477000,620.106260,1,ok,25148,21387,1,0.206859,0.005633,0.000122,0.055624,12.274984,8.083337,0.000080,44.624673,14.950387,0.785865,315.773621,0.003959,9.365046,396.548571,405.917698,406.478363,0.560665,406.690855
750,vehicle2,1113.834000,1113.675000,620.905656,1,ok,25136,21716,1,0.289863,0.008027,0.000237,0.063789,14.694455,6.837984,0.000129,49.570269,15.299805,0.733507,330.681863,0.022173,8.397769,417.881801,426.301980,426.748235,0.446255,427.046125
751,vehicle2,1114.055000,1113.870000,621.761769,1,ok,25181,21942,1,0.121560,0.010537,0.000335,0.086695,17.519682,6.846222,0.000107,53.001293,17.716192,0.781188,368.433784,0.011614,8.150319,464.385163,472.547431,473.105675,0.558244,473.237772
752,vehicle2,1114.256000,1114.072000,622.507481,1,ok,25147,22210,1,0.156230,0.007165,0.000243,0.066341,17.395429,7.969933,0.000084,47.548460,13.999043,0.767925,359.227881,0.005636,8.508742,446.975096,455.489717,455.812801,0.323084,455.976196
753,vehicle2,1114.455000,1114.272000,623.274796,1,ok,25068,22377,1,0.252003,0.027742,0.000240,0.099075,20.773711,7.602159,0.000095,44.339825,16.856239,0.987915,361.157367,0.037356,8.318162,451.816386,460.172144,460.999604,0.827460,461.279349
754,vehicle2,1114.655000,1114.471000,624.057043,1,ok,25084,22557,1,0.118116,0.010348,0.000189,0.087107,23.185108,7.452984,0.000079,47.538242,16.567083,0.946463,369.402746,0.012252,8.449459,465.179812,473.641712,474.430578,0.788866,474.559042
755,vehicle2,1114.854000,1114.671000,624.813234,1,ok,25187,22708,1,0.107681,0.011331,0.000261,0.085732,12.347946,8.119105,0.000101,43.205015,13.421376,0.736038,370.816092,0.013376,7.749790,448.731405,456.494832,457.272978,0.778146,457.391990
756,vehicle2,1115.056000,1114.866000,625.559910,1,ok,25366,22935,1,0.207155,0.004776,0.000188,0.060480,13.996858,7.386383,0.000161,43.969710,14.592313,0.933920,361.534968,0.013141,7.204040,442.474793,449.692162,450.360294,0.668132,450.572225
757,vehicle2,1115.256000,1115.070000,626.369085,1,ok,25455,23057,1,0.256489,0.011647,0.000299,0.098056,15.407665,7.312647,0.000126,46.499688,16.495816,0.707256,387.681239,0.004147,6.462951,474.202493,480.669890,480.983033,0.313143,481.251169
758,vehicle2,1115.454000,1115.267000,627.108717,1,ok,25519,23157,1,0.228340,0.022418,0.000531,0.075155,14.050043,8.191661,0.000130,46.288024,17.194442,0.976462,382.009240,0.009487,11.321617,468.785157,480.116792,480.673799,0.557007,480.924557
759,vehicle2,1115.655000,1115.471000,627.863158,1,ok,25626,23252,1,0.194968,0.009062,0.000154,0.085485,15.784562,8.134166,0.000087,43.704598,15.799564,0.744457,383.864663,0.032290,9.423262,468.117582,477.573288,478.094171,0.520883,478.298201
760,vehicle2,1115.854000,1115.672000,628.645762,1,ok,25749,23370,1,0.114209,0.006643,0.000131,0.081610,16.915698,8.420708,0.000120,44.474236,18.499826,0.892614,388.088695,0.016708,6.329720,477.373507,483.720066,484.445798,0.725732,484.566650
761,vehicle2,1116.061000,1115.866000,629.447700,1,ok,25865,23551,1,0.215438,0.022890,0.000200,0.093642,16.447710,9.185602,0.000132,60.418723,21.659030,0.745129,398.064487,0.004462,7.688617,506.614455,514.307734,514.866749,0.559015,515.105077
762,vehicle2,1116.254000,1116.072000,630.162014,1,ok,25961,23735,1,0.205683,0.004479,0.000181,0.056760,20.536177,8.004211,0.000104,44.842977,14.614102,0.724914,407.382300,0.027218,8.509956,496.161545,504.698900,505.258843,0.559943,505.469005
763,vehicle2,1116.454000,1116.269000,630.901809,1,ok,26059,23811,1,0.135249,0.009844,0.000320,0.117326,20.790989,9.281896,0.000082,54.874198,15.520937,0.728796,396.509969,0.004320,7.934845,497.824193,505.763678,506.302515,0.538837,506.447608
764,vehicle2,1116.655000,1116.471000,631.635591,1,ok,26171,23836,1,0.343488,0.009469,0.000354,0.104167,13.107783,7.607222,0.000250,43.034716,13.855652,1.017772,391.455534,0.011907,7.458072,470.183096,477.653429,478.141530,0.488101,478.494487
765,vehicle2,1116.845000,1116.671000,632.374476,1,ok,26294,23920,1,0.118878,0.008116,0.000292,0.089385,11.761560,6.472230,0.000083,42.819325,13.599555,0.711537,375.435831,0.003033,8.545310,450.889506,459.438141,459.938115,0.499974,460.065109
766,vehicle2,1117.054000,1116.875000,633.187033,1,ok,26425,24060,1,0.111249,0.011696,0.000379,0.084179,13.606850,8.156784,0.000090,44.323494,12.917834,0.720912,389.039089,0.004709,6.182306,468.849232,475.036626,475.359164,0.322538,475.482109
767,vehicle2,1117.254000,1117.074000,633.933337,1,ok,26434,24048,1,0.131286,0.007560,0.000182,0.072387,13.641511,8.534521,0.000122,47.438539,15.967018,0.713060,395.279639,0.004196,7.331217,481.646797,488.982392,489.727762,0.745370,489.866608
768,vehicle2,1117.455000,1117.270000,634.687356,1,ok,26383,23937,1,0.103191,0.006295,0.000362,0.093654,21.762130,7.944373,0.000114,45.045453,16.361234,0.778913,377.096477,0.004999,8.018894,469.082348,477.106603,477.481707,0.375104,477.591193
769,vehicle2,1117.655000,1117.473000,635.431331,1,ok,26439,23940,1,0.111221,0.012925,0.000237,0.102328,14.525118,9.209315,0.000136,46.538865,18.293485,0.896593,378.710137,0.013410,6.129455,468.275977,474.419079,474.776865,0.357786,474.901011
770,vehicle2,1117.855000,1117.672000,636.184127,1,ok,26466,23941,1,0.105841,0.007458,0.000261,0.096233,12.026007,8.796261,0.000114,44.334453,14.653836,0.728893,368.392044,0.003804,7.736777,449.027841,456.768683,457.193077,0.424394,457.306376
771,vehicle2,1118.054000,1117.870000,636.926589,1,ok,26563,24040,1,0.317568,0.011147,0.000204,0.090423,11.316669,8.139659,0.000091,42.357772,12.204091,0.717043,377.179561,0.015733,7.475180,452.005309,459.496426,459.874864,0.378438,460.203579
772,vehicle2,1118.255000,1118.069000,637.701337,1,ok,26582,24064,1,0.114613,0.008551,0.000261,0.121180,16.293979,9.052969,0.000110,42.722322,11.222722,0.778608,387.877646,0.006766,10.205176,468.069536,478.281739,478.924322,0.642583,479.047486
773,vehicle2,1118.454000,1118.272000,638.419976,1,ok,26600,24066,1,0.134932,0.006551,0.000270,0.095943,8.223908,7.282248,0.000074,42.300941,13.204478,0.753616,346.974288,0.003864,7.274776,418.835496,426.114406,426.723518,0.609112,426.865001
774,vehicle2,1118.656000,1118.469000,639.183444,1,ok,26656,24088,1,0.130439,0.006733,0.000287,0.103051,11.037334,9.406977,0.000116,53.178818,12.143648,0.943962,348.842944,0.017728,6.715004,435.656850,442.389869,442.793158,0.403289,442.930330
775,vehicle2,1118.852000,1118.674000,639.926714,1,ok,26657,24022,1,0.132807,0.010254,0.000275,0.112360,12.856575,8.085708,0.000169,44.248907,13.043374,0.885492,370.154344,0.005672,8.702930,449.386929,458.095806,458.670543,0.574737,458.813604
776,vehicle2,1119.053000,1118.871000,640.642428,1,ok,26653,23955,1,0.294038,0.006505,0.000176,0.059137,16.813938,7.421974,0.000119,42.679113,12.791950,0.849751,356.767727,0.004981,7.021540,437.383709,444.410406,445.088011,0.677605,445.388554
777,vehicle2,1119.256000,1119.072000,641.392817,1,ok,26637,23873,1,0.231062,0.007338,0.000180,0.099700,11.418626,15.942067,0.000102,46.213440,13.419863,0.744275,340.603286,0.020400,7.240258,428.441359,435.702197,436.247155,0.544958,436.485555
778,vehicle2,1119.440000,1119.272000,642.099391,1,ok,26614,23837,1,0.152851,0.006737,0.000214,0.079354,9.244805,9.161672,0.000106,41.715042,14.769409,0.992195,315.057674,0.003190,8.749814,391.020257,399.773475,400.342490,0.569015,400.502078
779,vehicle2,1119.654000,1119.470000,642.883911,1,ok,26572,23788,1,0.098866,0.008661,0.000256,0.109670,11.778794,9.696551,0.000089,43.925710,13.432292,0.727311,341.027605,0.003807,7.445483,420.698022,428.147568,428.438323,0.290755,428.545850
780,vehicle2,1119.855000,1119.669000,643.661113,1,ok,26570,23726,1,0.274531,0.014492,0.000194,0.090454,11.011752,9.409555,0.000103,43.356328,13.798603,0.746681,348.732106,0.020961,8.524973,427.145582,435.691710,436.212141,0.520431,436.501164
781,vehicle2,1120.040000,1119.869000,644.401861,1,ok,26605,23591,1,0.204896,0.007514,0.000239,0.089839,11.240746,8.172446,0.000098,47.208590,14.885331,0.724798,338.656197,0.004470,8.932757,420.978045,429.915511,430.193269,0.277758,430.405679
782,vehicle2,1120.253000,1120.069000,645.164581,1,ok,26512,23345,1,0.115661,0.009711,0.000379,0.115325,18.816157,11.138358,0.000202,45.779500,13.707958,0.718096,331.328078,0.006217,8.845276,421.603674,430.455546,431.043480,0.587934,431.168852
783,vehicle2,1120.455000,1120.273000,645.901422,1,ok,26433,23270,1,0.284392,0.009025,0.000186,0.099306,13.659074,10.046803,0.000075,43.340236,14.122084,0.815450,321.158534,0.021660,7.169643,403.241562,410.433051,410.985492,0.552441,411.278909
784,vehicle2,1120.641000,1120.469000,646.631642,1,ok,26358,23210,1,0.113940,0.007171,0.000402,0.107865,11.746860,18.731548,0.000151,42.329115,13.858964,0.727990,314.186451,0.004135,7.525681,401.688944,409.219162,409.555892,0.336730,409.677003
785,vehicle2,1120.840000,1120.672000,647.369501,1,ok,26221,23072,1,0.248079,0.005852,0.000209,0.093842,13.948249,11.304604,0.000129,40.966651,10.201162,0.733173,305.052138,0.003941,7.419901,382.299948,389.723999,390.117381,0.393382,390.371312
786,vehicle2,1121.054000,1120.870000,648.204015,1,ok,26086,22944,1,0.230416,0.007747,0.000279,0.098949,18.382371,12.492496,0.000131,61.117985,16.194800,0.921683,349.086358,0.029437,9.306375,458.294773,467.630864,468.159755,0.528891,468.397918
787,vehicle2,1121.255000,1121.071000,648.919207,1,ok,26051,22858,1,0.275126,0.006526,0.000201,0.099494,12.139347,10.909158,0.000097,43.904602,12.889036,0.727378,344.642507,0.004332,6.847430,425.311619,432.163582,432.601895,0.438313,432.883547
788,vehicle2,1121.449000,1121.272000,649.595904,1,ok,26010,22767,1,0.369159,0.009130,0.000268,0.091074,11.856594,10.199659,0.000113,44.144182,13.334488,0.875996,309.185134,0.003484,6.871523,389.687240,396.562515,397.407071,0.844556,397.785360
789,vehicle2,1121.654000,1121.481000,650.378883,1,ok,26064,22766,1,0.135453,0.008805,0.000273,0.101716,9.957343,10.722117,0.000101,47.033574,15.481321,0.928908,313.235644,0.003308,9.922164,397.460724,407.386469,407.784153,0.397684,407.928411
790,vehicle2,1121.855000,1121.675000,651.122937,1,ok,26051,22734,1,0.327106,0.041676,0.000232,0.104618,11.328205,8.473884,0.000139,42.476567,12.883245,0.728125,336.851829,0.004299,6.905039,412.846612,419.756182,420.078695,0.322513,420.447477
791,vehicle2,1122.055000,1121.868000,651.860155,1,ok,26001,22697,1,0.120474,0.015116,0.000286,0.098068,16.988096,9.117071,0.000089,44.582954,13.997994,0.935530,340.309840,0.044242,9.867339,426.029642,435.941509,436.718315,0.776806,436.853905
792,vehicle2,1122.254000,1122.065000,652.585803,1,ok,25904,22641,1,0.123751,0.005881,0.000363,0.093992,9.773000,10.331688,0.000109,45.584944,11.879384,0.709519,320.198921,0.003420,7.059036,398.571557,405.634376,405.957452,0.323076,406.087084
793,vehicle2,1122.455000,1122.267000,653.305905,1,ok,25852,22599,1,0.127406,0.010069,0.000225,0.108661,9.874441,10.319936,0.000107,42.578744,10.727049,0.885244,325.825842,0.003470,7.606096,400.320024,407.929815,408.319455,0.389640,408.456930
794,vehicle2,1122.646000,1122.469000,654.029548,1,ok,25797,22527,1,0.126583,0.007235,0.000250,0.064849,7.951152,8.720868,0.000312,42.225224,10.504548,0.869736,325.570315,0.003899,9.516056,395.907004,405.427209,406.174110,0.746901,406.307928
795,vehicle2,1122.855000,1122.668000,654.794928,1,ok,25739,22496,1,0.226622,0.008466,0.000175,0.093974,9.514873,11.085182,0.000075,43.032247,9.642325,0.757264,325.490484,0.003816,6.575903,399.616424,406.196318,406.427696,0.231378,406.662784
796,vehicle2,1123.055000,1122.871000,655.521016,1,ok,25578,22418,1,0.253234,0.007547,0.000304,0.057468,12.874503,11.646635,0.000114,45.300173,13.755371,1.067449,318.156215,0.010909,9.179714,402.857928,412.048855,412.390840,0.341985,412.651621
797,vehicle2,1123.255000,1123.071000,656.235534,1,ok,25433,22394,1,0.132982,0.008435,0.000337,0.113350,14.144436,11.137286,0.000117,43.714221,14.156453,0.845487,307.657233,0.004054,9.286022,391.768583,401.058996,401.590554,0.531558,401.731971
798,vehicle2,1123.456000,1123.273000,656.972386,1,ok,25185,22239,1,0.116042,0.010267,0.000223,0.088529,9.538688,9.157301,0.000084,44.965538,9.688254,0.700100,302.687508,0.003083,6.854609,376.826002,383.683917,384.102029,0.418112,384.228338
799,vehicle2,1123.655000,1123.472000,657.690748,1,ok,25091,22210,1,0.088453,0.007389,0.000248,0.099921,15.207677,13.660689,0.000117,45.078807,14.329711,0.824498,298.297999,0.005478,6.474429,387.499419,393.979574,394.509531,0.529957,394.605373
800,vehicle2,1123.854000,1123.673000,658.416673,1,ok,25047,22240,1,0.207297,0.005126,0.000234,0.064046,8.987448,13.520741,0.000178,42.121624,13.377339,0.733363,282.990513,0.003740,7.242348,361.795252,369.041574,369.402035,0.360461,369.614458
801,vehicle2,1124.015000,1123.873000,659.107287,1,ok,24995,22259,1,0.283614,0.010870,0.000209,0.092333,8.968497,9.549760,0.000093,42.804539,9.052613,0.718466,272.665925,0.005494,7.883614,343.852226,351.741543,352.394313,0.652770,352.688797
802,vehicle2,1124.215000,1124.078000,659.836894,1,ok,24890,22233,1,0.107248,0.011842,0.000525,0.082244,9.911785,10.853314,0.000108,39.006489,11.654784,0.809882,273.726120,0.014659,8.412529,346.044726,354.472439,354.896900,0.424461,355.015990
803,vehicle2,1124.448000,1124.270000,660.592335,1,ok,24828,22261,1,0.558945,0.012735,0.000273,0.091897,11.332799,9.493299,0.000122,45.032769,13.095309,0.730566,284.424188,0.004071,7.764105,364.200949,371.969398,372.307491,0.338093,372.879171
804,vehicle2,1124.642000,1124.470000,661.309698,1,ok,24890,22305,1,0.246147,0.007417,0.000168,0.083415,9.637359,10.563328,0.000079,47.314585,12.706677,0.724717,287.807548,0.004229,8.719625,368.837708,377.561730,377.940614,0.378884,378.194178
805,vehicle2,1124.831000,1124.676000,662.041394,1,ok,25027,22408,1,0.119808,0.007665,0.000217,0.093178,8.281744,11.304415,0.000113,41.426286,11.375882,0.837668,279.371567,0.026743,8.643762,352.690853,361.361575,361.718717,0.357142,361.846190
806,vehicle2,1125.019000,1124.867000,662.778231,1,ok,25343,22587,1,0.118097,0.007070,0.000292,0.099800,9.177526,11.141051,0.000100,43.262558,9.586074,0.704768,276.897768,0.004617,7.820570,350.869645,358.695124,359.074461,0.379337,359.199628
807,vehicle2,1125.239000,1125.067000,663.525629,1,ok,25555,22706,1,0.127176,0.007375,0.000244,0.103104,8.681950,9.300259,0.000105,56.406268,10.107049,0.959774,281.620891,0.043040,7.076433,367.179400,374.299117,374.655607,0.356490,374.790158
808,vehicle2,1125.406000,1125.272000,664.214490,1,ok,25724,22777,1,0.470342,1.264423,0.000310,0.098131,8.282241,11.035144,0.000090,43.108730,9.964699,0.928230,270.617058,0.002924,7.867278,344.034323,351.904835,352.352770,0.447935,354.087535
809,vehicle2,1125.605000,1125.468000,664.953833,1,ok,25804,22800,1,0.240226,0.007130,0.000187,0.099725,8.609907,10.952042,0.000138,41.182278,8.550040,0.706190,290.879744,0.004607,7.216449,360.980064,368.201307,368.481262,0.279955,368.728618
810,vehicle2,1125.841000,1125.673000,665.690408,1,ok,25936,22880,1,0.287063,0.015113,0.000218,0.110437,10.073151,9.202344,0.000092,41.303770,10.795046,0.834115,276.155086,0.014970,7.588309,348.474041,356.077538,356.558321,0.480783,356.860497
811,vehicle2,1126.011000,1125.874000,666.385612,1,ok,25970,22888,1,0.211564,0.008100,0.000183,0.093413,9.492309,12.370920,0.000135,44.511745,9.881780,0.950660,259.722977,0.003040,6.742245,337.023939,343.769407,344.139076,0.369669,344.358740
812,vehicle2,1126.191000,1126.070000,667.105548,1,ok,25955,22831,1,0.208889,0.006332,0.000177,0.094429,7.999445,10.903236,0.000101,40.953848,8.263216,0.855686,258.022373,0.006490,8.457619,327.092334,335.556620,335.869239,0.312619,336.084460
813,vehicle2,1126.428000,1126.275000,667.858402,1,ok,25876,22675,1,0.228500,0.005681,0.000199,0.070090,22.231929,9.285345,0.000110,46.949411,11.230247,0.850191,262.189139,0.032990,7.622207,352.806462,360.461858,360.836938,0.375080,361.071119
814,vehicle2,1126.599000,1126.471000,668.553546,1,ok,25676,22370,1,0.137367,0.009314,0.000397,0.110969,9.383267,11.086956,0.000094,41.509591,9.705716,0.935505,253.583717,0.004222,8.645622,326.315815,334.966056,335.362406,0.396350,335.509087
815,vehicle2,1126.799000,1126.670000,669.283454,1,ok,25486,22168,1,0.131270,0.007584,0.000179,0.087592,9.852630,11.083597,0.000126,42.894336,9.876233,0.720274,248.571887,0.003577,7.472148,323.086675,330.562579,330.938945,0.376366,331.077799
816,vehicle2,1127.001000,1126.866000,670.011346,1,ok,25261,21957,1,0.124785,0.005202,0.000127,0.057497,9.566138,11.014918,0.000124,48.735956,11.397494,0.971493,239.231808,0.013016,9.151217,320.975428,330.139788,330.744904,0.605116,330.874891
817,vehicle2,1127.177000,1127.071000,670.740218,1,ok,24856,21540,1,0.240844,0.114726,0.000203,0.088904,10.083877,9.936928,0.000081,44.799409,11.004583,0.716664,246.955510,0.003123,7.227686,323.585956,330.816968,331.107562,0.290594,331.463132
818,vehicle2,1127.398000,1127.267000,671.496062,1,ok,24689,21316,1,0.218961,0.006524,0.000163,0.091844,16.730110,10.933875,0.000204,45.329951,13.296099,0.774360,244.134320,0.003904,7.743074,331.290763,339.037904,339.498043,0.460139,339.723528
819,vehicle2,1127.601000,1127.472000,672.222442,1,ok,24677,21262,1,0.127358,0.009029,0.000235,0.099781,10.104798,10.187689,0.000123,44.816711,10.919956,0.701588,264.486428,0.022320,7.967627,341.317074,349.307256,349.727687,0.420431,349.864074
820,vehicle2,1127.797000,1127.671000,672.935732,1,ok,24666,21220,1,0.106203,0.004189,0.000197,0.062415,7.186061,9.439890,0.000085,39.738491,9.991327,0.782888,247.302739,0.006413,8.498767,314.503896,323.009273,323.365539,0.356266,323.475931
821,vehicle2,1128.002000,1127.871000,673.677282,1,ok,24668,21229,1,0.172550,0.004551,0.000205,0.055849,6.987528,11.119952,0.000075,40.567779,11.489625,0.894274,255.653240,0.003021,7.873264,326.768322,334.644812,335.340049,0.695237,335.517150
822,vehicle2,1128.234000,1128.075000,674.420967,1,ok,24778,21310,1,0.223233,0.007119,0.000225,1.200028,8.397413,9.530604,0.000079,43.632058,11.307981,0.706531,265.669968,0.003714,8.387639,340.444662,348.836240,349.308791,0.472551,349.539143
823,vehicle2,1128.432000,1128.272000,675.110681,1,ok,24986,21497,1,0.106709,0.007901,0.000145,0.084896,7.611804,9.638253,0.000093,42.756292,8.309598,0.720050,274.699747,0.004606,6.729688,343.820733,350.555172,350.810815,0.255643,350.925425
824,vehicle2,1128.657000,1128.473000,675.844325,1,ok,25077,21538,1,0.111579,0.009670,0.000236,0.095081,11.527879,11.064095,0.000115,43.119981,10.334042,0.794938,290.161989,0.019160,7.492884,367.098120,374.610400,375.217834,0.607434,375.339083
825,vehicle2,1128.857000,1128.674000,676.531990,1,ok,25135,21548,1,0.104578,0.014422,0.000283,0.092215,9.189520,10.605859,0.000133,41.389210,10.482570,0.863630,285.267168,0.010493,7.746507,357.890305,365.647588,366.385625,0.738037,366.504625
826,vehicle2,1129.046000,1128.872000,677.242514,1,ok,25199,21515,1,0.300415,0.007538,0.000189,0.093142,8.447234,11.131269,0.000096,47.018550,8.543494,0.988298,278.262430,0.003883,7.759053,354.484513,362.247638,362.625345,0.377707,362.933298
827,vehicle2,1129.256000,1129.073000,677.946233,1,ok,25287,21519,1,0.080178,0.012220,0.000199,0.056240,10.100524,13.302481,0.000091,42.845399,11.554352,1.129908,299.522246,0.004245,6.722352,378.511241,385.238037,386.497437,1.259400,386.589835
828,vehicle2,1129.456000,1129.271000,678.608665,1,ok,25410,21562,1,0.211556,0.008013,0.000222,0.096964,11.151023,11.982134,0.000107,42.847517,13.595833,0.841197,295.977928,0.003320,7.034188,376.492703,383.530433,384.325112,0.794679,384.544681
829,vehicle2,1129.658000,1129.472000,679.349962,1,ok,25410,21482,1,0.124475,0.007659,0.000270,0.097632,10.142186,12.564797,0.000132,61.462419,12.501507,0.770610,322.229996,0.023911,6.324442,419.769279,426.117902,426.373135,0.255233,426.505269
830,vehicle2,1129.855000,1129.671000,680.031404,1,ok,25670,21720,1,0.122085,0.008100,0.000313,0.110868,7.472876,8.913233,0.000273,45.279867,12.505265,0.849544,300.523058,0.004887,8.463363,375.654984,384.123547,384.599689,0.476142,384.729874
831,vehicle2,1130.059000,1129.876000,680.772770,1,ok,25979,22204,1,0.308823,0.008696,0.000349,0.096270,8.478043,10.380684,0.000116,44.706733,12.517112,0.772094,318.601876,0.002957,8.353388,395.552928,403.909622,404.294984,0.385362,404.612503
832,vehicle2,1130.254000,1130.076000,681.442033,1,ok,25988,22341,1,5.022381,0.016171,0.000120,0.089004,9.091026,9.616032,0.000111,41.876841,9.946915,0.893312,301.917131,0.006235,9.444229,373.430372,382.880956,383.895405,1.014449,388.933957
833,vehicle2,1130.457000,1130.273000,682.138305,1,ok,26168,22567,1,0.137647,0.006584,0.000188,0.080236,8.154096,8.876486,0.000091,44.874945,8.917516,0.742985,309.664917,0.004413,7.677995,381.311272,388.993868,389.264186,0.270318,389.408417
834,vehicle2,1130.657000,1130.478000,682.814457,1,ok,26416,22823,1,0.227208,0.010103,0.000188,0.081222,6.785600,9.465496,0.000080,42.026704,8.700076,1.034172,320.567699,0.004998,7.067052,388.661049,395.733287,396.252134,0.518847,396.489445
835,vehicle2,1130.857000,1130.672000,683.541370,1,ok,26457,22893,1,0.127298,0.012683,0.000165,0.091332,9.188549,10.586734,0.000152,41.935109,9.771694,0.846538,310.171175,0.014051,6.578775,382.591283,389.184274,389.448418,0.264144,389.588399
836,vehicle2,1131.057000,1130.870000,684.261130,1,ok,26350,22844,1,0.237259,0.007389,0.000283,0.097865,11.034176,10.235961,0.000148,42.111726,9.480527,1.270024,321.673714,0.005441,8.826280,395.904141,404.736145,405.492419,0.756274,405.737067
837,vehicle2,1131.258000,1131.073000,684.947755,1,ok,26487,23006,1,0.224480,0.007276,0.000193,0.096250,16.191472,9.703155,0.000105,44.131792,9.821485,0.701638,318.269007,0.003688,6.191922,398.914904,405.110707,405.425557,0.314850,405.657313
838,vehicle2,1131.456000,1131.273000,685.676207,1,ok,26527,23096,1,0.155614,4.779137,0.000389,0.155910,8.464436,10.354712,0.000136,45.083301,9.548660,0.731400,300.529012,0.004544,8.806565,374.867567,383.679065,384.150075,0.471010,389.084826
839,vehicle2,1131.657000,1131.471000,686.368687,1,ok,26604,23219,1,0.121017,0.007213,0.000228,0.100403,11.488612,11.653602,0.000103,45.476939,13.304117,0.842963,325.884076,0.003653,6.967108,408.750815,415.721804,416.296909,0.575105,416.425139
840,vehicle2,1131.856000,1131.667000,687.071468,1,ok,26536,23150,1,0.241824,0.006953,0.000156,0.097077,8.961941,8.955657,0.000130,44.600792,11.267004,0.769616,305.758052,0.003327,7.232761,380.410269,387.646513,388.163884,0.517371,388.412661
841,vehicle2,1132.056000,1131.872000,687.795165,1,ok,26513,23112,1,0.134032,0.009880,0.000258,0.091111,9.512246,9.058029,0.000082,41.309929,10.074440,0.838633,329.341369,0.023481,11.368160,400.225839,411.617738,412.450288,0.832550,412.594200
842,vehicle2,1132.254000,1132.070000,688.523851,1,ok,26395,22958,1,0.132692,0.007084,0.000154,0.065172,10.533197,9.206289,0.000082,44.894473,14.187471,0.873746,337.629853,0.003584,6.736216,417.390283,424.130237,424.554243,0.424006,424.694019
843,vehicle2,1132.452000,1132.273000,689.241915,1,ok,26548,23062,1,0.091175,0.007035,0.000269,0.094208,12.957872,12.157642,0.000122,43.968376,13.612661,0.847325,330.898286,0.003409,8.800479,414.536492,423.340649,423.701388,0.360739,423.799598
844,vehicle2,1132.655000,1132.472000,689.962729,1,ok,26845,23327,1,0.124751,0.005654,0.000143,0.065920,9.366998,9.816381,0.000103,44.083391,11.764431,0.873142,330.578047,0.004683,6.511006,406.548413,413.064245,413.718718,0.654473,413.849123
845,vehicle2,1132.857000,1132.670000,690.694426,1,ok,26855,23346,1,0.275641,0.006683,0.000185,0.105551,12.510678,8.813951,0.000078,44.048669,13.016368,0.699330,332.200182,0.003684,7.058556,411.394807,418.457232,419.207418,0.750186,419.489742
846,vehicle2,1133.055000,1132.874000,691.413957,1,ok,26885,23355,1,0.238944,0.034572,0.000209,0.101478,11.884257,10.614723,0.000091,45.890609,13.404666,0.807359,333.952948,0.003733,7.381408,416.656131,424.041481,425.167870,1.126389,425.441386
847,vehicle2,1133.257000,1133.072000,692.102907,1,ok,26827,23233,1,0.145198,0.008315,0.000285,0.114184,10.382016,12.144087,0.000103,41.847130,12.208795,0.848439,329.777870,0.012411,8.577212,407.322624,415.912532,416.941319,1.028787,417.094832
848,vehicle2,1133.456000,1133.271000,692.848645,1,ok,26804,23194,1,0.221495,0.021654,0.000212,0.101702,10.342967,10.101308,0.000200,39.965361,12.451225,0.946882,344.728957,0.004277,7.457144,418.638602,426.100235,426.824510,0.724275,427.067659
849,vehicle2,1133.658000,1133.469000,693.556343,1,ok,26643,23068,1,0.102429,0.006421,0.000195,0.103725,8.944972,10.427636,0.000084,43.692780,12.635156,0.894271,341.356503,0.004998,8.234321,418.055127,426.294641,427.111647,0.817006,427.220497
850,vehicle2,1133.854000,1133.671000,694.302111,1,ok,26722,23201,1,0.236675,0.007707,0.000319,0.097870,13.670753,10.011260,0.000104,43.273723,12.411165,0.706256,351.581198,0.010402,6.982162,431.752329,438.745212,438.987153,0.241941,439.231535
851,vehicle2,1134.057000,1133.866000,695.011240,1,ok,26668,23178,1,0.125363,1.278408,0.000319,0.085954,10.663689,8.820510,0.000127,44.570720,12.190721,0.820908,329.182061,0.012529,6.794351,406.334690,413.141889,414.122793,0.980904,415.526564
852,vehicle2,1134.257000,1134.073000,695.743714,1,ok,26708,23235,1,0.244927,0.007214,0.000291,0.093757,9.763842,10.519469,0.000104,42.857564,13.859366,0.938744,353.058382,0.013370,6.983077,431.091228,438.087966,438.473454,0.385488,438.725595
853,vehicle2,1134.456000,1134.277000,696.457680,1,ok,26645,23162,1,0.140825,0.008885,0.000239,0.118995,9.135097,10.222029,0.000124,44.213913,12.829158,0.730357,334.497557,0.006258,6.501679,411.747230,418.255406,418.725283,0.469877,418.874993
854,vehicle2,1134.657000,1134.477000,697.180009,1,ok,26716,23225,1,0.836544,0.012085,0.000415,0.124192,11.483799,10.237882,0.000260,41.992589,12.548625,0.709495,323.824060,0.017543,8.949193,400.920902,409.888053,410.491873,0.603820,411.340502
855,vehicle2,1134.858000,1134.673000,697.931668,1,ok,26704,23242,1,0.109751,0.008382,0.000288,0.103131,10.709595,10.249319,0.000131,41.388965,12.773629,0.804359,355.830485,0.004118,9.213240,431.859614,441.077260,441.379938,0.302678,441.498071
856,vehicle2,1135.057000,1134.871000,698.630834,1,ok,26626,23205,1,0.255179,0.008140,0.000202,0.100681,19.995816,9.026948,0.000085,49.067144,12.170923,0.934289,358.646200,0.003627,8.047493,449.942086,457.993408,458.376910,0.383502,458.640229
857,vehicle2,1135.258000,1135.075000,699.313421,1,ok,26576,23195,1,0.264875,0.012903,0.000264,0.098014,10.997730,9.397776,0.000135,43.268920,12.659114,0.891172,346.681119,0.021246,9.194067,423.993980,433.209557,434.101041,0.891484,434.378819
858,vehicle2,1135.458000,1135.274000,700.015207,1,ok,26612,23329,1,0.136783,0.005642,0.000179,0.061532,13.944483,11.322683,0.000084,44.259064,12.270660,0.727610,343.305712,0.004063,6.936145,425.891828,432.832215,433.104268,0.272053,433.246693
859,vehicle2,1135.659000,1135.476000,700.727503,1,ok,26532,23232,1,0.239418,0.008283,0.000160,0.097374,12.608267,11.193625,0.000087,46.096541,12.991065,1.073377,359.229884,0.004213,7.435184,443.290220,450.729777,451.446031,0.716254,451.693732
860,vehicle2,1135.861000,1135.675000,701.475801,1,ok,26417,23110,1,0.256914,0.009195,0.000251,0.098848,18.335620,9.482347,0.000077,46.888269,12.842467,0.851151,383.532912,0.009211,9.330772,472.031691,481.371925,482.164298,0.792373,482.430407
861,vehicle2,1136.058000,1135.878000,702.180810,1,ok,26279,22988,1,0.224269,0.007007,0.000160,0.095729,13.416706,11.858759,0.000151,60.344601,11.780180,0.741938,351.660712,0.028481,8.163456,449.898776,458.090873,458.579398,0.488525,458.810674
862,vehicle2,1136.258000,1136.074000,702.884945,1,ok,26278,22972,1,0.197611,0.007641,0.000151,0.078147,8.810608,8.934918,0.000078,43.639011,10.297458,0.726285,347.080114,0.038472,7.862673,419.566619,427.467915,428.038595,0.570680,428.243847
863,vehicle2,1136.464000,1136.276000,703.656310,1,ok,26222,22938,1,0.267013,0.009373,0.000180,0.121972,21.843886,12.243966,0.000145,44.761498,13.353840,0.923362,370.453966,0.005931,7.565436,463.702635,471.274182,472.295742,1.021560,472.572128
864,vehicle2,1136.658000,1136.477000,704.357148,1,ok,26233,22843,1,0.086987,0.008413,0.000231,0.123459,13.831327,10.207342,0.000097,47.958917,15.291425,0.735475,395.138416,0.003808,6.461187,483.286458,489.751684,490.035081,0.283397,490.130481
865,vehicle2,1136.857000,1136.676000,705.096179,1,ok,26398,22879,1,0.098308,0.007299,0.000295,0.095762,13.150959,11.881605,0.000127,49.975698,9.907523,0.764148,368.181217,0.005440,6.782174,453.957039,460.744948,461.042019,0.297071,461.147626
866,vehicle2,1137.057000,1136.872000,705.812660,1,ok,26535,22986,1,0.129233,0.006955,0.000369,0.125155,14.644354,14.316391,0.000183,43.692943,11.825517,0.716945,341.818409,0.004513,6.433062,427.139897,433.577841,433.869910,0.292069,434.006098
867,vehicle2,1137.242000,1137.075000,706.512613,1,ok,26730,23218,1,0.245109,0.008642,0.000268,0.107116,12.799676,9.917128,0.000086,45.004154,11.969670,0.778745,333.932919,0.005309,7.649172,414.509494,422.164243,422.582460,0.418217,422.836211
868,vehicle2,1137.458000,1137.268000,707.305104,1,ok,26691,23247,1,0.129555,0.009733,0.000302,0.120111,11.864948,8.589059,0.000073,40.602243,11.700667,0.718605,353.856507,0.068688,7.813493,427.452213,435.334696,436.315986,0.981290,436.455274
869,vehicle2,1137.658000,1137.474000,708.007799,1,ok,26736,23343,1,0.117657,0.014794,0.000196,0.079728,11.797770,10.814006,0.000077,42.542733,19.087552,0.767167,349.803038,0.005199,8.516859,434.892071,443.414325,444.118940,0.704615,444.251391
870,vehicle2,1137.856000,1137.677000,708.788222,1,ok,26737,23357,1,0.118622,0.536257,0.000327,0.100830,9.667865,9.255438,0.000134,42.659717,12.866146,0.714383,370.485806,0.011142,20.548868,445.750319,466.310656,467.505847,1.195191,468.160726
871,vehicle2,1138.071000,1137.872000,709.599464,1,ok,26853,23602,1,0.110147,0.007587,0.000182,0.063728,19.615285,9.548639,0.000133,46.454704,12.154966,0.766587,436.041624,0.016089,8.983367,524.645666,533.645304,534.041002,0.395698,534.158736
872,vehicle2,1138.265000,1138.080000,710.309205,1,ok,26815,23702,1,0.235445,0.009143,0.000198,0.099215,13.856219,12.408177,0.000092,41.478879,14.403478,0.956799,427.861941,0.004037,6.894731,511.064800,517.963766,518.828385,0.864619,519.072973
873,vehicle2,1138.468000,1138.273000,711.021058,1,ok,26647,23567,1,0.139917,0.006680,0.000174,0.091299,14.496994,11.262337,0.000088,44.403686,13.236126,1.028360,411.964076,0.013814,6.835654,496.482966,503.332608,503.788587,0.455979,503.935184
874,vehicle2,1138.657000,1138.478000,711.749929,1,ok,26617,23524,1,0.222509,0.007170,0.000222,0.093354,13.918028,9.263785,0.000090,42.315618,13.539341,0.950545,428.466761,0.004531,7.038499,508.547522,515.590774,516.437387,0.846613,516.667066
875,vehicle2,1138.858000,1138.675000,712.509380,1,ok,26566,23383,1,0.107326,0.007971,0.000320,0.114940,13.151525,12.124474,0.000084,42.560729,11.807792,1.990203,427.850133,0.004501,9.220774,509.599880,518.825475,519.208185,0.382710,519.323482
876,vehicle2,1139.065000,1138.872000,713.297925,1,ok,26687,23462,1,0.226799,0.005650,0.000184,0.070326,14.106474,10.449721,0.000079,43.827674,13.859343,1.082318,450.007011,0.003157,8.180586,533.402946,541.586873,542.411882,0.825009,542.644331
877,vehicle2,1139.266000,1139.073000,714.015490,1,ok,26799,23530,1,0.114074,0.012267,0.000245,0.099224,11.236577,9.318716,0.000106,45.363546,13.094937,0.922267,443.273400,0.008039,9.008721,523.308773,532.325778,533.209976,0.884198,533.336317
878,vehicle2,1139.467000,1139.276000,714.798291,1,ok,27010,23769,1,0.141011,0.006008,0.000462,0.066911,18.532233,14.582152,0.000154,45.380039,13.140802,0.909314,459.332179,0.004640,7.132735,551.943784,559.081621,559.375520,0.293899,559.522539
879,vehicle2,1139.669000,1139.475000,715.569777,1,ok,26987,23784,1,0.138708,0.026132,0.000178,0.091229,40.228725,11.555658,0.000218,55.943387,15.987571,1.050227,461.220602,0.014131,8.346212,586.077617,594.438138,595.010097,0.571959,595.174937
880,vehicle2,1139.866000,1139.669000,716.208188,1,ok,27164,23980,1,0.128697,0.008188,0.000256,0.110845,10.623842,9.703979,0.000104,43.446555,15.474110,0.760023,432.427486,0.004670,8.075576,512.546944,520.627446,521.188601,0.561155,521.325486
881,vehicle2,1140.067000,1139.875000,716.960876,1,ok,27359,24294,1,0.089676,0.007737,0.000319,0.090409,14.566076,9.352887,0.000088,47.567688,17.391458,0.939540,470.618698,0.005493,7.865014,560.526844,568.397670,568.744594,0.346924,568.842007
882,vehicle2,1140.266000,1140.075000,717.701855,1,ok,27441,24486,1,0.233224,0.007603,0.000162,0.111110,19.337380,7.667560,0.000110,44.530940,14.369664,0.725480,450.367246,0.004444,7.074969,537.109490,544.189065,545.114355,0.925290,545.355182
883,vehicle2,1140.467000,1140.275000,718.398585,1,ok,27510,24600,1,0.215424,0.008417,0.000218,0.103240,10.711831,10.896401,0.000146,40.751830,15.059728,0.839760,434.947416,0.004477,6.743740,513.310352,520.058787,520.441834,0.383047,520.665675
884,vehicle2,1140.666000,1140.476000,719.096006,1,ok,27586,24743,1,0.131355,0.007140,0.000316,0.108480,11.053748,8.495756,0.000114,43.180319,14.212333,0.890489,422.442788,0.003686,6.686709,500.384027,507.074738,507.621326,0.546588,507.759821
885,vehicle2,1140.864000,1140.674000,719.849408,1,ok,27582,24838,1,0.253119,0.007473,0.000293,0.111065,16.718479,7.582698,0.000095,45.179690,15.974190,0.959205,427.206099,0.013330,7.003110,513.731521,520.748254,521.145780,0.397526,521.406372
886,vehicle2,1141.069000,1140.872000,720.615259,1,ok,27569,24860,1,0.139162,0.006725,0.000361,0.106051,15.159315,8.781268,0.000094,45.204715,14.477095,0.725060,429.656734,0.002614,7.589964,514.110332,521.703271,522.601597,0.898326,522.747484
887,vehicle2,1141.264000,1141.077000,721.378305,1,ok,27665,24995,1,0.101735,0.010038,0.000469,0.111150,14.359320,8.976837,0.000274,47.621204,16.309373,0.925800,445.912580,0.004331,6.436131,534.216538,540.657469,541.228320,0.570851,541.340093
888,vehicle2,1141.465000,1141.272000,722.134894,1,ok,27693,24928,1,0.149509,0.008500,0.000246,0.174540,13.136779,11.555536,0.000119,47.450729,11.945410,0.766992,429.328689,0.004216,6.515571,514.358794,520.878827,521.413546,0.534719,521.571555
889,vehicle2,1141.659000,1141.474000,722.811332,1,ok,27754,24792,1,0.105109,0.008659,0.000352,0.132908,17.462695,7.442353,0.000281,46.176152,13.421578,0.727428,415.828424,0.005201,8.716713,501.191819,509.914085,510.427491,0.513406,510.541259
890,vehicle2,1141.856000,1141.677000,723.562113,1,ok,27828,24511,1,0.236636,0.006261,0.000230,0.110645,14.909731,9.530475,0.000089,41.095323,11.329791,0.699544,403.064585,0.004375,6.794496,480.740183,487.539284,488.030627,0.491343,488.273524
891,vehicle2,1142.065000,1141.872000,724.355894,1,ok,28101,24548,1,0.325983,0.010308,0.000204,0.094736,20.369562,9.389362,0.000104,45.003897,14.813695,0.721823,430.795731,0.013122,8.006333,521.188910,529.208569,529.656077,0.447508,529.992368
892,vehicle2,1142.265000,1142.074000,725.113322,1,ok,28488,24895,1,0.135170,0.008887,0.000291,0.109220,16.973752,9.727348,0.000119,43.064528,15.189851,0.918333,429.227543,0.006264,6.688190,515.210694,521.905439,522.449833,0.544394,522.593890
893,vehicle2,1142.468000,1142.273000,725.845870,1,ok,28637,24999,1,0.264987,0.009669,0.000336,0.110055,12.611387,7.569430,0.000084,41.925331,14.092773,0.875449,427.279395,0.003885,7.426534,504.463904,511.894659,512.408499,0.513840,512.683155
894,vehicle2,1142.665000,1142.477000,726.637273,1,ok,28500,24874,1,0.404847,0.008065,0.000177,0.107050,14.048822,8.672838,0.000086,45.516726,12.099285,1.254956,460.009637,0.010783,8.317134,541.709400,550.037494,550.438794,0.401300,550.851706
895,vehicle2,1142.864000,1142.672000,727.365254,1,ok,28821,25214,1,0.294002,0.009542,0.000351,0.123953,16.261926,8.532127,0.000093,41.018197,13.582034,0.776313,451.803317,0.003825,8.204477,532.097960,540.306613,540.751768,0.445155,541.055312
896,vehicle2,1143.065000,1142.872000,728.101779,1,ok,29083,25475,1,0.142596,0.007928,0.000281,0.106051,14.154146,7.616979,0.000099,41.984666,13.494863,0.948958,450.909258,0.038405,6.679677,529.215020,535.933383,536.602628,0.669245,536.753152
897,vehicle2,1143.267000,1143.070000,728.862474,1,ok,29130,25499,1,0.256437,0.008083,0.000169,0.114213,25.395849,10.210629,0.000081,45.108937,13.731484,0.897354,468.453200,0.004347,7.600802,563.911747,571.517065,571.960366,0.443301,572.224886
898,vehicle2,1143.466000,1143.274000,729.579996,1,ok,28864,25224,1,0.146815,0.004977,0.000264,0.070332,14.785349,7.957076,0.000100,45.136204,16.067835,0.742885,476.155271,0.004228,6.981660,560.915052,567.901204,568.678345,0.777141,568.830137
899,vehicle2,1143.667000,1143.474000,730.360891,1,ok,28915,25243,1,0.228820,0.443689,0.000257,0.120419,21.863122,8.571225,0.000076,46.067190,13.591241,0.726056,510.548584,0.007522,7.736937,601.487913,609.232629,609.797311,0.564682,610.469820
900,vehicle2,1143.875000,1143.672000,731.088215,1,ok,28809,25045,1,0.283766,0.007610,0.000335,0.109623,10.467250,7.416559,0.000127,44.788027,11.887689,0.774577,494.378894,0.004759,8.068539,569.822746,577.896379,582.495591,4.599212,582.786967
901,vehicle2,1144.086000,1143.875000,731.802659,1,ok,28795,25007,1,0.141365,0.007549,0.000313,0.100002,13.526406,7.121727,0.000091,45.944929,13.771029,0.840391,485.446215,0.012906,6.494689,566.750790,573.258698,573.698816,0.440118,573.847730
902,vehicle2,1144.281000,1144.094000,732.583145,1,ok,28816,24993,1,0.081194,0.007478,0.000407,0.124633,15.558037,10.438848,0.000125,48.991235,13.244205,0.891093,491.497927,0.004285,7.085283,580.746103,587.836078,588.267971,0.431893,588.356643
903,vehicle2,1144.481000,1144.290000,733.316033,1,ok,28894,25059,1,0.164245,0.006567,0.000404,0.104651,9.217979,7.290213,0.000076,41.258180,13.882440,0.876564,489.495647,0.009265,7.139482,562.125750,569.274901,569.988046,0.713145,570.158858
904,vehicle2,1144.682000,1144.490000,734.041118,1,ok,28952,25097,1,0.272447,0.006669,0.000209,0.096605,13.247246,8.797830,0.000117,42.164541,14.270066,0.876851,491.672458,0.004023,6.771596,571.125714,577.901542,578.475788,0.574246,578.754904
905,vehicle2,1144.881000,1144.690000,734.804667,1,ok,29056,25242,1,0.273862,0.007923,0.000181,0.102283,13.714326,7.348098,0.000093,44.152979,13.113538,0.935578,477.286207,0.010446,7.035278,556.653102,563.699007,565.114003,1.414996,565.395788
906,vehicle2,1145.083000,1144.889000,735.510356,1,ok,29108,25378,1,0.132722,0.104158,0.000277,0.227756,18.846991,7.911644,0.000108,42.524499,14.000182,0.901571,477.375672,0.009134,6.987797,561.788423,568.785631,569.545840,0.760209,569.782720
907,vehicle2,1145.292000,1145.091000,736.308262,1,ok,29203,25565,1,0.249098,0.007815,0.000383,0.114849,22.877109,8.332963,0.000110,52.765328,16.562843,0.790100,506.996173,0.015651,8.365035,608.439475,616.820544,617.364539,0.543995,617.621452
908,vehicle2,1145.491000,1145.292000,737.055403,1,ok,29172,25586,1,0.265981,0.007832,0.000284,0.110895,17.450114,7.319939,0.000221,45.634295,14.408528,0.725304,536.900758,0.005120,7.624879,622.550054,630.180337,630.747783,0.567446,631.021596
909,vehicle2,1145.687000,1145.491000,737.733626,1,ok,29188,25571,1,0.275536,0.007720,0.000144,0.116590,13.044684,8.345083,0.000223,43.024103,12.843407,0.806035,508.051537,0.004250,7.231875,586.231662,593.467931,593.945302,0.477371,594.228558
910,vehicle2,1145.881000,1145.679000,738.368713,1,ok,29391,25771,1,0.107817,0.008093,0.000245,0.117972,11.354686,8.316439,0.000125,49.810934,14.070270,0.704982,507.048336,0.003533,7.188314,591.423744,598.615836,598.985881,0.370045,599.101791
911,vehicle2,1146.089000,1145.887000,739.108803,1,ok,29501,25917,1,0.094268,0.007807,0.000483,0.111704,12.662446,8.584633,0.000081,41.817731,15.748151,0.727558,486.830674,0.005293,8.874552,566.482978,575.363306,576.200022,0.836716,576.302097
912,vehicle2,1146.284000,1146.089000,739.823857,1,ok,29767,26223,1,0.147211,0.007222,0.000410,0.120391,11.676873,7.185162,0.000077,42.398634,12.219571,0.835148,483.494142,0.004256,7.875718,557.929998,565.810382,566.209358,0.398976,566.363791
913,vehicle2,1146.487000,1146.291000,740.571943,1,ok,29816,26348,1,0.267938,0.004987,0.000287,0.073248,15.057157,8.455915,0.000247,42.614149,13.435805,0.832057,495.148137,0.024969,7.689987,575.616715,583.331958,583.888960,0.557002,584.161885
914,vehicle2,1146.682000,1146.487000,741.290219,1,ok,29739,26317,1,0.136633,0.006154,0.000231,0.116759,12.873788,7.453544,0.000105,47.459365,15.684498,0.975818,485.112512,0.004707,7.312108,569.676389,576.993435,577.666017,0.672582,577.808804
915,vehicle2,1146.885000,1146.689000,742.044042,1,ok,29717,26381,1,0.250056,0.005426,0.000169,0.067154,12.305647,6.434201,0.000262,44.730366,16.255793,0.990835,491.377075,0.007675,8.588073,572.161333,580.757250,581.393037,0.635787,581.648519
916,vehicle2,1147.083000,1146.893000,742.760983,1,ok,29824,26583,1,0.105420,0.012854,0.000713,0.166209,14.168926,7.478063,0.000091,46.406850,14.086221,0.756775,472.113236,0.004585,6.864587,555.176371,562.046256,562.611156,0.564900,562.729430
917,vehicle2,1147.284000,1147.080000,743.377807,1,ok,29743,26525,1,0.150761,0.008654,0.000312,0.130948,15.380837,8.741334,0.000134,42.855789,13.888651,0.974063,490.377474,0.004899,7.581818,572.349230,579.936259,582.394850,2.458591,582.554265
918,vehicle2,1147.492000,1147.293000,744.093166,1,ok,29646,26461,1,0.217395,0.004419,0.000276,0.068203,9.529806,6.751515,0.000106,49.651679,14.569595,0.970713,442.332171,0.020936,7.817471,523.873788,531.712471,532.135088,0.422617,532.356902
919,vehicle2,1147.698000,1147.492000,744.789154,1,ok,29610,26467,1,0.141953,0.011854,0.000165,0.114046,13.784668,8.137181,0.000128,41.856059,13.760337,0.955274,474.923388,0.010689,7.165867,553.531081,560.707802,561.462729,0.754927,561.616536
920,vehicle2,1147.887000,1147.698000,745.430049,1,ok,29538,26487,1,0.280197,0.008863,0.000259,0.105142,10.816020,8.591132,0.000088,43.467171,10.831585,0.975752,463.543132,0.003600,6.964118,538.330022,545.297999,545.677590,0.379591,545.966650
921,vehicle2,1148.080000,1147.887000,746.104954,1,ok,29479,26491,1,0.112458,0.004604,0.000139,0.068364,10.507194,8.428550,0.000086,41.433717,14.147605,0.873653,469.239104,0.004739,7.538450,544.698273,552.241601,552.951771,0.710170,553.068833
922,vehicle2,1148.280000,1148.089000,746.865478,1,ok,29360,26364,1,0.257699,0.025046,0.000313,0.110920,15.222058,8.542939,0.000155,41.502724,12.165425,0.720314,456.247341,0.003605,7.049584,534.511876,541.565378,542.226801,0.661423,542.509546
923,vehicle2,1148.479000,1148.288000,747.606003,1,ok,29267,26297,1,0.145253,0.007191,0.000237,0.110120,13.310703,8.784669,0.000079,42.971765,14.762381,0.922711,451.339830,0.021298,9.344091,532.202258,541.567884,542.409282,0.841398,542.561726
924,vehicle2,1148.681000,1148.488000,748.322590,1,ok,29208,26246,1,0.223400,0.005074,0.000219,0.068116,13.096548,10.481405,0.000263,40.562901,15.361804,0.974296,447.869360,0.013446,6.513385,528.414693,534.941743,535.613873,0.672130,535.842347
925,vehicle2,1148.886000,1148.692000,749.063302,1,ok,29167,26255,1,0.342715,0.010216,0.000280,0.102572,10.628916,7.450573,0.000166,43.101974,13.006954,0.768301,431.999699,0.003966,6.777602,507.059155,513.841003,514.223701,0.382698,514.576632
926,vehicle2,1149.078000,1148.894000,749.776618,1,ok,29244,26304,1,0.233626,0.004391,0.000365,0.074440,9.493637,11.133075,0.000135,44.800021,13.786856,0.737411,426.110824,0.003898,7.074554,506.136399,513.215216,513.630958,0.415742,513.868975
927,vehicle2,1149.282000,1149.087000,750.446639,1,ok,29224,26240,1,0.262148,0.008429,0.000184,0.104195,12.278729,8.378244,0.000094,37.983475,14.165944,0.875781,431.557613,0.004793,8.757618,505.344075,514.106670,514.711432,0.604762,514.982009
928,vehicle2,1149.481000,1149.291000,751.207750,1,ok,29271,26202,1,1.259438,0.014320,0.000212,0.114295,22.886719,11.250135,0.000110,48.431305,12.431945,0.907548,428.769179,0.003864,7.776868,524.791236,532.572180,533.203273,0.631093,534.477031
929,vehicle2,1149.685000,1149.489000,751.922365,1,ok,29235,26069,1,0.148719,0.008990,0.000406,0.154137,16.695392,9.495898,0.000089,40.957666,12.240424,0.727335,429.985270,0.003934,7.768019,510.256211,518.028570,518.493324,0.464754,518.651033
930,vehicle2,1149.885000,1149.693000,752.702456,1,ok,29198,25919,1,0.240851,0.008982,0.000227,0.105440,15.563091,9.456379,0.000102,42.637160,11.859272,0.718275,438.793743,0.015326,8.131524,519.133462,527.280539,527.727555,0.447016,527.977388
931,vehicle2,1150.083000,1149.892000,753.427079,1,ok,28823,25543,1,0.131350,0.008927,0.000209,0.127238,15.118396,9.828584,0.000133,45.995200,10.607902,0.769512,434.544919,0.010134,6.570889,516.991884,523.573116,523.980130,0.407014,524.120407
932,vehicle2,1150.283000,1150.083000,754.100774,1,ok,28564,25269,1,0.254516,0.016050,0.000362,0.102165,10.798870,9.488627,0.000076,46.708970,12.488253,0.729201,468.950772,0.007281,8.083366,549.266934,557.357943,557.698919,0.340976,557.969485
933,vehicle2,1150.484000,1150.290000,754.818523,1,ok,28196,24931,1,0.217588,0.004723,0.000191,0.063623,8.740163,10.766750,0.000091,44.015624,11.800300,0.727622,444.892572,0.005591,6.316031,521.006745,527.328558,527.806007,0.477449,528.028318
934,vehicle2,1150.682000,1150.492000,755.542078,1,ok,28048,24741,1,0.174327,0.007800,0.000348,0.104073,12.243328,9.524989,0.000098,47.366494,10.937543,0.728729,466.768754,0.003938,6.578039,547.674008,554.256333,554.731794,0.475461,554.913921
935,vehicle2,1150.882000,1150.690000,756.268733,1,ok,27908,24582,1,0.223092,0.329506,0.000197,0.098784,18.417890,9.151516,0.000159,45.088341,12.407897,0.716708,427.522332,0.011048,9.617104,513.403627,523.031976,523.717837,0.685861,524.270435
936,vehicle2,1151.081000,1150.890000,757.029566,1,ok,27693,24307,1,0.327192,0.234731,0.000395,0.103444,15.425573,9.936382,0.000171,42.502626,13.347372,0.782497,441.955828,0.016937,6.652031,524.053893,530.723256,531.155763,0.432507,531.717686
937,vehicle2,1151.275000,1151.088000,757.767074,1,ok,27398,23980,1,0.130691,0.007790,0.000264,0.099112,15.190283,8.881511,0.000075,45.727304,11.580169,1.009223,437.539135,0.004145,6.677718,520.026812,526.708939,527.072308,0.363369,527.210789
938,vehicle2,1151.486000,1151.291000,758.556481,1,ok,27216,23837,1,0.123526,0.008317,0.000307,0.110374,12.520813,9.595800,0.000075,47.651778,10.745008,0.717237,436.337579,0.005021,7.340533,517.678664,525.024525,525.601030,0.576505,525.732873
939,vehicle2,1151.689000,1151.494000,759.317300,1,ok,27194,23790,1,0.116519,0.020254,0.000381,0.107061,12.883232,9.404413,0.000076,44.932894,13.327581,0.708155,465.257589,0.003801,7.015368,546.621001,553.640551,554.099542,0.458991,554.236315
940,vehicle2,1151.892000,1151.689000,759.979413,1,ok,27357,23947,1,0.075421,0.008319,0.000391,0.114362,9.887497,8.344804,0.000077,44.286929,10.355478,0.781821,455.949608,0.004343,6.722896,529.720576,536.448206,536.779298,0.331092,536.863038
941,vehicle2,1152.093000,1151.893000,760.597654,1,ok,27448,24050,1,0.294229,0.010865,0.000185,0.130584,9.995802,11.081479,0.000119,41.206743,11.204372,0.744046,425.885003,0.016059,8.044972,500.248148,508.309364,508.645660,0.336296,508.950754
942,vehicle2,1152.276000,1152.093000,761.248511,1,ok,27458,24076,1,0.126045,0.006439,0.000193,0.101354,7.747801,9.310489,0.000102,40.576766,11.708959,0.885923,450.070516,0.005626,8.346112,520.401910,528.753841,529.432501,0.678660,529.564985
943,vehicle2,1152.485000,1152.291000,762.045321,1,ok,27455,24072,1,0.266236,0.010243,0.000333,0.106790,8.884856,9.543979,0.000090,41.817696,11.340812,0.701983,445.362182,0.003880,6.150131,517.758388,523.912732,524.192547,0.279815,524.469026
944,vehicle2,1152.684000,1152.492000,762.794006,1,ok,27483,24119,1,0.132580,0.004586,0.000230,0.062664,10.362782,9.087344,0.000075,42.258148,12.336651,0.976792,448.672688,0.003920,7.539182,523.757144,531.300476,531.773392,0.472916,531.910558
945,vehicle2,1152.887000,1152.692000,763.535435,1,ok,27443,24072,1,0.121661,0.006897,0.000295,0.081026,9.042682,10.456772,0.000112,40.809335,10.085300,0.945410,431.699532,0.005625,6.259411,503.120169,509.385500,509.697790,0.312290,509.826348
946,vehicle2,1153.083000,1152.896000,764.267762,1,ok,27394,24020,1,0.261095,0.007505,0.000333,0.105441,10.753989,9.733135,0.000204,39.161697,12.527994,0.695865,413.800748,0.003487,6.549114,486.779073,493.332007,493.599028,0.267021,493.867628
947,vehicle2,1153.284000,1153.090000,765.015975,1,ok,27384,24000,1,0.112881,0.005966,0.000144,0.069286,12.926114,9.345699,0.000078,45.195795,12.434101,0.877991,433.987812,0.014328,6.776337,514.836876,521.627685,522.183018,0.555333,522.301865
948,vehicle2,1153.476000,1153.293000,765.719320,1,ok,27373,23993,1,0.107178,0.005866,0.000338,0.067248,10.133581,10.256117,0.000109,42.050871,11.951672,0.724043,410.945528,0.012335,7.905973,486.129169,494.047815,494.338756,0.290941,494.451800
949,vehicle2,1153.684000,1153.493000,766.492879,1,ok,27427,24052,1,0.130091,0.023284,0.000180,0.097672,9.004951,8.423521,0.000105,48.975900,10.848483,0.704679,428.876841,0.003835,8.045129,506.932152,514.981296,515.569641,0.588345,515.723016
950,vehicle2,1153.875000,1153.684000,767.161528,1,ok,27527,24147,1,0.225722,0.006828,0.000197,0.105770,9.437283,9.636792,0.000179,46.089734,11.858152,0.866433,426.881687,0.003408,7.196266,504.876030,512.075901,512.427433,0.351532,512.659983
951,vehicle2,1154.089000,1153.884000,767.847203,1,ok,27563,24190,1,0.135706,0.009595,0.000256,0.127590,8.891904,8.381011,0.000191,40.766782,11.299748,1.055719,451.815163,0.003240,6.403628,522.338108,528.745232,529.375436,0.630204,529.520737
952,vehicle2,1154.282000,1154.094000,768.597962,1,ok,27551,24187,1,0.118754,0.005768,0.000521,0.083156,13.365432,7.835123,0.000094,43.348001,14.615594,0.781399,448.692231,0.003391,7.312134,528.721030,536.037076,536.429908,0.392832,536.554430
953,vehicle2,1154.484000,1154.287000,769.340165,1,ok,27712,24337,1,0.165355,0.008132,0.000353,0.107811,15.391478,8.912303,0.000082,43.185916,13.378939,1.013677,456.984775,0.012974,7.425087,538.974981,546.413395,546.967908,0.554513,547.141395
954,vehicle2,1154.684000,1154.491000,770.080207,1,ok,27980,24562,1,0.269473,0.010079,0.000362,0.104920,9.845927,10.303269,0.000102,42.409450,12.769928,0.958064,451.689138,0.004665,7.199868,528.080798,535.285693,535.999499,0.713806,536.279051
955,vehicle2,1154.884000,1154.684000,770.702833,1,ok,28289,24903,1,0.110445,0.015220,0.000115,0.072416,10.266530,8.386354,0.000081,43.665819,15.683279,0.944487,446.509436,0.004185,8.184247,525.528402,533.716949,534.032844,0.315895,534.158509
956,vehicle2,1155.084000,1154.891000,771.441364,1,ok,28422,25165,1,0.256760,0.009142,0.000308,0.122496,18.414148,7.715614,0.000109,44.003156,14.490636,0.922966,447.342645,0.005282,7.009702,533.011770,540.027062,540.671139,0.644077,540.937041
957,vehicle2,1155.285000,1155.092000,772.187961,1,ok,28499,25329,1,0.140996,0.022259,0.000199,0.104168,9.265994,8.856377,0.000100,44.504818,12.693422,0.723629,455.603036,0.004477,8.114652,531.751544,539.870872,540.280721,0.409849,540.443976
958,vehicle2,1155.484000,1155.294000,772.953900,1,ok,28724,25546,1,0.272857,0.006684,0.000257,0.102154,12.107418,8.358332,0.000129,45.113024,14.083607,0.842274,469.403749,0.012190,6.240558,550.010687,556.263692,556.605928,0.342236,556.885469
959,vehicle2,1155.683000,1155.491000,773.680353,1,ok,28963,25828,1,0.185017,0.006430,0.000171,0.065618,13.332173,7.482053,0.000087,47.138088,16.565956,0.776604,457.409922,0.004841,7.425624,542.770501,550.201137,550.758568,0.557431,550.950015
960,vehicle2,1155.884000,1155.690000,774.497302,1,ok,28973,25917,1,0.158627,0.012841,0.000218,0.081468,14.050996,6.947449,0.000283,48.063783,12.700758,0.961447,467.147482,0.005154,7.892717,549.953666,557.851755,558.294398,0.442643,558.465866
961,vehicle2,1156.085000,1155.891000,775.251914,1,ok,28953,25983,1,0.240734,0.008422,0.000278,0.146376,13.396320,9.514627,0.000113,45.558956,13.403689,0.742654,436.015700,0.003499,7.362500,518.778435,526.144712,526.461070,0.316358,526.710226
962,vehicle2,1156.286000,1156.085000,775.902981,1,ok,29077,26152,1,0.143130,0.009558,0.000233,0.106124,10.327411,8.063348,0.000102,46.749817,12.796800,0.718877,437.976967,0.003810,7.909343,516.739446,524.652832,524.976976,0.324144,525.129664
963,vehicle2,1156.478000,1156.297000,776.644105,1,ok,29129,26225,1,0.132319,0.007097,0.000172,0.088701,12.782546,6.617974,0.000089,41.174649,17.336361,0.758149,430.264652,0.003722,7.109166,509.023121,516.136181,516.466809,0.330628,516.606225
964,vehicle2,1156.699000,1156.496000,777.465057,1,ok,29250,26341,1,0.129747,0.012902,0.000273,0.102114,13.979593,8.095400,0.000089,43.645728,14.042343,0.775813,452.304462,0.015158,6.302936,532.945542,539.263909,539.806927,0.543018,539.949576
965,vehicle2,1156.885000,1156.699000,778.104692,1,ok,29342,26381,1,0.218258,0.008461,0.000296,0.115491,9.864661,7.357770,0.000175,41.444020,13.015071,0.863189,436.950003,0.003755,7.937660,509.610380,517.552091,518.076585,0.524494,518.303304
966,vehicle2,1157.079000,1156.892000,778.780453,1,ok,29404,26417,1,0.170017,0.008584,0.000166,0.108605,11.825581,9.428399,0.000095,42.917858,11.684061,0.758950,436.350104,0.014806,10.210999,513.073653,523.299624,524.191440,0.891816,524.370041
967,vehicle2,1157.287000,1157.096000,779.573740,1,ok,29461,26434,1,0.140973,0.006115,0.000133,0.070856,14.261507,7.938007,0.000087,47.681649,15.701077,1.234751,445.305780,0.007095,10.491855,532.193714,542.692797,543.869738,1.176941,544.016826
968,vehicle2,1157.486000,1157.289000,780.244630,1,ok,29467,26419,1,0.138469,0.007138,0.000232,0.083453,11.445401,6.817912,0.000125,44.225616,12.897624,0.722469,442.962188,0.004195,9.148504,519.154788,528.307719,528.687064,0.379345,528.832671
969,vehicle2,1157.686000,1157.493000,780.991770,1,ok,29540,26453,1,0.147518,0.009437,0.000232,0.115738,11.308453,8.233114,0.000093,46.367138,13.200053,0.713063,451.498533,0.004440,6.771248,531.436185,538.212105,538.681068,0.468963,538.838023
970,vehicle2,1157.883000,1157.693000,781.770024,1,ok,29531,26369,1,0.244511,0.007184,0.000271,0.111216,21.742142,9.201258,0.000165,43.012711,16.883919,0.912151,449.074487,0.062404,8.450452,540.938049,549.451176,550.086850,0.635674,550.338545
971,vehicle2,1158.081000,1157.892000,782.553488,1,ok,29536,26269,1,0.305672,0.018243,0.000154,0.099761,13.755318,9.318650,0.000121,44.916160,13.013305,0.811442,441.928249,0.004398,7.049926,523.843006,530.897484,531.460818,0.563334,531.784733
972,vehicle2,1158.278000,1158.094000,783.337725,1,ok,29515,26180,1,0.139260,0.007019,0.000312,0.111237,14.792080,9.793883,0.000116,43.812263,14.702636,0.710694,448.839414,0.006496,6.629128,532.762323,539.398259,540.121793,0.723534,540.268072
973,vehicle2,1158.478000,1158.294000,784.117539,1,ok,29612,26310,1,0.093358,0.008387,0.000237,0.127980,10.381015,8.319678,0.000092,40.448716,13.528196,0.700954,420.319637,0.013158,6.610543,493.826268,500.450206,500.789002,0.338796,500.890747
974,vehicle2,1158.678000,1158.494000,784.908016,1,ok,29671,26397,1,0.283024,0.006318,0.000201,0.074417,10.085151,6.814550,0.000109,46.598462,13.266554,0.899708,432.972803,0.004754,7.346559,510.711754,518.063268,518.747571,0.684303,519.036913
975,vehicle2,1158.878000,1158.696000,785.699544,1,ok,29689,26376,1,0.158207,0.008078,0.000247,0.095945,15.918514,8.371755,0.000176,44.941358,12.167376,0.749026,430.888650,0.005033,6.325405,513.132800,519.463485,519.922689,0.459204,520.088974
976,vehicle2,1159.078000,1158.895000,786.444498,1,ok,29654,26307,1,0.122754,0.031048,0.000311,0.115167,8.977461,8.027818,0.000082,39.975734,17.794844,1.035073,412.973173,0.062942,7.740752,488.899352,496.703357,497.492811,0.789454,497.646613
977,vehicle2,1159.277000,1159.094000,787.240386,1,ok,29651,26288,1,0.241779,0.006413,0.000347,0.115330,10.666479,7.282449,0.000088,42.982218,15.459836,0.948199,436.037016,0.006451,8.246235,513.491615,521.744648,522.340577,0.595929,522.588769
978,vehicle2,1159.482000,1159.293000,788.028239,1,ok,29621,26232,1,0.280997,0.010538,0.000371,0.105141,10.867559,6.470637,0.000102,42.128559,16.238053,0.884165,441.341063,0.002841,7.051770,518.035279,525.090261,525.792872,0.702611,526.084407
979,vehicle2,1159.679000,1159.494000,788.831523,1,ok,29576,26125,1,0.258227,0.008784,0.000314,0.121921,11.214420,7.491517,0.000093,61.098165,17.066771,0.929863,437.628252,0.003890,7.509842,535.551002,543.065048,544.020647,0.955599,544.287658
980,vehicle2,1159.885000,1159.694000,789.606589,1,ok,29508,26036,1,0.169008,0.007822,0.000342,0.079161,9.510142,7.060575,0.000082,42.507147,13.389674,2.086700,443.343190,0.004788,6.869855,517.976671,524.851656,525.228280,0.376624,525.405110
981,vehicle2,1160.088000,1159.898000,790.369605,1,ok,29443,25978,1,0.273126,0.007144,0.000170,0.106003,14.929624,7.535780,0.000087,41.276895,16.069291,0.751096,420.007910,0.025710,7.513577,500.676686,508.216143,508.702843,0.486700,508.983113
982,vehicle2,1160.283000,1160.097000,791.128988,1,ok,29342,25867,1,0.280717,0.006927,0.000234,0.114623,10.450997,6.283103,0.000130,45.321858,15.703820,0.715380,426.826988,0.003617,6.174015,505.416899,511.594765,512.064167,0.469402,512.351811
983,vehicle2,1160.482000,1160.292000,791.788148,1,ok,29305,25777,1,0.105925,0.007178,0.000200,0.111583,12.270317,7.276966,0.000093,45.141481,13.073701,0.745436,411.138980,0.004802,8.016871,489.758557,497.780430,498.117335,0.336905,498.230438
984,vehicle2,1160.683000,1160.499000,792.566760,1,ok,29156,25592,1,0.102447,0.007110,0.000207,0.108937,11.029164,7.756686,0.000239,46.809091,12.750591,0.711532,426.784123,0.004287,6.221002,505.950363,512.175859,512.551806,0.375947,512.661363
985,vehicle2,1160.889000,1160.699000,793.360186,1,ok,29169,25576,1,0.130366,0.011090,0.000155,0.099378,11.963451,5.833857,0.000086,45.309442,17.012136,0.882355,433.207965,0.004059,6.162313,514.308670,520.475197,521.059411,0.584214,521.200867
986,vehicle2,1161.082000,1160.896000,794.106937,1,ok,29083,25487,1,0.133141,0.007345,0.000317,0.090669,23.973542,6.735433,0.000107,43.457028,16.230641,0.729500,413.408910,0.021969,8.533783,504.625830,513.181899,513.785811,0.603912,513.926297
987,vehicle2,1161.279000,1161.099000,794.884877,1,ok,28951,25336,1,0.150403,0.008781,0.000157,0.109146,12.742292,7.557748,0.000122,45.019526,15.972565,0.789745,436.408516,0.004189,8.033603,518.599660,526.637609,527.143981,0.506372,527.303165
988,vehicle2,1161.492000,1161.292000,795.700996,1,ok,28865,25371,1,0.112569,0.009326,0.000323,0.127453,11.672720,6.601615,0.000221,42.951289,16.156046,0.945903,424.446084,0.004358,15.250195,502.901331,518.156207,518.543399,0.387192,518.665294
989,vehicle2,1161.683000,1161.499000,796.453386,1,ok,28827,25474,1,0.335712,0.008549,0.000293,0.104556,11.449920,7.701735,0.000245,50.554453,13.311405,0.742529,410.782360,0.005586,8.227458,494.647203,502.880540,503.464890,0.584350,503.809151
990,vehicle2,1161.892000,1161.701000,797.291357,1,ok,28769,25460,1,0.165097,0.023348,0.000337,0.356747,19.194557,6.733923,0.000235,42.946449,14.480121,0.722359,433.814817,0.003909,8.889188,518.249208,527.142642,527.732152,0.589510,527.920597
991,vehicle2,1162.081000,1161.900000,798.041334,1,ok,28749,25447,1,0.280034,0.008235,0.000145,0.121217,10.371999,7.075384,0.000089,40.770030,16.832618,0.737105,413.112387,0.004482,7.453604,489.020829,496.479060,496.956821,0.477761,497.245090
992,vehicle2,1162.266000,1162.096000,798.769628,1,ok,28648,25422,1,0.144468,0.008084,0.000209,0.101955,11.711060,6.702342,0.000093,39.848960,12.634890,0.875870,384.797515,0.072760,8.833507,456.672685,465.579161,466.616801,1.037640,466.769353
993,vehicle2,1162.482000,1162.296000,799.581460,1,ok,28552,25393,1,0.150698,0.014089,0.000259,0.125503,7.738992,5.730122,0.000105,39.362599,16.627526,0.717607,385.120880,0.004475,6.933012,455.423334,462.361080,462.664136,0.303056,462.828923
994,vehicle2,1162.625000,1162.498000,800.305730,1,ok,28497,25399,1,0.260421,0.006196,0.000215,0.066450,9.252123,5.444049,0.000105,39.923356,12.298884,0.719426,350.580780,0.005084,9.290946,418.285173,427.581418,427.995645,0.414227,428.262262
995,vehicle2,1162.880000,1162.698000,801.123865,1,ok,28525,25451,1,0.153563,0.018435,0.000255,0.133972,9.071998,5.819683,0.000136,40.997065,15.326453,0.723229,351.265569,0.015549,8.891266,423.338105,432.245175,432.991720,0.746545,433.163718
996,vehicle2,1163.067000,1162.899000,801.890038,1,ok,28604,25546,1,0.118413,0.008815,0.000262,0.094828,9.738382,5.692049,0.000078,39.178359,14.223802,0.753860,358.476260,0.043823,8.099054,428.157618,436.300757,436.861686,0.560929,436.988914
997,vehicle2,1163.265000,1163.097000,802.685471,1,ok,28678,25637,1,0.239049,0.008864,0.000178,0.113564,10.393758,5.000132,0.000083,43.422678,14.753503,0.717174,351.606873,0.004638,6.918970,426.007765,432.931551,433.417361,0.485810,433.665274
998,vehicle2,1163.481000,1163.297000,803.470283,1,ok,28728,25954,1,0.241731,0.008183,0.000220,0.071184,10.721433,5.224844,0.000087,44.293700,15.811810,1.008570,357.723834,0.028181,7.372769,434.855462,442.256632,442.821203,0.564571,443.071117
999,vehicle2,1163.692000,1163.503000,804.263626,1,ok,28836,26288,1,0.109139,0.009105,0.000209,0.085583,15.991433,4.858051,0.000076,52.943535,14.340894,0.913331,350.154651,0.004031,6.612880,439.287554,445.904674,446.240665,0.335991,446.358909
1000,vehicle2,1163.880000,1163.698000,804.904644,1,ok,28927,26491,1,0.256278,0.004923,0.000183,0.064130,19.565612,5.842029,0.000075,45.634359,18.023890,0.806344,349.475654,0.013931,8.713277,439.412093,448.139484,448.890602,0.751118,449.151803
1001,vehicle2,1164.083000,1163.897000,805.672436,1,ok,28917,26561,1,0.197479,0.005388,0.000405,0.088057,20.395334,7.104308,0.000167,47.966402,14.749390,0.824712,350.597117,0.003699,8.329009,441.725487,450.058600,450.528290,0.469690,450.731157
1002,vehicle2,1164.250000,1164.099000,806.382509,1,ok,28889,26651,1,0.231133,0.010003,0.000396,0.151222,11.400348,5.806993,0.000258,42.418080,16.120544,1.035898,337.562177,0.004208,8.050233,414.495520,422.550357,423.066882,0.516525,423.308018
1003,vehicle2,1164.434000,1164.300000,807.121447,1,ok,28831,26664,1,0.268923,0.007053,0.000243,0.110870,12.047054,5.070846,0.000107,39.301991,13.025605,0.714363,314.033953,0.003547,7.733054,384.304789,392.041633,392.410038,0.368405,392.686014
1004,vehicle2,1164.674000,1164.489000,807.842422,1,ok,28853,26755,1,0.267332,0.005483,0.000136,0.107706,14.669151,5.916194,0.000080,45.157205,15.187165,0.989830,362.746817,0.013034,8.271187,444.774148,453.058505,453.613997,0.555492,453.886812
1005,vehicle2,1164.889000,1164.702000,808.642482,1,ok,28837,26787,1,0.301573,0.038877,0.000283,0.089614,9.654358,5.750525,0.000137,38.098383,15.105996,0.862755,359.867340,0.005272,9.647501,429.429108,439.082164,439.590439,0.508275,439.930889
1006,vehicle2,1165.079000,1164.898000,809.310467,1,ok,28822,26815,1,0.291997,0.008974,0.000327,0.095757,25.245530,4.761607,0.000081,45.460041,18.492931,0.803309,355.220564,0.004354,7.071223,450.079820,457.155724,457.561516,0.405792,457.862487
1007,vehicle2,1165.268000,1165.097000,810.060261,1,ok,28889,26922,1,0.126261,0.009700,0.000274,0.089397,12.928137,7.612898,0.000191,44.377668,16.069384,0.834279,360.642426,0.006983,7.599812,442.554380,450.161449,451.063506,0.902057,451.199467
1008,vehicle2,1165.450000,1165.299000,810.834722,1,ok,28901,26944,1,0.257753,0.006358,0.000280,0.094177,11.594486,4.718446,0.000104,41.497685,15.338368,0.951641,338.013611,0.004624,7.524804,412.208518,419.738226,420.250825,0.512599,420.514936
1009,vehicle2,1165.678000,1165.496000,811.642253,1,ok,28840,26952,1,0.289886,0.008316,0.000383,0.100184,12.263959,4.560552,0.000083,43.102247,18.800090,0.725193,351.029221,0.014142,9.819428,430.581529,440.415482,440.952903,0.537421,441.251105
1010,vehicle2,1165.837000,1165.699000,812.386188,1,ok,28763,26928,1,0.133075,0.008542,0.000476,0.124575,14.246161,5.725363,0.000101,37.447523,13.001256,0.714514,306.952990,0.003203,8.058324,378.212483,386.274486,386.614947,0.340461,386.756564
1011,vehicle2,1166.078000,1165.896000,813.233427,1,ok,28708,26931,1,0.249802,0.008954,0.000234,0.086208,13.470863,6.588267,0.000151,53.413117,21.201981,0.992070,342.268859,0.003894,7.057636,438.021516,445.083280,445.773840,0.690560,446.032596
1012,vehicle2,1166.282000,1166.099000,814.038478,1,ok,28695,26971,1,0.231430,0.007610,0.000208,0.097098,17.187922,5.474282,0.000095,48.958534,16.413310,0.878840,385.531117,0.003759,7.700759,474.541198,482.245924,483.087341,0.841417,483.326381
1013,vehicle2,1166.485000,1166.298000,814.768687,1,ok,28624,26947,1,0.867905,0.008120,0.000406,0.159005,13.301245,5.673638,0.000126,43.550404,16.263786,0.731211,369.875021,0.032514,6.724755,449.554436,456.312111,456.783064,0.470953,457.659089
1014,vehicle2,1166.654000,1166.500000,815.507847,1,ok,28599,26950,1,0.102964,0.011646,0.000226,0.106443,14.531394,4.490052,0.000156,41.794520,17.920310,0.881786,345.952224,0.004100,7.019717,425.676885,432.700928,433.457949,0.757021,433.572559
1015,vehicle2,1166.885000,1166.700000,816.309390,1,ok,28574,26984,1,0.376131,0.008145,0.000175,0.094899,10.928311,5.877366,0.000084,43.653350,16.007423,0.862685,361.850988,0.014380,8.017078,439.275106,447.306739,447.778318,0.471579,448.162594
1016,vehicle2,1167.085000,1166.899000,817.083035,1,ok,28443,26888,1,0.118185,0.006056,0.000285,0.062163,10.522434,4.784529,0.000032,45.328701,17.248987,0.769727,382.979216,0.004445,6.312713,461.695789,468.013232,468.341871,0.328639,468.466112
1017,vehicle2,1167.284000,1167.100000,817.834132,1,ok,28244,26755,1,0.306649,0.042518,0.000194,0.086051,12.186983,5.577339,0.000126,44.225623,16.848394,0.905208,375.970803,0.003927,6.363009,455.800527,462.167657,462.884414,0.716757,463.233581
1018,vehicle2,1167.485000,1167.300000,818.658740,1,ok,28175,26690,1,0.158423,0.013065,0.000353,0.084687,13.211444,5.181098,0.000100,45.006825,14.712783,0.761012,417.044760,0.005497,6.279440,496.002709,502.287999,502.679465,0.391466,502.850953
1019,vehicle2,1167.684000,1167.500000,819.458628,1,ok,28131,26602,1,0.104300,0.007911,0.000309,0.091376,15.100814,4.561124,0.000124,47.171076,17.018299,0.722694,424.249284,0.004517,7.875497,508.914791,516.795114,517.323361,0.528247,517.435572
1020,vehicle2,1167.885000,1167.699000,820.232758,1,ok,28035,26554,1,0.114363,0.009256,0.000294,0.135945,19.075647,4.783874,0.000102,46.546691,16.207146,0.722693,402.731634,0.013851,7.730607,490.203732,497.948484,498.294647,0.346163,498.418266
1021,vehicle2,1168.095000,1167.900000,821.004681,1,ok,27903,26441,1,0.274099,0.011244,0.000286,0.104389,18.204694,5.561673,0.000122,42.849227,16.261574,0.808898,411.388177,0.005370,7.383206,495.178754,502.567616,503.242021,0.674405,503.527364
1022,vehicle2,1168.292000,1168.104000,821.796661,1,ok,27780,26273,1,0.133620,0.006961,0.000211,0.067081,13.048322,5.654728,0.000104,43.177422,16.699421,0.882228,426.210226,0.006271,7.772665,505.739532,513.518679,513.912933,0.394254,514.053514
1023,vehicle2,1168.486000,1168.300000,822.571296,1,ok,27696,26233,1,0.302741,0.009414,0.000257,0.111990,15.075056,4.216211,0.000142,53.999156,19.243285,0.728723,425.074348,0.004316,6.784149,518.448911,525.237633,525.626367,0.388734,525.938522
1024,vehicle2,1168.694000,1168.503000,823.366330,1,ok,27611,26150,1,0.259928,0.006512,0.000286,0.094538,13.077393,4.661073,0.000122,44.562728,20.755259,1.921958,420.512159,0.013570,6.786929,505.585230,512.386015,512.999808,0.613793,513.266248
1025,vehicle2,1168.885000,1168.700000,824.064730,1,ok,27546,26064,1,0.111447,0.009848,0.000420,0.136147,14.669819,5.182038,0.000212,43.495169,15.586770,0.966214,398.667641,0.014739,7.478338,478.704010,486.197507,486.884478,0.686971,487.005773
1026,vehicle2,1169.084000,1168.898000,824.895411,1,ok,27482,26024,1,0.262705,0.008998,0.000167,0.119008,15.564066,5.461141,0.000111,45.268749,18.296340,0.925615,437.708931,0.004664,6.548678,523.343961,529.897470,530.484854,0.587384,530.756557
1027,vehicle2,1169.292000,1169.103000,825.769104,1,ok,27405,25914,1,0.143312,0.008896,0.000296,0.073409,13.004436,4.757552,0.000109,48.867689,20.068322,0.825570,470.005522,0.003660,6.559324,557.602609,564.165889,564.508404,0.342515,564.660612
1028,vehicle2,1169.493000,1169.292000,826.421602,1,ok,27303,25775,1,0.086673,0.009641,0.000375,0.099433,13.920217,4.002387,0.000098,43.285979,18.161855,0.951347,459.045121,0.003890,8.057827,539.466437,547.528529,548.018495,0.489966,548.114809
1029,vehicle2,1169.693000,1169.502000,827.244977,1,ok,27259,25745,1,0.258479,0.006975,0.000176,0.098775,14.726756,5.360695,0.000239,47.256053,18.141340,0.969360,473.565180,0.005793,8.631505,560.118398,568.755872,569.434818,0.678946,569.700272
1030,vehicle2,1169.884000,1169.700000,828.013784,1,ok,27218,25730,1,0.223478,0.006534,0.000145,0.063851,11.432196,4.779839,0.000115,44.089937,17.051981,1.053472,434.498284,0.005556,8.668104,512.969675,521.643480,522.102412,0.458932,522.332424
1031,vehicle2,1170.083000,1169.899000,828.819487,1,ok,27130,25637,1,0.251578,0.008782,0.000128,0.096496,12.104618,4.282959,0.000123,42.657338,17.117386,1.088735,451.955596,0.038599,8.132063,529.303251,537.474041,538.081285,0.607244,538.341645
1032,vehicle2,1170.283000,1170.101000,829.617781,1,ok,27100,25589,1,0.269425,0.007183,0.000300,0.103897,10.898679,4.276708,0.000095,42.708536,18.438572,0.737195,431.355118,0.014807,7.296920,508.518800,515.830827,516.865556,1.034729,517.142164
1033,vehicle2,1170.487000,1170.299000,830.361656,1,ok,27147,25580,1,0.162851,0.010393,0.000333,0.185880,13.705038,5.619790,0.000090,40.864585,15.266299,0.880051,398.148099,0.015434,9.192874,474.669832,483.878473,485.086799,1.208326,485.260043
1034,vehicle2,1170.685000,1170.503000,831.207135,1,ok,27193,25579,1,0.123300,0.012117,0.000286,0.109801,12.501735,4.422238,0.000111,42.486180,16.736894,0.947998,437.654297,0.003968,6.527621,514.859254,521.391129,521.798536,0.407407,521.933953
1035,vehicle2,1170.895000,1170.701000,832.020334,1,ok,27126,25480,1,0.198662,4.348980,0.000251,0.090830,11.785239,6.241847,0.000159,40.947640,16.983621,0.843682,443.292721,0.004026,7.364784,520.185739,527.554800,528.083704,0.528904,532.631346
1036,vehicle2,1171.087000,1170.907000,832.781735,1,ok,27077,25425,1,0.228889,0.007173,0.000114,0.092167,10.838613,4.690437,0.000238,40.076664,13.879767,0.710968,413.083054,0.026596,7.312443,483.371908,490.711061,491.140130,0.429069,491.376192
1037,vehicle2,1171.282000,1171.100000,833.590687,1,ok,27053,25382,1,0.115617,1.721236,0.000292,0.092191,12.091286,4.424720,0.000140,45.159567,14.567398,0.873250,445.819647,0.005006,8.541437,523.028199,531.574934,532.067500,0.492566,533.904353
1038,vehicle2,1171.485000,1171.299000,834.351613,1,ok,27077,25365,1,0.141670,0.009342,0.000246,0.097509,9.619454,5.092590,0.000108,43.557523,16.203667,0.856904,417.988309,0.004510,7.830302,493.416064,501.251122,501.831378,0.580256,501.982390
1039,vehicle2,1171.686000,1171.500000,835.153369,1,ok,27083,25334,1,0.271855,0.010418,0.000289,0.116754,11.329177,5.133563,0.000108,43.172110,16.988452,1.007501,411.810879,0.003619,7.808271,489.558544,497.370723,497.852053,0.481330,498.134326
1040,vehicle2,1171.895000,1171.704000,835.975818,1,ok,27054,25254,1,0.125508,0.007822,0.000212,0.100885,15.908732,7.056609,0.000156,58.770921,23.861290,1.047496,440.817837,0.004541,8.417314,547.563926,555.985993,556.648602,0.662609,556.781932
1041,vehicle2,1172.094000,1171.904000,836.811587,1,ok,27162,25279,1,0.265983,0.009041,0.000213,0.096740,18.002288,4.947274,0.000104,45.553821,16.835749,0.964918,453.338445,0.015670,7.248082,539.739339,547.003304,547.641049,0.637745,547.916073
1042,vehicle2,1172.290000,1172.101000,837.602372,1,ok,27301,25351,1,0.173159,0.008750,0.000172,0.093189,11.091280,5.503810,0.000146,43.644783,16.532808,0.721594,443.632745,0.015032,6.953730,521.220355,528.189289,528.786091,0.596802,528.968000
1043,vehicle2,1172.486000,1172.303000,838.346283,1,ok,27367,25346,1,0.273598,0.012743,0.000168,0.106649,11.089569,6.710859,0.000218,39.221709,15.672934,0.790071,407.418326,0.004092,6.592166,481.010335,487.606761,488.405007,0.798246,488.691348
1044,vehicle2,1172.684000,1172.502000,839.146671,1,ok,27504,25426,1,0.225284,0.007705,0.000217,0.097072,14.405291,6.009580,0.000183,47.673653,18.358377,0.713926,411.129495,0.004163,7.764905,498.387577,506.156862,506.661936,0.505074,506.894925
1045,vehicle2,1172.884000,1172.698000,839.873676,1,ok,27548,25414,1,0.262434,0.008771,0.000266,0.091644,11.586006,3.952150,0.000138,40.317618,21.112013,0.756258,378.815970,0.004714,8.003037,456.631797,464.639814,464.941359,0.301545,465.212564
1046,vehicle2,1173.083000,1172.895000,840.704176,1,ok,27552,25417,1,0.260505,0.006918,0.000188,0.091164,16.367272,4.339501,0.000257,44.153807,16.143641,0.846213,404.924805,0.004522,8.053548,486.866660,494.924918,495.429360,0.504442,495.696783
1047,vehicle2,1173.286000,1173.099000,841.486094,1,ok,27440,25300,1,0.104587,0.008986,0.000263,0.093153,10.632939,4.622060,0.000092,41.216735,17.318306,0.738056,394.882770,0.029199,7.353829,469.504111,476.887402,477.418715,0.531313,477.532288
1048,vehicle2,1173.482000,1173.304000,842.291525,1,ok,27414,25248,1,0.151116,0.014864,0.000276,0.099472,14.932880,5.652274,0.000123,40.989107,14.808644,1.102413,378.573095,0.011411,7.301623,456.158008,463.471318,464.203730,0.732412,464.369710
1049,vehicle2,1173.683000,1173.498000,843.074307,1,ok,27294,25097,1,0.086718,0.006849,0.000241,0.068492,12.262137,5.331074,0.000112,44.051984,16.348585,0.948094,372.733517,0.004300,8.260670,451.743995,460.009206,460.624709,0.615503,460.718276
1050,vehicle2,1173.885000,1173.704000,843.868622,1,ok,27134,24952,1,0.226916,0.007659,0.000265,0.092842,10.725401,4.980727,0.000087,36.464962,16.244842,0.873885,347.945523,0.003759,6.649482,417.328269,423.981775,424.779696,0.797921,425.014271
1051,vehicle2,1174.083000,1173.902000,844.682199,1,ok,26982,24827,1,0.242358,0.012597,0.000132,0.107206,10.889530,4.425031,0.000144,39.644482,16.392878,0.720186,376.625008,0.010964,6.889373,448.804465,455.704934,456.567628,0.862694,456.822583
1052,vehicle2,1174.258000,1174.099000,845.433906,1,ok,26785,24657,1,1.318085,0.006759,0.000234,0.089870,10.607624,4.531868,0.000083,41.213686,16.669997,0.722544,347.222602,0.003684,7.880542,421.058274,428.942734,429.499237,0.556503,430.824081
1053,vehicle2,1174.472000,1174.299000,846.240217,1,ok,26696,24583,1,0.099329,0.008379,0.000251,0.098998,12.277788,4.968399,0.000087,37.278577,16.489122,0.711971,365.925801,0.015917,8.470525,437.750743,446.237436,446.673306,0.435870,446.781014
1054,vehicle2,1174.682000,1174.501000,847.043889,1,ok,26636,24511,1,0.158238,0.006270,0.000293,0.084310,14.646356,3.678872,0.000074,39.849567,14.142680,0.886263,362.983958,0.003473,8.988276,436.272080,445.264122,445.934756,0.670634,446.099264
1055,vehicle2,1174.882000,1174.706000,847.863154,1,ok,26528,24422,1,0.128714,0.005630,0.000166,0.056542,13.242213,4.438237,0.000083,41.033780,14.476554,0.766026,360.739405,0.004184,6.670559,434.752840,441.427749,441.868979,0.441230,442.003323
1056,vehicle2,1175.056000,1174.895000,848.622883,1,ok,26358,24298,1,0.118400,0.008562,0.000286,0.125183,11.145293,4.877953,0.000113,38.521418,16.023582,0.843102,344.655610,0.006736,7.672384,416.192254,423.871660,424.677280,0.805620,424.804242
1057,vehicle2,1175.257000,1175.100000,849.417087,1,ok,26196,24206,1,0.129049,0.008270,0.000204,0.088414,11.697898,3.414065,0.000075,38.331900,15.598991,0.809618,363.613523,0.004411,8.600602,433.554484,442.159701,443.334762,1.175061,443.472081
1058,vehicle2,1175.486000,1175.299000,850.295120,1,ok,26041,24191,1,0.209014,0.007902,0.000214,0.099705,19.026658,4.234049,0.000269,46.236390,16.009327,1.008205,412.621270,0.013401,6.340880,499.235873,505.590368,505.950947,0.360579,506.167863
1059,vehicle2,1175.687000,1175.503000,851.056722,1,ok,25964,24229,1,0.227096,0.012970,0.000206,0.126671,14.421540,4.304059,0.000071,40.932392,17.618148,0.713973,371.060634,0.004122,7.876568,449.177488,457.058384,457.708641,0.650257,457.948707
1060,vehicle2,1175.884000,1175.703000,851.882847,1,ok,25973,24183,1,0.127234,0.007228,0.000295,0.106515,13.242914,3.337522,0.000101,38.692282,15.651713,0.724106,391.570235,0.003404,10.781164,463.325388,474.110251,474.575617,0.465366,474.710079
1061,vehicle2,1176.084000,1175.901000,852.646709,1,ok,26079,24254,1,0.115025,0.034154,0.000217,0.217276,15.074052,4.023549,0.000115,36.124135,13.271686,0.938399,370.479108,0.003837,7.652671,440.128320,447.785045,448.171687,0.386642,448.320866
1062,vehicle2,1176.284000,1176.099000,853.456719,1,ok,26149,24323,1,0.269511,0.009139,0.000161,0.092640,12.723901,3.275907,0.000162,50.350754,17.789890,0.811183,384.775749,0.003656,6.929415,469.820186,476.753418,477.035663,0.282245,477.314313
1063,vehicle2,1176.452000,1176.299000,854.235285,1,ok,26201,24371,1,0.235633,0.008213,0.000219,0.104889,11.855386,3.276941,0.000108,52.217131,19.319261,0.786560,355.162539,0.005180,6.785354,442.722815,449.513568,450.033803,0.520235,450.277649
1064,vehicle2,1176.669000,1176.499000,855.046712,1,ok,26100,24236,1,0.139163,0.376509,0.000229,0.195199,14.831342,4.141121,0.000080,38.165242,17.235491,0.827939,363.621593,0.049393,7.248710,439.018007,446.316339,446.877461,0.561122,447.393133
1065,vehicle2,1176.872000,1176.701000,855.853985,1,ok,25975,24061,1,0.207919,0.005921,0.000253,0.053472,8.570534,3.605503,0.000099,36.493555,13.495222,0.898191,342.545354,0.003586,8.095587,405.661930,413.761356,414.136874,0.375518,414.350714
1066,vehicle2,1177.084000,1176.901000,856.669337,1,ok,25753,23791,1,0.396552,0.018683,0.000439,0.089405,8.505001,2.963312,0.000165,33.926671,15.939814,0.864473,352.771666,0.011399,9.063420,415.060507,424.135765,424.821798,0.686033,425.237033
1067,vehicle2,1177.244000,1177.098000,857.452430,1,ok,25707,23739,1,0.136792,0.016242,0.000206,0.079577,10.955218,3.246026,0.000121,37.693318,15.193453,0.713925,348.527861,0.007117,8.906541,416.409499,425.323363,427.019775,1.696412,427.172809
1068,vehicle2,1177.443000,1177.301000,858.281463,1,ok,25658,23692,1,0.125048,0.007171,0.000273,0.139237,11.044974,3.156201,0.000165,36.316555,14.382881,0.876853,331.707720,0.004492,7.519014,397.624586,405.148365,405.817068,0.668703,405.949287
1069,vehicle2,1177.602000,1177.503000,859.078649,1,ok,25596,23567,1,0.261607,0.011650,0.000536,0.100337,9.958030,3.276238,0.000112,36.771302,17.370710,0.735476,293.988737,0.019220,10.716819,362.200942,372.937517,373.386911,0.449394,373.660168
1070,vehicle2,1177.825000,1177.701000,859.927555,1,ok,25432,23318,1,0.165125,0.006770,0.000288,0.094194,12.023171,3.202007,0.000180,33.621198,14.753728,0.965783,308.043400,0.017088,8.765103,372.703661,381.486140,382.027820,0.541680,382.199715
1071,vehicle2,1178.006000,1177.901000,860.736963,1,ok,25293,23105,1,0.329374,0.014256,0.000218,0.074054,12.049177,3.233597,0.000080,37.786800,17.331085,0.728747,287.884688,0.003973,6.919836,359.088228,366.012255,366.580204,0.567949,366.923834
1072,vehicle2,1178.206000,1178.103000,861.568157,1,ok,25167,22862,1,0.075180,0.008171,0.000373,0.066848,8.721660,3.004722,0.000185,32.616746,14.224331,0.873281,306.284476,0.011468,8.651354,365.792249,374.455444,374.986071,0.530627,375.069422
1073,vehicle2,1178.397000,1178.298000,862.319181,1,ok,25101,22654,1,0.196602,0.005283,0.000313,0.084139,10.752674,4.609349,0.000101,35.407348,13.285977,0.707096,253.436507,0.010959,9.228731,318.283191,327.523194,328.059978,0.536784,328.261863
1074,vehicle2,1178.597000,1178.499000,863.178318,1,ok,25011,22204,1,0.187555,0.005253,0.000257,0.047396,8.848409,3.384440,0.000108,36.144788,15.223514,0.715079,276.987654,0.005858,6.512577,341.351388,347.870080,348.164696,0.294616,348.357504
1075,vehicle2,1178.812000,1178.701000,864.027864,1,ok,24935,22157,1,0.120813,0.007143,0.000201,0.090761,9.856459,3.631274,0.000079,32.169199,14.875339,0.685111,304.051880,0.004410,6.758189,365.360102,372.122902,372.557272,0.434370,372.685228
1076,vehicle2,1179.001000,1178.900000,864.842193,1,ok,24936,22141,1,0.236698,0.027341,0.000296,0.089358,11.448169,3.605276,0.000079,29.587195,13.980488,0.703678,273.545380,0.023316,8.089978,332.959623,341.073213,341.625026,0.551813,341.889065
1077,vehicle2,1179.198000,1179.103000,865.718187,1,ok,24921,22160,1,0.122686,0.025189,0.000310,0.082491,10.096387,7.699325,0.000116,31.851038,11.900181,0.746302,301.728758,0.011395,8.146151,364.104598,372.262454,372.566348,0.303894,372.714223
1078,vehicle2,1179.419000,1179.302000,866.562536,1,ok,24902,22140,1,0.210359,3.650904,0.000427,0.069630,8.982688,3.098597,0.000107,31.951560,11.570286,0.707120,298.637701,0.003588,7.753080,355.017689,362.774784,363.161090,0.386306,367.022353
1079,vehicle2,1179.599000,1179.501000,867.363331,1,ok,24866,22009,1,0.220366,0.008356,0.000242,0.090167,12.393902,3.343861,0.000165,31.270909,14.811538,0.704831,297.129988,0.007013,7.075528,359.745361,366.828144,367.157023,0.328879,367.385745
1080,vehicle2,1179.800000,1179.699000,868.165480,1,ok,24884,21931,1,0.195256,0.008330,0.000169,0.091227,9.148190,3.806736,0.000084,30.382622,12.245976,0.711213,283.969243,0.004232,7.183311,340.355291,347.543003,347.923436,0.380433,348.127022
1081,vehicle2,1180.039000,1179.902000,869.023913,1,ok,24911,21900,1,0.296030,0.007751,0.000228,0.088397,12.164456,3.484024,0.000227,39.676709,16.164901,0.737075,297.686357,0.011189,6.994558,370.002146,377.008121,377.329652,0.321531,377.633433
1082,vehicle2,1180.200000,1180.100000,869.791447,1,ok,25004,21932,1,0.105327,0.007270,0.000394,0.091172,12.389257,3.192317,0.000133,30.731731,16.180429,0.794298,306.666755,0.003661,7.288342,370.046092,377.338489,377.671975,0.333486,377.784572
1083,vehicle2,1180.426000,1180.298000,870.621097,1,ok,25036,21952,1,0.198726,0.009879,0.000278,0.086460,10.260466,2.799592,0.000074,31.148126,13.123706,0.700025,334.545030,0.005446,7.856610,392.663479,400.525813,400.856819,0.331006,401.065424
1084,vehicle2,1180.659000,1180.504000,871.450540,1,ok,25073,21930,1,0.125091,1.195111,0.000292,0.057221,10.675786,2.646993,0.000122,36.361718,11.740548,0.992856,337.049955,0.005162,7.016083,399.525199,406.546736,407.142205,0.595469,408.462407
1085,vehicle2,1180.868000,1180.699000,872.253289,1,ok,24951,21760,1,0.245302,0.006527,0.000245,0.079104,10.300180,3.624129,0.000164,34.827002,18.441530,0.858069,372.940649,0.006917,7.433108,441.070827,448.511097,448.967170,0.456073,449.218999
1086,vehicle2,1181.053000,1180.899000,873.047369,1,ok,25095,21760,1,0.232185,0.008650,0.000214,0.094514,12.640294,3.421963,0.000079,37.827681,17.246918,0.913584,358.457638,0.030366,6.633536,430.602671,437.266787,437.848188,0.581401,438.089023
1087,vehicle2,1181.252000,1181.099000,873.853712,1,ok,25413,21869,1,0.068501,0.009051,0.000199,0.070896,9.903113,2.943135,0.000110,30.770008,13.234417,0.706898,361.951687,0.011886,7.576197,419.580264,427.168546,427.463983,0.295437,427.541535
1088,vehicle2,1181.441000,1181.298000,874.675565,1,ok,25780,21926,1,0.102959,0.008349,0.000358,0.085913,13.408581,2.615553,0.000073,30.276138,20.491034,0.688148,352.028691,0.004258,8.654067,419.594131,428.252814,429.209851,0.957037,429.321159
1089,vehicle2,1181.684000,1181.506000,875.542491,1,ok,26099,21901,1,0.123168,0.006007,0.000325,0.092997,10.644810,3.742062,0.000129,37.301240,12.868037,0.707184,378.813829,0.004200,7.765588,444.170288,451.940401,452.515228,0.574827,452.644403
1090,vehicle2,1181.859000,1181.698000,876.319460,1,ok,26262,21824,1,0.101462,0.009166,0.000320,0.080004,8.487267,3.060449,0.000099,24.980149,10.995070,0.716302,383.976007,0.003639,7.004188,432.295347,439.303494,439.621992,0.318498,439.732620
1091,vehicle2,1182.085000,1181.901000,877.139480,1,ok,26368,21800,1,0.084778,0.008152,0.000467,0.102629,8.501054,2.755697,0.000203,29.097252,10.652855,0.684170,380.998350,0.011815,6.510514,432.792210,439.315006,439.555774,0.240768,439.648704
1092,vehicle2,1182.244000,1182.100000,877.877254,1,ok,26393,21759,1,0.119453,0.008487,0.000358,0.103417,7.006846,2.772303,0.000098,27.757155,9.610794,0.696444,371.215514,0.004313,7.583662,419.162571,426.750904,427.205900,0.454996,427.333840
1093,vehicle2,1182.475000,1182.298000,878.695265,1,ok,26398,21736,1,0.248520,0.008562,0.000239,0.095463,6.966118,2.613553,0.000096,28.829342,12.056420,0.721006,383.082874,0.004535,8.495661,434.364872,442.865307,443.154208,0.288901,443.411290
1094,vehicle2,1182.685000,1182.501000,879.530633,1,ok,26395,21710,1,0.228648,0.006280,0.000265,0.055893,6.999815,2.597435,0.000077,29.251438,12.306376,0.908144,394.498470,0.003995,6.943772,446.617648,453.565680,453.838764,0.273084,454.073692
1095,vehicle2,1182.886000,1182.701000,880.312115,1,ok,26454,21741,1,0.126186,0.006060,0.000199,0.092704,7.897710,2.968328,0.000111,24.281087,13.465764,0.778796,392.514284,0.005499,6.357642,441.998784,448.362124,448.735269,0.373145,448.867515
1096,vehicle2,1183.086000,1182.901000,881.087624,1,ok,26494,21769,1,0.133353,0.007981,0.000338,0.102203,10.167434,3.311583,0.000114,30.696180,12.732312,0.712946,392.091867,0.012703,7.118564,449.814639,456.946244,457.238436,0.292192,457.379770
1097,vehicle2,1183.285000,1183.101000,881.838974,1,ok,26535,21829,1,0.202030,0.009708,0.000645,0.133813,9.152057,2.475463,0.000099,24.418550,11.474499,0.852269,380.741609,0.003630,6.960521,429.248359,436.213155,436.588469,0.375314,436.800207
1098,vehicle2,1183.485000,1183.300000,882.628652,1,ok,26502,21882,1,0.202660,0.004674,0.000209,0.059117,9.020392,2.685162,0.000191,29.300246,12.723719,0.746227,403.654636,0.004183,7.692266,458.189690,465.886348,466.117961,0.231613,466.325295
1099,vehicle2,1183.685000,1183.499000,883.422389,1,ok,26390,21871,1,0.256504,0.009441,0.000159,0.099201,14.499434,2.186736,0.000074,35.800119,20.320456,0.732538,399.279012,0.004398,6.517497,472.917570,479.439624,479.716460,0.276836,479.982405
1100,vehicle2,1183.886000,1183.699000,884.180329,1,ok,26255,21809,1,0.231313,0.006582,0.000207,0.096378,8.625125,2.299178,0.000104,27.859429,12.263595,0.809807,400.011499,0.003685,6.777976,451.965115,458.746983,459.162926,0.415943,459.400821
1101,vehicle2,1184.085000,1183.900000,884.978947,1,ok,26112,21680,1,0.218610,0.006997,0.000385,0.094967,10.266657,3.128494,0.000337,28.865825,13.167260,0.824301,404.311434,0.003913,6.861751,460.659275,467.525324,467.917796,0.392472,468.143403
1102,vehicle2,1184.285000,1184.099000,885.772514,1,ok,26020,21592,1,0.074161,0.011606,0.000335,0.074881,10.413958,2.330097,0.000087,27.424878,16.017653,0.892822,408.009543,0.028826,7.062805,465.163919,472.255885,472.640501,0.384616,472.726268
1103,vehicle2,1184.472000,1184.299000,886.535849,1,ok,25981,21512,1,0.250079,0.008802,0.000163,0.098637,10.178871,3.373562,0.000123,28.356332,11.824807,0.777933,393.587714,0.012922,7.763062,448.197979,455.974126,456.523565,0.549439,456.782446
1104,vehicle2,1184.685000,1184.499000,887.344655,1,ok,25962,21470,1,0.166343,0.006582,0.000261,0.064594,7.905418,2.348395,0.000225,27.834201,11.333316,0.709378,409.006074,0.005004,7.971413,459.201601,467.178279,467.584108,0.405829,467.757033
1105,vehicle2,1184.885000,1184.700000,888.158654,1,ok,25964,21454,1,0.281377,0.009111,0.000248,0.098070,7.852836,2.174106,0.000030,27.425500,12.555791,0.818462,420.908635,0.004405,6.151798,471.833430,477.989881,478.291179,0.301298,478.581667
1106,vehicle2,1185.085000,1184.900000,888.902415,1,ok,25925,21409,1,0.230582,0.005994,0.000201,0.092024,8.719512,2.598853,0.000123,24.843080,11.063793,1.108608,400.270630,0.004735,8.163040,448.696623,456.864599,457.299050,0.434451,457.535626
1107,vehicle2,1185.285000,1185.098000,889.671588,1,ok,25943,21428,1,0.084216,0.006848,0.000188,0.086087,6.603696,2.910978,0.000122,24.370080,10.863536,0.943967,405.753827,0.005737,7.570444,451.532293,459.108662,459.564138,0.455476,459.655202
1108,vehicle2,1185.486000,1185.303000,890.474035,1,ok,25991,21469,1,0.133833,0.006886,0.000274,0.086828,8.640838,2.875735,0.000106,28.554383,11.696986,0.847095,389.389796,0.025565,10.218334,442.091767,452.335940,452.806795,0.470855,452.947514
1109,vehicle2,1185.684000,1185.498000,891.258476,1,ok,26023,21492,1,0.206089,0.007509,0.000206,0.102682,7.980276,3.373690,0.000120,26.176696,14.861918,0.889732,414.553989,0.004154,6.266079,467.939103,474.209542,474.744114,0.534572,474.957712
1110,vehicle2,1185.883000,1185.699000,892.020628,1,ok,25966,21436,1,0.243857,0.008407,0.000223,0.068613,5.817222,2.131019,0.000027,23.617872,11.790050,0.847155,392.133810,0.011524,9.115406,436.405768,445.532921,446.102421,0.569500,446.354685
1111,vehicle2,1186.085000,1185.899000,892.803903,1,ok,25998,21465,1,0.267140,2.820018,0.000302,0.087474,7.605707,2.565749,0.000111,24.516781,12.758361,0.734751,396.219711,0.006099,8.030653,444.488645,452.525699,452.953971,0.428272,456.041129
1112,vehicle2,1186.285000,1186.102000,893.618488,1,ok,25988,21467,1,0.103778,0.006768,0.000322,0.098626,8.698802,3.313894,0.000170,27.034791,11.696852,0.767507,438.760182,0.023773,7.212136,490.370824,497.607055,498.137366,0.530311,498.247912
1113,vehicle2,1186.486000,1186.300000,894.355906,1,ok,26024,21500,1,0.246622,0.006968,0.000314,0.106990,7.314375,2.157006,0.000128,20.681141,12.040924,0.693546,413.766538,0.011405,6.336454,456.760648,463.108821,463.409191,0.300370,463.662781
1114,vehicle2,1186.685000,1186.503000,895.164036,1,ok,26033,21468,1,0.170028,0.005138,0.000272,0.071849,7.757441,2.783450,0.000361,22.468103,11.147885,0.747536,419.243357,0.003659,6.376462,464.219982,470.600375,471.022328,0.421953,471.197494
1115,vehicle2,1186.885000,1186.697000,895.967237,1,ok,26004,21396,1,0.129505,0.008357,0.000205,0.065346,8.838269,2.563723,0.000107,27.613759,13.781276,0.727041,463.006379,0.003846,7.283307,516.595900,523.883258,524.360353,0.477095,524.498215
1116,vehicle2,1187.084000,1186.900000,896.769071,1,ok,25854,21256,1,0.111522,0.013914,0.000315,0.215464,10.884006,2.280235,0.000169,32.715762,13.613893,0.745794,459.088782,0.002984,6.666550,519.544105,526.213954,526.512175,0.298221,526.637611
1117,vehicle2,1187.285000,1187.098000,897.560451,1,ok,25684,21264,1,0.307568,0.007834,0.000177,0.093251,12.804341,2.367172,0.000152,29.424372,15.424163,0.912376,462.052761,0.004012,7.206515,523.078588,530.289292,530.658622,0.369330,530.974024
1118,vehicle2,1187.493000,1187.300000,898.360128,1,ok,25479,21335,1,0.237659,0.013451,0.000191,0.096629,11.129600,2.108593,0.000087,32.578410,16.782342,0.698441,469.369006,0.013729,6.480725,532.763108,539.257753,539.631091,0.373338,539.882201
1119,vehicle2,1187.687000,1187.501000,899.112390,1,ok,25246,21377,1,0.221906,0.008636,0.000197,0.105427,15.216960,3.156724,0.000117,29.413163,14.555801,0.710299,444.152095,0.004624,7.936822,507.310586,515.252229,515.889916,0.637687,516.120458
1120,vehicle2,1187.885000,1187.701000,899.911512,1,ok,25150,21489,1,0.201618,0.006943,0.000545,0.095643,10.457679,2.826700,0.000283,29.867153,19.153194,1.066633,455.127438,0.005264,7.178157,518.594723,525.778689,526.259056,0.480367,526.467617
1121,vehicle2,1188.085000,1187.900000,900.668727,1,ok,25160,21630,1,0.115558,0.005962,0.000182,0.092137,11.343737,2.511554,0.000245,27.599521,19.485971,0.714963,445.654370,0.005419,6.548451,507.402498,513.956550,514.375375,0.418825,514.496895
1122,vehicle2,1188.286000,1188.100000,901.467569,1,ok,25222,21741,1,0.111371,0.709243,0.000231,0.094284,8.629144,2.085545,0.000076,29.201195,11.506534,0.917860,458.265910,0.005317,8.031596,510.700548,518.737692,519.130497,0.392805,519.951111
1123,vehicle2,1188.485000,1188.301000,902.277538,1,ok,25258,21786,1,0.102655,0.008619,0.000312,0.075655,8.810884,2.037382,0.000082,26.059866,11.685646,0.747943,460.600811,0.004773,7.628972,510.018269,517.652326,517.908656,0.256330,518.019930
1124,vehicle2,1188.685000,1188.500000,903.061194,1,ok,25254,21835,1,0.122918,0.006295,0.000134,0.100261,10.865028,2.109674,0.000098,28.193216,13.266856,0.821324,482.559783,0.013237,6.698255,537.916240,544.627866,544.950530,0.322664,545.079743
1125,vehicle2,1188.885000,1188.701000,903.785068,1,ok,25032,21766,1,0.211913,0.014577,0.000228,0.105070,11.299530,2.423362,0.000087,24.131936,10.441872,0.996900,407.477072,0.004664,6.986922,456.875829,463.867643,464.409979,0.542336,464.636469
1126,vehicle2,1189.085000,1188.900000,904.589764,1,ok,24901,21698,1,0.158176,0.006681,0.000269,0.062970,9.701445,2.026059,0.000080,26.510404,13.097153,0.932541,450.162083,0.003546,9.080942,502.492735,511.577492,512.165888,0.588396,512.330745
1127,vehicle2,1189.286000,1189.101000,905.364752,1,ok,24987,21689,1,0.114757,0.007456,0.000271,0.075376,9.247879,2.389700,0.000134,25.155283,10.937259,0.693602,423.116417,0.003666,7.041480,471.615650,478.661067,479.082117,0.421050,479.204330
1128,vehicle2,1189.485000,1189.300000,906.140567,1,ok,25128,21742,1,0.237679,0.011004,0.000312,0.119515,10.133278,2.609668,0.000099,26.105185,11.807961,0.960283,462.263919,0.004061,7.736119,513.999908,521.740400,522.048359,0.307959,522.297042
1129,vehicle2,1189.687000,1189.501000,906.957615,1,ok,24924,21604,1,0.116016,0.006998,0.000238,0.097364,13.104467,4.198320,0.000154,34.720822,10.915258,0.683544,425.039445,0.014811,7.465522,488.759374,496.239945,496.944072,0.704127,497.067086
1130,vehicle2,1189.886000,1189.703000,907.790863,1,ok,24687,21322,1,0.127418,0.007245,0.000335,0.099195,11.239141,2.763553,0.000155,30.567422,13.328914,0.852774,443.037318,0.005120,6.244438,501.888472,508.138365,508.532943,0.394578,508.667606
1131,vehicle2,1190.085000,1189.900000,908.502039,1,ok,24546,20968,1,0.209943,0.009273,0.000198,0.116028,11.720730,2.933397,0.000145,28.695591,13.024662,0.903513,414.357447,0.003940,6.514150,471.751513,478.269801,478.789156,0.519355,479.008372
1132,vehicle2,1190.285000,1190.099000,909.249117,1,ok,24478,20753,1,0.129098,0.643638,0.000270,0.116987,9.840734,2.545818,0.000113,24.744145,11.928748,0.909669,395.971402,0.005697,8.361129,446.057616,454.424712,454.870821,0.446109,455.643557
1133,vehicle2,1190.485000,1190.300000,910.042987,1,ok,24451,20729,1,0.225343,0.009369,0.000260,0.110179,10.482340,2.311298,0.000089,25.876570,11.748856,0.898043,399.859007,0.004305,7.356179,451.286382,458.647126,459.010084,0.362958,459.244796
1134,vehicle2,1190.686000,1190.500000,910.887187,1,ok,24443,20659,1,0.212365,0.007160,0.000184,0.102593,11.591528,2.331499,0.000130,31.562518,15.238082,0.886998,432.789718,0.010322,7.108600,494.503066,501.622172,501.951392,0.329220,502.170917
1135,vehicle2,1190.886000,1190.700000,911.635160,1,ok,24338,20599,1,0.088079,0.009723,0.000280,0.114527,11.132736,6.767294,0.000100,25.155586,14.044394,0.684131,407.146627,0.016395,9.591453,465.045395,474.653523,475.035005,0.381482,475.132807
1136,vehicle2,1191.085000,1190.900000,912.446618,1,ok,24179,20515,1,0.065455,0.014224,0.000210,0.077580,8.986815,1.964133,0.000147,27.686114,12.806911,0.712296,431.164131,0.005024,6.235594,483.398127,489.638955,489.934913,0.295958,490.014592
1137,vehicle2,1191.286000,1191.100000,913.226135,1,ok,23982,20450,1,0.103869,0.008626,0.000356,0.098235,10.121652,2.716475,0.000085,25.617688,12.739606,0.683325,427.736597,0.006020,6.635607,479.713663,486.355646,486.842757,0.487111,486.955252
1138,vehicle2,1191.486000,1191.303000,914.062717,1,ok,23750,20340,1,0.231710,0.012691,0.000562,0.141609,11.517835,1.934395,0.000081,30.657994,11.365653,0.682869,430.185320,0.005548,7.101478,486.485756,493.593344,493.865691,0.272347,494.110092
1139,vehicle2,1191.687000,1191.501000,914.841948,1,ok,23570,20270,1,0.126554,0.007615,0.000209,0.096308,8.707083,2.588930,0.000101,26.626526,11.490909,0.856115,429.438352,0.005087,7.816670,479.804324,487.626290,488.350612,0.724322,488.484781
1140,vehicle2,1191.885000,1191.705000,915.659510,1,ok,23467,20247,1,0.278726,0.936403,0.000264,0.088924,10.758015,2.618975,0.000230,27.993162,12.660247,0.683484,454.633500,0.004242,6.170664,509.436537,515.611707,515.905049,0.293342,517.120178
1141,vehicle2,1192.091000,1191.900000,916.458453,1,ok,23448,20245,1,0.220755,0.007777,0.000290,0.097333,12.048740,2.593354,0.000110,29.036057,12.494581,0.822575,461.287562,0.013923,6.465476,518.380312,524.860001,525.256360,0.396359,525.484892
1142,vehicle2,1192.286000,1192.100000,917.221234,1,ok,23430,20237,1,0.212894,0.006578,0.000304,0.093469,12.317957,2.813404,0.000136,31.852012,12.895253,0.785931,458.582158,0.004488,7.911036,519.340320,527.256148,527.693444,0.437296,527.912916
1143,vehicle2,1192.487000,1192.301000,918.031491,1,ok,23298,20222,1,0.137806,0.007746,0.000276,0.081251,7.413802,1.982095,0.000049,33.143328,11.874459,0.887529,452.058139,0.003971,7.398944,507.440652,514.843843,515.170449,0.326606,515.316001
1144,vehicle2,1192.686000,1192.499000,918.807668,1,ok,23313,20350,1,0.233119,0.007415,0.000242,0.100814,21.578762,3.478393,0.000234,43.074395,13.651922,0.710817,436.490946,0.004798,6.593532,519.086283,525.684855,526.044753,0.359898,526.285287
1145,vehicle2,1192.884000,1192.703000,919.603039,1,ok,23436,20498,1,0.122910,0.008400,0.000290,0.079260,9.678928,2.926858,0.000090,29.884070,12.765071,0.783548,453.895633,0.005227,6.302661,510.013458,516.321636,516.630504,0.308868,516.761814
1146,vehicle2,1193.084000,1192.899000,920.403106,1,ok,23519,20621,1,0.191197,0.006571,0.000247,0.081347,15.065099,3.513390,0.000116,27.583106,14.059325,0.736972,444.823988,0.004079,7.185066,505.863343,513.052735,513.584559,0.531824,513.782327
1147,vehicle2,1193.285000,1193.100000,921.208352,1,ok,23610,20706,1,0.127516,0.008754,0.000230,0.112008,18.672165,2.653783,0.000142,28.203639,11.983963,0.927782,477.014143,0.013527,7.356821,539.567625,546.938203,547.355687,0.417484,547.491957
1148,vehicle2,1193.486000,1193.301000,921.973630,1,ok,24005,21042,1,0.199623,0.007777,0.000231,0.089331,10.820346,2.657878,0.000138,28.345515,12.593546,0.686770,444.452255,0.009227,8.395739,499.645779,508.050976,508.623144,0.572168,508.830544
1149,vehicle2,1193.685000,1193.500000,922.757415,1,ok,24507,21443,1,0.220020,0.007491,0.000166,0.096073,14.115326,3.320781,0.000107,39.443303,18.994694,1.034659,448.344778,0.005356,6.969254,525.349721,532.324497,534.000923,1.676426,534.228434
1150,vehicle2,1193.884000,1193.702000,923.552458,1,ok,24884,21735,1,0.239776,0.014925,0.000236,0.095998,10.766431,2.083079,0.000088,23.784766,12.418349,0.682060,452.130052,0.004303,6.365434,501.960823,508.330796,508.732034,0.401238,508.986735
1151,vehicle2,1194.085000,1193.899000,924.333998,1,ok,24919,21684,1,0.262951,0.010091,0.000251,0.101356,13.369846,2.058341,0.000115,25.987677,20.425379,0.704936,460.306932,0.004960,8.152270,522.954582,531.112063,531.464090,0.352027,531.737132
1152,vehicle2,1194.286000,1194.099000,925.108709,1,ok,24807,21560,1,0.116714,0.006035,0.000354,0.098096,11.766650,2.808846,0.000101,28.432562,15.060105,0.706535,457.381863,0.013105,7.733455,516.254758,524.001672,524.472715,0.471043,524.595464
1153,vehicle2,1194.486000,1194.299000,925.908000,1,ok,24724,21492,1,0.222825,0.006660,0.000277,0.095810,8.602449,2.727960,0.000091,33.273809,13.382333,0.784127,452.474382,0.004938,7.156491,511.340961,518.502667,518.842058,0.339391,519.071543
1154,vehicle2,1194.686000,1194.502000,926.711651,1,ok,24734,21525,1,0.106917,0.045021,0.000229,0.095675,7.561275,1.959971,0.000084,23.851584,12.779033,0.664139,443.127062,0.006839,6.929469,490.038823,496.975360,497.629066,0.653706,497.781004
1155,vehicle2,1194.885000,1194.700000,927.497492,1,ok,24763,21586,1,0.217234,0.011048,0.000216,0.079232,9.346320,2.694712,0.000089,26.398551,11.090635,0.710369,467.743749,0.006109,6.436397,518.063657,524.506379,525.190190,0.683811,525.418472
1156,vehicle2,1195.086000,1194.900000,928.312221,1,ok,24870,21686,1,0.135777,0.007771,0.000303,0.082850,8.229328,1.963537,0.000100,23.273777,10.612027,1.063524,463.030608,0.004267,8.747805,508.255751,517.008126,517.523659,0.515533,517.667207
1157,vehicle2,1195.285000,1195.100000,929.081304,1,ok,25022,21820,1,0.229943,0.010186,0.000170,0.104369,8.219355,1.977353,0.000465,25.490635,10.457504,0.816237,435.528665,0.004833,6.729908,482.594583,489.329494,489.839971,0.510477,490.080100
1158,vehicle2,1195.490000,1195.299000,929.926697,1,ok,25075,21861,1,0.232133,0.006662,0.000195,0.089939,10.137970,2.135654,0.000078,27.678803,11.259668,0.694711,481.740451,0.023229,8.051663,533.737274,541.812361,542.323835,0.511474,542.562630
1159,vehicle2,1195.685000,1195.498000,930.677980,1,ok,25068,21807,1,0.108600,0.038918,0.000232,0.085235,9.123445,1.889466,0.000092,23.975908,13.152648,0.992617,465.348655,0.004206,8.276550,514.568066,522.849054,523.613344,0.764290,523.760862
1160,vehicle2,1195.885000,1195.700000,931.490333,1,ok,25138,21863,1,0.124173,0.158720,0.000119,0.092039,9.343483,2.245109,0.000094,26.350399,11.635947,0.710789,474.665848,0.005512,8.036770,525.043708,533.086109,533.660151,0.574042,533.943044
1161,vehicle2,1196.087000,1195.901000,932.280404,1,ok,25222,21887,1,0.109869,0.010684,0.000214,0.087814,8.430529,1.847485,0.000073,26.246317,12.029255,0.727837,467.452768,0.005312,7.367633,516.822078,524.195237,524.525431,0.330194,524.645984
1162,vehicle2,1196.285000,1196.103000,933.078340,1,ok,25275,21873,1,0.090215,0.006046,0.000227,0.081894,7.001316,2.593841,0.000090,26.949298,11.827383,0.678092,451.859127,0.003811,7.377268,500.991041,508.372347,508.695280,0.322933,508.791541
1163,vehicle2,1196.486000,1196.299000,933.861424,1,ok,25389,21967,1,0.101662,0.007799,0.000267,0.106106,8.659972,2.573826,0.000182,27.327682,12.058615,0.693247,457.543206,0.014129,7.597405,508.962836,516.574637,516.932639,0.358002,517.042100
1164,vehicle2,1196.685000,1196.502000,934.687220,1,ok,25439,22004,1,0.277632,0.117319,0.000330,0.101073,9.474736,2.279108,0.000114,28.370547,12.430071,0.691955,457.116315,0.005838,6.817144,510.463919,517.287231,517.996475,0.709244,518.391426
1165,vehicle2,1196.885000,1196.701000,935.497793,1,ok,25422,21947,1,0.123441,0.007379,0.000258,0.100599,8.124307,1.865599,0.000075,29.165010,13.603562,0.801611,450.262375,0.003954,7.386616,503.923138,511.313966,511.640714,0.326748,511.771534
1166,vehicle2,1197.088000,1196.899000,936.283444,1,ok,25354,21813,1,0.210817,0.007481,0.000250,0.118067,9.219889,1.874738,0.000128,30.487230,14.421245,0.878705,461.841889,0.003580,6.714731,518.841891,525.560452,525.873980,0.313528,526.092278
1167,vehicle2,1197.284000,1197.103000,937.139749,1,ok,25463,21840,1,0.229731,0.008484,0.000149,0.109740,11.913798,2.561645,0.000135,34.318878,13.274976,0.707345,473.090474,0.004398,6.744889,535.976991,542.726427,543.261618,0.535191,543.499833
1168,vehicle2,1197.493000,1197.302000,937.969102,1,ok,25530,21803,1,0.120477,0.006509,0.000309,0.112696,11.713433,2.372116,0.000120,38.494457,13.397772,0.699877,481.756130,0.013496,7.381657,548.546601,555.942063,556.248332,0.306269,556.375318
1169,vehicle2,1197.688000,1197.498000,938.774916,1,ok,25632,21905,1,0.124909,0.025710,0.000267,0.103249,12.087307,1.788908,0.000106,30.370477,15.835852,0.709939,493.815956,0.019459,8.309411,554.711794,563.040931,563.752711,0.711780,563.903330
1170,vehicle2,1197.884000,1197.705000,939.568178,1,ok,25799,22001,1,0.223483,0.004513,0.000210,0.090528,9.626196,1.657643,0.000074,27.498869,13.938617,0.904581,449.375303,0.003892,8.691187,503.091811,511.787100,512.183252,0.396152,512.411248
1171,vehicle2,1198.085000,1197.896000,940.331342,1,ok,25997,22095,1,0.231244,0.008611,0.000166,0.118436,9.773232,2.019764,0.000112,28.812763,14.620087,0.855177,442.020352,0.006181,7.195975,498.219923,505.422245,505.981760,0.559515,506.221615
1172,vehicle2,1198.286000,1198.102000,941.186423,1,ok,26139,22104,1,0.178753,0.008256,0.000241,0.097564,8.154626,2.303610,0.000108,24.978515,12.093839,0.797169,423.992744,0.004545,6.485308,472.418175,478.908269,479.310704,0.402435,479.497713
1173,vehicle2,1198.485000,1198.298000,941.988128,1,ok,26134,22031,1,0.259013,0.007154,0.000315,0.094883,10.557333,1.863340,0.000148,28.658932,17.426838,0.934881,431.810193,0.004177,6.780047,491.346548,498.131087,498.516808,0.385721,498.782975
1174,vehicle2,1198.686000,1198.502000,942.797316,1,ok,26209,22022,1,0.231941,0.006862,0.000182,0.100289,10.522683,2.438913,0.000235,25.033972,10.374403,0.827067,421.544003,0.013635,6.614194,470.841565,477.469576,477.893040,0.423464,478.131843
1175,vehicle2,1198.888000,1198.699000,943.621716,1,ok,26348,22054,1,0.138378,0.009998,0.000402,0.125114,10.181264,1.897453,0.000181,25.537898,14.758871,0.702033,426.057348,0.003461,7.159587,479.260162,486.423612,486.734520,0.310908,486.882896
1176,vehicle2,1199.085000,1198.904000,944.428665,1,ok,26599,22193,1,0.115742,0.009514,0.000357,0.110089,10.949004,2.337533,0.000082,28.245197,11.283257,0.950095,420.907426,0.012528,7.241620,474.782683,482.037188,482.510089,0.472901,482.635345
1177,vehicle2,1199.286000,1199.101000,945.245394,1,ok,26792,22321,1,0.100361,0.007411,0.000224,0.110371,8.111602,1.593338,0.000095,28.869345,15.431737,0.800481,427.787639,0.004458,6.520365,482.704608,489.229655,489.939021,0.709366,490.046793
1178,vehicle2,1199.487000,1199.300000,946.049726,1,ok,26988,22489,1,0.335946,0.016352,0.000509,0.123853,10.133392,2.362086,0.000123,39.529743,13.316212,0.800041,428.890535,0.017356,6.867884,495.155985,502.041734,502.508020,0.466286,502.860318
1179,vehicle2,1199.687000,1199.502000,946.867090,1,ok,27253,22768,1,0.107244,0.006111,0.000347,0.069275,7.376622,1.443217,0.000096,26.355528,11.964112,0.764064,431.922251,0.020710,7.403006,479.895165,487.319228,487.942497,0.623269,488.055852
1180,vehicle2,1199.887000,1199.702000,947.670105,1,ok,27500,23041,1,0.341076,0.191553,0.000246,0.107744,8.258782,1.513491,0.000027,27.703536,11.464078,0.780525,434.864234,0.003664,8.871973,484.692417,493.568300,493.883199,0.314899,494.415828
1181,vehicle2,1200.086000,1199.902000,948.463501,1,ok,28047,23614,1,0.130887,0.006561,0.000307,0.068822,9.189051,1.976328,0.000115,28.972029,12.386207,0.888027,447.449849,0.004219,8.264350,500.930428,509.199304,509.549760,0.350456,509.687208
1182,vehicle2,1200.287000,1200.099000,949.246708,1,ok,28709,24040,1,0.117356,0.016117,0.000204,0.173531,14.422070,1.716265,0.000130,35.676126,16.953724,0.940705,447.048215,0.004473,7.363310,516.930766,524.298753,524.677796,0.379043,524.811269
1183,vehicle2,1200.486000,1200.301000,950.067882,1,ok,29260,24250,1,0.151865,0.316284,0.000283,0.121199,9.137914,1.569764,0.000026,28.651122,15.909788,0.690456,427.874167,0.007101,8.219283,483.954436,492.181103,492.815613,0.634510,493.283762
1184,vehicle2,1200.687000,1200.502000,950.869015,1,ok,29489,24225,1,0.281101,0.009832,0.000232,0.133416,9.637447,1.349671,0.000077,30.449294,14.334221,0.732770,459.644214,0.020083,6.535786,516.281110,522.837211,523.163828,0.326617,523.454761
1185,vehicle2,1200.885000,1200.703000,951.669708,1,ok,29575,24067,1,0.279705,0.006372,0.000139,0.111043,10.160848,1.362397,0.000081,30.064302,12.384197,0.691639,461.196692,0.011278,7.102481,515.971199,523.085097,523.646509,0.561412,523.932586
1186,vehicle2,1201.088000,1200.901000,952.442256,1,ok,29408,23807,1,0.330250,0.011844,0.000201,0.103923,9.980080,1.556025,0.000031,29.007384,11.454801,0.681161,437.336636,0.004282,8.411274,490.120041,498.535798,498.853395,0.317597,499.195489
1187,vehicle2,1201.287000,1201.105000,953.234458,1,ok,29110,23589,1,0.126190,0.013256,0.000171,0.070469,8.203466,1.405846,0.000086,26.120118,11.634194,0.889875,428.930409,0.005348,6.471524,477.254463,483.731506,484.586629,0.855123,484.726075
1188,vehicle2,1201.470000,1201.303000,953.987364,1,ok,28788,23405,1,0.098663,0.006164,0.000274,0.105481,9.725542,1.679320,0.000083,25.389167,11.909598,0.797669,385.569228,0.003985,6.943768,435.176088,442.124115,442.420255,0.296140,442.525082
1189,vehicle2,1201.653000,1201.506000,954.780168,1,ok,28561,23222,1,0.135647,0.007035,0.000231,0.108930,8.263400,1.359556,0.000085,28.329738,13.797220,0.929025,361.016647,0.005455,8.019499,413.804601,421.829786,422.213304,0.383518,422.355986
1190,vehicle2,1201.854000,1201.703000,955.571219,1,ok,28600,23165,1,0.308207,0.018808,0.000224,0.109761,9.634815,1.466868,0.000088,21.881672,11.804508,0.827032,340.146533,0.035270,7.682155,385.871277,393.588926,394.138632,0.549706,394.465647
1191,vehicle2,1202.041000,1201.904000,956.367559,1,ok,28858,23251,1,0.190881,0.008635,0.000169,0.111875,8.606609,1.328164,0.000161,27.162166,12.799964,0.733300,328.638764,0.004308,6.970142,379.381003,386.355622,386.701826,0.346204,386.901342
1192,vehicle2,1202.209000,1202.102000,957.152302,1,ok,29144,23463,1,0.409819,0.025148,0.000169,0.102118,10.694776,1.476471,0.000226,23.908016,11.401563,0.718172,320.011144,0.003183,6.914893,368.312486,375.230731,375.675540,0.444809,376.110507
1193,vehicle2,1202.484000,1202.313000,958.032162,1,ok,29470,23643,1,0.131157,0.005677,0.000227,0.072624,11.381149,1.865669,0.000226,30.472191,13.672727,0.692376,365.727137,0.004063,7.687780,423.884099,431.576169,431.953236,0.377067,432.090070
1194,vehicle2,1202.662000,1202.502000,958.825847,1,ok,29728,23757,1,0.154015,0.007132,0.000240,0.105323,11.570475,1.943428,0.000156,38.395678,18.767623,0.909521,360.076849,0.004606,7.270811,431.769053,439.044710,439.696717,0.652007,439.857864
1195,vehicle2,1202.860000,1202.705000,959.617891,1,ok,29848,23672,1,0.163204,0.011802,0.000303,0.166092,10.904666,1.581513,0.000101,31.611213,16.195662,0.711928,357.018450,0.022825,7.294196,418.189625,425.506949,426.298091,0.791142,426.473097
1196,vehicle2,1203.051000,1202.904000,960.400948,1,ok,29948,23673,1,0.253839,0.005609,0.000185,0.084372,8.274487,1.587802,0.000096,26.883326,11.493740,0.696227,324.943512,0.003585,6.646212,373.963562,380.613544,380.998326,0.384782,381.257774
1197,vehicle2,1203.247000,1203.102000,961.198096,1,ok,30102,23579,1,0.150769,0.004686,0.000224,0.079189,7.294940,1.537736,0.000077,25.806970,14.271061,0.966331,350.711025,0.004888,8.126316,400.667329,408.798757,409.870504,1.071747,410.025959
1198,vehicle2,1203.431000,1203.302000,961.981536,1,ok,30113,23481,1,0.224364,0.004721,0.000193,0.068251,11.027334,1.294352,0.000093,22.739915,14.448618,0.819249,325.461456,0.005076,8.235242,375.859268,384.099779,384.581586,0.481807,384.810671
1199,vehicle2,1203.668000,1203.505000,962.791881,1,ok,29909,23342,1,0.362710,0.011326,0.000188,0.105028,14.446080,1.680552,0.000121,26.616450,13.966596,0.722612,349.838377,0.004208,7.981844,407.375816,415.362056,416.128824,0.766768,416.502860
1200,vehicle2,1203.889000,1203.705000,963.577972,1,ok,29669,23256,1,0.156534,0.005129,0.000387,0.097215,10.785436,1.244377,0.000072,30.393617,15.050211,0.710509,357.724594,0.012901,7.701446,416.006031,423.720765,424.039649,0.318884,424.201312
1201,vehicle2,1204.065000,1203.906000,964.329863,1,ok,29545,23127,1,0.364330,0.033585,0.000320,0.109892,11.136316,1.355847,0.000095,30.050324,15.169619,0.707941,341.613174,0.005245,8.981004,400.143208,409.129777,409.433000,0.303223,409.830915
1202,vehicle2,1204.264000,1204.101000,965.112635,1,ok,29480,23043,1,0.166129,0.011601,0.000391,0.099818,11.330508,1.522460,0.000108,28.147616,13.492657,0.787355,352.514218,0.003820,6.922168,407.894740,414.821119,415.384649,0.563530,415.562379
1203,vehicle2,1204.456000,1204.303000,965.869720,1,ok,29473,22957,1,0.242200,0.009421,0.000159,0.076789,8.167706,1.783706,0.000035,27.604319,11.404150,0.684914,322.791476,0.005285,8.889665,372.513095,381.408204,382.350983,0.942779,382.602604
1204,vehicle2,1204.648000,1204.503000,966.642434,1,ok,29471,22997,1,0.153973,0.006113,0.000203,0.114428,9.298493,1.142884,0.000026,31.595638,11.138598,0.685439,331.256992,0.003792,8.181342,385.232498,393.417835,393.708414,0.290579,393.868500
1205,vehicle2,1204.802000,1204.702000,967.380812,1,ok,29486,23067,1,0.279023,0.006757,0.000234,0.120377,11.452070,1.927354,0.000148,35.211485,12.518435,0.731758,271.420970,0.004941,7.483955,333.382597,340.871727,341.287595,0.415868,341.573375
1206,vehicle2,1205.087000,1204.903000,968.245039,1,ok,29445,23119,1,0.127817,0.008914,0.000190,0.117815,9.037847,1.137695,0.000027,26.300448,18.849864,0.685792,343.391861,0.013376,7.155859,399.521349,406.690774,407.009461,0.318687,407.146192
1207,vehicle2,1205.242000,1205.101000,968.956517,1,ok,29327,23129,1,0.278845,0.009053,0.000186,0.116605,8.986724,1.422647,0.000122,23.887717,12.868617,0.898966,329.696637,0.004325,7.846450,377.878035,385.728996,386.227338,0.498342,386.515236
1208,vehicle2,1205.481000,1205.301000,969.752192,1,ok,29290,23088,1,0.121673,0.007271,0.000167,0.117486,8.682002,1.619574,0.000130,27.995783,14.803223,0.722343,341.397204,0.004784,6.664914,395.337745,402.007610,402.645076,0.637466,402.774020
1209,vehicle2,1205.678000,1205.504000,970.499716,1,ok,29291,23067,1,0.239341,0.006618,0.000208,0.114046,8.039588,1.069407,0.000027,25.730329,12.253381,0.694388,325.740502,0.004352,7.999449,373.641668,381.645677,382.237289,0.591612,382.483248
1210,vehicle2,1205.887000,1205.702000,971.271889,1,ok,29372,23032,1,0.112026,0.007484,0.000299,0.122347,8.941057,1.101918,0.000026,26.259136,11.995345,0.686014,330.527990,0.003439,8.542011,379.633833,388.179582,388.455912,0.276330,388.575422
1211,vehicle2,1206.086000,1205.903000,972.025271,1,ok,29386,23000,1,0.154862,0.009974,0.000171,0.132171,9.600417,1.241725,0.000079,22.160722,11.699139,0.777797,334.736719,0.003479,6.535995,380.348769,386.888414,387.271757,0.383343,387.436593
1212,vehicle2,1206.236000,1206.100000,972.760667,1,ok,29424,22914,1,0.137789,0.007886,0.000299,0.096763,9.071590,1.524465,0.000102,26.830490,14.788086,0.826591,358.095885,0.013189,6.607220,411.233972,417.854680,418.262895,0.408215,418.408570
1213,vehicle2,1206.486000,1206.302000,973.592607,1,ok,29515,22923,1,0.150415,0.007551,0.000383,0.121356,9.114660,1.103595,0.000225,27.762531,12.142163,0.765744,344.889643,0.004208,7.610257,395.899917,403.514765,403.957151,0.442386,404.115117
1214,vehicle2,1206.644000,1206.500000,974.340301,1,ok,29594,22976,1,0.381416,0.014069,0.000167,0.103518,8.886037,1.308604,0.000085,24.980135,16.013024,0.775735,339.084404,0.004204,8.325077,391.151542,399.480990,400.317162,0.836172,400.712647
1215,vehicle2,1206.887000,1206.702000,975.168522,1,ok,29634,23046,1,0.192062,0.009947,0.000284,0.122268,11.085727,1.677644,0.000159,23.390350,12.342558,0.955640,336.147792,0.003816,7.143003,385.722138,392.869241,393.503414,0.634173,393.705423
1216,vehicle2,1207.088000,1206.906000,975.977028,1,ok,29699,23185,1,0.268039,0.007480,0.000169,0.105687,11.358172,1.087571,0.000222,26.712591,14.191796,0.721195,366.793082,0.005211,7.153125,420.970316,428.128821,428.513576,0.384755,428.789095
1217,vehicle2,1207.287000,1207.103000,976.728410,1,ok,29706,23283,1,0.119535,0.007837,0.000257,0.112952,9.168584,2.108141,0.000097,24.328666,11.911237,0.992593,346.106374,0.040800,7.740723,394.728644,402.510424,403.433709,0.923285,403.561081
1218,vehicle2,1207.475000,1207.301000,977.478996,1,ok,29669,23346,1,0.158537,0.007617,0.000231,0.097541,8.495249,1.163986,0.000118,24.317478,12.408293,0.797768,330.390286,0.004095,8.491545,377.670719,386.166590,386.489574,0.322984,386.655728
1219,vehicle2,1207.685000,1207.501000,978.289445,1,ok,29705,23435,1,0.131863,0.016039,0.000264,0.130922,9.461911,1.014685,0.000219,26.967179,14.609671,0.738610,356.770820,0.006544,7.881189,409.694017,417.582014,418.265007,0.682993,418.412909
1220,vehicle2,1207.871000,1207.700000,979.037014,1,ok,29990,23519,1,0.285175,0.009133,0.000190,0.116331,9.011248,1.189142,0.000091,29.236397,14.548705,0.695965,346.937967,0.003551,8.052668,401.735846,409.792255,410.670817,0.878562,410.965125
1221,vehicle2,1208.086000,1207.906000,979.852403,1,ok,30196,23456,1,0.476718,0.011207,0.000124,0.111483,10.252285,1.517434,0.000107,24.998122,10.531092,0.672076,362.425512,0.003330,6.255585,410.508111,416.767150,417.137194,0.370044,417.625119
1222,vehicle2,1208.288000,1208.101000,980.671899,1,ok,30324,23503,1,0.231757,0.007539,0.000245,0.114650,13.923948,1.515789,0.000094,29.181449,14.649627,0.789544,384.817646,0.027096,7.522277,444.992747,452.542365,453.062192,0.519827,453.301488
1223,vehicle2,1208.487000,1208.304000,981.408558,1,ok,30461,23865,1,0.257034,0.005470,0.000141,0.070979,9.948608,0.992632,0.000078,21.676510,12.089329,0.702930,352.839795,0.004597,6.645064,398.320861,404.970663,405.274223,0.303560,405.536727
1224,vehicle2,1208.617000,1208.502000,982.171160,1,ok,30477,24059,1,0.151736,0.009073,0.000244,0.112129,9.143522,1.267270,0.000099,21.780023,10.539903,0.749565,366.891998,0.003959,6.610340,410.484509,417.099052,417.519222,0.420170,417.680031
1225,vehicle2,1208.851000,1208.703000,982.994548,1,ok,30426,24091,1,0.239031,0.007572,0.000252,0.125990,8.076996,1.350977,0.000084,27.893035,11.184823,0.983634,328.461622,0.003971,7.585203,378.077161,385.666587,386.280809,0.614222,386.527412
1226,vehicle2,1209.088000,1208.901000,983.851948,1,ok,30167,23987,1,0.170970,0.039704,0.000320,0.139893,26.053433,1.283312,0.000173,38.152432,16.987653,0.728073,366.549152,0.004917,7.916610,449.894121,457.815968,458.360864,0.544896,458.571538
1227,vehicle2,1209.267000,1209.104000,984.627552,1,ok,29881,23859,1,0.262751,0.008000,0.000242,0.111663,10.835694,1.303257,0.000056,32.261620,11.646828,0.686274,353.077034,0.013175,7.348979,409.922426,417.284822,417.937926,0.653104,418.208677
1228,vehicle2,1209.471000,1209.301000,985.412577,1,ok,29479,23700,1,0.328660,0.007639,0.000167,0.103464,10.505592,1.675093,0.000106,22.307206,11.161531,0.724448,341.924227,0.015867,8.134269,388.401667,396.551970,396.928586,0.376616,397.264885
1229,vehicle2,1209.613000,1209.503000,986.125203,1,ok,29090,23440,1,0.108571,0.006658,0.000264,0.109079,12.024695,1.608699,0.000168,27.875547,10.150989,0.676825,303.216680,0.004831,7.588218,355.662682,363.255995,363.886050,0.630055,364.001279
1230,vehicle2,1209.859000,1209.705000,986.969170,1,ok,28780,23222,1,0.246349,0.007481,0.000152,0.100195,6.634909,1.048760,0.000197,19.072293,12.139885,0.683775,340.014038,0.004027,7.621803,379.694052,387.320034,387.642878,0.322844,387.896708
1231,vehicle2,1210.064000,1209.902000,987.791115,1,ok,28704,23165,1,0.275341,0.033760,0.000249,0.097829,8.601668,1.110611,0.000130,22.295147,9.485832,0.682522,363.019579,0.003992,8.529391,405.293318,413.826950,414.229785,0.402835,414.538886
1232,vehicle2,1210.258000,1210.103000,988.583076,1,ok,28707,23167,1,0.143783,0.006977,0.000216,0.105503,11.682899,1.471106,0.000086,19.644939,11.421352,1.076334,367.965548,0.004846,8.765765,413.367767,422.138594,422.988542,0.849948,423.139302
1233,vehicle2,1210.487000,1210.302000,989.477041,1,ok,28799,23234,1,0.107362,0.008362,0.000318,0.122068,9.846492,1.628676,0.000091,30.783198,14.936121,0.880356,431.176295,0.022557,8.449589,489.373297,497.845761,498.679829,0.834068,498.795553
1234,vehicle2,1210.687000,1210.503000,990.262339,1,ok,28719,23201,1,0.131688,0.006710,0.000279,0.113589,9.537354,1.154162,0.000081,21.130528,15.967096,1.066759,437.318390,0.012208,6.641319,486.287959,492.941765,493.696363,0.754598,493.834761
1235,vehicle2,1210.887000,1210.703000,991.062059,1,ok,28780,23275,1,0.135291,0.013574,0.000249,0.107429,10.268739,1.657420,0.000079,24.109406,10.829218,0.740348,439.426656,0.012734,8.402506,487.139295,495.554784,496.076603,0.521819,496.225468
1236,vehicle2,1211.088000,1210.900000,991.891848,1,ok,28825,23366,1,0.331307,0.009959,0.000175,0.117105,11.918907,1.145357,0.000187,24.749310,11.562822,0.685839,463.973090,0.005285,6.247644,514.152617,520.405721,520.859074,0.453353,521.200340
1237,vehicle2,1211.288000,1211.105000,992.707182,1,ok,28698,23373,1,0.150333,0.007565,0.000133,0.096947,8.404004,1.131778,0.000136,24.575018,10.130826,0.677043,473.725368,0.004845,7.293001,518.741120,526.039099,526.335984,0.296885,526.493882
1238,vehicle2,1211.488000,1211.302000,993.498511,1,ok,28468,23244,1,0.151830,0.007018,0.000218,0.104817,9.679059,1.409880,0.000064,27.481337,10.848797,0.707286,467.734100,0.014707,6.202234,517.965340,524.182499,524.443615,0.261116,524.602463
1239,vehicle2,1211.689000,1211.502000,994.306374,1,ok,28252,23149,1,0.108678,0.004857,0.000315,0.059936,8.136784,2.141773,0.000111,24.490664,13.643666,0.925518,459.185136,0.004059,6.758808,508.583588,515.346770,515.854363,0.507593,515.967898
1240,vehicle2,1211.888000,1211.707000,995.084578,1,ok,28185,23210,1,0.146252,0.006639,0.000263,0.095327,7.224333,1.447051,0.000146,20.113203,11.397841,0.928890,441.833290,0.003947,7.232436,483.040081,490.276727,490.863759,0.587032,491.016650
1241,vehicle2,1212.088000,1211.906000,995.916677,1,ok,28064,23232,1,0.109362,0.008791,0.000314,0.119477,8.654138,1.375911,0.000100,23.433753,10.444806,0.879358,444.999157,0.004967,6.341357,489.906700,496.253338,496.685946,0.432608,496.804099
1242,vehicle2,1212.288000,1212.103000,996.747117,1,ok,27921,23213,1,0.133991,0.007162,0.000200,0.118309,11.692112,1.165009,0.000089,24.369251,14.038555,0.786177,477.065300,0.005310,7.287054,529.234802,536.527366,537.086751,0.559385,537.227904
1243,vehicle2,1212.497000,1212.307000,997.540321,1,ok,27811,23171,1,0.416155,0.009752,0.000123,0.093489,11.039712,1.486883,0.000100,28.162446,13.883591,0.966148,474.395309,0.023449,7.488216,530.027678,537.539466,538.257387,0.717921,538.683294
1244,vehicle2,1212.688000,1212.506000,998.303751,1,ok,27715,23078,1,0.201186,0.008033,0.000241,0.104304,9.553269,1.815306,0.000078,25.512768,14.367299,0.797589,454.421255,0.004351,6.177337,506.571868,512.753797,513.523970,0.770173,513.733189
1245,vehicle2,1212.888000,1212.702000,999.122277,1,ok,27628,23062,1,0.100365,0.007472,0.000205,0.115577,8.754720,1.465019,0.000094,27.646292,11.718102,0.680548,464.048888,0.005254,6.366643,514.429240,520.801342,521.320777,0.519435,521.428614
1246,vehicle2,1213.087000,1212.904000,999.923237,1,ok,27457,22971,1,0.302771,0.009305,0.000302,0.105904,8.538425,1.503527,0.000086,22.872154,10.887572,0.713184,442.695140,0.004568,8.515997,487.315992,495.836859,496.407297,0.570438,496.719373
1247,vehicle2,1213.285000,1213.101000,1000.747176,1,ok,27160,22806,1,0.081723,0.008354,0.000276,0.101629,8.741751,1.175038,0.000026,23.618940,13.552560,0.893313,465.804414,0.004804,8.005891,513.887671,521.898642,522.643671,0.745029,522.733748
1248,vehicle2,1213.489000,1213.299000,1001.561954,1,ok,26859,22622,1,0.260921,0.008577,0.000237,0.080646,9.891772,1.741225,0.000075,29.048033,13.939649,0.813783,482.223795,0.004037,6.197653,537.738978,543.940905,544.282722,0.341817,544.552220
1249,vehicle2,1213.687000,1213.504000,1002.355518,1,ok,26641,22490,1,0.253201,0.009226,0.000431,0.105682,9.745728,1.277962,0.000199,26.264184,12.777718,0.679407,461.712522,0.013499,6.907290,512.563402,519.484622,519.784271,0.299649,520.046698
1250,vehicle2,1213.888000,1213.705000,1003.159727,1,ok,26415,22324,1,0.132107,0.004683,0.000195,0.063826,9.020609,1.275368,0.000036,24.556597,14.452213,0.699482,464.158952,0.015289,10.495157,514.227083,524.737724,525.332198,0.594474,525.468988
1251,vehicle2,1214.089000,1213.906000,1003.964951,1,ok,26196,22120,1,0.144406,0.007598,0.000336,0.100748,12.102644,1.495113,0.000130,34.288139,13.178574,0.703800,462.941344,0.005394,7.302927,524.810492,532.119149,532.893259,0.774110,533.045263
1252,vehicle2,1214.288000,1214.103000,1004.740907,1,ok,26014,21966,1,0.106062,0.055145,0.000312,0.094830,9.871337,1.369957,0.000127,28.898288,12.297455,0.952287,447.379852,0.014373,7.074116,500.864133,507.952934,508.867839,0.914905,509.029046
1253,vehicle2,1214.487000,1214.303000,1005.524911,1,ok,25890,21828,1,0.196730,0.004780,0.000255,0.055901,7.146296,1.269975,0.000075,27.132632,12.237354,0.783180,458.089085,0.004474,6.247927,506.714498,512.967154,513.421901,0.454747,513.623411
1254,vehicle2,1214.689000,1214.504000,1006.350522,1,ok,25824,21764,1,0.173302,0.008086,0.000234,0.112287,10.095126,2.085353,0.000125,28.462122,15.594764,0.681948,458.410315,0.027638,9.007088,515.442040,524.477000,524.964893,0.487893,525.146281
1255,vehicle2,1214.889000,1214.703000,1007.161553,1,ok,25817,21750,1,0.173748,0.007007,0.000241,0.091868,11.668655,1.462618,0.000097,26.014296,12.556571,0.937571,448.632406,0.004822,7.807491,501.364082,509.176636,509.572583,0.395947,509.753338
1256,vehicle2,1215.086000,1214.905000,1007.986570,1,ok,25823,21726,1,0.130103,0.005659,0.000206,0.074739,12.518828,1.748275,0.000028,32.011690,14.328541,0.711727,455.273575,0.004282,6.503014,516.667403,523.174905,523.528704,0.353799,523.664466
1257,vehicle2,1215.288000,1215.103000,1008.796315,1,ok,25816,21590,1,0.122541,0.016072,0.000217,0.098572,8.396750,2.045069,0.000112,27.805499,14.735361,0.707496,461.842565,0.003701,7.338366,515.631424,522.973708,523.490348,0.516640,523.628961
1258,vehicle2,1215.487000,1215.302000,1009.589592,1,ok,25906,21476,1,0.109424,0.007034,0.000217,0.097176,8.772787,1.478008,0.000037,24.314259,10.800753,0.672965,468.351042,0.013749,8.128029,514.487027,522.629022,523.069925,0.440903,523.186383
1259,vehicle2,1215.689000,1215.502000,1010.388951,1,ok,26034,21513,1,0.134102,0.008033,0.000466,0.103465,8.518799,1.605831,0.000083,29.287978,15.890222,0.863180,451.671330,0.013054,6.236104,507.940888,514.190512,514.619324,0.428812,514.761459
1260,vehicle2,1215.886000,1215.704000,1011.168149,1,ok,26193,21605,1,0.120466,0.036952,0.000306,0.060207,7.831581,1.718028,0.000083,26.360541,12.676543,0.703737,435.474608,0.004024,6.468518,484.825328,491.298176,491.771630,0.473454,491.929048
1261,vehicle2,1216.084000,1215.900000,1011.963480,1,ok,26276,21655,1,0.220911,0.009038,0.000119,0.090776,10.900499,1.864620,0.000222,36.637456,14.972909,0.725481,434.649061,0.029973,6.477731,499.841024,506.348847,506.779817,0.430970,507.009766
1262,vehicle2,1216.285000,1216.099000,1012.756312,1,ok,26305,21679,1,0.106437,0.007944,0.000317,0.069841,9.682916,1.843750,0.000107,29.742972,16.121042,1.055119,440.401050,0.003993,7.563202,498.916797,506.484309,507.088372,0.604063,507.202753
1263,vehicle2,1216.487000,1216.298000,1013.534827,1,ok,26362,21752,1,0.109291,0.016738,0.000414,0.077062,8.283847,2.159327,0.000109,23.736228,13.191425,0.939100,424.836382,0.003943,6.574934,473.223480,479.802771,480.326307,0.523536,480.452336
1264,vehicle2,1216.688000,1216.502000,1014.343388,1,ok,26442,21846,1,0.096042,0.004445,0.000146,0.059755,7.709794,2.142502,0.000081,26.483726,12.087145,0.695795,433.066907,0.004002,9.628507,482.245705,491.878360,492.184596,0.306236,492.285083
1265,vehicle2,1216.885000,1216.703000,1015.149725,1,ok,26506,21917,1,0.093951,0.004455,0.000157,0.060870,9.045981,2.684557,0.000134,29.611523,14.517347,0.749127,418.134888,0.013815,7.051052,474.804427,481.869451,482.429791,0.560340,482.528197
1266,vehicle2,1217.087000,1216.902000,1015.931202,1,ok,26508,21903,1,0.100485,0.006246,0.000321,0.089878,7.265755,1.812403,0.000025,27.142356,11.396285,0.753550,430.244668,0.004322,6.212940,478.704920,484.922503,485.211405,0.288902,485.318136
1267,vehicle2,1217.288000,1217.102000,1016.705527,1,ok,26603,21973,1,0.118818,0.008178,0.000172,0.086564,8.813158,2.370262,0.000092,24.243825,9.490684,0.679554,412.124399,0.007963,7.644500,457.808538,465.461173,465.882043,0.420870,466.009039
1268,vehicle2,1217.488000,1217.303000,1017.506103,1,ok,26628,22002,1,0.214630,0.006258,0.000157,0.101724,7.509509,2.200970,0.000079,26.627075,11.974852,0.719244,397.410326,0.004002,7.612759,446.543779,454.160697,454.498911,0.338214,454.719799
1269,vehicle2,1217.687000,1217.502000,1018.332923,1,ok,26571,21967,1,0.262344,0.011224,0.000232,0.095834,8.368518,1.948079,0.000075,25.702031,13.713348,0.716165,415.602149,0.006975,6.821527,466.146199,472.974933,473.396414,0.421481,473.669982
1270,vehicle2,1217.888000,1217.703000,1019.142918,1,ok,26488,21900,1,0.124127,0.007397,0.000185,0.075664,8.059439,2.450072,0.000089,24.772771,13.660445,0.752738,422.169834,0.012802,7.693495,471.941052,479.647534,480.015097,0.367563,480.146621
1271,vehicle2,1218.085000,1217.903000,1019.926990,1,ok,26369,21799,1,0.136667,0.007935,0.000262,0.103340,8.692157,2.240659,0.000147,22.861681,13.622622,0.932172,409.841273,0.005344,6.492609,458.294051,464.792266,465.099759,0.307493,465.244361
1272,vehicle2,1218.279000,1218.100000,1020.697758,1,ok,26232,21685,1,0.099819,0.006489,0.000224,0.097262,7.988774,2.523047,0.000119,22.948578,12.184608,0.928702,393.649338,0.004247,8.580182,440.320428,448.905081,449.483888,0.578807,449.590196
1273,vehicle2,1218.488000,1218.303000,1021.545362,1,ok,26060,21603,1,0.191178,0.010153,0.000187,0.089531,10.421723,2.035601,0.000075,25.465605,12.294228,0.701660,424.137466,0.005252,8.026498,475.145889,483.177826,483.483051,0.305225,483.684382
1274,vehicle2,1218.634000,1218.503000,1022.257208,1,ok,25845,21593,1,0.104001,0.005373,0.000250,0.058211,7.520586,2.360401,0.000075,21.822590,12.000763,0.727727,339.515031,0.003874,6.885421,384.005384,390.894929,391.232475,0.337546,391.341849
1275,vehicle2,1218.872000,1218.704000,1023.085407,1,ok,25590,21607,1,0.076015,0.007179,0.000176,0.108889,9.440796,2.097096,0.000095,23.595567,13.993483,0.778506,359.445422,0.003700,6.719646,409.459854,416.183376,416.746862,0.563486,416.830056
1276,vehicle2,1219.072000,1218.903000,1023.882317,1,ok,25241,21570,1,0.236247,0.018925,0.000306,0.093877,10.249398,2.466883,0.000083,26.577543,13.543364,0.706430,357.017815,0.060047,7.976071,410.655393,418.691817,419.044853,0.353036,419.300025
1277,vehicle2,1219.219000,1219.101000,1024.641055,1,ok,25015,21561,1,0.134255,0.005301,0.000303,0.081743,8.459160,2.206652,0.000196,26.766163,11.444631,1.092959,325.016682,0.003702,6.912455,375.068186,381.984646,382.667900,0.683254,382.807456
1278,vehicle2,1219.456000,1219.303000,1025.461796,1,ok,24808,21530,1,0.136600,0.007301,0.000179,0.090729,7.415045,2.422218,0.000115,26.089469,10.500383,0.698982,324.190161,0.006066,8.689949,371.407102,380.103296,380.502068,0.398772,380.645969
1279,vehicle2,1219.612000,1219.504000,1026.219567,1,ok,24680,21578,1,0.224201,0.010580,0.000216,0.101850,7.689607,2.858106,0.000100,27.852453,15.203308,0.751387,308.138085,0.004934,8.384338,362.594896,370.984384,371.393535,0.409151,371.628316
1280,vehicle2,1219.883000,1219.702000,1027.082470,1,ok,24568,21666,1,0.110638,0.004741,0.000227,0.063932,19.529643,2.183561,0.000101,37.858402,16.813209,0.899050,326.438798,0.015027,11.438937,403.786696,415.240887,415.973539,0.732652,416.088918
1281,vehicle2,1220.023000,1219.902000,1027.807394,1,ok,24520,21722,1,0.288389,0.011327,0.000191,0.093189,9.858689,2.987565,0.000091,28.884521,13.079606,0.936091,295.659343,0.005359,8.616689,351.499095,360.121334,360.600493,0.479159,360.900209
1282,vehicle2,1220.203000,1220.107000,1028.562878,1,ok,24404,21686,1,0.116526,0.007407,0.000180,0.075554,8.658971,2.466214,0.000076,27.004384,9.798655,0.688972,270.915348,0.012651,6.537169,319.608174,326.158174,326.552094,0.393920,326.676027
1283,vehicle2,1220.404000,1220.303000,1029.367429,1,ok,24297,21598,1,0.121465,0.006315,0.000191,0.052469,9.861580,2.374939,0.000096,24.848232,11.442020,0.695072,276.986447,0.004265,6.656785,326.260855,332.922096,333.242407,0.320311,333.370187
1284,vehicle2,1220.602000,1220.501000,1030.152610,1,ok,24312,21548,1,0.121447,0.005401,0.000135,0.051217,8.431042,2.271653,0.000125,28.309340,11.246337,0.686404,280.016279,0.005611,9.162083,331.012397,340.180226,340.939078,0.758852,341.065926
1285,vehicle2,1220.800000,1220.708000,1030.965011,1,ok,24297,21464,1,0.117175,0.008220,0.000264,0.102858,11.441538,3.787886,0.000075,31.525383,12.182136,0.692515,272.805313,0.005845,6.344057,332.537704,338.887870,339.205531,0.317661,339.330926
1286,vehicle2,1221.003000,1220.902000,1031.747504,1,ok,24208,21360,1,0.205670,0.006550,0.000188,0.082573,9.034625,3.916635,0.000167,23.258687,10.149310,0.760815,244.411354,0.007695,7.139932,291.614166,298.761981,299.216092,0.454111,299.428312
1287,vehicle2,1221.201000,1221.100000,1032.538562,1,ok,24165,21383,1,0.212254,0.007327,0.000164,0.085804,8.487095,2.484553,0.000088,34.229719,14.092381,0.729225,258.523480,0.004051,7.059468,318.632345,325.696028,325.988483,0.292455,326.208064
1288,vehicle2,1221.404000,1221.306000,1033.321103,1,ok,24214,21512,1,0.129430,0.007569,0.000184,0.104655,9.808049,2.742029,0.000179,23.582182,11.639170,0.701772,249.104907,0.020474,6.733110,297.682943,304.436711,304.905454,0.468743,305.042453
1289,vehicle2,1221.604000,1221.507000,1034.155004,1,ok,24346,21895,1,0.204632,0.006155,0.000140,0.078103,13.142280,2.871830,0.000119,32.586502,14.830052,0.940800,259.916390,0.003573,7.998939,324.366076,332.368728,333.148634,0.779906,333.359421
1290,vehicle2,1221.802000,1221.696000,1034.952336,1,ok,24465,22263,1,0.105875,0.009616,0.000195,0.099545,9.680880,2.425856,0.000081,25.694882,12.503985,0.825458,258.968755,0.004393,6.760350,310.199442,316.964380,317.332084,0.367704,317.447575
1291,vehicle2,1222.007000,1221.907000,1035.744401,1,ok,24582,22559,1,0.112777,0.009073,0.000208,0.145089,12.179261,3.956397,0.000077,28.506392,10.168695,0.710432,249.966042,0.004851,8.212996,305.632385,313.850440,314.198762,0.348322,314.320612
1292,vehicle2,1222.210000,1222.100000,1036.430288,1,ok,24744,22774,1,0.164938,0.207053,0.000268,0.121606,10.771558,2.560391,0.000091,27.091597,13.990695,0.960961,277.545018,0.004059,8.449513,333.041917,341.495757,341.938795,0.443038,342.310786
1293,vehicle2,1222.404000,1222.297000,1037.179465,1,ok,24927,22963,1,0.218892,0.005939,0.000184,0.059789,11.021711,2.479265,0.000107,38.872628,19.235455,0.823791,277.637996,0.019401,8.077211,350.130742,358.227538,358.577189,0.349651,358.802020
1294,vehicle2,1222.614000,1222.500000,1037.951011,1,ok,25037,23082,1,0.219420,0.006865,0.000424,0.163601,12.154238,4.584767,0.000112,29.237530,10.386551,0.931058,272.383831,0.004100,6.877340,329.841688,336.723552,337.294873,0.571321,337.521158
1295,vehicle2,1222.814000,1222.697000,1038.688657,1,ok,25105,23157,1,0.200357,0.007677,0.000179,0.089186,17.503925,2.653598,0.000073,38.501026,15.919317,0.731836,312.382440,0.004064,7.744615,387.781401,395.530259,395.817942,0.287683,396.025976
1296,vehicle2,1223.029000,1222.903000,1039.510153,1,ok,25254,23317,1,0.232603,0.006518,0.000299,0.087607,14.078527,2.833558,0.000108,34.586265,12.503763,0.946382,298.774082,0.004984,7.868127,363.810292,371.683702,372.312474,0.628772,372.551595
1297,vehicle2,1223.222000,1223.103000,1040.281844,1,ok,25377,23493,1,0.110645,0.013515,0.000294,0.053806,9.259156,3.181683,0.000104,30.199106,12.371790,0.724098,297.913335,0.005224,6.186109,353.703078,359.894705,360.304882,0.410177,360.429042
1298,vehicle2,1223.404000,1223.304000,1041.113908,1,ok,25457,23623,1,0.234659,0.007988,0.000222,0.089855,11.607315,4.761454,0.000149,31.872970,16.345013,0.740994,291.947464,0.023674,8.049827,357.365214,365.438937,365.766465,0.327528,366.009112
1299,vehicle2,1223.602000,1223.507000,1041.897531,1,ok,25566,23770,1,0.121451,0.006197,0.000196,0.055561,10.007616,2.819261,0.000116,29.694251,12.857744,0.806336,284.490121,0.004346,7.002765,340.731006,347.738313,348.098339,0.360026,348.225987
1300,vehicle2,1223.809000,1223.704000,1042.738860,1,ok,25788,24009,1,0.110369,0.010197,0.000452,0.128208,10.661780,3.697608,0.000140,36.990799,13.411662,0.704447,301.467297,0.006864,8.655591,367.061941,375.724848,376.093987,0.369139,376.214553
1301,vehicle2,1224.038000,1223.904000,1043.583127,1,ok,26033,24257,1,0.253441,0.012275,0.000313,0.091335,11.987370,4.057556,0.000076,40.011346,15.310618,0.944504,313.063067,0.005242,7.211221,385.465872,392.682648,393.742204,1.059556,394.007920
1302,vehicle2,1224.292000,1224.107000,1044.477374,1,ok,26114,24344,1,0.197058,0.005457,0.000136,0.088266,22.002346,4.989454,0.000193,61.658345,27.265226,1.104585,366.280006,0.005055,7.521350,483.388421,490.914962,491.365830,0.450868,491.568345
1303,vehicle2,1224.478000,1224.308000,1045.183204,1,ok,26281,24530,1,0.223304,0.009142,0.000213,0.091959,12.600194,3.204189,0.000077,37.567184,14.758533,0.863490,339.707068,0.012758,7.228066,408.792694,416.033731,416.317733,0.284002,416.550179
1304,vehicle2,1224.650000,1224.508000,1045.978607,1,ok,26287,24510,1,0.086416,0.006883,0.000281,0.099862,15.438037,4.157228,0.000077,39.205901,16.497768,0.832722,335.055570,0.003603,8.323091,411.287165,419.614140,420.261834,0.647694,420.355133
1305,vehicle2,1224.868000,1224.705000,1046.800302,1,ok,26324,24545,1,0.103329,0.007540,0.000435,0.123414,15.244049,4.117016,0.000062,52.034893,17.057542,0.789010,324.302022,0.004232,7.189054,413.668008,420.861729,421.274603,0.412874,421.385472
1306,vehicle2,1225.030000,1224.904000,1047.552893,1,ok,26310,24552,1,0.241407,0.172277,0.000179,0.094164,13.127516,3.142425,0.000096,38.756803,15.190577,0.739599,301.751490,0.004209,8.201466,372.802670,381.008524,381.314625,0.306101,381.728309
1307,vehicle2,1225.256000,1225.107000,1048.377211,1,ok,26230,24561,1,0.221962,0.010025,0.000206,0.084237,15.245440,3.313844,0.000099,46.393377,19.571497,0.918442,306.427718,0.004416,8.566733,391.954654,400.526009,401.341102,0.815093,401.573089
1308,vehicle2,1225.458000,1225.310000,1049.169946,1,ok,26287,24592,1,0.130683,0.006058,0.000205,0.099925,11.584547,4.718041,0.000112,40.774653,16.917475,0.994102,329.531032,0.004965,6.682718,404.619887,411.307775,411.934901,0.627126,412.071642
1309,vehicle2,1225.645000,1225.506000,1049.967392,1,ok,26193,24483,1,0.133915,0.007617,0.000274,0.099661,12.912488,4.452290,0.000101,40.894434,17.880096,0.971085,316.038717,0.020342,7.873325,393.248872,401.142813,401.715883,0.573070,401.857415
1310,vehicle2,1225.806000,1225.703000,1050.715245,1,ok,26141,24434,1,0.224209,0.006172,0.000147,0.087196,16.430480,5.061832,0.000131,39.631224,18.831299,0.725757,263.339185,0.003581,7.730215,344.107104,351.841047,352.435097,0.594050,352.665478
1311,vehicle2,1226.008000,1225.909000,1051.492701,1,ok,26196,24455,1,0.103110,0.048527,0.000209,0.094679,12.312910,4.062601,0.000084,37.583612,15.144628,0.840855,246.521555,0.005242,7.998077,316.560924,324.564452,325.382154,0.817702,325.533791
1312,vehicle2,1226.214000,1226.107000,1052.323868,1,ok,26262,24360,1,0.142436,0.008076,0.000322,0.103117,18.329689,4.188482,0.000110,39.606581,17.868809,0.739136,269.484372,0.004835,7.752408,350.320296,358.077861,358.507092,0.429231,358.657604
1313,vehicle2,1226.404000,1226.307000,1053.099073,1,ok,26376,24346,1,0.331067,0.006567,0.000285,0.100242,8.260657,3.499300,0.000036,38.813557,15.709309,0.705992,241.684668,0.003180,7.490670,308.773761,316.267896,316.682841,0.414945,317.020475
1314,vehicle2,1226.607000,1226.507000,1053.851315,1,ok,26480,24391,1,0.110365,0.008995,0.000177,0.093554,8.883099,4.465840,0.000081,35.811049,14.920896,0.720984,231.024182,0.004316,6.304984,295.919685,302.229162,302.725066,0.495904,302.844426
1315,vehicle2,1226.806000,1226.710000,1054.679346,1,ok,26705,24526,1,0.245229,0.017400,0.000221,0.096120,12.822195,4.112505,0.000075,42.542370,16.063131,0.741015,265.660064,0.017058,6.561515,342.037475,348.616269,349.052534,0.436265,349.315163
1316,vehicle2,1227.033000,1226.908000,1055.497237,1,ok,26900,24713,1,0.243607,0.007470,0.000186,0.088261,20.110668,4.731821,0.000116,46.791449,17.262685,0.760766,269.224120,0.003548,8.298592,358.969886,367.272212,367.555430,0.283218,367.806507
1317,vehicle2,1227.206000,1227.107000,1056.189762,1,ok,26938,24744,1,0.131014,0.004952,0.000180,0.087276,12.499538,4.736178,0.000157,38.537203,14.007236,0.724196,224.711547,0.003777,7.638859,295.303331,302.946147,303.348135,0.401988,303.484101
1318,vehicle2,1227.409000,1227.308000,1057.034629,1,ok,27037,24883,1,0.231333,0.007190,0.000260,0.095089,10.285124,5.726895,0.000102,38.513720,14.458378,0.876834,264.404656,0.004016,6.154659,334.360798,340.519733,341.622525,1.102792,341.861048
1319,vehicle2,1227.612000,1227.504000,1057.855932,1,ok,27154,24983,1,0.132734,0.007130,0.000223,0.093384,13.578206,4.772602,0.000085,42.947703,18.124922,0.714841,273.148974,0.004198,6.599788,353.380717,359.984926,360.366863,0.381937,360.506727
1320,vehicle2,1227.812000,1227.708000,1058.623641,1,ok,27303,25141,1,0.152566,0.007685,0.000239,0.111916,14.670973,4.541903,0.000084,38.947712,13.831897,0.970468,277.398782,0.012601,8.736979,350.473735,359.223554,359.604594,0.381040,359.764845
1321,vehicle2,1228.010000,1227.903000,1059.403668,1,ok,27455,25303,1,0.278851,0.007570,0.000165,0.095249,9.803580,4.649753,0.000136,32.815633,13.539301,0.717837,269.178235,0.005266,6.963879,330.799724,337.769034,338.356099,0.587065,338.642520
1322,vehicle2,1228.208000,1228.107000,1060.182372,1,ok,27589,25466,1,0.153445,0.006570,0.000284,0.061959,8.187742,5.133940,0.000194,37.865990,12.801138,0.808730,256.521610,0.003713,7.049040,321.381303,328.434340,328.991048,0.556708,329.151063
1323,vehicle2,1228.408000,1228.310000,1060.989657,1,ok,27690,25615,1,0.188847,0.007678,0.000124,0.103363,10.193969,3.817387,0.000080,35.551520,15.750916,0.726172,264.809138,0.004260,7.225499,330.952545,338.182428,338.528222,0.345794,338.724747
1324,vehicle2,1228.606000,1228.505000,1061.821193,1,ok,27778,25708,1,0.156558,0.006727,0.000184,0.084441,11.083437,4.206474,0.000087,40.411664,14.383846,0.735455,277.702735,0.003489,7.484654,348.608139,356.096466,356.870355,0.773889,357.033640
1325,vehicle2,1228.806000,1228.704000,1062.625631,1,ok,27824,25751,1,0.107404,0.007278,0.000298,0.067729,9.274313,4.224193,0.000085,37.816602,14.073388,0.703848,266.336877,0.014979,6.911284,332.497035,339.423596,340.245217,0.821621,340.359899
1326,vehicle2,1229.049000,1228.907000,1063.493123,1,ok,27837,25795,1,0.120671,0.013849,0.000372,0.080380,17.478540,6.446222,0.000086,38.299139,12.953375,1.359564,313.558866,0.015981,8.002324,390.176172,398.194849,399.435614,1.240765,399.570134
1327,vehicle2,1229.215000,1229.099000,1064.165057,1,ok,27860,25849,1,0.266688,0.007938,0.000223,0.109074,16.090236,4.326026,0.000076,42.971294,17.350812,0.726150,308.729684,0.006423,9.655842,390.303352,399.965840,400.919671,0.953831,401.194297
1328,vehicle2,1229.438000,1229.310000,1064.951913,1,ok,27831,25907,1,0.238073,0.006622,0.000140,0.063115,9.412623,4.125571,0.000097,37.088002,18.657175,0.778632,293.347361,0.005322,6.765568,363.472576,370.243606,371.274807,1.031201,371.519502
1329,vehicle2,1229.616000,1229.505000,1065.729563,1,ok,27743,25854,1,0.236885,0.009270,0.000261,0.127555,15.388669,4.308840,0.000218,39.236234,15.359772,0.725808,302.285556,0.003608,6.685529,377.432652,384.122050,384.495526,0.373476,384.741681
1330,vehicle2,1229.845000,1229.706000,1066.568524,1,ok,27792,25936,1,0.135912,0.087798,0.000215,0.104541,12.177445,4.499918,0.000075,40.815680,15.425096,0.849878,320.235275,0.004589,7.501445,394.107908,401.614157,401.919272,0.305115,402.142982
1331,vehicle2,1230.016000,1229.907000,1067.327317,1,ok,27845,26003,1,0.257794,0.009916,0.000203,0.104775,14.085159,6.081905,0.000111,41.234374,13.599113,0.736974,273.938786,0.004757,6.917737,349.781197,356.703894,357.122211,0.418317,357.389921
1332,vehicle2,1230.204000,1230.107000,1068.074708,1,ok,27951,26132,1,0.130433,0.043719,0.000234,0.097461,11.423952,4.399584,0.000109,34.426290,12.761021,0.814650,265.362514,0.012919,8.202271,329.285581,337.501005,338.356863,0.855858,338.531015
1333,vehicle2,1230.478000,1230.306000,1068.946540,1,ok,28019,26268,1,0.227639,0.007245,0.000280,0.099656,11.600302,4.927417,0.000088,42.326094,14.458699,0.845895,337.080908,0.004703,7.802125,411.339059,419.146167,419.571205,0.425038,419.806089
1334,vehicle2,1230.691000,1230.499000,1069.719745,1,ok,27886,26227,1,0.293705,0.007765,0.000168,0.127593,14.437020,4.532176,0.000152,42.358232,16.218346,0.951649,362.770530,0.013296,7.562750,441.395698,448.971912,449.709538,0.737626,450.011008
1335,vehicle2,1230.891000,1230.706000,1070.487359,1,ok,27734,26140,1,0.150350,0.007864,0.000406,0.063919,12.723143,4.366726,0.000097,38.594978,15.196509,0.783282,345.343504,0.003991,7.060733,417.072158,424.137288,424.708004,0.570716,424.866218
1336,vehicle2,1231.082000,1230.907000,1071.222159,1,ok,27727,26168,1,0.122671,0.290638,0.000255,0.115514,11.082792,4.610894,0.000103,41.710695,16.149152,0.818188,326.953730,0.004198,6.526820,401.441068,407.972341,408.376049,0.403708,408.789358
1337,vehicle2,1231.291000,1231.106000,1072.022283,1,ok,27786,26255,1,0.221288,0.006895,0.000267,0.098221,17.452774,5.729067,0.000131,37.754893,13.444668,0.712761,333.968995,0.013400,6.266510,409.161510,415.441687,415.729018,0.287331,415.957201
1338,vehicle2,1231.489000,1231.307000,1072.790474,1,ok,27788,26249,1,0.203393,0.023873,0.000397,0.146160,9.693093,3.960208,0.000181,36.834629,14.149292,0.733600,348.105485,0.004582,7.829047,413.622648,421.456674,421.896162,0.439488,422.123428
1339,vehicle2,1231.693000,1231.505000,1073.599622,1,ok,27784,26255,1,0.208317,0.005237,0.000186,0.055642,11.472908,4.062828,0.000108,39.661126,16.072006,0.929481,370.644611,0.005376,7.182103,442.898710,450.086375,451.122783,1.036408,451.336337
1340,vehicle2,1231.890000,1231.705000,1074.318751,1,ok,27723,26158,1,0.124900,0.005186,0.000143,0.059640,9.765939,4.412388,0.000078,36.019268,14.652566,0.714523,327.262463,0.005884,6.949106,392.886865,399.841998,400.267021,0.425023,400.397107
1341,vehicle2,1232.098000,1231.906000,1075.171991,1,ok,27638,26084,1,0.104583,0.006775,0.000308,0.092441,24.247813,7.646505,0.000121,54.230815,20.526483,0.794166,411.905026,0.004326,7.414374,519.443370,526.862378,527.491317,0.628939,527.602675
1342,vehicle2,1232.296000,1232.106000,1075.863281,1,ok,27562,26031,1,0.112262,0.005431,0.000206,0.057323,13.406464,4.235875,0.000140,40.286173,15.739459,0.917944,394.982477,0.013796,6.685337,469.625855,476.325194,476.645558,0.320364,476.763251
1343,vehicle2,1232.499000,1232.305000,1076.631787,1,ok,27483,26038,1,1.673815,0.018833,0.000193,0.096032,15.502127,4.571145,0.000075,37.577801,15.395007,0.709102,406.395443,0.004754,7.201064,480.246732,487.452743,487.810590,0.357847,489.503238
1344,vehicle2,1232.691000,1232.506000,1077.336311,1,ok,27529,26118,1,0.095222,0.005461,0.000176,0.078049,13.858224,4.736334,0.000092,41.780506,15.742979,0.800449,394.740500,0.004287,7.302692,471.737133,479.044288,479.718129,0.673841,479.818812
1345,vehicle2,1232.892000,1232.707000,1078.127689,1,ok,27706,26288,1,0.099743,0.006554,0.000190,0.095116,23.747004,5.099779,0.000231,43.911902,17.411540,0.727935,397.800204,0.004671,7.205550,488.793711,496.004122,496.451357,0.447235,496.557654
1346,vehicle2,1233.099000,1232.907000,1078.916102,1,ok,27912,26511,1,0.247203,0.005847,0.000197,0.099029,18.901216,4.114396,0.000110,45.919731,17.804095,0.722132,411.327142,0.013103,8.508210,498.887851,507.409361,507.834524,0.425163,508.087574
1347,vehicle2,1233.295000,1233.106000,1079.657342,1,ok,28023,26596,1,0.143705,0.013540,0.000190,0.095954,13.368692,5.240298,0.000099,39.619090,15.557417,0.706866,424.594492,0.013772,7.135342,499.182908,506.332212,506.733989,0.401777,506.891234
1348,vehicle2,1233.498000,1233.304000,1080.450122,1,ok,27987,26522,1,0.149744,0.017199,0.000301,0.102396,23.690766,4.502375,0.000105,44.668070,15.036667,0.972330,447.692754,2.104375,8.843848,536.665463,547.613987,548.007479,0.393492,548.174422
1349,vehicle2,1233.700000,1233.504000,1081.224300,1,ok,27969,26486,1,0.120583,0.007053,0.000198,0.111859,13.108018,6.118242,0.000085,50.116026,17.102908,0.769494,470.420627,0.007194,7.573979,557.747259,565.328630,565.763420,0.434790,565.891056
1350,vehicle2,1233.900000,1233.708000,1081.997004,1,ok,27954,26425,1,0.139338,0.003865,0.000146,0.061619,13.908358,6.149503,0.000166,40.981572,14.608086,0.863742,488.473428,0.005666,6.870947,565.046474,571.923233,572.604981,0.681748,572.748184
1351,vehicle2,1234.099000,1233.909000,1082.703156,1,ok,27938,26401,1,0.089202,0.009069,0.000277,0.067616,14.168337,4.210067,0.000111,41.192481,17.264041,0.937594,468.042310,0.003969,7.342238,545.882557,553.229041,553.561753,0.332712,553.660024
1352,vehicle2,1234.299000,1234.106000,1083.460685,1,ok,27949,26444,1,0.122541,0.010135,0.000412,0.137785,13.875575,4.770524,0.000089,40.943321,15.265588,0.826251,472.043666,0.012851,7.666946,547.862799,555.543008,555.882231,0.339223,556.014907
1353,vehicle2,1234.497000,1234.306000,1084.176797,1,ok,28073,26562,1,0.142362,0.007424,0.000367,0.099065,14.654503,4.962122,0.000105,36.842633,16.008530,1.015541,434.615978,0.004045,6.884731,508.198477,515.087620,515.673121,0.585501,515.822907
1354,vehicle2,1234.699000,1234.504000,1084.949143,1,ok,28177,26621,1,0.259082,0.007599,0.000168,0.107250,16.371568,6.471379,0.000123,47.574574,14.108910,0.716151,449.726049,0.004251,6.777343,535.076004,541.857766,542.175135,0.317369,542.441816
1355,vehicle2,1234.900000,1234.706000,1085.680720,1,ok,28240,26595,1,0.132789,0.007773,0.000246,0.087380,11.483136,5.576670,0.000126,42.878685,14.758497,0.800267,441.160229,0.005494,7.675446,516.744990,524.426176,524.879120,0.452944,525.019682
1356,vehicle2,1235.099000,1234.908000,1086.433640,1,ok,28324,26655,1,0.155687,0.008347,0.000319,0.105833,15.524557,7.154569,0.000105,48.796048,15.060005,0.794825,428.566218,0.005948,6.412718,516.002160,522.421145,523.208475,0.787330,523.372509
1357,vehicle2,1235.300000,1235.107000,1087.205273,1,ok,28384,26655,1,0.139981,0.007427,0.000274,0.118390,16.237756,7.664820,0.000217,48.497319,12.738665,0.760293,435.033149,0.013405,7.380698,521.050609,528.444986,528.818446,0.373460,528.965854
1358,vehicle2,1235.497000,1235.308000,1087.959697,1,ok,28428,26655,1,0.188374,0.007019,0.000250,0.109938,13.426616,6.569527,0.000121,40.213345,14.076823,0.715322,430.568840,0.055150,8.025777,505.680532,513.761709,514.999625,1.237916,515.195018
1359,vehicle2,1235.698000,1235.506000,1088.740049,1,ok,28495,26663,1,0.319273,0.010375,0.000251,0.130738,12.504016,5.244183,0.000097,41.050877,14.258549,0.718331,457.320270,0.004419,6.786750,531.227061,538.018481,538.395922,0.377441,538.725570
1360,vehicle2,1235.896000,1235.705000,1089.443238,1,ok,28582,26701,1,0.217522,0.007933,0.000180,0.100943,11.717721,6.058454,0.000095,36.520601,13.160908,0.850088,405.463608,0.004597,8.814776,473.872418,482.691971,483.145427,0.453456,483.370882
1361,vehicle2,1236.092000,1235.904000,1090.178572,1,ok,28627,26682,1,0.135128,0.007356,0.000227,0.093382,11.023651,6.097669,0.000104,35.808300,11.607833,0.747796,408.920443,0.004412,7.039419,474.299178,481.343236,481.757497,0.414261,481.899981
1362,vehicle2,1236.297000,1236.104000,1090.963795,1,ok,28736,26714,1,0.347404,0.006555,0.000382,0.102743,12.158350,6.104476,0.000091,37.884030,12.462657,0.832453,435.332582,0.017602,7.080635,504.877382,511.976001,513.726419,1.750418,514.080378
1363,vehicle2,1236.501000,1236.304000,1091.731997,1,ok,28757,26667,1,0.110386,0.004793,0.000160,0.056617,12.123846,5.768331,0.000085,36.080940,13.400537,0.847687,459.003253,0.012558,6.490914,527.281296,533.784928,534.102580,0.317652,534.217759
1364,vehicle2,1236.699000,1236.510000,1092.498959,1,ok,28815,26657,1,0.154393,0.005902,0.000184,0.083402,13.020867,6.599091,0.000107,40.608710,17.569429,0.736404,458.915438,0.004642,7.217176,537.533448,544.755450,545.398268,0.642818,545.558563
1365,vehicle2,1236.892000,1236.706000,1093.215298,1,ok,28818,26621,1,0.153492,0.005536,0.000145,0.060356,12.610654,4.594940,0.000098,38.288071,15.218028,0.724009,417.157189,0.004985,7.600918,488.653345,496.259393,497.276224,1.016831,497.435252
1366,vehicle2,1237.099000,1236.908000,1093.999836,1,ok,28842,26639,1,0.152550,0.011924,0.000248,0.101372,13.641868,5.023870,0.000078,39.417456,12.828218,0.912626,458.086892,0.003930,7.160436,530.012380,537.176994,537.749940,0.572946,537.914414
1367,vehicle2,1237.297000,1237.107000,1094.757748,1,ok,29011,26808,1,0.165629,0.009152,0.000208,0.114142,13.213210,5.804738,0.000198,41.126859,13.415247,0.735162,446.586567,0.003901,7.239686,520.996123,528.239918,528.537778,0.297860,528.712559
1368,vehicle2,1237.498000,1237.304000,1095.501757,1,ok,29058,26826,1,0.417529,0.007133,0.000329,0.095001,11.301282,6.275623,0.000235,37.157790,13.251169,0.711643,442.814879,0.004660,7.261737,511.607622,518.874348,519.796160,0.921812,520.220822
1369,vehicle2,1237.694000,1237.505000,1096.218044,1,ok,29031,26761,1,0.135825,0.005459,0.000366,0.081893,15.941376,5.368615,0.000099,42.735633,17.679587,0.968820,425.282240,0.060487,8.004238,508.058263,516.123354,516.992747,0.869393,517.134031
1370,vehicle2,1237.897000,1237.709000,1097.011983,1,ok,29017,26737,1,0.240958,0.004574,0.000192,0.061693,12.474079,5.505823,0.000103,42.850293,15.144634,0.812345,448.196589,0.015908,7.036334,525.045559,532.097993,533.440214,1.342221,533.685746
1371,vehicle2,1238.102000,1237.904000,1097.753141,1,ok,29030,26747,1,0.139468,0.008988,0.000230,0.102077,12.637935,6.883421,0.000118,36.682204,16.234286,1.035482,426.551123,0.003804,7.852920,500.126646,507.983600,508.345649,0.362049,508.494105
1372,vehicle2,1238.300000,1238.111000,1098.528910,1,ok,29038,26642,1,0.156440,0.007486,0.000191,0.093583,11.637782,5.510249,0.000152,50.842421,14.133754,0.713373,443.810713,0.004271,6.350802,526.742027,533.097291,533.386453,0.289162,533.550379
1373,vehicle2,1238.497000,1238.307000,1099.214192,1,ok,28978,26478,1,0.279618,0.011193,0.000213,0.107204,10.577736,6.070655,0.000223,35.260646,13.295354,0.803475,395.268519,0.004196,6.884024,461.383812,468.272245,468.695744,0.423499,468.986555
1374,vehicle2,1238.699000,1238.505000,1099.996993,1,ok,28961,26355,1,0.151907,0.007573,0.000277,0.106351,10.748996,6.047911,0.000177,42.297335,13.394771,0.949066,441.896231,0.012778,7.734759,515.440838,523.188652,523.574901,0.386249,523.734381
1375,vehicle2,1238.899000,1238.705000,1100.768287,1,ok,28800,25962,1,0.574554,0.007734,0.000150,0.114755,18.688933,6.001178,0.000091,37.672738,14.872578,0.712738,435.920546,0.016451,6.831667,513.983557,520.831825,521.601075,0.769250,522.183363
1376,vehicle2,1239.099000,1238.907000,1101.534593,1,ok,28658,25617,1,0.243224,0.732172,0.000285,0.125618,9.773105,8.718872,0.000181,35.186587,14.339323,0.820535,435.642993,0.003833,6.981564,504.607214,511.592896,512.376396,0.783500,513.351792
1377,vehicle2,1239.292000,1239.107000,1102.297870,1,ok,28656,25607,1,0.132610,0.007181,0.000222,0.096416,10.327058,4.985970,0.000205,42.210269,13.155977,0.747731,444.739962,0.003877,7.849262,516.263588,524.116949,524.403517,0.286568,524.543308
1378,vehicle2,1239.493000,1239.308000,1103.043138,1,ok,28631,25526,1,0.272963,0.006635,0.000303,0.078396,10.142680,5.641747,0.000086,34.965892,12.429778,0.707310,405.032136,0.019185,7.069526,468.998025,476.087039,476.480349,0.393310,476.759947
1379,vehicle2,1239.699000,1239.508000,1103.859280,1,ok,28486,25371,1,0.141920,0.009939,0.000205,0.113946,11.409689,6.745169,0.000120,38.721945,14.598258,0.710663,464.891082,0.013044,6.633132,537.190872,543.837253,544.219890,0.382637,544.371749
1380,vehicle2,1239.899000,1239.706000,1104.587128,1,ok,28339,25297,1,0.140586,0.004690,0.000182,0.068098,10.075075,6.387743,0.000130,36.363879,13.907441,0.729613,451.575052,0.003729,8.246669,519.107031,527.357611,527.781921,0.424310,527.927197
1381,vehicle2,1240.090000,1239.907000,1105.297414,1,ok,28225,25234,1,0.132495,0.008110,0.000318,0.113273,9.625627,4.773252,0.000102,40.501022,14.869805,1.009310,408.338879,0.012493,6.454384,479.231270,485.698465,486.050470,0.352005,486.191075
1382,vehicle2,1240.300000,1240.106000,1106.107333,1,ok,28164,25203,1,0.259654,0.018242,0.000414,0.139568,23.400144,7.555632,0.000194,46.508086,14.188965,0.719564,440.884807,0.004674,8.069246,533.396960,541.471294,542.079359,0.608065,542.357255
1383,vehicle2,1240.499000,1240.308000,1106.871541,1,ok,28189,25194,1,0.237330,0.009411,0.000354,0.119330,13.780845,9.492425,0.000131,38.684959,13.346561,0.844880,461.623760,0.004245,7.344838,537.892891,545.242328,545.837042,0.594714,546.083783
1384,vehicle2,1240.701000,1240.508000,1107.666694,1,ok,28251,25168,1,0.150424,0.011032,0.000244,0.144110,21.457901,7.073935,0.000134,55.521869,21.295176,0.715626,468.837890,0.014173,7.441955,575.046641,582.503013,582.948958,0.445945,583.110414
1385,vehicle2,1240.894000,1240.709000,1108.393153,1,ok,28280,25151,1,0.293166,0.005926,0.000227,0.065790,10.714997,5.379737,0.000089,39.585926,13.100772,0.726484,461.836638,0.004862,7.504255,531.410433,538.919777,539.415591,0.495814,539.714683
1386,vehicle2,1241.099000,1240.908000,1109.197035,1,ok,28466,25275,1,0.117705,0.011814,0.000260,0.069670,11.434726,6.289884,0.000101,36.785212,12.977504,0.882851,480.427450,0.004176,6.853603,548.867398,555.725437,556.152470,0.427033,556.281989
1387,vehicle2,1241.300000,1241.106000,1109.929413,1,ok,28600,25321,1,0.216442,0.015708,0.000176,0.109294,11.368971,6.545735,0.000081,38.745707,12.464688,1.055657,478.863942,0.003459,6.840156,549.154075,555.997866,557.120669,1.122803,557.352819
1388,vehicle2,1241.498000,1241.307000,1110.714006,1,ok,28725,25391,1,0.302913,0.008806,0.000291,0.120272,12.854223,7.408666,0.000081,40.062757,11.247592,0.705016,479.755390,0.003691,7.116264,552.153997,559.274243,559.652966,0.378723,559.964685
1389,vehicle2,1241.700000,1241.508000,1111.464412,1,ok,28756,25475,1,0.225412,2.336082,0.000224,0.095399,8.271912,6.010974,0.000092,37.174827,12.520163,0.714351,469.346180,0.007495,7.034085,534.133898,541.175702,541.585104,0.409402,544.146598
1390,vehicle2,1241.898000,1241.707000,1112.235288,1,ok,28860,25631,1,0.088456,0.008641,0.000391,0.122208,8.572306,5.739562,0.000082,34.082378,10.750030,0.708651,463.683553,0.067635,6.771300,523.658770,530.498096,530.962970,0.464874,531.060067
1391,vehicle2,1242.098000,1241.908000,1112.981675,1,ok,28908,25705,1,0.119883,0.011250,0.000291,0.130318,14.768618,6.069608,0.000140,35.776077,12.356145,0.987106,455.688906,0.004658,7.560577,525.776918,533.342444,533.808949,0.466505,533.940082
1392,vehicle2,1242.292000,1242.106000,1113.703609,1,ok,28803,25620,1,0.240172,0.005743,0.000273,0.116439,8.591810,5.760827,0.000156,35.114019,11.112518,0.941891,446.072101,0.004401,8.068653,507.709761,515.783088,516.133415,0.350327,516.379330
1393,vehicle2,1242.498000,1242.304000,1114.502586,1,ok,28769,25626,1,0.280311,0.007636,0.000247,0.118541,10.301297,6.578421,0.000116,36.745286,11.767190,0.720790,461.973334,0.004147,8.621279,528.204975,536.830648,537.152625,0.321977,537.440572
1394,vehicle2,1242.695000,1242.506000,1115.258047,1,ok,28834,25746,1,0.122143,0.012229,0.000274,0.107136,10.659947,6.651354,0.000124,36.791735,12.589451,0.702376,451.127695,0.004401,6.887736,518.629818,525.522229,526.038685,0.516456,526.173057
1395,vehicle2,1242.911000,1242.703000,1116.002512,1,ok,28787,25726,1,0.239142,0.009388,0.000280,0.113634,9.416160,7.930913,0.000082,40.593750,11.216671,0.807509,440.776790,0.023705,6.208501,510.855509,517.087995,517.611975,0.523980,517.860505
1396,vehicle2,1243.090000,1242.920000,1116.745708,1,ok,28687,25660,1,0.143457,0.009081,0.000234,0.105027,9.245547,6.415934,0.000103,34.538710,11.593790,0.888122,421.476051,0.005464,8.103116,484.263284,492.372098,492.771519,0.399421,492.924057
1397,vehicle2,1243.298000,1243.105000,1117.557312,1,ok,28597,25602,1,0.271813,0.008347,0.000306,0.109326,9.866805,5.620294,0.000151,34.765723,14.496003,0.725805,450.654346,0.005308,8.640953,516.238453,524.885020,525.617170,0.732150,525.897330
1398,vehicle2,1243.500000,1243.306000,1118.316098,1,ok,28475,25518,1,0.089942,0.006998,0.000314,0.073725,10.517883,6.705712,0.000093,33.229930,12.230821,0.725576,444.422419,0.003698,7.578772,507.906159,515.488943,515.960468,0.471525,516.057408
1399,vehicle2,1243.691000,1243.507000,1119.051864,1,ok,28516,25612,1,0.150146,0.007969,0.000297,0.117368,10.382561,6.352359,0.000294,34.952683,12.027171,0.711439,426.755155,0.009095,8.118275,491.299030,499.426697,499.767706,0.341009,499.925821
1400,vehicle2,1243.893000,1243.708000,1119.831658,1,ok,28446,25639,1,0.143202,0.008185,0.000250,0.103385,7.928024,5.369435,0.000099,32.785249,10.520470,0.962612,422.016623,0.016847,6.252218,479.685897,485.955212,486.661938,0.706726,486.813325
1401,vehicle2,1244.100000,1243.908000,1120.675638,1,ok,28426,25671,1,0.245276,0.008024,0.000239,0.139946,10.699322,5.434436,0.000110,35.632078,12.679931,0.723230,458.125865,0.044240,8.769973,523.434918,532.249370,532.580778,0.331408,532.834078
1402,vehicle2,1244.292000,1244.109000,1121.431878,1,ok,28354,25645,1,0.107495,0.005462,0.000110,0.074849,11.802371,6.333449,0.000123,36.805242,12.373991,0.715024,439.711574,0.016483,7.055213,507.816623,514.888429,515.211132,0.322703,515.324089
1403,vehicle2,1244.491000,1244.308000,1122.193758,1,ok,28404,25726,1,0.136622,0.012183,0.000330,0.090344,14.720104,5.481921,0.000103,36.364096,16.012631,1.374010,417.522132,0.012189,6.648550,491.565341,498.226410,498.921696,0.695286,499.070501
1404,vehicle2,1244.691000,1244.506000,1123.008024,1,ok,28265,25637,1,0.101224,0.006253,0.000305,0.104954,8.289236,5.163402,0.000125,35.380531,12.523772,0.942006,426.526439,0.005114,9.268887,488.930465,498.204771,499.062022,0.857251,499.169499
1405,vehicle2,1244.891000,1244.702000,1123.761608,1,ok,28182,25638,1,0.290414,0.010603,0.000308,0.104578,8.888834,6.186866,0.000155,31.383232,11.265352,0.766209,389.339581,0.004529,6.699406,447.934807,454.639050,455.139385,0.500335,455.440402
1406,vehicle2,1245.092000,1244.906000,1124.570137,1,ok,28207,25759,1,0.122155,0.008564,0.000286,0.108872,11.615850,7.293780,0.000124,42.776117,11.162919,0.696151,377.630068,0.003885,7.686419,451.283881,458.974471,459.276037,0.301566,459.406756
1407,vehicle2,1245.292000,1245.108000,1125.392538,1,ok,28176,25812,1,0.233072,0.008422,0.000198,0.107537,12.395347,7.793624,0.000124,35.162314,11.674862,0.727636,404.398328,0.013165,6.263360,472.259772,478.536495,479.038910,0.502415,479.280404
1408,vehicle2,1245.491000,1245.309000,1126.161996,1,ok,27965,25736,1,0.268249,0.011509,0.000148,0.099379,11.414235,5.120101,0.000081,35.821191,11.940661,0.738739,417.843069,0.005548,7.318402,482.977456,490.301554,490.597704,0.296150,490.877462
1409,vehicle2,1245.693000,1245.507000,1126.913822,1,ok,27758,25635,1,0.094033,0.006480,0.000232,0.099847,10.183733,7.069995,0.000191,38.137496,11.862559,0.708885,386.728724,0.004922,7.688419,454.791430,462.485003,463.130562,0.645559,463.231075
1410,vehicle2,1245.891000,1245.707000,1127.655884,1,ok,27532,25567,1,0.117110,0.012414,0.000291,0.113708,10.077787,5.713373,0.000079,34.388072,10.079737,0.716389,382.727980,0.004845,7.324908,443.817125,451.147169,451.644136,0.496967,451.773660
1411,vehicle2,1246.091000,1245.904000,1128.467747,1,ok,27433,25581,1,0.126840,0.008605,0.000225,0.075923,7.136524,6.050872,0.000338,32.903824,9.745714,0.733845,377.260614,0.003416,6.550428,433.907654,440.461723,440.735869,0.274146,440.871314
1412,vehicle2,1246.291000,1246.107000,1129.226539,1,ok,27321,25571,1,0.260374,0.008576,0.000229,0.115262,7.946794,5.431567,0.000228,34.868526,10.707939,0.931774,382.929730,0.004611,6.380350,442.931820,449.317010,449.850615,0.533605,450.119565
1413,vehicle2,1246.479000,1246.307000,1129.993125,1,ok,27203,25512,1,0.111127,0.011284,0.000207,0.061724,7.136337,9.003357,0.000083,31.450846,9.062803,0.708891,364.397571,0.061880,7.870750,421.821612,429.754449,430.254528,0.500079,430.376939
1414,vehicle2,1246.691000,1246.507000,1130.815695,1,ok,27126,25481,1,0.237926,0.011241,0.000128,0.093256,20.178932,5.440801,0.000102,35.836606,15.196818,0.704522,391.108387,0.003552,7.305707,468.559424,475.868811,476.260535,0.391724,476.509702
1415,vehicle2,1246.890000,1246.706000,1131.606653,1,ok,27133,25427,1,0.133359,0.009671,0.000388,0.100020,9.990440,5.890343,0.000141,33.080835,11.573843,0.697764,385.098944,0.004232,6.834877,446.432330,453.271827,453.792366,0.520539,453.935396
1416,vehicle2,1247.091000,1246.907000,1132.387496,1,ok,27014,25276,1,0.182422,0.011504,0.000252,0.132153,15.561981,6.534335,0.000075,31.727104,11.533643,0.850974,370.611493,0.007487,9.161862,436.951758,446.121359,447.375616,1.254257,447.569542
1417,vehicle2,1247.280000,1247.109000,1133.168382,1,ok,26911,25248,1,0.251625,0.005218,0.000119,0.053991,9.388701,6.732034,0.000079,36.041884,13.986341,0.728708,368.570695,0.004388,7.460044,435.502433,442.966984,443.541404,0.574420,443.798247
1418,vehicle2,1247.453000,1247.306000,1133.945129,1,ok,26758,25170,1,0.267059,0.096008,0.000177,0.085939,8.316290,5.207829,0.000126,30.449784,8.466157,0.690633,352.550380,0.004658,7.283404,405.767138,413.055377,413.521377,0.466000,413.884444
1419,vehicle2,1247.652000,1247.507000,1134.709416,1,ok,26603,25074,1,0.103371,0.010000,0.000187,0.104745,7.949154,5.556700,0.000229,28.076026,8.370004,0.693632,337.073995,0.013098,8.662493,387.824485,396.500263,396.792930,0.292667,396.906301
1420,vehicle2,1247.884000,1247.706000,1135.512901,1,ok,26410,24973,1,0.234412,0.006638,0.000172,0.089648,9.351974,7.426926,0.000111,30.486877,8.909744,0.788502,352.846607,0.003633,7.431990,409.900389,417.336184,417.975580,0.639396,418.216630
1421,vehicle2,1248.085000,1247.907000,1136.307547,1,ok,26150,24763,1,0.255880,0.011577,0.000187,0.087194,7.393637,5.035378,0.000136,29.475188,10.405992,0.758581,363.092533,0.004453,7.539563,416.248639,423.792842,424.271164,0.478322,424.538621
1422,vehicle2,1248.259000,1248.105000,1137.068188,1,ok,25777,24450,1,0.119230,0.009446,0.000289,0.095371,7.560334,5.939534,0.000100,34.539943,11.133201,0.714026,336.209905,0.013098,6.995315,396.192414,403.201116,403.962796,0.761680,404.091472
1423,vehicle2,1248.465000,1248.311000,1137.866795,1,ok,25327,24051,1,0.204786,0.008180,0.000196,0.095921,7.975138,5.139059,0.000178,33.065940,7.447035,0.690184,358.966549,0.003852,6.861366,413.380004,420.245418,420.814276,0.568858,421.027242
1424,vehicle2,1248.680000,1248.505000,1138.669267,1,ok,24974,23745,1,0.209890,0.007716,0.000250,0.088982,8.806358,6.869619,0.000116,37.341928,12.240522,1.067765,356.693110,0.108424,8.220772,423.108400,431.437846,432.088869,0.651023,432.306475
1425,vehicle2,1248.852000,1248.707000,1139.417095,1,ok,24618,23428,1,0.241916,0.005216,0.000166,0.055618,5.590382,5.088447,0.000101,24.940067,6.877092,0.706692,338.171771,0.003428,7.027242,381.430170,388.461006,388.808309,0.347303,389.055441
1426,vehicle2,1249.036000,1248.907000,1140.175324,1,ok,24360,23156,1,0.236915,0.011456,0.000536,0.072339,6.576084,4.665241,0.000102,27.625399,7.643773,0.716593,298.892675,0.004815,7.629982,346.192206,353.827539,354.377054,0.549515,354.625425
1427,vehicle2,1249.290000,1249.106000,1141.017342,1,ok,24273,22912,1,0.085870,0.008189,0.000217,0.090206,16.873568,4.819223,0.000077,31.253891,9.251626,0.694554,345.528438,0.004207,7.245097,408.511583,415.761104,416.411010,0.649906,416.505069
1428,vehicle2,1249.485000,1249.304000,1141.788873,1,ok,24189,22503,1,0.125853,0.007264,0.000238,0.076662,8.076393,5.930467,0.000146,28.325025,11.818259,0.807353,330.530349,0.006125,7.146150,385.564654,392.717167,393.072591,0.355424,393.205708
1429,vehicle2,1249.682000,1249.504000,1142.549673,1,ok,24037,22122,1,0.120826,0.004473,0.000192,0.047628,8.156364,5.230360,0.000095,30.085396,10.057372,0.772103,327.035409,0.083999,9.333996,381.384727,390.802914,391.342063,0.539149,391.467362
1430,vehicle2,1249.854000,1249.709000,1143.289268,1,ok,23905,21921,1,0.119219,0.005649,0.000307,0.051328,15.919463,5.480480,0.000090,33.355039,11.857258,0.722592,312.694574,0.013326,7.449436,380.080824,387.543893,388.115892,0.571999,388.240760
1431,vehicle2,1250.040000,1249.904000,1144.055550,1,ok,24003,21996,1,0.323809,0.012854,0.000208,0.089943,11.221985,4.973730,0.000326,29.497172,9.751728,0.688834,301.164432,0.005593,10.361808,357.388150,367.755759,368.528600,0.772841,368.865263
1432,vehicle2,1250.223000,1250.108000,1144.815501,1,ok,24114,22090,1,0.399467,0.026483,0.000198,0.080951,8.175110,5.408046,0.000098,28.883794,10.289723,0.687045,309.341464,0.027087,8.580256,362.866231,371.473772,371.831253,0.357481,372.257203
1433,vehicle2,1250.409000,1250.307000,1145.615225,1,ok,24167,22102,1,0.105692,0.010408,0.000318,0.074464,7.611540,4.750217,0.000111,26.923371,7.898616,0.686450,267.661804,0.013365,6.853234,315.606573,322.473490,323.156419,0.682929,323.272519
1434,vehicle2,1250.614000,1250.507000,1146.439390,1,ok,24342,22226,1,0.303323,0.008355,0.000341,0.071028,9.432151,4.852155,0.000119,34.646111,13.487272,0.728252,310.465334,0.008716,7.546215,373.682422,381.237694,381.787053,0.549359,382.098731
1435,vehicle2,1250.837000,1250.704000,1147.269154,1,ok,24025,21794,1,0.183743,0.009622,0.000174,0.092229,11.624982,5.809463,0.000094,33.658547,11.999818,0.696619,304.712831,0.013311,8.916723,368.594583,377.524791,377.814413,0.289622,378.007778
1436,vehicle2,1251.049000,1250.904000,1148.051661,1,ok,23443,21059,1,0.235924,0.009504,0.000371,0.105424,9.838532,4.965207,0.000167,27.606243,9.568201,0.830225,323.561948,0.009558,7.875859,376.475947,384.361735,384.935550,0.573815,385.180978
1437,vehicle2,1251.237000,1251.108000,1148.831970,1,ok,23211,20776,1,0.084116,0.007357,0.000201,0.096104,9.044422,6.591857,0.000083,27.808500,8.449144,0.712705,324.311929,0.004896,7.580138,377.014744,384.599979,384.942581,0.342602,385.034054
1438,vehicle2,1251.442000,1251.307000,1149.629897,1,ok,23642,21165,1,0.097618,0.005195,0.000200,0.060320,9.033866,5.223320,0.000097,26.919952,8.278444,1.203959,344.623868,0.014656,8.834949,395.343826,404.193631,404.875384,0.681753,404.978197
1439,vehicle2,1251.656000,1251.508000,1150.445223,1,ok,24265,21718,1,0.383007,0.007279,0.000189,0.054504,7.186727,5.358886,0.000101,30.914734,9.817251,0.939995,348.569846,0.005263,12.493642,402.842044,415.341138,415.986167,0.645029,416.376453
1440,vehicle2,1251.882000,1251.714000,1151.259278,1,ok,24994,22355,1,0.259101,0.008367,0.000283,0.097829,12.700658,5.625257,0.000115,35.165142,10.881737,0.792109,363.217527,0.021013,8.179836,428.480374,436.681506,437.285091,0.603585,437.552559
1441,vehicle2,1252.091000,1251.906000,1152.095791,1,ok,25772,23013,1,0.443341,0.014890,0.000136,0.109040,11.137055,8.185382,0.000122,28.747866,10.827413,0.690767,393.588429,0.003610,7.172584,453.286074,460.462404,460.853344,0.390940,461.311575
1442,vehicle2,1252.293000,1252.105000,1152.870760,1,ok,26554,23677,1,0.096006,0.006738,0.000523,0.094794,11.710889,5.956257,0.000125,32.866342,14.445358,0.873883,398.175528,0.003581,7.097625,464.123176,471.224905,471.592210,0.367305,471.694954
1443,vehicle2,1252.491000,1252.309000,1153.694644,1,ok,27336,24420,1,0.115040,0.012054,0.000116,0.074711,11.859095,6.281052,0.000209,32.205622,12.370568,0.951678,440.320935,0.004148,8.631236,504.063870,512.699370,513.077748,0.378378,513.204842
1444,vehicle2,1252.691000,1252.502000,1154.516672,1,ok,28255,25144,1,0.245857,0.024319,0.000194,0.112767,14.788702,6.535030,0.000088,35.524100,13.260170,0.707658,466.430343,0.004081,6.377299,537.358858,543.740432,544.406632,0.666200,544.676808
1445,vehicle2,1252.900000,1252.709000,1155.359681,1,ok,29264,25732,1,0.167707,0.004929,0.000217,0.068403,15.536964,5.792017,0.000208,32.058802,10.413945,0.971168,481.455891,0.023436,6.433676,546.297398,552.754727,553.387395,0.632668,553.560031
1446,vehicle2,1253.097000,1252.906000,1156.150175,1,ok,30277,26140,1,0.149597,0.005988,0.000144,0.082716,13.611744,5.399499,0.000088,33.452940,9.999561,0.726705,474.951919,0.005787,7.235541,538.225172,545.466644,545.954349,0.487705,546.109934
1447,vehicle2,1253.301000,1253.105000,1157.021358,1,ok,31125,26305,1,0.258263,0.007304,0.000155,0.141492,21.298018,5.089755,0.000095,37.628933,14.273534,0.819476,529.121624,0.003575,7.238783,608.372927,615.615440,616.035498,0.420058,616.301065
1448,vehicle2,1253.498000,1253.309000,1157.806047,1,ok,32084,26607,1,0.165779,0.007529,0.000394,0.131451,25.334798,6.260786,0.000112,38.994566,15.176301,0.959539,515.469030,0.004268,7.204649,602.326583,609.535894,610.206114,0.670220,610.379422
1449,vehicle2,1253.699000,1253.506000,1158.603890,1,ok,32913,26740,1,0.310324,0.008183,0.000149,0.133362,18.276169,4.686180,0.000102,40.755666,12.362069,0.697393,515.543413,0.006990,6.644406,592.454354,599.105899,600.002288,0.896389,600.320795
1450,vehicle2,1253.900000,1253.708000,1159.441179,1,ok,33638,26665,1,0.131992,0.007942,0.000291,0.098730,15.186181,5.969994,0.000168,35.236091,11.844637,0.739428,526.029275,0.024208,8.613489,595.104504,603.742492,604.228185,0.485693,604.368119
1451,vehicle2,1254.098000,1253.908000,1160.230255,1,ok,34328,26455,1,0.318150,0.021367,0.000487,0.212526,14.432097,5.794379,0.000101,33.384419,12.564262,0.711744,521.676225,0.003620,7.948121,588.775753,596.727981,597.262316,0.534335,597.601833
1452,vehicle2,1254.308000,1254.105000,1161.042837,1,ok,34987,26434,1,0.131616,0.005982,0.000279,0.133078,21.154768,5.511368,0.000126,35.240574,17.719076,0.728662,530.270043,0.004345,7.217692,610.757695,617.980011,618.696335,0.716324,618.833933
1453,vehicle2,1254.505000,1254.308000,1161.858360,1,ok,35500,26576,1,0.406520,0.010040,0.000298,0.135469,20.982918,4.905682,0.000076,36.087750,13.793923,0.970240,567.750590,0.004197,7.573305,644.626648,652.204448,652.542894,0.338446,652.959454
1454,vehicle2,1254.706000,1254.505000,1162.647109,1,ok,35785,26551,1,0.309354,0.007774,0.000258,0.113027,13.175665,6.392127,0.000090,36.685222,14.830375,0.874734,578.328479,0.004512,8.498961,650.399719,658.903450,659.337577,0.434127,659.654705
1455,vehicle2,1254.897000,1254.706000,1163.400363,1,ok,35944,26450,1,0.179706,0.009961,0.000129,0.086803,11.298235,4.772381,0.000087,34.115180,12.296029,0.732588,558.284177,0.004284,7.525110,621.585480,629.115003,629.491336,0.376333,629.681003
1456,vehicle2,1255.099000,1254.905000,1164.205822,1,ok,36005,26421,1,0.356705,0.007638,0.000301,0.141484,27.593055,6.248794,0.000125,39.889015,13.379701,0.717359,532.126209,0.012165,7.976415,620.095742,628.084623,628.491928,0.407305,628.856271
1457,vehicle2,1255.298000,1255.108000,1164.997422,1,ok,35940,26373,1,0.394573,1.401246,0.000230,0.111967,13.815930,4.954748,0.000088,32.811193,11.821059,0.711677,536.468499,0.003723,7.200491,600.695161,607.899605,608.296373,0.396768,610.092192
1458,vehicle2,1255.501000,1255.307000,1165.779639,1,ok,35921,26393,1,0.142411,0.004814,0.000157,0.106084,11.822705,6.242770,0.000142,40.292918,11.711091,0.702204,506.440835,0.003888,6.597804,577.318749,583.920598,584.381225,0.460627,584.528450
1459,vehicle2,1255.698000,1255.507000,1166.587238,1,ok,35839,26430,1,0.291390,0.007928,0.000222,0.121933,11.937718,6.123187,0.000080,39.681551,13.810978,0.865350,541.923768,0.006846,11.609646,614.464565,626.081279,627.249604,1.168325,627.548922
1460,vehicle2,1255.901000,1255.705000,1167.349889,1,ok,35817,26477,1,0.162112,0.034788,0.000374,0.159012,11.272991,5.198097,0.000133,34.924705,12.860154,0.731720,503.380094,0.004701,7.382099,568.526906,575.914080,576.339196,0.425116,576.536096
1461,vehicle2,1256.101000,1255.910000,1168.152062,1,ok,35747,26444,1,0.181692,0.007885,0.000293,0.098724,11.325875,4.940342,0.000115,33.271970,15.707585,0.891191,502.320799,0.013815,7.471304,568.556601,576.042013,576.444023,0.402010,576.633600
1462,vehicle2,1256.300000,1256.109000,1168.924139,1,ok,35656,26380,1,0.176838,0.013206,0.000305,0.128717,10.310295,4.845039,0.000130,34.852460,11.813347,0.717502,505.482335,0.003977,7.492571,568.149825,575.646678,576.350475,0.703797,576.540519
1463,vehicle2,1256.500000,1256.308000,1169.745380,1,ok,35498,26350,1,0.378128,0.007611,0.000317,0.122989,17.097570,5.824693,0.000149,38.110811,13.500428,0.873312,506.402810,0.005569,8.327486,581.932762,590.266134,591.005708,0.739574,591.391447
1464,vehicle2,1256.697000,1256.508000,1170.537823,1,ok,35336,26413,1,0.180259,0.009095,0.000183,0.104595,15.460838,7.774816,0.000175,36.501392,14.673281,1.013291,511.880973,0.004325,6.655399,587.409361,594.069268,594.770531,0.701263,594.959885
1465,vehicle2,1256.897000,1256.705000,1171.352798,1,ok,34544,26554,1,0.182999,0.007675,0.000220,0.125171,19.396603,4.720138,0.000138,36.915433,13.442966,0.707367,496.260683,0.003876,9.212591,571.568499,580.785186,581.296646,0.511460,581.487320
1466,vehicle2,1257.102000,1256.904000,1172.156959,1,ok,33419,26551,1,0.256360,0.005988,0.000152,0.123259,13.759281,6.006759,0.000274,34.507003,13.909612,4.015218,494.385624,0.014483,7.376334,566.707030,574.097999,574.621758,0.523759,574.884106
1467,vehicle2,1257.300000,1257.106000,1172.930975,1,ok,32437,26541,1,0.270591,0.012742,0.000156,0.117518,11.325355,6.675649,0.000101,46.308496,13.802114,0.769270,485.980999,0.014952,9.292196,564.979502,574.286806,575.030599,0.743793,575.313932
1468,vehicle2,1257.500000,1257.307000,1173.698499,1,ok,31784,26396,1,0.302595,0.007081,0.000160,0.107465,15.342102,5.143744,0.000127,37.912964,13.968398,0.932630,483.015825,0.004301,7.630240,556.423255,564.057956,564.944195,0.886239,565.253871
1469,vehicle2,1257.698000,1257.509000,1174.494135,1,ok,31092,26003,1,0.114647,0.008274,0.000195,0.164975,12.155337,5.558768,0.000087,34.329046,16.390753,0.992302,483.047063,0.004227,7.285520,552.638331,559.928273,560.612029,0.683756,560.734950
1470,vehicle2,1257.900000,1257.706000,1175.305620,1,ok,30583,25691,1,0.241533,0.004375,0.000135,0.066308,12.255561,4.669081,0.000073,37.475327,13.784019,0.719197,499.804392,0.004779,7.189355,568.773958,575.968227,576.293963,0.325736,576.539871
1471,vehicle2,1258.102000,1257.907000,1176.107419,1,ok,30449,25641,1,0.275761,0.009617,0.000155,0.115541,10.663433,4.585700,0.000088,40.367421,12.956172,0.708773,485.521649,0.016661,6.711965,554.918777,561.647558,562.188545,0.540987,562.473923
1472,vehicle2,1258.299000,1258.110000,1176.891733,1,ok,30517,25646,1,0.278961,0.007359,0.000158,0.106331,11.762044,4.833599,0.000097,35.014968,13.892660,0.935162,496.757815,0.003707,7.508252,563.302676,570.814793,571.485438,0.670645,571.771758
1473,vehicle2,1258.498000,1258.307000,1177.729103,1,ok,30661,25718,1,0.182360,0.008150,0.000227,0.111016,11.569580,6.117813,0.000125,48.143617,19.409782,1.033764,490.515804,0.004083,6.757724,576.901501,583.663535,584.171005,0.507470,584.361515
1474,vehicle2,1258.699000,1258.507000,1178.489605,1,ok,30957,25888,1,0.163858,0.007901,0.000236,0.110386,12.262068,4.837026,0.000147,34.837947,13.968794,0.699594,484.866054,0.005743,7.423561,551.582016,559.011556,559.415398,0.403842,559.587157
1475,vehicle2,1258.899000,1258.706000,1179.283089,1,ok,31514,26170,1,0.248195,0.006803,0.000201,0.113945,11.779915,4.682529,0.000117,34.910075,13.133200,0.697612,493.325572,0.004419,8.104961,558.642965,566.752546,567.477839,0.725293,567.732837
1476,vehicle2,1259.098000,1258.905000,1180.095288,1,ok,32423,26866,1,0.248353,0.005363,0.000190,0.099652,22.110136,4.652545,0.000149,37.828570,15.181982,0.721102,498.407105,0.005306,6.761186,579.001241,585.767923,586.554609,0.786686,586.808325
1477,vehicle2,1259.296000,1259.106000,1180.874751,1,ok,33255,27370,1,0.170383,0.008394,0.000148,0.115309,10.956617,5.518733,0.000082,35.531415,11.899813,0.924875,510.562793,0.014724,8.591494,575.509637,584.116003,584.662570,0.546567,584.841347
1478,vehicle2,1259.500000,1259.304000,1181.654736,1,ok,33766,27479,1,0.154927,0.008403,0.000264,0.126994,8.883560,4.286569,0.000088,36.068221,10.618136,0.774310,508.396863,0.015455,6.801895,569.154741,575.972355,576.547948,0.575593,576.711278
1479,vehicle2,1259.699000,1259.508000,1182.454528,1,ok,34221,27521,1,0.358413,0.022388,0.000201,0.120626,8.539807,5.558216,0.000091,36.572274,12.347648,0.714682,505.459430,0.004894,6.890262,569.312774,576.208131,576.753429,0.545298,577.134230
1480,vehicle2,1259.900000,1259.706000,1183.215242,1,ok,34511,27602,1,0.345166,0.008276,0.000206,0.115423,10.183351,3.891788,0.000085,33.211151,15.569857,0.895633,505.202725,0.004943,7.819131,569.070013,576.894293,578.032471,1.138178,578.385913
1481,vehicle2,1260.101000,1259.908000,1184.029998,1,ok,34633,27646,1,0.316520,0.006985,0.000135,0.140275,15.371414,5.099022,0.000104,34.675628,13.928976,0.930003,499.129876,0.003925,11.878629,569.275298,581.157987,581.809324,0.651337,582.132829
1482,vehicle2,1260.303000,1260.108000,1184.840593,1,ok,34676,27660,1,0.294104,0.006210,0.000301,0.122494,19.841997,4.591165,0.000081,33.375251,13.828603,0.716698,511.825475,0.013964,7.243630,584.301764,591.559659,592.445815,0.886156,592.746129
1483,vehicle2,1260.498000,1260.311000,1185.625867,1,ok,34737,27801,1,0.147749,0.006326,0.000283,0.072008,15.590756,4.587120,0.000104,34.783860,15.148095,0.880648,494.793184,0.010207,7.517003,565.855775,573.383268,574.403780,1.020512,574.557855
1484,vehicle2,1260.693000,1260.505000,1186.436029,1,ok,34657,27713,1,0.539703,0.007686,0.000188,0.129639,15.418893,5.433539,0.000123,37.656377,13.889196,0.756875,516.635605,0.004320,6.627262,589.920247,596.552017,597.029303,0.477286,597.576692
1485,vehicle2,1260.900000,1260.701000,1187.183479,1,ok,34536,27588,1,0.310518,0.007606,0.000185,0.118212,13.824167,6.763666,0.000186,32.668359,13.992463,0.872742,495.568318,0.004180,6.613715,563.808113,570.426193,571.047059,0.620866,571.365183
1486,vehicle2,1261.100000,1260.904000,1187.978145,1,ok,34611,27655,1,0.176344,0.010389,0.000376,0.137521,13.253828,5.267773,0.000098,45.346900,12.614754,0.699234,513.601863,0.003861,7.987345,590.921971,598.913553,599.342464,0.428911,599.529197
1487,vehicle2,1261.300000,1261.108000,1188.736453,1,ok,34647,27711,1,0.303333,0.006850,0.000171,0.074510,11.341561,4.078162,0.000108,36.432158,13.256711,1.016261,525.391714,0.004959,6.564258,591.591185,598.160573,599.225056,1.064483,599.535239
1488,vehicle2,1261.497000,1261.308000,1189.550136,1,ok,34590,27611,1,0.348032,2.933558,0.000348,0.111152,9.478875,6.944498,0.000258,34.240113,10.698031,0.699461,517.928236,0.013966,8.109666,580.100624,588.224604,588.788547,0.563943,592.070137
1489,vehicle2,1261.695000,1261.505000,1190.361956,1,ok,34549,27560,1,0.169142,0.017412,0.000168,0.113612,10.448469,4.495569,0.000127,34.811635,15.057569,0.762838,533.276064,0.018214,7.643377,598.965883,606.627642,607.482697,0.855055,607.669251
1490,vehicle2,1261.899000,1261.704000,1191.163035,1,ok,34499,27524,1,0.297523,0.006287,0.000171,0.078894,9.772033,5.147354,0.000101,35.849844,12.736377,0.729029,533.912409,0.004931,7.055307,598.226041,605.286450,605.703332,0.416882,606.007142
1491,vehicle2,1262.098000,1261.906000,1191.949533,1,ok,34495,27515,1,0.192697,0.010390,0.000187,0.135196,13.329566,4.201444,0.000224,35.586140,12.311418,0.747997,510.008128,0.008463,7.424900,576.320113,583.753663,585.022027,1.268364,585.225114
1492,vehicle2,1262.297000,1262.105000,1192.789611,1,ok,34494,27569,1,0.338591,0.007148,0.000302,0.121605,11.589076,5.244392,0.000081,40.688468,11.675582,0.696184,529.370780,0.014225,6.789104,599.386168,606.189799,606.818273,0.628474,607.164012
1493,vehicle2,1262.500000,1262.304000,1193.603965,1,ok,34373,27590,1,0.333015,0.005538,0.000181,0.075500,11.482890,4.635231,0.000081,36.983279,12.962160,0.708430,528.226523,0.043672,9.904357,595.074094,605.022304,605.633829,0.611525,605.972382
1494,vehicle2,1262.707000,1262.508000,1194.524207,1,ok,34297,27679,1,0.256669,0.005187,0.000161,0.083088,14.963411,5.799326,0.000113,47.425916,19.214878,1.078269,617.087158,0.007041,6.545404,705.652159,712.204765,712.955365,0.750600,713.217221
1495,vehicle2,1262.899000,1262.707000,1195.217814,1,ok,34154,27862,1,0.325253,0.014261,0.000316,0.128755,15.797198,6.516430,0.000132,38.066936,15.884453,0.705792,528.042098,0.004684,7.307051,605.141794,612.453845,613.208556,0.754711,613.548070
1496,vehicle2,1263.099000,1262.905000,1195.984249,1,ok,33755,28016,1,0.325197,0.009688,0.000223,0.192083,10.409083,5.042686,0.000118,34.755543,13.906386,0.721486,510.077280,0.004350,6.555053,575.104665,581.664291,582.087453,0.423162,582.422338
1497,vehicle2,1263.299000,1263.106000,1196.752051,1,ok,33171,28130,1,0.258393,0.006936,0.000182,0.115754,15.415458,4.837056,0.000119,39.238187,12.325713,0.822084,513.558911,0.025594,6.679981,586.313282,593.019039,594.058686,1.039647,594.324015
1498,vehicle2,1263.502000,1263.307000,1197.563260,1,ok,32523,28181,1,0.186387,0.009675,0.000239,0.109228,13.632505,11.818904,0.000134,40.659684,13.390725,0.711791,524.214624,0.014997,6.671001,604.537595,611.223832,611.882702,0.658870,612.078764
1499,vehicle2,1263.701000,1263.509000,1198.351941,1,ok,31548,27896,1,0.114523,0.005174,0.000122,0.072274,26.101060,5.143625,0.000076,38.761429,15.510499,0.739835,540.069812,0.005842,7.039477,626.398610,633.444051,634.054487,0.610436,634.174184
1500,vehicle2,1263.900000,1263.705000,1199.127433,1,ok,29856,26708,1,0.205441,0.007015,0.000182,0.111485,11.254799,4.725360,0.000101,42.096083,14.133153,0.703792,501.475217,0.004402,6.549272,574.499990,581.053846,581.468754,0.414908,581.681210
1501,vehicle2,1264.094000,1263.906000,1199.865522,1,ok,27983,25000,1,0.282674,0.010137,0.000345,0.125357,12.084145,4.067715,0.000074,34.799701,12.328472,0.905622,461.126254,0.003720,6.649937,525.437340,532.091342,532.607625,0.516283,532.900436
1502,vehicle2,1264.299000,1264.109000,1200.683945,1,ok,26880,23928,1,0.132678,0.007924,0.000286,0.101954,10.927785,6.956290,0.000095,35.033324,14.732036,0.707580,455.801051,0.005088,7.293554,524.260115,531.559043,532.292142,0.733099,532.432744
1503,vehicle2,1264.494000,1264.307000,1201.400841,1,ok,25949,23011,1,0.264599,0.009437,0.000273,0.098619,9.885966,8.937622,0.000160,32.025998,14.187349,0.994987,398.980357,0.004505,6.772635,465.111058,471.888471,472.377425,0.488954,472.651461
1504,vehicle2,1264.697000,1264.513000,1202.179228,1,ok,25045,22106,1,0.119749,0.004904,0.000166,0.054713,6.738028,4.737273,0.000082,30.119466,10.754590,0.709231,404.122626,0.036946,8.564913,457.236009,465.838034,466.276751,0.438717,466.401404
1505,vehicle2,1264.857000,1264.703000,1202.809987,1,ok,24271,21351,1,0.106352,0.007361,0.000240,0.087657,9.136652,4.149962,0.000136,28.330064,9.591113,0.745835,351.635627,0.012193,8.458801,403.677046,412.148280,413.032653,0.884373,413.146366
1506,vehicle2,1265.092000,1264.908000,1203.646367,1,ok,23735,20865,1,0.101991,0.014098,0.000369,0.124007,17.657174,5.086936,0.000170,35.697120,12.630625,0.691259,360.132134,0.004477,7.492481,432.019425,439.516752,440.032841,0.516089,440.148930
1507,vehicle2,1265.304000,1265.107000,1204.555500,1,ok,23840,21159,1,0.303893,0.013545,0.000212,0.123531,14.745837,6.291463,0.000268,41.277446,16.237491,0.974583,466.462459,0.005584,6.841026,546.113078,552.959900,553.845916,0.886016,554.163354
1508,vehicle2,1265.471000,1265.313000,1205.201819,1,ok,24418,22013,1,0.112629,0.009288,0.000305,0.090719,11.346437,4.480379,0.000100,33.597637,14.415680,0.725459,348.467892,0.003351,6.929086,413.124303,420.057045,421.182026,1.124981,421.303943
1509,vehicle2,1265.671000,1265.509000,1205.989401,1,ok,24711,22462,1,0.220198,0.008454,0.000402,0.058857,9.897254,4.223613,0.000125,32.258195,10.737029,0.691250,353.344975,0.003887,7.071488,411.211298,418.287075,418.704984,0.417909,418.933636
1510,vehicle2,1265.851000,1265.712000,1206.760390,1,ok,24441,22221,1,0.187389,0.006544,0.000196,0.081093,9.518654,5.598002,0.000112,35.678863,9.168491,0.676940,329.876324,0.033940,8.913851,390.598479,399.546466,400.082041,0.535575,400.275974
1511,vehicle2,1266.038000,1265.908000,1207.546269,1,ok,24132,21917,1,0.098730,0.009583,0.000444,0.089152,8.981363,5.578660,0.000102,31.026338,10.073119,0.697512,320.143070,0.005376,7.735779,376.589316,384.330915,384.828431,0.497516,384.936744
1512,vehicle2,1266.287000,1266.109000,1208.374626,1,ok,24013,21839,1,0.200407,0.005757,0.000318,0.078672,9.021538,4.120853,0.000077,32.059329,12.183897,0.746883,365.443275,0.015105,7.298203,423.654524,430.968150,431.424984,0.456834,431.631148
1513,vehicle2,1266.473000,1266.307000,1209.150899,1,ok,23958,21746,1,0.105102,0.008161,0.000210,0.086713,11.883605,6.074377,0.000122,35.540748,9.872918,0.686390,349.213609,0.003810,7.082496,413.358482,420.444998,420.770725,0.325727,420.883988
1514,vehicle2,1266.673000,1266.506000,1209.965619,1,ok,24144,22086,1,0.120945,0.021839,0.000222,0.102702,10.631302,5.850497,0.000118,31.070308,11.977822,0.699016,366.264339,0.003180,8.489437,426.596104,435.088943,435.834814,0.745871,435.977598
1515,vehicle2,1266.892000,1266.709000,1210.792105,1,ok,24314,22627,1,0.124138,0.007730,0.000307,0.099415,12.047375,4.657013,0.000092,30.991333,11.997079,0.818448,374.343920,0.013918,7.005550,434.954675,441.974450,442.447900,0.473450,442.579768
1516,vehicle2,1267.034000,1266.909000,1211.520829,1,ok,24271,22975,1,0.251220,0.007959,0.000259,0.090725,10.889528,4.286465,0.000092,28.994710,11.195400,0.680623,324.875028,0.005290,7.954961,381.012571,388.973081,389.464068,0.490987,389.723247
1517,vehicle2,1267.262000,1267.108000,1212.335070,1,ok,24233,23054,1,0.201742,6.564798,0.000333,0.087447,10.324714,6.119295,0.000127,28.759372,9.693637,0.803223,340.724172,0.003621,8.706748,396.511987,405.222689,406.196229,0.973540,412.962769
1518,vehicle2,1267.481000,1267.310000,1213.097485,1,ok,24520,23363,1,0.083586,0.004574,0.000189,0.062652,7.821974,4.916089,0.000240,33.808398,9.507965,0.688243,336.676086,0.004294,8.755490,393.481647,402.241620,402.657758,0.416138,402.745918
1519,vehicle2,1267.693000,1267.509000,1213.893232,1,ok,24884,23698,1,0.188151,0.005243,0.000185,0.051092,11.129565,4.689214,0.000214,34.085626,14.385385,0.768151,372.012399,0.003584,7.479144,437.121646,444.604559,445.281164,0.676605,445.474558
1520,vehicle2,1267.876000,1267.707000,1214.674252,1,ok,25288,23987,1,0.129217,0.005466,0.000209,0.053712,10.871237,5.374375,0.000086,34.193858,14.675384,0.918910,361.011189,0.003661,7.473420,427.098751,434.576041,435.738212,1.162171,435.872895
1521,vehicle2,1268.091000,1267.907000,1215.481864,1,ok,25588,24173,1,0.209733,2.456669,0.000385,0.096256,10.221724,5.066704,0.000082,31.705650,12.848923,1.038645,355.206269,0.083742,10.520177,416.184253,426.788557,427.594538,0.805981,430.260940
1522,vehicle2,1268.296000,1268.111000,1216.283479,1,ok,25866,24314,1,0.247525,0.291114,0.000379,0.089193,15.423602,6.510730,0.000097,34.310828,9.898205,0.702582,385.624219,0.004672,7.162555,452.559456,459.727062,460.141944,0.414882,460.680583
1523,vehicle2,1268.488000,1268.313000,1217.065205,1,ok,26133,24482,1,0.098032,0.011571,0.000245,0.097920,10.039843,6.550697,0.000101,34.500633,10.947969,0.945852,363.083470,0.004900,12.601220,426.166485,438.772850,439.457594,0.684744,439.567197
1524,vehicle2,1268.637000,1268.509000,1217.843878,1,ok,26271,24528,1,0.169636,0.004640,0.000206,0.078795,7.659658,7.220088,0.000131,34.209025,12.697269,0.718773,350.005723,0.003999,9.667820,412.589462,422.261487,422.653645,0.392158,422.827921
1525,vehicle2,1268.876000,1268.709000,1218.672004,1,ok,26338,24572,1,0.114481,0.007184,0.000259,0.090228,8.180293,6.689592,0.000105,33.904737,12.401658,0.702529,348.595068,0.005080,7.478120,410.564210,418.047669,418.476930,0.429261,418.598595
1526,vehicle2,1269.052000,1268.906000,1219.440650,1,ok,26341,24605,1,0.093689,0.005297,0.000201,0.058770,9.941778,6.556420,0.000152,34.073614,9.701924,0.816182,336.736406,0.004158,8.217445,397.885246,406.107050,406.546194,0.439144,406.645180
1527,vehicle2,1269.238000,1269.105000,1220.251761,1,ok,26472,24743,1,0.100509,0.006497,0.000219,0.059419,8.622442,5.732638,0.000248,35.074839,9.312535,0.716436,346.830045,0.038816,8.144829,406.348602,414.532466,414.850939,0.318473,414.957945
1528,vehicle2,1269.493000,1269.309000,1221.073735,1,ok,26627,24820,1,0.215086,0.007244,0.000199,0.092564,9.542888,6.055170,0.000100,35.010863,11.136354,0.832482,353.506245,0.003862,7.739704,416.176666,423.920431,424.271335,0.350904,424.493665
1529,vehicle2,1269.692000,1269.507000,1221.856615,1,ok,26782,24865,1,0.216129,0.006205,0.000152,0.095261,7.895024,5.924440,0.000088,36.038998,12.299023,0.690974,365.922374,0.004758,6.559914,428.866182,435.431006,435.822287,0.391281,436.044621
1530,vehicle2,1269.894000,1269.710000,1222.647878,1,ok,26959,24956,1,0.132146,0.007557,0.000303,0.095360,8.643240,6.175693,0.000145,36.912116,12.173119,0.723599,369.435085,0.004496,8.213172,434.158357,442.376328,442.719377,0.343049,442.859080
1531,vehicle2,1270.095000,1269.908000,1223.429515,1,ok,27067,24959,1,0.102953,0.007924,0.000179,0.058759,10.181148,6.484777,0.000130,37.932342,13.974135,0.896266,391.948244,0.004405,7.095956,461.475801,468.576341,469.017910,0.441569,469.128787
1532,vehicle2,1270.295000,1270.111000,1224.165402,1,ok,27286,25054,1,0.277715,0.008286,0.000207,0.128015,11.227281,8.449907,0.000111,37.105547,11.413835,0.706201,357.505437,0.015124,8.339073,426.536334,434.890738,435.453919,0.563181,435.739920
1533,vehicle2,1270.471000,1270.309000,1224.942777,1,ok,27356,25004,1,0.135683,0.007456,0.000265,0.065861,7.848778,6.022566,0.000121,38.089337,13.323015,0.718400,347.797569,0.004206,9.509461,413.865647,423.379579,423.800134,0.420555,423.943273
1534,vehicle2,1270.673000,1270.506000,1225.711396,1,ok,27370,24908,1,0.147688,0.008688,0.000214,0.106957,8.220356,6.216304,0.000084,34.806009,9.956338,0.714987,334.783395,0.012752,7.592926,394.804430,402.410322,402.738089,0.327767,402.894465
1535,vehicle2,1270.895000,1270.710000,1226.517982,1,ok,27328,24761,1,0.238379,0.008008,0.000207,0.083926,8.910609,7.313746,0.000075,34.618895,11.430952,0.761741,367.867091,0.004751,7.406200,430.987035,438.398193,438.969238,0.571045,439.215625
1536,vehicle2,1271.079000,1270.913000,1227.267851,1,ok,27335,24677,1,0.116439,0.015025,0.000117,0.101463,10.606266,7.376470,0.000099,38.283303,9.707607,0.879953,353.985198,0.004000,7.702688,420.940359,428.647164,428.940647,0.293483,429.072111
1537,vehicle2,1271.296000,1271.110000,1228.062511,1,ok,27365,24602,1,0.201057,0.006048,0.000219,0.101166,12.884409,6.769860,0.000144,45.642072,10.486575,0.922986,362.527712,0.013299,8.246287,439.334924,447.594729,448.286610,0.691881,448.493715
1538,vehicle2,1271.496000,1271.313000,1228.842983,1,ok,27530,24639,1,0.229911,0.053423,0.000207,0.081899,7.822100,6.334939,0.000129,38.794691,10.136478,0.921235,393.094298,0.003812,8.321090,457.185769,465.510878,466.033648,0.522770,466.316982
1539,vehicle2,1271.695000,1271.510000,1229.622744,1,ok,27525,24517,1,0.143378,0.007043,0.000233,0.135971,17.487724,7.878247,0.000082,40.271097,12.321938,0.737828,401.790694,0.003746,6.400927,480.623581,487.028487,487.333683,0.305196,487.484104
1540,vehicle2,1271.902000,1271.709000,1230.452958,1,ok,27435,24403,1,0.117798,0.009232,0.000352,0.106214,20.585749,6.666693,0.000087,40.141522,11.663906,0.731537,441.104503,0.004769,6.915025,521.000211,527.920357,528.208505,0.288148,528.335535
1541,vehicle2,1272.096000,1271.909000,1231.205674,1,ok,27200,24131,1,0.152042,0.010267,0.000185,0.098659,10.040339,8.446763,0.000137,39.024293,11.896757,0.749667,411.069475,0.005771,7.217735,481.326090,488.549781,488.931678,0.381897,489.093987
1542,vehicle2,1272.297000,1272.111000,1232.020457,1,ok,27239,24061,1,0.123970,0.007381,0.000222,0.102361,13.755993,7.628495,0.000076,38.672552,12.746892,0.706174,434.059904,0.012428,6.185252,507.672447,513.870349,514.121411,0.251062,514.252762
1543,vehicle2,1272.496000,1272.308000,1232.788650,1,ok,27261,23975,1,0.138088,0.006770,0.000127,0.059803,9.382288,7.713906,0.000115,43.206212,10.807735,0.713810,425.074452,0.005314,7.427796,496.958321,504.391558,504.686905,0.295347,504.831763
1544,vehicle2,1272.695000,1272.504000,1233.432101,1,ok,27352,24003,1,0.140084,0.008285,0.000156,0.094565,8.442498,8.381599,0.000124,41.406666,10.880590,0.703389,405.622084,0.004189,6.433517,475.531515,481.969377,482.320576,0.351199,482.468945
1545,vehicle2,1272.896000,1272.712000,1234.224217,1,ok,27299,23881,1,0.093470,0.008141,0.000192,0.114314,9.787967,7.111105,0.000100,39.207192,11.315999,0.733181,411.234870,0.004178,8.583515,479.504728,488.092613,488.397656,0.305043,488.499267
1546,vehicle2,1273.095000,1272.911000,1235.018150,1,ok,27002,23549,1,0.225111,0.007045,0.000128,0.092298,12.041382,10.260997,0.000150,50.798110,11.821024,0.813734,409.351481,0.005211,6.323239,495.179176,501.507754,501.833875,0.326121,502.066031
1547,vehicle2,1273.300000,1273.112000,1235.813968,1,ok,27197,23751,1,0.113976,0.010104,0.000210,0.088415,11.403129,7.679000,0.000110,40.560769,13.466997,0.703163,427.935960,0.013890,7.361181,501.837543,509.212824,509.515888,0.303064,509.639968
1548,vehicle2,1273.502000,1273.303000,1236.459785,1,ok,26917,23502,1,0.247896,0.454922,0.000261,0.074472,11.061063,8.492761,0.000114,42.694777,13.526622,0.717874,436.750067,0.018606,7.062011,513.317750,520.398628,520.662677,0.264049,521.365495
1549,vehicle2,1273.704000,1273.510000,1237.220810,1,ok,26582,23210,1,0.220093,0.007620,0.000438,0.102603,12.113601,8.918470,0.000089,44.416888,11.562028,0.750494,443.881627,0.003757,8.160622,521.745800,529.910617,530.182884,0.272267,530.410597
1550,vehicle2,1273.898000,1273.711000,1237.998819,1,ok,26280,22993,1,0.159675,0.007326,0.000377,0.097532,13.167964,9.363924,0.000088,41.972278,12.607758,0.957572,440.111973,0.003660,7.575396,518.279089,525.858522,526.376023,0.517501,526.543024
1551,vehicle2,1274.102000,1273.912000,1238.770872,1,ok,25950,22672,1,0.088561,0.008181,0.000374,0.102690,13.634468,8.048979,0.000129,47.625790,13.370919,0.733887,436.507007,0.010639,8.292651,520.023869,528.327533,528.832177,0.504644,528.928919
1552,vehicle2,1274.302000,1274.107000,1239.605976,1,ok,25759,22457,1,0.608093,0.007563,0.000314,0.109177,12.808575,12.105779,0.000133,56.957754,16.587042,1.006271,490.947744,0.003467,6.869465,590.522475,597.395721,598.101196,0.705475,598.716852
1553,vehicle2,1274.495000,1274.309000,1240.293128,1,ok,25466,22143,1,0.104724,0.009588,0.000375,0.114825,8.119685,7.748490,0.000080,39.222574,10.274343,0.758956,415.509410,0.004525,7.372460,481.748363,489.125723,489.393356,0.267633,489.507668
1554,vehicle2,1274.697000,1274.509000,1241.084772,1,ok,25066,21748,1,0.125073,0.014383,0.000361,0.114642,7.947822,9.030735,0.000120,38.997243,9.351822,0.892124,418.644022,0.012723,6.572804,484.978530,491.564418,492.031998,0.467580,492.171454
1555,vehicle2,1274.896000,1274.715000,1241.908103,1,ok,24926,21624,1,0.155124,0.008521,0.000330,0.120383,8.707489,8.759517,0.000082,40.605998,11.423766,0.795030,422.950554,0.016890,6.665968,493.362819,500.046007,500.367213,0.321206,500.530858
1556,vehicle2,1275.096000,1274.913000,1242.684109,1,ok,24400,21129,1,0.217420,0.008448,0.000204,0.100246,11.796988,12.086935,0.000245,42.945703,11.097063,0.747041,403.781177,0.004036,6.434433,482.555398,488.994071,489.304472,0.310401,489.530340
1557,vehicle2,1275.296000,1275.112000,1243.467323,1,ok,24090,20975,1,0.248265,0.008569,0.000158,0.087126,9.762116,10.014047,0.000216,37.209448,9.213796,0.725111,403.133880,0.003766,6.567833,470.145740,476.717497,477.131936,0.414439,477.388770
1558,vehicle2,1275.504000,1275.312000,1244.280399,1,ok,23468,20597,1,0.158459,0.006598,0.000256,0.101190,13.894122,8.977710,0.000093,42.817598,12.661654,0.757069,435.111619,0.016166,7.229028,514.321055,521.566505,522.017886,0.451381,522.182943
1559,vehicle2,1275.696000,1275.511000,1245.037232,1,ok,23033,20417,1,0.118289,0.006507,0.000205,0.099121,12.627634,11.117944,0.000074,43.400473,10.243275,0.984559,432.761031,0.005156,6.265703,511.234111,517.505175,518.166937,0.661762,518.291733
1560,vehicle2,1275.895000,1275.713000,1245.809599,1,ok,22520,19970,1,0.084182,0.009109,0.000318,0.090566,7.491830,10.539210,0.000104,41.451522,11.165719,0.710666,436.521004,0.081900,8.315416,507.970621,516.368255,517.017972,0.649717,517.111263
1561,vehicle2,1276.095000,1275.909000,1246.586154,1,ok,22137,19545,1,0.085498,0.006424,0.000327,0.059050,8.620170,8.789611,0.000123,41.161045,13.070782,0.905969,404.541832,0.014034,7.687107,477.148582,484.850050,485.430707,0.580657,485.522629
1562,vehicle2,1276.295000,1276.111000,1247.357850,1,ok,21833,19260,1,0.196056,0.007346,0.000202,0.103762,9.095050,9.504492,0.000087,42.496801,8.906460,0.805332,411.576405,0.003838,8.694634,482.488389,491.187063,491.569759,0.382696,491.773161
1563,vehicle2,1276.495000,1276.310000,1248.160142,1,ok,21365,18915,1,0.180767,0.008982,0.000271,0.087091,6.764375,9.379386,0.000103,39.938153,9.098647,0.937915,413.412622,0.005060,7.007725,479.618292,486.631348,486.886805,0.255457,487.076554
1564,vehicle2,1276.696000,1276.514000,1248.941919,1,ok,21022,18732,1,0.187977,0.007893,0.000294,0.083220,9.215621,12.356132,0.000115,44.995124,11.697860,0.718468,405.688484,0.004066,6.967881,484.755024,491.727265,492.070218,0.342953,492.266088
1565,vehicle2,1276.897000,1276.714000,1249.689699,1,ok,20475,18274,1,0.104535,0.005129,0.000198,0.074270,8.160289,8.587948,0.000092,42.400058,10.161534,0.724690,394.164864,0.012029,6.879279,464.273745,471.165251,471.414683,0.249432,471.524347
1566,vehicle2,1277.095000,1276.915000,1250.466583,1,ok,20006,17896,1,0.098640,0.007354,0.000200,0.088737,10.755265,12.110007,0.000130,46.470867,9.517105,0.851324,386.625280,0.003949,7.024754,466.418715,473.447618,473.902457,0.454839,474.008451
1567,vehicle2,1277.295000,1277.103000,1251.103714,1,ok,19556,17463,1,0.100324,0.006062,0.000191,0.071271,7.505900,9.835855,0.000173,39.382489,9.670509,0.696275,386.748881,0.003382,6.116106,453.911353,460.031032,460.301440,0.270408,460.407826
1568,vehicle2,1277.495000,1277.309000,1251.851155,1,ok,19315,17286,1,0.091334,0.004323,0.000218,0.050304,6.923244,10.103369,0.000154,41.409052,9.793219,0.766713,359.124603,0.004021,6.636581,428.170658,434.811478,435.361482,0.550004,435.457139
1569,vehicle2,1277.696000,1277.511000,1252.621977,1,ok,19196,17164,1,0.178379,0.013272,0.000310,0.090615,6.534331,9.959959,0.000095,39.744607,9.983004,0.755519,373.508209,0.003771,6.617600,440.576339,447.198020,447.700213,0.502193,447.891864
1570,vehicle2,1277.895000,1277.711000,1253.371802,1,ok,19380,17320,1,0.125139,0.005990,0.000241,0.075797,6.739585,14.022322,0.000126,36.566383,8.810036,0.956734,375.617511,0.003404,6.385791,442.788494,449.177930,449.658893,0.480963,449.790022
1571,vehicle2,1278.083000,1277.910000,1254.132326,1,ok,19306,17221,1,0.183051,0.009594,0.000143,0.070168,6.788203,10.054244,0.000117,36.545088,9.652023,0.732073,374.154903,0.017102,6.858400,437.996819,444.872464,445.534848,0.662384,445.727493
1572,vehicle2,1278.297000,1278.109000,1254.924067,1,ok,19317,17239,1,0.104439,0.006893,0.000258,0.079473,28.655046,13.962981,0.000088,39.053393,8.591093,1.015436,345.489108,0.011069,10.917475,436.846618,447.775420,448.478214,0.702794,448.589546
1573,vehicle2,1278.490000,1278.310000,1255.646557,1,ok,19423,17398,1,0.069149,0.004516,0.000268,0.066798,13.145140,10.003157,0.000096,40.472183,8.221173,0.701342,333.489741,0.003309,7.528240,406.099630,413.631447,413.944184,0.312737,414.017849
1574,vehicle2,1278.644000,1278.509000,1256.372980,1,ok,19320,17467,1,0.086109,0.010032,0.000279,0.090749,10.211101,17.933547,0.000136,35.200590,10.037172,0.940184,314.911637,0.005042,8.929076,389.325116,398.259513,399.010696,0.751183,399.106837
1575,vehicle2,1278.872000,1278.707000,1257.138376,1,ok,19343,17708,1,0.178166,0.007339,0.000222,0.090642,9.600114,10.633950,0.000082,38.577277,8.537741,0.710234,313.773408,0.003757,6.930411,381.923448,388.857838,389.243248,0.385410,389.428753
1576,vehicle2,1279.036000,1278.909000,1257.867476,1,ok,19789,18233,1,0.094927,0.007989,0.000386,0.074580,8.476752,11.775059,0.000278,37.580299,10.634089,0.983858,298.151099,0.006240,7.803555,367.676014,375.486195,376.283212,0.797017,376.386128
1577,vehicle2,1279.209000,1279.114000,1258.584240,1,ok,20509,18743,1,0.184143,0.548376,0.000207,0.070494,10.046480,9.122942,0.000097,36.809499,8.593452,0.731107,264.080558,0.020294,6.613494,329.454629,336.088624,336.364365,0.275741,337.096884
1578,vehicle2,1279.426000,1279.317000,1259.384898,1,ok,21211,19165,1,0.955507,0.010285,0.000230,0.083244,7.616979,9.718767,0.000091,35.807170,6.039822,0.693120,276.808671,0.003603,6.493647,336.767864,343.265344,343.586772,0.321428,344.552564
1579,vehicle2,1279.612000,1279.510000,1260.133925,1,ok,21705,19453,1,0.110490,2.164447,0.000219,0.088407,11.139515,9.992810,0.000127,34.076743,6.122800,0.688241,268.398555,0.003685,8.311728,330.507198,338.822830,339.130222,0.307392,341.405159
1580,vehicle2,1279.809000,1279.714000,1260.921157,1,ok,21831,19586,1,0.105828,0.008235,0.000228,0.080443,9.218284,11.315240,0.000157,34.654230,7.385300,0.962246,269.961930,0.003447,9.037263,333.577830,342.618768,342.952677,0.333909,343.066740
1581,vehicle2,1280.011000,1279.910000,1261.680863,1,ok,21933,19713,1,0.145880,0.024533,0.000323,0.093714,10.460176,10.437625,0.000086,35.605855,9.481594,0.906000,275.749303,0.004098,8.518084,342.734353,351.256858,352.645662,1.388804,352.816075
1582,vehicle2,1280.222000,1280.112000,1262.440947,1,ok,22215,20022,1,0.122635,0.005003,0.000251,0.081088,8.521170,9.816563,0.000136,37.750915,6.229465,0.683480,275.822090,0.013025,8.237549,338.904907,347.155732,347.401993,0.246261,347.529631
1583,vehicle2,1280.431000,1280.308000,1263.213810,1,ok,22581,20414,1,0.175866,0.008004,0.000266,0.087873,8.779813,11.355567,0.000184,36.804825,6.733643,0.700490,282.242966,0.003379,9.182512,346.705361,355.891518,356.529036,0.637518,356.712906
1584,vehicle2,1280.626000,1280.512000,1263.969540,1,ok,23076,20968,1,0.200848,0.006826,0.000166,0.102308,15.558533,14.931486,0.000085,36.193913,9.477078,0.818959,283.623164,0.004286,7.700975,360.705526,368.410953,369.699107,1.288154,369.906781
1585,vehicle2,1280.831000,1280.711000,1264.748136,1,ok,23303,21242,1,0.082177,0.006512,0.000242,0.094773,11.221846,9.149841,0.000185,38.907576,9.225947,0.738818,284.272082,0.005832,9.218901,353.611068,362.836043,363.191723,0.355680,363.280412
1586,vehicle2,1281.034000,1280.907000,1265.508141,1,ok,23392,21385,1,0.242405,0.283397,0.000149,0.093112,8.852349,8.717394,0.000140,41.216332,7.186321,0.729800,282.282141,0.004833,7.937406,349.077589,357.019977,357.665257,0.645280,358.191059
1587,vehicle2,1281.234000,1281.107000,1266.246227,1,ok,23522,21555,1,0.079242,0.007095,0.000182,0.100869,8.156291,8.981414,0.000175,34.886021,7.952067,0.792425,280.826153,0.018787,8.207913,341.695415,349.922297,350.281592,0.359295,350.367929
1588,vehicle2,1281.450000,1281.312000,1267.020201,1,ok,23570,21594,1,0.203909,0.005244,0.000170,0.066067,8.747779,9.777136,0.000079,36.239278,6.966027,0.681742,295.139569,0.003918,7.087572,357.617677,364.709337,365.160591,0.451254,365.369744
1589,vehicle2,1281.640000,1281.510000,1267.769658,1,ok,23459,21497,1,0.172554,0.007449,0.000235,0.097058,9.628042,13.160882,0.000142,42.867378,8.032579,0.688405,297.686122,0.006571,7.708180,372.160608,379.875594,380.425631,0.550037,380.605634
1590,vehicle2,1281.868000,1281.712000,1268.528369,1,ok,23514,21552,1,0.196386,0.004620,0.000233,0.059807,8.941035,9.604950,0.000087,38.065965,6.899602,0.695557,296.987358,0.003731,8.090965,361.254361,369.349290,369.563942,0.214652,369.764948
1591,vehicle2,1282.047000,1281.911000,1269.249949,1,ok,23554,21597,1,0.231812,0.009009,0.000230,0.091001,6.990182,10.601763,0.000081,33.912036,6.504050,0.691459,290.649284,0.004503,7.361247,349.439856,356.805836,357.449734,0.643898,357.690555
1592,vehicle2,1282.226000,1282.113000,1269.970236,1,ok,23536,21574,1,0.097726,0.009344,0.000240,0.090562,6.930958,9.080016,0.000091,34.900248,7.494828,0.693233,300.036667,0.003593,6.756040,359.226603,365.986476,366.307693,0.321217,366.414763
1593,vehicle2,1282.451000,1282.308000,1270.738397,1,ok,23607,21643,1,0.072285,0.008912,0.000432,0.104232,10.544548,10.743324,0.000132,34.733497,7.607432,0.763770,296.270800,0.019697,8.170804,360.767735,368.958668,369.361251,0.402583,369.442448
1594,vehicle2,1282.651000,1282.511000,1271.453235,1,ok,23695,21740,1,0.184381,0.006247,0.000183,0.104903,5.953546,9.506396,0.000139,34.449311,7.487888,0.683914,303.234300,0.004399,6.450695,361.420397,367.875674,368.141635,0.265961,368.332263
1595,vehicle2,1282.863000,1282.711000,1272.202310,1,ok,23648,21671,1,0.117263,0.007321,0.000167,0.096682,7.238606,12.257354,0.000102,36.687746,6.890275,0.936827,309.911353,0.003301,7.253363,374.018945,381.275776,381.752857,0.477081,381.877441
1596,vehicle2,1283.042000,1282.910000,1272.909611,1,ok,23589,21606,1,0.230434,0.008630,0.000175,0.100924,6.368258,10.560303,0.000093,32.558971,7.042706,0.769224,298.431653,0.005436,8.120724,355.832132,363.958467,364.318391,0.359924,364.557455
1597,vehicle2,1283.266000,1283.111000,1273.674099,1,ok,23448,21463,1,0.121045,0.006934,0.000199,0.084556,8.513293,8.742805,0.000159,40.530292,7.805761,0.702126,311.210246,0.006683,7.600568,377.589238,385.196688,385.548703,0.352015,385.676682
1598,vehicle2,1283.437000,1283.310000,1274.388521,1,ok,23440,21468,1,0.092747,0.004491,0.000127,0.056033,7.673794,11.294651,0.000077,34.566106,8.621281,0.695531,303.283168,0.004068,7.197089,366.190641,373.391925,373.672734,0.280809,373.769972
1599,vehicle2,1283.666000,1283.509000,1275.167488,1,ok,23576,21613,1,0.105630,0.005676,0.000198,0.061175,10.599620,9.861610,0.000087,38.645072,7.211449,0.689073,312.601663,0.012337,8.573529,379.669749,388.255813,388.491446,0.235633,388.602752
1600,vehicle2,1283.849000,1283.711000,1275.869643,1,ok,23727,21751,1,0.175409,0.008952,0.000248,0.096138,7.436176,11.083875,0.000122,35.211023,8.366462,0.781062,300.385813,0.003978,6.937979,363.360671,370.302876,370.906205,0.603329,371.090566
1601,vehicle2,1284.095000,1283.908000,1276.700484,1,ok,23737,21788,1,0.209796,0.007824,0.000168,0.098861,8.106751,12.703133,0.000155,51.106339,11.842397,0.993241,385.365916,0.005981,6.287938,470.216793,476.510880,477.297588,0.786708,477.515208
1602,vehicle2,1284.225000,1284.109000,1277.317211,1,ok,23858,21916,1,0.120241,0.006584,0.000196,0.099242,6.351066,10.826791,0.000100,34.403409,7.790067,0.701460,286.372426,0.004151,7.444428,346.544561,353.993336,354.415980,0.422644,354.542805
1603,vehicle2,1284.433000,1284.310000,1278.094622,1,ok,24084,22169,1,0.114419,0.009490,0.000215,0.095118,6.095394,9.894440,0.000096,35.599656,7.513739,0.859114,302.680496,0.004595,8.814492,362.738053,371.557355,372.009277,0.451922,372.133186
1604,vehicle2,1284.649000,1284.511000,1278.864157,1,ok,24260,22383,1,0.112528,0.004567,0.000215,0.087804,6.667146,9.447699,0.000090,35.312325,8.900243,0.922357,316.814918,0.004598,7.019371,378.152582,385.176766,385.759288,0.582522,385.876383
1605,vehicle2,1284.859000,1284.709000,1279.627944,1,ok,24662,22814,1,0.110875,0.007665,0.000210,0.101176,9.266465,10.699066,0.000097,36.554795,7.713903,0.987236,304.315651,0.017422,7.414183,369.638389,377.070204,377.573362,0.503158,377.691902
1606,vehicle2,1285.076000,1284.907000,1280.379146,1,ok,25124,23232,1,0.122424,0.006775,0.000366,0.101802,6.225539,8.794966,0.000136,36.483035,9.390265,0.712766,323.799356,0.004088,6.538641,385.507865,392.050960,392.360947,0.309987,392.490146
1607,vehicle2,1285.280000,1285.111000,1281.138923,1,ok,25423,23490,1,0.102230,0.007115,0.000225,0.104830,11.083885,12.098191,0.000105,49.436436,7.918624,0.689437,330.945569,0.011442,8.739501,412.277077,421.028245,421.470287,0.442042,421.579632
1608,vehicle2,1285.486000,1285.311000,1281.866118,1,ok,25533,23567,1,0.223559,0.007870,0.000274,0.106912,9.251105,9.980001,0.000101,35.330052,7.248860,0.708055,329.664063,0.005076,7.455494,392.289149,399.749993,400.111552,0.361559,400.342981
1609,vehicle2,1285.671000,1285.510000,1282.592016,1,ok,25766,23807,1,0.118885,0.006975,0.000158,0.089975,7.516368,11.743567,0.000129,35.026118,7.772443,0.722627,325.129354,0.010630,7.999196,388.000581,396.010565,396.398764,0.388199,396.524624
1610,vehicle2,1285.884000,1285.710000,1283.369202,1,ok,26508,24609,1,0.128482,0.004693,0.000202,0.067386,12.151197,9.908493,0.000129,37.800829,8.952677,0.759116,325.807217,0.011826,8.040169,395.447044,403.499241,403.774256,0.275015,403.907431
1611,vehicle2,1286.052000,1285.911000,1284.135662,1,ok,27222,25285,1,0.144639,0.007665,0.000304,0.103616,9.481420,11.257776,0.000108,36.976366,8.234921,0.695252,335.803764,0.004747,7.602408,402.553223,410.160682,410.466303,0.305621,410.618607
1612,vehicle2,1286.292000,1286.110000,1284.930843,1,ok,27602,25591,1,0.263975,0.033412,0.000241,0.105942,9.704760,8.628026,0.000093,36.851308,7.258693,0.706753,351.995301,0.003852,6.951892,415.250876,422.206861,422.480811,0.273950,422.778198
1613,vehicle2,1286.467000,1286.311000,1285.655061,1,ok,27672,25588,1,0.216329,0.009293,0.000199,0.120672,8.461574,9.383956,0.000233,37.296186,7.990253,0.691005,326.565974,0.003359,6.462032,390.509853,396.975443,397.288241,0.312798,397.513863
1614,vehicle2,1286.698000,1286.511000,1286.480412,1,ok,27585,25472,1,0.236696,0.174980,0.000198,0.089990,9.487481,8.854304,0.000075,36.333384,9.109256,0.914607,398.904341,0.005732,7.935768,463.693438,471.635136,472.015240,0.380104,472.426916
1615,vehicle2,1286.881000,1286.710000,1287.167305,1,ok,27559,25433,1,0.115821,0.016549,0.000261,0.159120,15.433793,9.138476,0.000134,36.523021,8.565915,0.875625,318.081294,0.005030,6.856181,388.777378,395.638850,396.067302,0.428452,396.199672
1616,vehicle2,1287.064000,1286.910000,1287.923178,1,ok,27757,25618,1,0.330940,0.008960,0.000221,0.097585,9.796259,8.507393,0.000102,38.000356,9.698748,0.790640,318.906468,0.017241,7.770361,385.797551,393.585374,393.980629,0.395255,394.320529
1617,vehicle2,1287.245000,1287.110000,1288.694130,1,ok,27816,25620,1,0.155968,0.012861,0.000256,0.114265,14.594832,16.410462,0.000091,37.776452,7.671754,0.707397,303.612712,0.014568,7.305006,380.887965,388.207795,388.840153,0.632358,389.008982
1618,vehicle2,1287.469000,1287.309000,1289.434521,1,ok,27689,25403,1,0.132236,0.007425,0.000230,0.106602,15.773229,10.675292,0.000086,36.394739,8.710081,0.798475,302.923043,0.011464,6.434108,375.381547,381.827349,382.127123,0.299774,382.266784
1619,vehicle2,1287.654000,1287.511000,1290.175134,1,ok,27534,25187,1,0.138119,0.008838,0.000233,0.106807,13.666051,11.632852,0.000115,48.393074,9.234232,0.829927,294.147158,0.003794,7.327730,378.010216,385.341973,385.646138,0.304165,385.793095
1620,vehicle2,1287.820000,1287.710000,1290.890146,1,ok,27222,24859,1,0.228686,0.008921,0.000279,0.105979,15.729124,8.307551,0.000108,36.454954,9.710205,0.998078,276.328760,0.005192,8.832554,347.634759,356.472784,356.951538,0.478754,357.189145
1621,vehicle2,1288.052000,1287.911000,1291.659435,1,ok,26830,24506,1,0.240899,0.007345,0.000429,0.104469,12.467526,10.163375,0.000083,36.683434,7.987338,0.927673,287.844150,0.006070,7.882749,356.178048,364.067296,364.739780,0.672484,364.988024
1622,vehicle2,1288.242000,1288.110000,1292.380956,1,ok,26330,23964,1,0.236349,0.009056,0.000135,0.094073,10.217072,10.585939,0.000085,38.274802,10.220238,0.765017,280.400843,0.011752,7.611993,350.558069,358.181949,358.532526,0.350577,358.777931
1623,vehicle2,1288.425000,1288.310000,1293.109849,1,ok,25935,23542,1,0.207101,0.007977,0.000180,0.099602,13.069240,10.114556,0.000219,35.317917,7.591873,0.676279,278.760047,0.004603,6.781839,345.629733,352.416355,352.684714,0.268359,352.899792
1624,vehicle2,1288.661000,1288.511000,1293.878120,1,ok,25754,23375,1,0.085485,0.006295,0.000204,0.098440,15.846744,10.497513,0.000169,39.352113,9.742678,0.909212,296.890465,0.003927,8.378257,373.337334,381.719722,382.798994,1.079272,382.890774
1625,vehicle2,1288.847000,1288.709000,1294.594883,1,ok,25552,23187,1,0.090116,0.006046,0.000213,0.063618,10.352777,8.919697,0.000118,39.478645,11.850346,0.697732,286.825598,0.008772,8.420665,358.188531,366.618181,366.943502,0.325321,367.039664
1626,vehicle2,1289.038000,1288.910000,1295.318685,1,ok,25375,23024,1,0.105537,0.031113,0.000343,0.126399,10.314512,9.111080,0.000096,36.677869,9.293481,0.788817,281.320670,0.003262,6.681195,347.632924,354.317724,354.720411,0.402687,354.857061
1627,vehicle2,1289.235000,1289.108000,1296.066439,1,ok,25195,22829,1,0.100552,0.011453,0.000194,0.104433,9.362512,9.887517,0.000088,37.593082,9.083154,0.798011,286.311460,0.004078,7.970029,353.140257,361.114558,361.716898,0.602340,361.828903
1628,vehicle2,1289.494000,1289.308000,1296.840588,1,ok,24836,22501,1,0.122529,0.006570,0.000265,0.108983,19.400061,11.392079,0.000120,44.984753,9.643580,0.708890,300.739755,0.016811,7.930244,386.978221,394.925541,395.243386,0.317845,395.372485
1629,vehicle2,1289.654000,1289.510000,1297.546230,1,ok,24428,22176,1,0.196290,0.007184,0.000231,0.099923,11.805271,9.329208,0.000085,40.614367,12.070598,0.938809,299.181315,0.007453,8.873064,374.039576,382.920324,383.810070,0.889746,384.013544
1630,vehicle2,1289.833000,1289.710000,1298.250246,1,ok,23928,21734,1,0.218179,0.008436,0.000234,0.113438,11.337748,8.988484,0.000089,35.962384,10.635133,0.925258,278.213617,0.004884,6.784394,346.176151,352.965663,353.303860,0.338197,353.530475
1631,vehicle2,1290.014000,1289.911000,1299.009537,1,ok,23408,21296,1,0.096113,0.013275,0.000315,0.099531,8.723727,13.341320,0.000139,35.937231,8.561175,0.714319,286.143023,0.007891,6.906161,353.520465,360.434832,360.758679,0.323847,360.868067
1632,vehicle2,1290.244000,1290.109000,1299.773466,1,ok,23101,21072,1,0.085705,0.008695,0.000383,0.084661,12.740503,9.348895,0.000183,41.449873,8.666475,0.776689,291.620914,0.003259,7.323150,364.688193,372.014985,372.624371,0.609386,372.718771
1633,vehicle2,1290.449000,1290.311000,1300.525011,1,ok,22801,20797,1,0.090357,0.005213,0.000262,0.068162,7.602617,10.492650,0.000113,38.771770,10.953848,0.978166,291.188706,0.004587,10.476997,360.056032,370.537878,371.227933,0.690055,371.323503
1634,vehicle2,1290.644000,1290.510000,1301.271033,1,ok,22515,20570,1,0.212505,0.016025,0.000219,0.097132,10.728119,9.258672,0.000075,41.789298,9.149628,1.721069,288.244252,0.019379,8.158002,360.988245,369.165845,370.130040,0.964195,370.358570
1635,vehicle2,1290.870000,1290.711000,1302.034421,1,ok,22056,20145,1,0.196659,0.010328,0.000212,0.080798,9.866183,8.415833,0.000085,41.353004,10.774715,0.888273,308.247894,0.003775,7.002335,379.626785,386.633107,386.970081,0.336974,387.177068
1636,vehicle2,1291.060000,1290.914000,1302.757619,1,ok,21685,19787,1,0.094829,0.010906,0.000347,0.068054,10.962143,10.591025,0.000114,39.883859,10.366223,0.965445,307.784841,0.004364,7.998587,380.621704,388.625002,389.066964,0.441962,389.172699
1637,vehicle2,1291.267000,1291.110000,1303.483266,1,ok,21307,19425,1,0.184196,0.007689,0.000145,0.083612,11.694666,11.690560,0.000094,41.365766,8.215895,0.702992,309.053092,0.004932,6.845536,382.806677,389.657290,390.111148,0.453858,390.303033
1638,vehicle2,1291.441000,1291.311000,1304.185746,1,ok,21081,19237,1,0.085444,0.006607,0.000310,0.088601,7.707898,9.773089,0.000092,37.236240,10.829850,0.815425,296.028231,0.004616,7.842709,362.479426,370.327061,370.849575,0.522514,370.941626
1639,vehicle2,1291.644000,1291.511000,1304.919930,1,ok,20871,19030,1,0.089788,0.006855,0.000236,0.088359,11.446597,8.928270,0.000073,36.429331,9.242265,0.974895,301.471269,0.012537,7.072844,368.581059,375.666676,376.094696,0.428020,376.191339
1640,vehicle2,1291.858000,1291.711000,1305.663748,1,ok,20828,18977,1,0.220779,0.007522,0.000178,0.059506,7.874224,10.146299,0.000088,40.551031,8.202607,0.772366,296.698235,0.017344,6.578987,364.304356,370.900865,371.175547,0.274682,371.403848
1641,vehicle2,1292.062000,1291.911000,1306.403888,1,ok,20693,18836,1,0.182595,0.006127,0.000154,0.055591,16.694877,8.988689,0.000126,38.651176,11.004184,0.778900,304.565727,0.003696,6.777205,380.739270,387.520325,388.000259,0.479934,388.188981
1642,vehicle2,1292.292000,1292.109000,1307.162887,1,ok,20679,18820,1,0.101905,0.013924,0.000223,0.049471,9.264825,9.143883,0.000238,38.730118,8.441016,0.692206,341.595089,0.005880,7.518806,407.916846,415.441755,415.795161,0.353406,415.910990
1643,vehicle2,1292.478000,1292.309000,1307.888311,1,ok,20666,18845,1,0.148349,0.006371,0.000166,0.087792,8.050256,9.050226,0.000126,35.792467,8.668379,1.059815,336.780843,0.003498,8.669034,399.489904,408.162602,408.532144,0.369542,408.686864
1644,vehicle2,1292.694000,1292.509000,1308.649560,1,ok,20675,18895,1,0.233926,0.005988,0.000342,0.077896,13.493137,9.388323,0.000118,42.714497,9.376709,0.709970,338.920496,0.004079,6.981985,414.681146,421.667552,422.117595,0.450043,422.357509
1645,vehicle2,1292.888000,1292.710000,1309.370731,1,ok,20949,19104,1,0.103241,0.007977,0.000210,0.086991,9.422037,8.857961,0.000084,38.809889,8.426820,0.992512,328.895012,0.121411,7.293963,395.491306,402.906890,403.528586,0.621696,403.639804
1646,vehicle2,1293.095000,1292.908000,1310.133401,1,ok,21447,19537,1,0.109934,0.006542,0.000229,0.086329,12.538118,11.918536,0.000162,39.936542,9.059535,0.764137,341.920077,0.003811,6.511951,416.223436,422.739427,423.277590,0.538163,423.394066
1647,vehicle2,1293.296000,1293.110000,1310.844781,1,ok,21848,19899,1,0.111519,0.008506,0.000279,0.087985,13.791859,11.861887,0.000083,36.690607,8.663901,0.942693,337.706847,0.008138,6.559475,409.745862,416.313754,416.967364,0.653610,417.087389
1648,vehicle2,1293.484000,1293.310000,1311.565544,1,ok,22052,20104,1,0.192783,0.005100,0.000281,0.057053,9.509813,9.543859,0.000097,38.346069,7.587639,0.970586,331.504209,0.010868,7.543804,397.519325,405.074278,405.551988,0.477710,405.749871
1649,vehicle2,1293.696000,1293.510000,1312.342480,1,ok,22119,20220,1,0.092300,0.009091,0.000191,0.080984,8.581698,10.223642,0.000146,39.166441,8.968774,0.703812,374.075601,0.004412,7.187052,441.801098,448.992753,449.310111,0.317358,449.411502
1650,vehicle2,1293.892000,1293.716000,1313.070398,1,ok,22153,20322,1,0.089744,0.028583,0.000280,0.082521,11.548841,11.669818,0.000186,38.322560,8.050015,0.687649,346.345891,0.035928,6.845060,416.707481,423.588749,423.915892,0.327143,424.034219
1651,vehicle2,1294.094000,1293.910000,1313.817430,1,ok,21980,20256,1,0.185447,0.006097,0.000192,0.050627,10.847463,11.023573,0.000100,37.167694,8.541221,0.712674,346.804721,0.003096,7.166676,415.148073,422.318037,422.661692,0.343655,422.853236
1652,vehicle2,1294.294000,1294.112000,1314.575062,1,ok,22012,20273,1,0.173183,0.007119,0.000253,0.086976,15.661295,12.532960,0.000115,50.394700,10.449761,0.837439,344.648238,0.005254,7.103697,434.611484,441.720688,442.161668,0.440980,442.341970
1653,vehicle2,1294.478000,1294.309000,1315.298437,1,ok,22040,20307,1,0.162807,0.006897,0.000182,0.083655,10.913345,9.891214,0.000088,39.695761,8.144919,0.709072,328.337828,0.004501,7.257981,397.775882,405.038546,405.478998,0.440452,405.648702
1654,vehicle2,1294.696000,1294.511000,1316.071685,1,ok,22206,20533,1,0.087271,0.088090,0.000132,0.061516,10.945660,9.700760,0.000103,40.021619,10.380779,1.033678,347.613260,0.004718,7.362268,419.757375,427.124493,427.496017,0.371524,427.671378
1655,vehicle2,1294.895000,1294.712000,1316.810957,1,ok,22286,20680,1,0.316497,0.006500,0.000161,0.077854,11.363304,11.319991,0.000139,42.093255,8.425790,0.694074,346.783085,0.097491,8.219273,420.757492,429.074417,429.416772,0.342355,429.739769
1656,vehicle2,1295.095000,1294.911000,1317.544393,1,ok,22508,20909,1,0.116223,0.008269,0.000210,0.070084,9.545426,8.914752,0.000126,39.037628,10.795012,0.899093,348.296777,0.005017,8.575931,417.558898,426.140056,426.414411,0.274355,426.538903
1657,vehicle2,1295.296000,1295.110000,1318.277809,1,ok,22711,21093,1,0.113035,0.005809,0.000247,0.054883,10.567593,11.707444,0.000107,41.444201,9.251816,0.717006,344.010864,0.005219,8.787035,417.753914,426.546415,427.212512,0.666097,427.331356
1658,vehicle2,1295.494000,1295.311000,1319.003620,1,ok,22842,21255,1,0.187006,0.007085,0.000247,0.086246,8.436663,9.492045,0.000089,41.290212,8.864118,0.719433,343.384733,0.003535,7.392924,412.273539,419.670245,420.074051,0.403806,420.268142
1659,vehicle2,1295.679000,1295.509000,1319.710392,1,ok,22891,21310,1,0.110579,0.004809,0.000157,0.056309,8.157667,10.835446,0.000139,38.339689,8.227473,0.702612,320.956441,0.036512,7.028902,387.275776,394.341347,394.714274,0.372927,394.829662
1660,vehicle2,1295.884000,1295.712000,1320.444673,1,ok,22968,21415,1,0.205502,0.008356,0.000263,0.105276,9.081922,10.665901,0.000120,38.101502,7.968962,0.706182,315.285842,0.004259,7.288531,381.915707,389.208760,389.550746,0.341986,389.764604
1661,vehicle2,1296.089000,1295.909000,1321.184958,1,ok,22980,21439,1,0.099699,0.009304,0.000419,0.103735,11.116040,9.617750,0.000150,39.436221,10.662397,0.896096,336.543664,0.041890,6.354612,408.376053,414.772974,415.446525,0.673551,415.555528
1662,vehicle2,1296.294000,1296.113000,1321.918369,1,ok,23121,21607,1,0.074853,0.008846,0.000399,0.113069,14.155511,10.875280,0.000118,38.078695,9.946793,0.905679,337.727566,0.004744,6.954485,411.802711,418.762339,419.403407,0.641068,419.487106
1663,vehicle2,1296.492000,1296.312000,1322.645029,1,ok,23151,21653,1,0.151111,0.007927,0.000175,0.085426,8.341504,9.786587,0.000174,42.475679,9.462610,0.730991,338.965837,0.005625,7.329077,409.848808,417.183685,417.508652,0.324967,417.667690
1664,vehicle2,1296.674000,1296.516000,1323.381483,1,ok,23300,21817,1,0.209642,0.006142,0.000173,0.080742,9.709648,10.531836,0.000086,39.605537,10.365489,0.744959,338.570478,0.004886,7.676630,409.608775,417.290464,417.736568,0.446104,417.952352
1665,vehicle2,1296.895000,1296.709000,1324.148245,1,ok,23452,21973,1,0.181662,0.006970,0.000198,0.090135,11.337213,9.181097,0.000160,44.217490,8.801950,0.709061,353.094697,0.004760,6.375839,427.431803,433.812600,434.524848,0.712248,434.713480
1666,vehicle2,1297.086000,1296.910000,1324.878116,1,ok,23681,22198,1,0.117806,0.010730,0.000199,0.092433,12.388494,10.215805,0.000088,39.787284,9.375985,0.932972,345.221657,0.006541,7.549877,418.014718,425.571335,426.253148,0.681813,426.381684
1667,vehicle2,1297.261000,1297.112000,1325.607918,1,ok,23953,22416,1,0.133222,0.018070,0.000276,0.099161,10.440990,9.886512,0.000164,39.472894,8.685477,0.709066,322.871950,0.035203,8.663382,392.166214,400.865075,401.226907,0.361832,401.378199
1668,vehicle2,1297.487000,1297.310000,1326.362408,1,ok,24421,22842,1,0.197892,0.007429,0.000248,0.102012,14.012097,10.924947,0.000092,39.717590,8.741811,0.886986,315.925634,0.003901,7.983019,390.311169,398.298337,398.679752,0.381415,398.885073
1669,vehicle2,1297.695000,1297.510000,1327.126222,1,ok,24736,23113,1,0.211579,0.007733,0.000192,0.096708,12.034039,9.771023,0.000104,41.803916,10.269819,0.715726,353.116592,0.003366,6.812653,427.807927,434.624138,434.942419,0.318281,435.161731
1670,vehicle2,1297.895000,1297.710000,1327.857510,1,ok,24904,23264,1,0.185641,0.006711,0.000218,0.095555,12.089593,12.005651,0.000093,37.224463,10.615221,0.821867,323.880058,0.003826,7.018615,396.732501,403.755160,404.470312,0.715152,404.662664
1671,vehicle2,1298.095000,1297.912000,1328.606157,1,ok,24537,22867,1,0.134951,0.009721,0.000262,0.097020,11.893381,10.104246,0.000202,40.819735,11.838288,0.949871,344.384923,0.004167,6.911584,420.087666,427.003679,427.577227,0.573548,427.721899
1672,vehicle2,1298.271000,1298.110000,1329.326796,1,ok,24304,22648,1,0.285098,0.008826,0.000328,0.137024,9.977543,10.425487,0.000090,39.102194,9.530917,0.718743,321.593641,0.013161,7.042472,391.485639,398.541600,398.908126,0.366526,399.202050
1673,vehicle2,1298.478000,1298.311000,1330.063646,1,ok,24293,22611,1,0.347475,0.005980,0.000243,0.104673,11.970957,11.550629,0.000078,40.102078,9.180859,0.736760,321.927294,0.003888,6.917494,395.573328,402.494953,402.747828,0.252875,403.101283
1674,vehicle2,1298.656000,1298.511000,1330.788440,1,ok,24464,22761,1,0.099853,0.007483,0.000218,0.103725,11.237861,13.139344,0.000105,42.185953,8.482010,0.940869,312.635740,0.003664,7.059547,388.725607,395.789036,396.259187,0.470151,396.366523
1675,vehicle2,1298.883000,1298.710000,1331.561877,1,ok,24437,22727,1,0.171673,0.009144,0.000291,0.098088,9.709056,9.724404,0.000142,40.203511,8.868907,0.708031,335.270020,0.019010,7.063033,404.582159,411.664493,412.170814,0.506321,412.351631
1676,vehicle2,1299.062000,1298.910000,1332.277196,1,ok,24264,22547,1,0.234049,0.005316,0.000187,0.054072,10.053205,9.915869,0.000086,38.925650,11.821775,0.782283,317.379359,0.003748,8.101014,388.932299,397.037248,397.444739,0.407491,397.684104
1677,vehicle2,1299.295000,1299.111000,1333.092512,1,ok,24087,22293,1,0.101141,0.008386,0.000424,0.098656,17.680831,10.418631,0.000094,40.947375,11.603882,0.803047,364.493003,0.012343,6.885931,446.045519,452.944217,453.415032,0.470815,453.524559
1678,vehicle2,1299.495000,1299.311000,1333.798993,1,ok,24534,22656,1,0.121628,0.005000,0.000186,0.063755,10.057525,10.277643,0.000094,40.673075,9.681621,0.721532,359.311856,0.003514,6.844179,430.787101,437.634980,437.928381,0.293401,438.055009
1679,vehicle2,1299.695000,1299.510000,1334.538954,1,ok,24760,22814,1,0.377973,1.211912,0.000215,0.094990,12.537653,9.838344,0.000133,41.625764,10.009085,0.766871,356.037842,0.005326,7.291015,430.910682,438.207238,438.626754,0.419516,440.216639
1680,vehicle2,1299.874000,1299.710000,1335.225912,1,ok,24998,23007,1,0.213009,0.007831,0.000182,0.108092,10.241388,11.182269,0.000085,37.969279,10.914336,0.934776,323.809537,0.012117,6.270951,395.159762,401.443012,401.724833,0.281821,401.945673
1681,vehicle2,1300.096000,1299.910000,1336.036382,1,ok,25100,23096,1,0.220277,0.007453,0.000274,0.104979,21.676032,10.175489,0.000222,43.136957,11.254037,1.033562,363.187676,0.003614,6.663251,450.568954,457.236093,457.581921,0.345828,457.809651
1682,vehicle2,1300.295000,1300.109000,1336.734904,1,ok,25254,23261,1,0.228171,0.010669,0.000164,0.096769,13.386904,10.622245,0.000111,42.106793,9.974352,0.706062,352.859724,0.026699,6.913481,429.752960,436.693304,436.973471,0.280167,437.212311
1683,vehicle2,1300.493000,1300.306000,1337.455450,1,ok,25509,23490,1,0.133194,0.008203,0.000324,0.102321,15.519991,11.274028,0.000116,41.305408,9.948320,0.916150,346.022128,0.003505,6.895927,425.088462,431.988218,432.550347,0.562129,432.691744
1684,vehicle2,1300.697000,1300.508000,1338.177327,1,ok,25397,23359,1,0.119825,0.007352,0.000261,0.112567,20.304493,10.069848,0.000084,41.470058,10.191327,0.789519,355.563501,0.009145,10.698602,438.501397,449.209405,449.704940,0.495535,449.832117
1685,vehicle2,1300.896000,1300.710000,1338.904253,1,ok,25480,23447,1,0.279257,0.007479,0.000266,0.091046,16.025356,11.253255,0.000115,44.201450,9.092830,0.712046,345.596440,0.003670,6.324055,426.972538,433.300529,433.658026,0.357497,433.944762
1686,vehicle2,1301.086000,1300.909000,1339.604506,1,ok,25561,23517,1,0.206789,0.007394,0.000135,0.098706,12.376192,12.603046,0.000116,41.027973,9.445328,0.945971,331.022319,0.004066,6.481056,407.519651,414.004908,414.591040,0.586132,414.805223
1687,vehicle2,1301.290000,1301.111000,1340.330943,1,ok,25613,23544,1,0.123132,0.010529,0.000232,0.093344,16.513265,12.377035,0.000086,41.444108,10.821301,0.938444,326.384563,0.003221,6.878623,408.572146,415.454222,416.252556,0.798334,416.386217
1688,vehicle2,1301.495000,1301.309000,1341.074741,1,ok,25678,23602,1,0.100028,0.004212,0.000161,0.063499,17.310859,10.357824,0.000091,42.636612,9.497643,0.701430,336.316338,0.075919,8.944094,416.884296,425.904470,426.226131,0.321661,426.330371
1689,vehicle2,1301.695000,1301.510000,1341.808121,1,ok,25480,23456,1,0.207573,0.006673,0.000173,0.103541,18.104061,12.432486,0.000093,41.837926,10.849923,0.827412,336.859453,0.004661,8.028777,421.014895,429.048506,429.394538,0.346032,429.608784
1690,vehicle2,1301.896000,1301.712000,1342.549754,1,ok,25115,23122,1,0.081154,0.006216,0.000220,0.083588,12.051837,10.968280,0.000093,41.144921,10.434479,0.716987,348.024878,0.004231,6.216358,423.425063,429.645872,429.899080,0.253208,429.986450
1691,vehicle2,1302.092000,1301.909000,1343.274868,1,ok,24945,22931,1,0.220530,0.009122,0.000224,0.090160,8.915581,9.975920,0.000229,42.530085,8.757545,0.716945,339.110952,0.005592,8.343318,410.097417,418.446551,418.764872,0.318321,418.994524
1692,vehicle2,1302.249000,1302.111000,1343.976959,1,ok,24792,22723,1,0.240122,0.007354,0.000220,0.092984,10.654848,9.429762,0.000112,39.120551,9.812056,0.788705,310.948179,0.003839,9.024840,380.847197,389.876096,390.297372,0.421276,390.544848
1693,vehicle2,1302.495000,1302.311000,1344.757737,1,ok,24656,22551,1,0.198131,0.006724,0.000228,0.085213,10.669905,9.687706,0.000172,44.288485,10.397799,0.714296,336.059676,0.042391,7.373086,411.903252,419.318957,420.015811,0.696854,420.220666
1694,vehicle2,1302.679000,1302.511000,1345.470879,1,ok,24628,22488,1,0.117079,0.009963,0.000267,0.091949,11.576819,11.256892,0.000112,42.413531,11.765795,0.735860,326.871397,0.003476,7.374296,404.712355,412.090394,412.513180,0.422786,412.640222
1695,vehicle2,1302.894000,1302.711000,1346.243581,1,ok,24666,22470,1,0.120452,0.011301,0.000283,0.104605,15.840894,13.191213,0.000132,42.045476,10.120498,0.716648,341.471248,0.004079,7.457390,423.490714,430.952466,431.462433,0.509967,431.594186
1696,vehicle2,1303.097000,1302.907000,1347.013548,1,ok,24574,22348,1,0.230003,0.007081,0.000269,0.101152,21.813913,14.427045,0.000118,60.155988,13.591555,0.999837,346.294234,0.003896,7.611356,457.383842,464.999363,465.520973,0.521610,465.758057
1697,vehicle2,1303.295000,1303.113000,1347.724055,1,ok,24500,22270,1,0.121852,0.011577,0.000324,0.109109,17.982019,10.673505,0.000086,45.314865,10.890296,0.969753,353.840432,0.156329,8.297987,439.780065,448.234705,448.714214,0.479509,448.847643
1698,vehicle2,1303.494000,1303.310000,1348.467484,1,ok,24553,22312,1,0.162016,0.004514,0.000147,0.059344,11.710992,9.546121,0.000204,42.777444,11.276618,0.708573,354.111463,0.012610,6.396356,430.190759,436.599872,436.842032,0.242160,437.008562
1699,vehicle2,1303.692000,1303.509000,1349.189532,1,ok,24536,22309,1,0.166516,0.008194,0.000253,0.107026,16.045332,9.725850,0.000083,44.445949,12.364179,0.713174,356.676322,0.003481,7.039282,440.077915,447.120931,447.445303,0.324372,447.620013
1700,vehicle2,1303.895000,1303.709000,1349.932016,1,ok,24653,22433,1,0.113113,0.007058,0.000230,0.108248,11.821850,10.228265,0.000086,41.169467,9.877697,0.698392,365.318087,0.014230,7.480371,439.222092,446.716923,447.217195,0.500272,447.337366
1701,vehicle2,1304.096000,1303.911000,1350.673730,1,ok,24727,22513,1,0.116093,0.006737,0.000233,0.079511,7.967253,9.984536,0.000175,46.969334,9.304937,0.716070,369.910989,0.004260,7.033709,444.932805,451.971007,453.167626,1.196619,453.290456
1702,vehicle2,1304.293000,1304.111000,1351.422005,1,ok,24684,22480,1,0.088109,0.007137,0.000178,0.101170,8.205282,12.590901,0.000095,45.451636,9.974374,0.736500,378.592109,0.004683,6.214012,455.652067,461.870940,462.194154,0.323214,462.289400
1703,vehicle2,1304.495000,1304.307000,1352.163514,1,ok,24754,22542,1,0.118714,0.007905,0.000215,0.091145,10.427241,8.808483,0.000273,43.322412,11.102961,0.719346,365.161389,0.013977,6.948210,439.633250,446.595652,446.903959,0.308307,447.030578
1704,vehicle2,1304.696000,1304.509000,1352.925530,1,ok,24830,22608,1,0.103853,0.016111,0.000343,0.214569,10.261587,9.357992,0.000291,42.186916,11.190068,0.933954,372.712411,0.007441,7.545503,446.857788,454.411075,454.898720,0.487645,455.018684
1705,vehicle2,1304.897000,1304.711000,1353.661906,1,ok,24946,22730,1,0.184382,1.312159,0.000419,0.122536,9.878381,9.209929,0.000124,42.851216,11.740688,0.724546,377.587185,0.004447,7.809452,452.114605,459.928923,460.200296,0.271373,461.696837
1706,vehicle2,1305.095000,1304.912000,1354.405630,1,ok,25040,22835,1,0.121140,0.007978,0.000212,0.106958,8.134255,10.498138,0.000298,42.863139,10.830320,0.718683,384.386890,0.005168,6.864840,457.538681,464.408901,464.682996,0.274095,464.812114
1707,vehicle2,1305.296000,1305.111000,1355.159265,1,ok,25009,22802,1,0.201137,0.009032,0.000147,0.094560,9.225123,10.902602,0.000075,42.518932,13.367545,0.907912,383.269997,0.002835,6.068044,460.286746,466.357772,466.659515,0.301743,466.869684
1708,vehicle2,1305.495000,1305.312000,1355.886298,1,ok,24865,22654,1,0.208710,0.010741,0.000193,0.096439,11.168046,10.450198,0.000091,41.292770,12.144782,0.935923,383.813079,0.054540,7.312047,459.901328,467.268108,467.877344,0.609236,468.096795
1709,vehicle2,1305.697000,1305.511000,1356.623491,1,ok,24890,22679,1,0.119846,0.011116,0.000299,0.084059,9.317758,11.760964,0.000087,42.205106,12.164318,0.783595,376.210580,0.003736,8.136304,452.526467,460.666806,460.978943,0.312137,461.109905
1710,vehicle2,1305.895000,1305.714000,1357.385125,1,ok,24946,22782,1,0.111943,0.009863,0.000305,0.091044,10.832495,10.639314,0.000155,45.307848,9.717314,0.703373,385.344787,0.003714,8.735477,462.636330,471.375826,471.711294,0.335468,471.833100
1711,vehicle2,1306.095000,1305.910000,1358.098385,1,ok,25037,22931,1,0.218791,0.012652,0.000121,0.106806,13.898277,10.939344,0.000091,44.404084,11.207175,0.714087,385.960565,0.008131,7.219177,467.230429,474.457858,474.908516,0.450658,475.139959
1712,vehicle2,1306.295000,1306.111000,1358.806954,1,ok,25126,23069,1,0.089397,0.005463,0.000139,0.077005,9.225448,9.976952,0.000208,44.178076,10.023850,0.714434,372.304323,0.012946,6.437224,446.500296,452.950605,453.290108,0.339503,453.384968
1713,vehicle2,1306.496000,1306.311000,1359.571497,1,ok,25106,23027,1,0.203430,0.005597,0.000348,0.092770,10.791432,10.115658,0.000086,43.476092,10.225537,0.717979,370.531291,0.046450,6.059834,445.950845,452.057477,452.345827,0.288350,452.554854
1714,vehicle2,1306.694000,1306.512000,1360.291664,1,ok,25069,22967,1,0.151969,0.010325,0.000140,0.091209,11.870183,11.563124,0.000113,42.376835,11.448677,0.713542,363.572541,0.003177,6.895835,441.636224,448.535376,448.806673,0.271297,448.968967
1715,vehicle2,1306.896000,1306.708000,1361.033950,1,ok,25132,23011,1,0.250956,0.007782,0.000306,0.090339,9.351978,9.918379,0.000097,51.071416,11.390308,0.695203,371.909920,0.004916,7.382618,454.427640,461.815480,462.142443,0.326963,462.401181
1716,vehicle2,1307.094000,1306.911000,1361.761428,1,ok,25114,22933,1,0.249499,0.007922,0.000202,0.106979,17.227811,10.059006,0.000090,43.419503,15.062103,0.973265,362.608144,0.005913,8.361287,449.456901,457.824303,458.590600,0.766297,458.848021
1717,vehicle2,1307.294000,1307.107000,1362.542145,1,ok,25109,22851,1,0.202465,0.065389,0.000151,0.101310,18.170813,9.036454,0.000079,51.423587,11.224963,0.708541,391.433389,0.004200,6.895132,482.099136,488.998619,489.287989,0.289370,489.555843
1718,vehicle2,1307.492000,1307.309000,1363.270256,1,ok,24896,22651,1,0.097626,0.006459,0.000279,0.099396,15.132195,10.026607,0.000087,45.794146,11.414781,0.788916,385.270088,0.005126,7.089140,468.526216,475.620761,476.132167,0.511406,476.236252
1719,vehicle2,1307.697000,1307.506000,1363.994574,1,ok,24757,22538,1,0.122510,0.006795,0.000212,0.085087,10.406429,10.113276,0.000161,42.003098,11.874649,0.720927,392.961557,0.012816,6.568274,468.165184,474.746486,475.021198,0.274712,475.150503
1720,vehicle2,1307.896000,1307.712000,1364.743328,1,ok,24637,22473,1,0.093750,0.006212,0.000259,0.062736,14.723018,10.631050,0.000097,43.655583,13.583611,0.798962,398.754442,0.005552,7.960421,482.209499,490.175731,490.601251,0.425520,490.701213
1721,vehicle2,1308.101000,1307.907000,1365.487717,1,ok,24707,22528,1,0.125408,0.007562,0.000280,0.111848,22.301253,12.880622,0.000126,55.498113,9.982375,0.737483,389.102050,0.003887,8.103326,490.613870,498.721363,498.999784,0.278421,499.132754
1722,vehicle2,1308.297000,1308.111000,1366.189437,1,ok,24709,22532,1,0.136705,0.005848,0.000168,0.091292,9.871940,10.627214,0.000111,46.124950,10.777600,0.964275,388.325140,0.004070,6.825862,466.782522,473.612622,473.909908,0.297286,474.052461
1723,vehicle2,1308.495000,1308.311000,1366.920629,1,ok,24801,22642,1,0.206081,0.007233,0.000216,0.097613,15.685904,9.875154,0.000243,45.077189,10.020087,0.692563,355.729292,0.005646,8.078228,437.178045,445.262135,445.699502,0.437367,445.912816
1724,vehicle2,1308.695000,1308.510000,1367.700925,1,ok,24715,22501,1,0.213019,0.008628,0.000229,0.112701,13.145771,12.694147,0.000130,64.356663,10.678129,0.734736,358.362753,0.007029,6.169408,460.085030,466.261696,466.786658,0.524962,467.008305
1725,vehicle2,1308.895000,1308.712000,1368.442088,1,ok,24730,22493,1,0.161945,0.008264,0.000306,0.116422,15.055231,17.987650,0.000082,42.715442,10.037225,0.713752,375.953924,0.015336,8.100092,462.579728,470.695462,471.060649,0.365187,471.230858
1726,vehicle2,1309.095000,1308.911000,1369.196906,1,ok,24537,22265,1,0.212083,0.006994,0.000192,0.093230,15.134239,11.729618,0.000105,60.171085,10.721567,0.759354,361.219071,0.003865,6.603233,459.828269,466.435559,466.774998,0.339439,466.994075
1727,vehicle2,1309.295000,1309.110000,1369.956592,1,ok,24489,22227,1,0.103368,0.010859,0.000202,0.090660,13.424898,9.616875,0.000100,48.366036,9.871126,0.955266,390.779498,0.003989,7.079328,473.104459,480.187978,480.484874,0.296896,480.599101
1728,vehicle2,1309.495000,1309.312000,1370.686304,1,ok,24633,22381,1,0.121071,0.007388,0.000259,0.096192,13.023187,9.784065,0.000170,49.979105,10.102116,0.725759,364.044693,0.003830,8.099994,447.755287,455.859370,456.144664,0.285294,456.273123
1729,vehicle2,1309.697000,1309.508000,1371.421068,1,ok,24477,22178,1,0.116878,0.006411,0.000378,0.078010,9.679936,11.290539,0.000082,43.401208,10.493612,0.711291,377.420691,0.004091,6.107547,453.075369,459.187385,459.502467,0.315082,459.625756
1730,vehicle2,1309.895000,1309.708000,1372.148032,1,ok,24235,21926,1,0.214946,0.007532,0.000242,0.092445,11.043727,9.670686,0.000229,42.242293,11.444613,0.716569,358.662211,0.141354,6.405019,433.872773,440.419388,440.855504,0.436116,441.077982
1731,vehicle2,1310.096000,1309.911000,1372.914529,1,ok,23950,21575,1,0.215145,0.006183,0.000141,0.058308,12.033945,10.650376,0.000083,42.925489,10.515267,0.723756,363.909318,0.004550,7.651661,440.816542,448.472894,448.983969,0.511075,449.205297
1732,vehicle2,1310.297000,1310.111000,1373.637875,1,ok,23913,21539,1,0.216654,0.006111,0.000210,0.097915,11.028118,9.857831,0.000101,44.013263,10.033627,1.098156,357.982759,0.003711,6.724414,434.111770,440.840105,441.149523,0.309418,441.372288
1733,vehicle2,1310.497000,1310.312000,1374.393054,1,ok,24010,21596,1,0.215408,0.008898,0.000179,0.090409,13.017860,9.642889,0.000083,44.734025,10.900613,0.949347,360.219671,0.020333,7.589296,439.554897,447.164705,447.589409,0.424704,447.813715
1734,vehicle2,1310.696000,1310.512000,1375.155725,1,ok,24186,21731,1,0.119395,0.005745,0.000225,0.099896,10.112427,13.606014,0.000128,61.997526,10.173550,0.739803,366.483871,0.012197,7.352505,463.213215,470.578142,470.989061,0.410919,471.114201
1735,vehicle2,1310.897000,1310.710000,1375.892450,1,ok,24437,21888,1,0.105014,0.010041,0.000265,0.124010,11.274803,9.661264,0.000097,41.899981,10.664637,0.732265,360.406108,0.073558,8.935951,434.763165,443.772939,444.120647,0.347708,444.235702
1736,vehicle2,1311.095000,1310.909000,1376.613265,1,ok,24585,21968,1,0.235659,0.007310,0.000221,0.093566,10.577591,9.382521,0.000112,44.517397,11.646917,0.948051,362.568733,0.003966,7.550905,439.734888,447.289980,447.682158,0.392178,447.925127
1737,vehicle2,1311.297000,1311.110000,1377.371591,1,ok,24846,22166,1,0.209831,0.006154,0.000245,0.091812,10.231452,10.628037,0.000089,46.646936,10.809046,0.946715,368.082804,0.003664,7.654016,447.436891,455.094816,455.428229,0.333413,455.644214
1738,vehicle2,1311.497000,1311.312000,1378.082165,1,ok,24661,21952,1,0.092056,0.007385,0.000367,0.084994,9.074396,10.343751,0.000081,41.777623,9.966871,0.714088,347.929467,0.003755,7.055901,419.891271,426.951294,427.196395,0.245101,427.295836
1739,vehicle2,1311.697000,1311.511000,1378.853517,1,ok,25067,22342,1,0.096342,0.004407,0.000161,0.063601,10.619276,10.319073,0.000088,43.092719,12.812671,0.798121,366.519838,0.006393,7.561811,444.225387,451.793752,452.121651,0.327899,452.222400
1740,vehicle2,1311.897000,1311.713000,1379.587119,1,ok,25229,22481,1,0.116725,0.009313,0.000288,0.104472,11.055582,11.144278,0.000089,45.090520,9.257877,0.737073,377.144844,0.013052,7.576137,454.534735,462.124212,462.428382,0.304170,462.554420
1741,vehicle2,1312.097000,1311.913000,1380.326315,1,ok,25194,22400,1,0.137287,0.011303,0.000829,0.119358,13.471117,10.270586,0.000101,42.779676,11.067680,0.712916,387.454554,0.004887,8.347227,465.875988,474.228931,474.555219,0.326288,474.703809
1742,vehicle2,1312.296000,1312.105000,1380.969279,1,ok,25366,22436,1,0.141263,0.006886,0.000393,0.097990,13.322345,11.147101,0.000145,43.092807,10.689970,0.810864,382.607450,0.003402,8.693373,461.768672,470.465840,470.778005,0.312165,470.926154
1743,vehicle2,1312.496000,1312.313000,1381.704414,1,ok,25500,22428,1,0.109479,0.007941,0.000217,0.094873,13.495065,10.063758,0.000086,42.340778,12.077410,1.024585,381.958925,0.015278,8.184576,461.055480,469.255551,469.701243,0.445692,469.818663
1744,vehicle2,1312.704000,1312.512000,1382.555822,1,ok,25728,22568,1,0.134464,0.007086,0.000528,0.099510,16.864064,12.601759,0.000297,61.131324,16.979496,1.114130,467.400606,0.003481,6.257971,576.191186,582.453166,582.888073,0.434907,583.029623
1745,vehicle2,1312.897000,1312.712000,1383.190499,1,ok,25782,22597,1,0.218777,0.008174,0.000352,0.097363,17.036293,11.547087,0.000076,44.504107,10.920150,0.715715,384.523207,0.003483,6.394938,469.343998,475.742771,476.066882,0.324111,476.293833
1746,vehicle2,1313.096000,1312.911000,1383.913575,1,ok,25887,22707,1,0.186128,0.004906,0.000249,0.062904,12.306124,9.581427,0.000086,44.935037,11.464332,0.751045,382.094428,0.059965,7.217915,461.195383,468.473512,468.765685,0.292173,468.956719
1747,vehicle2,1313.297000,1313.111000,1384.667722,1,ok,25985,22753,1,0.206809,0.007777,0.000261,0.092987,15.595157,10.246627,0.000142,42.322835,10.079518,0.713995,391.228201,0.004372,7.420245,470.279462,477.704340,478.133328,0.428988,478.347914
1748,vehicle2,1313.496000,1313.313000,1385.408522,1,ok,26013,22785,1,0.234141,0.036329,0.000286,0.105610,11.836711,10.166961,0.000133,43.434210,9.957212,0.715717,378.005147,0.014145,7.097222,454.221701,461.333354,461.800503,0.467149,462.070973
1749,vehicle2,1313.699000,1313.509000,1386.179893,1,ok,26053,22763,1,0.130752,0.006180,0.000268,0.069428,11.478493,10.641240,0.000147,42.898855,12.329375,0.742256,383.732743,0.003867,7.093043,461.892537,468.989715,469.326946,0.337231,469.463878
1750,vehicle2,1313.905000,1313.716000,1386.916377,1,ok,26069,22775,1,0.130122,0.005859,0.000194,0.067739,13.935381,11.199174,0.000106,46.745764,13.263891,0.884832,369.732942,0.004084,6.964435,455.829829,462.798542,463.067359,0.268817,463.203340
1751,vehicle2,1314.097000,1313.913000,1387.571552,1,ok,26172,22832,1,1.466737,0.012836,0.000328,0.112265,17.466350,9.600383,0.000147,44.561252,10.569989,0.713307,369.869888,0.053533,8.648758,452.893581,461.596200,461.941636,0.345436,463.421209
1752,vehicle2,1314.295000,1314.112000,1388.313817,1,ok,26022,22691,1,0.128725,0.007200,0.000296,0.108157,15.173733,9.064977,0.000082,44.078281,11.863291,0.717079,377.577009,0.003904,6.344263,458.582609,464.931072,465.205427,0.274355,465.341352
1753,vehicle2,1314.495000,1314.309000,1389.071961,1,ok,25868,22520,1,0.218217,0.008003,0.000250,0.103854,13.377629,8.340053,0.000088,48.091698,11.485307,0.706367,382.234838,0.003647,6.436199,464.339834,470.779930,471.073745,0.293815,471.299965
1754,vehicle2,1314.695000,1314.509000,1389.832344,1,ok,25878,22411,1,0.247781,0.008493,0.000298,0.106218,12.027088,9.288776,0.000100,45.164796,13.716171,0.902997,380.429978,0.003751,8.007764,461.636124,469.647937,470.258640,0.610703,470.514914
1755,vehicle2,1314.897000,1314.709000,1390.590734,1,ok,25997,22501,1,0.186473,0.006932,0.000205,0.098815,11.682825,10.100836,0.000083,43.657745,10.164038,0.724023,380.092318,0.010858,6.353931,456.520683,462.885677,463.155084,0.269407,463.348489
1756,vehicle2,1315.096000,1314.910000,1391.333003,1,ok,26344,22857,1,0.123472,0.016969,0.000191,0.161467,12.511506,11.255963,0.000092,41.162038,11.855648,0.949468,378.062904,0.005544,7.405560,455.959086,463.370381,464.050481,0.680100,464.190922
1757,vehicle2,1315.297000,1315.111000,1392.073607,1,ok,26648,23178,1,0.249149,0.007457,0.000173,0.101216,12.848344,9.280837,0.000161,43.217931,12.517745,1.006787,374.114042,0.024928,7.238033,453.087063,460.350197,460.704362,0.354165,460.960968
1758,vehicle2,1315.497000,1315.312000,1392.857218,1,ok,27034,23562,1,0.151680,0.006013,0.000291,0.108279,11.826561,9.005188,0.000093,44.504784,11.640275,0.715808,392.712990,0.004958,6.453660,470.513978,476.972887,477.261936,0.289049,477.419629
1759,vehicle2,1315.698000,1315.515000,1393.612440,1,ok,27433,23855,1,0.135536,0.007865,0.000127,0.130314,12.398336,9.045205,0.000145,55.391259,12.249731,0.712394,389.829395,0.004795,7.833293,479.756779,487.594994,488.045676,0.450682,488.189077
1760,vehicle2,1315.902000,1315.714000,1394.385277,1,ok,27904,24219,1,0.212968,0.008681,0.000233,0.111821,24.501149,10.829436,0.000110,54.684493,14.660698,0.730336,400.183922,0.004211,7.976662,505.701965,513.683071,513.954022,0.270951,514.175671
1761,vehicle2,1316.097000,1315.909000,1395.130639,1,ok,28465,24634,1,0.366582,0.007531,0.000321,0.354675,18.234829,9.092628,0.000137,44.226050,13.657780,0.972001,405.100700,0.003594,6.226140,491.638800,497.868855,498.201487,0.332632,498.575600
1762,vehicle2,1316.304000,1316.114000,1395.925485,1,ok,28740,24824,1,0.144883,0.008249,0.000273,0.111881,22.449818,11.273237,0.000119,57.548807,13.593172,0.931173,427.036226,0.048463,6.309802,532.944433,539.302971,539.598409,0.295438,539.751541
1763,vehicle2,1316.504000,1316.312000,1396.679841,1,ok,28766,24736,1,0.146266,0.009428,0.000198,0.161490,17.321231,8.383033,0.000081,42.920578,13.837700,0.932080,445.301025,0.005513,7.098545,528.857218,535.961474,536.573415,0.611941,536.729109
1764,vehicle2,1316.705000,1316.511000,1397.471075,1,ok,28797,24587,1,0.126557,0.007707,0.000295,0.085662,23.628048,8.234735,0.000090,44.175476,18.771407,0.956386,477.455796,0.003468,8.248692,573.307600,581.560055,581.940865,0.380810,582.075129
1765,vehicle2,1316.903000,1316.716000,1398.174648,1,ok,29078,24554,1,0.125778,0.007806,0.000221,0.113083,16.934087,9.296082,0.000087,46.540494,13.205005,0.749776,462.885093,0.003590,8.155997,549.723707,557.883515,558.177346,0.293831,558.310930
1766,vehicle2,1317.103000,1316.909000,1398.908534,1,ok,29315,24482,1,0.247187,0.008065,0.000309,0.112738,25.947650,6.999083,0.000093,41.599725,15.489523,0.789159,450.606941,0.005253,7.476352,541.544912,549.026826,549.506733,0.479907,549.761985
1767,vehicle2,1317.305000,1317.110000,1399.693229,1,ok,29493,24506,1,0.123440,0.008178,0.000213,0.079018,20.088191,7.528576,0.000106,45.056698,15.852119,1.001287,496.250382,0.052820,6.327553,585.856377,592.236963,592.780380,0.543417,592.911998
1768,vehicle2,1317.505000,1317.313000,1400.437464,1,ok,29697,24688,1,0.168647,0.006472,0.000229,0.111455,19.379555,6.881911,0.000102,45.609615,19.084653,0.712495,477.398868,0.022629,7.501213,569.178654,576.702725,577.203235,0.500510,577.378354
1769,vehicle2,1317.704000,1317.514000,1401.209974,1,ok,30045,25024,1,0.315657,0.009812,0.000090,0.107083,31.846393,7.096717,0.000094,44.754130,15.677984,0.733936,491.446234,0.005622,6.461185,591.662571,598.129468,598.544502,0.415034,598.869971
1770,vehicle2,1317.909000,1317.711000,1401.973500,1,ok,30253,25294,1,0.249437,0.956316,0.000145,0.107441,16.733549,7.912210,0.000099,43.106826,16.421261,0.867615,502.758347,0.005081,6.891331,587.907348,594.803905,595.153108,0.349203,596.358861
1771,vehicle2,1318.105000,1317.914000,1402.703715,1,ok,30033,25204,1,0.251300,0.009693,0.000243,0.118137,16.373419,7.490514,0.000133,48.348702,14.459648,0.783027,484.414857,0.004079,6.427652,571.988437,578.420411,578.749408,0.328997,579.010401
1772,vehicle2,1318.302000,1318.112000,1403.492035,1,ok,29873,25148,1,0.140700,0.009626,0.000201,0.114841,22.977270,7.700952,0.000124,42.393856,15.743447,0.841314,500.514239,0.003950,6.925689,590.286043,597.215883,597.560196,0.344313,597.710522
1773,vehicle2,1318.503000,1318.309000,1404.252846,1,ok,29642,25066,1,0.133398,0.007520,0.000158,0.116667,14.104355,6.375482,0.000110,40.897415,13.754418,0.747188,491.843070,0.014932,6.383177,567.838705,574.236972,574.920361,0.683389,575.061279
1774,vehicle2,1318.703000,1318.510000,1405.030396,1,ok,29178,24575,1,0.200269,0.005788,0.000203,0.086002,11.738528,7.198534,0.000079,41.739993,14.868058,0.929865,499.925369,0.003910,7.685456,576.486428,584.175997,584.570631,0.394634,584.776688
1775,vehicle2,1318.905000,1318.709000,1405.774086,1,ok,28518,23909,1,0.217499,0.006264,0.000153,0.081696,13.681397,7.694940,0.000098,41.775705,13.746921,0.717666,486.766177,0.004062,8.131609,564.464600,572.600424,572.943792,0.343368,573.167555
1776,vehicle2,1319.103000,1318.912000,1406.581278,1,ok,27200,22587,1,0.121248,0.008871,0.000320,0.102296,21.722881,7.579992,0.000100,44.052338,15.106318,0.954249,501.649593,0.006766,7.597968,591.167767,598.772821,599.390186,0.617365,599.520305
1777,vehicle2,1319.297000,1319.111000,1407.274763,1,ok,25681,21228,1,0.278963,0.009163,0.000255,0.107954,13.613812,7.539401,0.000114,39.714609,13.385393,0.824752,437.622949,0.006601,8.069544,512.808984,520.885384,521.536683,0.651299,521.824809
1778,vehicle2,1319.497000,1319.311000,1408.026830,1,ok,24783,20388,1,0.116661,0.011113,0.000234,0.078199,13.785531,5.820395,0.000072,40.423660,12.649103,0.730024,419.204241,0.017980,6.781767,492.691225,499.491206,499.850712,0.359506,499.978486
1779,vehicle2,1319.695000,1319.510000,1408.794036,1,ok,24822,20437,1,0.240507,0.008826,0.000200,0.094656,10.971705,6.327236,0.000085,38.973239,12.655149,0.727583,425.071511,0.014481,6.404864,494.821164,501.240709,501.702592,0.461883,501.951925
1780,vehicle2,1319.896000,1319.709000,1409.547060,1,ok,24748,20481,1,0.213110,0.016788,0.000143,0.095020,11.667799,7.704849,0.000105,38.900706,12.014053,0.946556,411.681827,0.004974,7.277551,483.010915,490.293583,490.994320,0.700737,491.224218
1781,vehicle2,1320.096000,1319.912000,1410.316852,1,ok,24598,20477,1,0.107072,0.007330,0.000197,0.102456,11.796591,5.767911,0.000100,33.727271,15.117562,0.933704,402.568196,0.005342,6.915162,470.013791,476.934492,477.399232,0.464740,477.513634
1782,vehicle2,1320.296000,1320.111000,1411.107655,1,ok,24337,20412,1,0.162705,0.008680,0.000238,0.094477,18.283942,7.866213,0.000130,34.188026,11.774771,0.699823,432.594572,0.004942,8.176768,505.501954,513.683902,514.181165,0.497263,514.352550
1783,vehicle2,1320.497000,1320.312000,1411.852913,1,ok,24047,20375,1,0.218458,0.007771,0.000165,0.103845,16.776526,6.010770,0.000088,33.281222,9.912076,0.718731,413.688957,0.004110,6.624883,480.492215,487.121373,487.569941,0.448568,487.796170
1784,vehicle2,1320.698000,1320.511000,1412.641379,1,ok,23779,20229,1,0.118287,0.006558,0.000233,0.085066,7.747514,6.054128,0.000245,34.316701,12.596230,0.709922,424.706397,0.016639,7.803251,486.216203,494.036326,494.383337,0.347011,494.508182
1785,vehicle2,1320.895000,1320.713000,1413.377702,1,ok,23708,20109,1,0.123781,0.006071,0.000205,0.094584,12.189382,9.039708,0.000148,38.587855,10.034886,0.917179,413.327079,0.005962,7.006012,484.190821,491.203000,492.101751,0.898751,492.231603
1786,vehicle2,1321.094000,1320.911000,1414.157603,1,ok,23567,19908,1,0.252463,0.013596,0.000664,0.114604,10.978160,9.145688,0.000198,44.316192,9.812593,0.717103,423.091788,0.005598,6.459860,498.176326,504.642448,505.082246,0.439798,505.348305
1787,vehicle2,1321.296000,1321.111000,1414.885431,1,ok,23498,19804,1,0.092361,0.010856,0.000224,0.091359,10.235983,5.898089,0.000086,35.608722,10.027016,0.746014,414.524411,0.004437,7.041600,477.131680,484.177941,484.709252,0.531311,484.812469
1788,vehicle2,1321.494000,1321.311000,1415.635196,1,ok,23344,19689,1,0.096817,0.007580,0.000347,0.098783,12.681363,6.174507,0.000118,33.769803,10.784434,0.792729,399.117722,0.004334,6.329373,463.419459,469.753513,470.212297,0.458784,470.316694
1789,vehicle2,1321.698000,1321.510000,1416.381359,1,ok,23201,19503,1,0.190519,0.008712,0.000271,0.083911,8.035581,7.404359,0.000153,33.196530,10.534677,0.710190,396.067307,0.112155,7.093005,456.032708,463.238139,463.785061,0.546922,463.984292
1790,vehicle2,1321.896000,1321.716000,1417.142073,1,ok,22950,19287,1,0.201562,0.005858,0.000180,0.070853,8.729704,6.697767,0.000248,35.107621,10.970744,0.728618,402.542118,0.017526,7.656500,464.847673,472.521879,473.208345,0.686466,473.415765
1791,vehicle2,1322.098000,1321.911000,1417.916778,1,ok,22568,19191,1,0.179053,0.008546,0.000188,0.091418,10.179909,7.702189,0.000119,43.245799,14.463029,1.110397,406.205556,0.006962,6.584389,482.998416,489.589955,490.184211,0.594256,490.371810
1792,vehicle2,1322.294000,1322.110000,1418.638709,1,ok,22204,19105,1,0.115853,0.010519,0.000387,0.089831,13.175749,6.670045,0.000086,31.578545,10.714800,1.558527,391.887107,0.004763,6.854711,455.674690,462.534551,463.309673,0.775122,463.436045
1793,vehicle2,1322.496000,1322.312000,1419.407541,1,ok,21920,18902,1,0.335482,0.045883,0.000206,0.077661,7.980748,7.905831,0.000157,38.370346,10.304114,0.722478,381.410578,0.005072,7.391080,446.771913,454.168271,454.940257,0.771986,455.321622
1794,vehicle2,1322.696000,1322.511000,1420.150155,1,ok,21843,18836,1,0.112374,0.005404,0.000194,0.053522,8.852700,7.224013,0.000082,28.099154,10.197572,0.698919,379.275570,0.006667,11.578585,434.401532,445.986978,446.422509,0.435531,446.540287
1795,vehicle2,1322.895000,1322.710000,1420.890906,1,ok,21907,18899,1,0.089077,0.029584,0.000293,0.114758,8.688385,6.687713,0.000075,30.197441,9.174871,0.690175,368.224008,0.291700,16.195837,423.777426,440.265256,440.930657,0.665401,441.049318
1796,vehicle2,1323.098000,1322.910000,1421.624747,1,ok,21910,18993,1,0.188042,0.007659,0.000254,0.088855,12.617430,6.035403,0.000168,31.804250,10.451186,0.711344,371.030270,0.004458,7.087127,432.738906,439.830745,440.357049,0.526304,440.552750
1797,vehicle2,1323.297000,1323.114000,1422.359766,1,ok,21981,19097,1,0.094406,0.005865,0.000235,0.085409,6.995234,5.908300,0.000108,31.836049,8.246629,0.697935,373.427507,0.004237,8.178073,427.197171,435.379716,435.763175,0.383459,435.863446
1798,vehicle2,1323.497000,1323.314000,1423.146994,1,ok,22076,19227,1,0.189331,0.005768,0.000240,0.052962,7.954868,6.851384,0.000089,29.443208,11.170937,0.706842,386.341465,0.005162,6.728797,442.521755,449.255954,449.735001,0.479047,449.930100
1799,vehicle2,1323.697000,1323.512000,1423.918724,1,ok,22105,19299,1,0.120648,0.006174,0.000136,0.078604,19.489517,5.282373,0.000112,29.662092,8.044870,0.796921,386.717436,0.004713,7.877943,450.071925,457.954717,458.371911,0.417194,458.498733
1800,vehicle2,1323.896000,1323.711000,1424.647887,1,ok,22128,19315,1,0.229816,0.450817,0.000302,0.060564,9.530806,5.524981,0.000079,28.621505,9.602423,0.885477,375.373624,0.004715,7.475997,429.599459,437.080473,437.452968,0.372495,438.133601
1801,vehicle2,1324.091000,1323.908000,1425.423132,1,ok,22128,19291,1,0.059018,0.007537,0.000268,0.091001,9.385995,7.497446,0.000121,38.992298,12.808179,1.014265,363.793424,0.018983,7.520503,433.582729,441.122483,441.519759,0.397276,441.586314
1802,vehicle2,1324.280000,1324.112000,1426.187192,1,ok,22035,19178,1,0.087980,0.006754,0.000255,0.083731,7.172636,6.078983,0.000100,31.049198,8.775328,0.698043,364.079781,0.012087,11.407878,417.937800,429.358020,429.921542,0.563522,430.016276
1803,vehicle2,1324.496000,1324.311000,1426.956899,1,ok,22032,19101,1,0.112147,0.004862,0.000129,0.055660,8.085401,6.436721,0.000134,28.353819,8.074626,0.721483,367.056180,0.006107,6.835850,418.784024,425.626110,426.278250,0.652140,426.395259
1804,vehicle2,1324.696000,1324.511000,1427.722032,1,ok,22214,19156,1,0.220251,0.008931,0.000352,0.082376,6.862236,5.667177,0.000077,30.767096,9.273687,0.887170,376.897536,0.003748,8.619306,430.437355,439.060761,439.778457,0.717696,440.007639
1805,vehicle2,1324.890000,1324.712000,1428.481235,1,ok,22379,19297,1,0.109910,0.005082,0.000249,0.052307,7.839889,6.648700,0.000195,29.614068,9.162735,0.721225,364.062966,0.004561,6.965622,418.102085,425.072517,425.388324,0.315807,425.503316
1806,vehicle2,1325.096000,1324.910000,1429.261430,1,ok,22595,19516,1,0.076678,0.007462,0.000266,0.082040,10.657675,6.180168,0.000088,32.069298,11.862590,0.714954,378.482121,0.014118,6.748223,440.048934,446.811541,447.120073,0.308532,447.204213
1807,vehicle2,1325.293000,1325.110000,1430.015611,1,ok,22824,19778,1,0.197538,0.006665,0.000180,0.050662,9.398362,6.663630,0.000108,30.793218,8.704363,0.944028,386.846411,0.004406,6.779840,443.400782,450.185208,451.003569,0.818361,451.207772
1808,vehicle2,1325.499000,1325.312000,1430.795905,1,ok,23017,20027,1,0.101398,0.010078,0.000191,0.074568,7.830862,6.024039,0.000074,32.440390,8.002437,0.703592,392.299889,0.004611,6.193902,447.375851,453.574555,453.914382,0.339827,454.025858
1809,vehicle2,1325.702000,1325.515000,1431.542414,1,ok,23180,20177,1,0.146801,0.015513,0.000172,0.112881,8.035522,6.962240,0.000150,29.128587,9.308732,0.937343,393.678162,0.018591,7.215580,448.163617,455.397960,456.823813,1.425853,456.986127
1810,vehicle2,1325.895000,1325.710000,1432.177089,1,ok,23316,20245,1,0.098540,0.007448,0.000317,0.086808,7.657021,7.412717,0.000078,28.300660,9.001772,0.734494,385.823685,0.004440,8.953671,439.017235,447.975663,448.436551,0.460888,448.542539
1811,vehicle2,1326.099000,1325.911000,1432.944602,1,ok,23378,20203,1,0.222131,0.007927,0.000276,0.084618,9.005697,6.196122,0.000311,29.332143,8.332661,0.696995,383.122713,0.016092,7.446925,436.771260,444.234553,444.562442,0.327889,444.792500
1812,vehicle2,1326.304000,1326.115000,1433.647025,1,ok,23380,20136,1,0.114617,0.011525,0.000233,0.091659,11.839462,6.381786,0.000139,29.573468,12.014666,0.966780,362.988052,0.005064,8.221760,423.856012,432.083069,432.490908,0.407839,432.617050
1813,vehicle2,1326.495000,1326.312000,1434.306572,1,ok,23522,20278,1,0.112899,0.007443,0.000297,0.083061,10.579365,6.367768,0.000088,28.047560,8.076849,0.699853,370.462642,0.014126,8.073189,424.317186,432.404798,432.795553,0.390755,432.915895
1814,vehicle2,1326.674000,1326.510000,1435.043807,1,ok,23614,20403,1,0.109492,0.005141,0.000209,0.056382,9.411199,6.338830,0.000127,31.925139,8.694976,0.696919,345.994223,0.008287,9.819745,403.117795,412.946036,413.547564,0.601528,413.662197
1815,vehicle2,1326.897000,1326.711000,1435.802094,1,ok,23731,20578,1,0.090238,0.011299,0.000270,0.102564,8.830931,6.804810,0.000123,32.195665,9.903507,1.998952,355.465812,0.004569,7.442426,415.302364,422.749629,423.628572,0.878943,423.730109
1816,vehicle2,1327.097000,1326.912000,1436.593604,1,ok,23862,20696,1,0.208425,0.005504,0.000154,0.081945,13.077954,8.938827,0.000134,41.407984,13.362976,1.006004,374.668013,0.004570,9.507517,452.543837,462.056078,462.422191,0.366113,462.636120
1817,vehicle2,1327.292000,1327.113000,1437.325924,1,ok,24098,20841,1,0.138938,0.006956,0.000311,0.058911,9.168654,6.970854,0.000095,29.429304,8.544921,1.007696,367.316786,0.017484,7.398224,422.497221,429.913240,430.344822,0.431582,430.490716
1818,vehicle2,1327.499000,1327.311000,1438.083367,1,ok,24436,21042,1,0.107906,0.005470,0.000201,0.097765,7.262271,5.723288,0.000110,30.730723,9.422168,0.755025,366.994390,0.003850,7.215113,420.985740,428.204904,428.646785,0.441881,428.760161
1819,vehicle2,1327.697000,1327.514000,1438.828257,1,ok,24797,21290,1,0.081274,0.008777,0.000164,0.088374,8.902553,6.757972,0.000081,30.613268,8.611470,0.682320,363.597626,0.006142,6.962872,419.253664,426.222842,426.726371,0.503529,426.816422
1820,vehicle2,1327.871000,1327.705000,1439.552466,1,ok,25114,21520,1,0.119751,0.012830,0.000191,0.093576,7.541975,6.627483,0.000087,29.327584,7.659473,0.692712,353.457912,0.004231,7.013328,405.400802,412.418552,413.026916,0.608364,413.159497
1821,vehicle2,1328.083000,1327.912000,1440.330934,1,ok,25345,21658,1,0.135005,0.007224,0.000196,0.061833,7.282189,5.825726,0.000090,29.056787,9.491891,0.770672,358.750778,0.012027,8.404362,411.239966,419.656551,420.018456,0.361905,420.160685
1822,vehicle2,1328.295000,1328.111000,1441.114328,1,ok,25648,21828,1,0.129721,0.004710,0.000217,0.058108,8.917408,6.127228,0.000095,31.280923,14.020756,0.952607,364.647753,0.132380,6.603089,426.004878,432.740564,434.513335,1.772771,434.647766
1823,vehicle2,1328.498000,1328.311000,1441.899459,1,ok,25953,22040,1,0.194790,0.012344,0.000285,0.074875,8.650428,8.300100,0.000092,29.870126,11.144204,0.917370,372.032320,0.004695,8.626554,430.989515,439.621049,440.442839,0.821790,440.649973
1824,vehicle2,1328.696000,1328.515000,1442.677132,1,ok,26244,22249,1,0.090093,0.008987,0.000266,0.098011,11.135509,8.330596,0.000106,43.533691,14.459275,1.087273,382.345701,0.004000,7.286494,460.990162,468.280922,468.714497,0.433575,468.813577
1825,vehicle2,1328.894000,1328.715000,1443.452192,1,ok,26793,22570,1,0.219655,0.006619,0.000210,0.101446,11.907921,5.714252,0.000093,33.483947,12.952873,0.935569,396.268919,0.005277,6.602951,461.365020,467.973458,468.435529,0.462071,468.661803
1826,vehicle2,1329.096000,1328.907000,1444.206311,1,ok,27289,22878,1,0.238037,0.007285,0.000216,0.103681,20.454688,10.065665,0.000161,32.511937,8.888119,0.711962,393.315286,0.004408,7.796812,466.051499,473.852935,474.925007,1.072072,475.170329
1827,vehicle2,1329.296000,1329.114000,1444.982882,1,ok,27647,23161,1,0.118835,0.008186,0.000192,0.118880,15.267851,5.929465,0.000088,33.280992,9.805748,0.973690,426.982421,0.167076,8.120721,492.359135,500.647124,501.191122,0.543998,501.318143
1828,vehicle2,1329.502000,1329.314000,1445.777457,1,ok,27829,23517,1,0.150003,0.006941,0.000192,0.095618,12.708458,5.889135,0.000091,35.176024,11.610706,0.923126,455.090474,0.005081,7.132207,521.493632,528.631112,529.498929,0.867817,529.655873
1829,vehicle2,1329.697000,1329.510000,1446.512087,1,ok,28106,23971,1,0.246573,0.008901,0.000214,0.088669,11.275164,6.257871,0.000159,31.477957,11.888300,1.028751,434.851767,0.004146,7.902420,496.868638,504.775418,505.219850,0.444432,505.475324
1830,vehicle2,1329.903000,1329.711000,1447.309273,1,ok,28240,24230,1,0.304644,0.009481,0.000134,0.100106,14.087597,6.876719,0.000074,33.414537,12.689561,0.828936,471.089502,0.004195,7.218289,539.087032,546.309650,546.810260,0.500610,547.124385
1831,vehicle2,1330.103000,1329.909000,1448.055891,1,ok,28398,24339,1,0.105927,0.007652,0.000213,0.113820,16.597682,7.299650,0.000104,36.058727,11.500318,0.753919,463.744475,0.003998,6.281127,536.068695,542.354033,542.680875,0.326842,542.794454
1832,vehicle2,1330.295000,1330.110000,1448.801306,1,ok,28523,24420,1,0.255625,0.009473,0.000221,0.115760,15.578983,6.548692,0.000104,38.360499,12.170767,0.751009,453.314736,0.004624,6.986707,526.840550,533.832102,534.152281,0.320179,534.417379
1833,vehicle2,1330.510000,1330.309000,1449.566818,1,ok,28423,24341,1,0.147888,0.017830,0.000208,0.104104,14.282949,7.438752,0.000152,31.137692,12.576684,0.943029,438.358660,0.091345,6.756982,504.842022,511.690557,512.096226,0.405669,512.261944
1834,vehicle2,1330.712000,1330.514000,1450.342630,1,ok,28317,24288,1,0.247400,0.006818,0.000190,0.117455,9.392667,6.910286,0.000155,33.936590,13.584790,1.091816,448.181475,0.004688,8.091421,513.215234,521.311533,521.794619,0.483086,522.048837
1835,vehicle2,1330.918000,1330.720000,1451.061368,1,ok,28236,24241,1,0.262303,1.015497,0.000278,0.085570,11.911809,6.811155,0.000099,34.657689,10.776957,0.699839,432.804784,0.004129,8.610996,497.747902,506.363305,506.843638,0.480333,508.121438
1836,vehicle2,1331.112000,1330.918000,1451.729785,1,ok,28218,24243,1,0.308332,0.012049,0.000288,0.116356,11.409174,5.787814,0.000098,45.622909,11.191251,0.699652,443.800834,0.004359,6.644926,518.628088,525.277661,525.718712,0.441051,526.039093
1837,vehicle2,1331.309000,1331.119000,1452.497632,1,ok,28192,24243,1,0.133593,0.181621,0.000326,0.103069,14.304734,5.975926,0.000136,33.902579,11.902795,0.698374,460.171623,0.004477,7.675388,527.059236,534.739427,535.042815,0.303388,535.358029
1838,vehicle2,1331.503000,1331.317000,1453.214201,1,ok,28261,24325,1,0.177372,0.008148,0.000323,0.145128,10.487629,7.952624,0.000146,30.779409,12.094971,0.899133,399.270888,0.005713,7.672149,461.629928,469.308113,471.749086,2.440973,471.934606
1839,vehicle2,1331.711000,1331.521000,1454.030336,1,ok,28272,24342,1,0.133141,0.007552,0.000354,0.108906,8.529479,7.934487,0.000095,34.523207,10.811130,0.763206,439.919462,0.187251,7.800746,502.589972,510.578323,511.285299,0.706976,511.425992
1840,vehicle2,1331.911000,1331.719000,1454.730838,1,ok,28158,24232,1,0.121465,0.011322,0.000441,0.117431,8.823085,6.654455,0.000074,32.004358,13.440794,0.715763,450.990442,0.003654,6.610220,512.746402,519.360717,519.719009,0.358292,519.851796
1841,vehicle2,1332.110000,1331.919000,1455.393635,1,ok,28059,24118,1,0.136425,0.015409,0.000439,0.117745,16.620078,7.393177,0.000086,37.707941,11.539668,0.930707,437.470381,0.004245,7.164794,511.779783,518.949261,519.444529,0.495268,519.596363
1842,vehicle2,1332.319000,1332.120000,1456.169934,1,ok,28069,24108,1,0.137088,0.019342,0.000262,0.097241,12.470293,8.433836,0.000103,34.783250,10.569967,0.987993,463.599837,0.004230,6.373004,530.942520,537.320016,538.153737,0.833721,538.310167
1843,vehicle2,1332.510000,1332.319000,1456.820123,1,ok,28079,24105,1,0.225590,0.008353,0.000154,0.112675,10.940408,8.452782,0.000135,34.728412,11.489986,0.856279,459.786595,0.003510,6.521494,526.367272,532.892430,533.441196,0.548766,533.675139
1844,vehicle2,1332.714000,1332.517000,1457.609066,1,ok,28108,24167,1,0.076573,0.011210,0.000302,0.130888,11.155727,8.592159,0.000140,50.110074,18.495647,1.307523,462.603590,0.017337,8.332437,552.395748,560.745824,561.785870,1.040046,561.873653
1845,vehicle2,1332.912000,1332.721000,1458.353777,1,ok,28056,24119,1,0.147294,0.006437,0.000259,0.113064,9.753000,8.209326,0.000159,41.630000,10.464010,0.737490,425.927559,0.009093,6.648163,496.834608,503.492123,504.172356,0.680233,504.326087
1846,vehicle2,1333.104000,1332.921000,1459.023864,1,ok,28128,24191,1,0.129999,0.007637,0.000474,0.101684,8.431633,5.555843,0.000123,31.949202,11.221487,0.701570,421.735453,0.003700,7.451102,479.696995,487.152271,487.455728,0.303457,487.593364
1847,vehicle2,1333.304000,1333.119000,1459.765644,1,ok,28148,24215,1,0.125941,0.005562,0.000198,0.078397,9.323403,6.553711,0.000284,36.144555,10.584513,0.780314,408.229852,0.004274,6.325483,471.695029,478.024984,478.467948,0.442964,478.599451
1848,vehicle2,1333.510000,1333.320000,1460.608779,1,ok,28010,24075,1,0.240122,0.008056,0.000352,0.110318,12.082018,6.132169,0.000111,37.573172,12.494979,0.915206,465.716440,0.004073,7.220414,535.024413,542.249252,542.603165,0.353913,542.851343
1849,vehicle2,1333.703000,1333.518000,1461.352303,1,ok,28027,24077,1,0.271148,0.014940,0.000146,0.126737,9.720605,6.421225,0.000109,39.956133,13.037062,1.785585,435.785244,0.008463,8.609784,506.832700,515.451093,516.093587,0.642494,516.379675
1850,vehicle2,1333.903000,1333.720000,1462.118993,1,ok,27984,24052,1,0.259799,0.008802,0.000161,0.114327,9.778502,7.582798,0.000089,35.500216,10.609006,0.703525,416.743503,0.020126,7.020164,481.031966,488.072417,488.489256,0.416839,488.757857
1851,vehicle2,1334.103000,1333.917000,1462.946681,1,ok,27834,23947,1,0.160850,0.007252,0.000189,0.068423,9.512077,7.565578,0.000079,35.835244,10.784276,0.697674,448.581261,0.003583,6.452455,513.044612,519.500839,519.809157,0.308318,519.977259
1852,vehicle2,1334.304000,1334.114000,1463.738459,1,ok,27687,23842,1,0.102926,0.007467,0.000391,0.115996,14.269288,8.438164,0.000143,41.151104,10.550932,0.736480,433.625344,0.014283,7.259986,508.887451,516.162111,516.655791,0.493680,516.766184
1853,vehicle2,1334.503000,1334.320000,1464.522539,1,ok,27452,23578,1,0.118911,0.014560,0.000215,0.110654,8.877809,7.002685,0.000082,34.027377,12.745888,0.906158,422.509109,0.004449,8.253108,486.179762,494.437534,495.067659,0.630125,495.201130
1854,vehicle2,1334.704000,1334.513000,1465.315846,1,ok,26902,22859,1,0.109298,0.712067,0.000352,0.100202,9.287977,6.034894,0.000094,34.152763,12.896092,0.710391,427.029376,0.004195,7.638483,490.211789,497.854819,498.223533,0.368714,499.044898
1855,vehicle2,1334.905000,1334.721000,1466.130626,1,ok,26327,22085,1,0.593703,0.009467,0.000542,0.114068,7.355821,5.452774,0.000150,30.208408,12.757526,0.957728,410.362451,0.015888,7.684660,467.208926,474.910016,475.464325,0.554309,476.067495
1856,vehicle2,1335.104000,1334.923000,1466.910848,1,ok,25890,21623,1,0.228303,0.009060,0.000342,0.094201,5.620424,5.250370,0.000206,30.042890,11.507551,0.925448,391.003923,0.004408,7.553432,444.445013,452.003195,452.377764,0.374569,452.615127
1857,vehicle2,1335.249000,1335.112000,1467.523827,1,ok,25263,21099,1,0.261176,0.007292,0.000257,0.091202,7.671620,6.245676,0.000091,30.539918,10.148479,0.738992,357.919453,0.004279,8.804579,413.355431,422.164546,422.479687,0.315141,422.748155
1858,vehicle2,1335.479000,1335.319000,1468.315232,1,ok,24486,20517,1,0.099657,0.009964,0.000322,0.121423,9.619296,5.697129,0.000079,32.957065,8.754658,0.779122,344.996636,0.004538,7.465578,402.925408,410.395846,411.007441,0.611595,411.117062
1859,vehicle2,1335.706000,1335.520000,1469.127418,1,ok,23747,19971,1,0.076645,0.007665,0.000250,0.102653,7.688643,5.962118,0.000097,30.206677,10.277129,0.698624,393.207559,0.006968,8.490821,448.143500,456.641539,457.222499,0.580960,457.306809
1860,vehicle2,1335.910000,1335.723000,1469.909397,1,ok,23075,19502,1,0.235476,0.009601,0.000399,0.086983,7.752849,5.402631,0.000221,26.629105,9.649084,0.696220,375.448536,0.003812,7.432576,425.665629,433.102416,433.419567,0.317151,433.664644
1861,vehicle2,1336.099000,1335.918000,1470.574880,1,ok,22487,19142,1,0.219035,0.010774,0.000388,0.203465,9.860542,6.143922,0.000146,31.896835,9.024492,0.766533,359.856438,0.202959,11.041062,417.752373,428.996782,429.900379,0.903597,430.130188
1862,vehicle2,1336.241000,1336.119000,1471.309295,1,ok,21794,18586,1,0.169973,0.007353,0.000268,0.082346,10.171239,6.341253,0.000200,28.408591,8.716946,0.722424,337.196872,0.013451,8.111932,391.639871,399.765522,400.149972,0.384450,400.327298
1863,vehicle2,1336.441000,1336.319000,1472.096171,1,ok,20553,17314,1,0.119326,0.318477,0.000335,0.069552,9.907560,6.437646,0.000120,26.592354,10.843514,0.945537,324.833301,0.003877,7.431001,379.629584,387.064797,387.629939,0.565142,388.067742
1864,vehicle2,1336.628000,1336.518000,1472.854610,1,ok,19364,16196,1,0.193385,0.005351,0.000284,0.070280,6.043588,5.471218,0.000155,27.583115,8.327040,0.702658,309.452341,0.003831,7.108258,357.650395,364.762768,365.146980,0.384212,365.345716
1865,vehicle2,1336.816000,1336.720000,1473.578401,1,ok,18787,15650,1,0.197459,0.008436,0.000345,0.069896,4.945848,6.889032,0.000087,30.584229,9.103487,0.972377,249.698445,0.003624,10.912462,302.263401,313.179832,313.894550,0.714718,314.100445
1866,vehicle2,1337.020000,1336.919000,1474.325593,1,ok,18698,15581,1,0.198774,0.010278,0.000311,0.068930,5.346498,7.362120,0.000087,25.544839,6.608622,0.751461,227.235174,0.004465,9.309556,272.917731,282.232063,282.901777,0.669714,283.110829
1867,vehicle2,1337.218000,1337.117000,1475.103540,1,ok,18657,15525,1,0.264769,0.007266,0.000233,0.064657,11.717453,6.219637,0.000187,20.388317,6.883212,0.890782,245.350114,0.094905,6.467700,291.514359,298.077197,298.519059,0.441862,298.791094
1868,vehicle2,1337.422000,1337.319000,1475.856732,1,ok,18607,15477,1,0.163662,0.008762,0.000365,0.070050,4.835048,5.730764,0.000088,20.771317,6.094039,0.720263,234.408788,0.004185,6.204325,272.630357,278.839232,279.189675,0.350443,279.362099
1869,vehicle2,1337.617000,1337.519000,1476.690566,1,ok,18546,15435,1,0.056283,0.012946,0.000442,0.094250,6.305571,5.885725,0.000234,25.674496,6.629738,0.826184,265.570491,0.007510,6.316655,310.986689,317.311296,317.843465,0.532169,317.912694
1870,vehicle2,1337.820000,1337.716000,1477.468701,1,ok,18454,15327,1,0.305147,0.007444,0.000274,0.071152,6.472630,7.747251,0.000132,22.276811,5.682859,0.689494,258.811738,0.004127,6.290334,301.752067,308.046802,308.485973,0.439171,308.798564
1871,vehicle2,1338.016000,1337.916000,1478.224646,1,ok,18322,15167,1,0.072288,0.012190,0.000401,0.067595,7.372765,6.290293,0.000111,19.995858,7.064419,0.912598,236.645963,0.004345,8.283848,278.349602,286.638196,287.092361,0.454165,287.176839
1872,vehicle2,1338.216000,1338.118000,1479.018928,1,ok,18058,14920,1,0.117829,0.009224,0.000276,0.087209,6.667055,7.303921,0.000143,33.984277,6.787081,0.735373,226.585221,0.005429,8.374917,282.150280,290.530902,291.112483,0.581581,291.239536
1873,vehicle2,1338.416000,1338.317000,1479.786148,1,ok,17562,14438,1,0.075592,0.009447,0.000237,0.057956,4.919176,5.730253,0.000106,21.698577,5.260357,0.709446,227.925557,0.270903,7.462922,266.301428,274.035490,274.611623,0.576133,274.696662
1874,vehicle2,1338.618000,1338.520000,1480.578195,1,ok,16788,13723,1,0.155617,0.007631,0.000308,0.063050,5.973033,7.447481,0.000141,25.968891,7.110606,0.921450,226.277437,0.005005,9.027326,273.762089,282.794728,283.596063,0.801335,283.759311
1875,vehicle2,1338.818000,1338.720000,1481.383775,1,ok,15829,12865,1,0.129434,0.008245,0.000211,0.050915,4.137479,6.014924,0.000089,19.537481,6.583893,0.929493,254.771028,0.005177,8.001578,292.025302,300.032268,300.475536,0.443268,300.613215
1876,vehicle2,1339.018000,1338.919000,1482.230494,1,ok,15456,12592,1,0.058319,0.009608,0.000407,0.067116,5.843258,5.221459,0.000093,24.336390,8.322230,0.943990,272.127976,0.004465,6.781350,316.862512,323.648734,324.268736,0.620002,324.336663
1877,vehicle2,1339.263000,1339.122000,1483.163644,1,ok,15933,13217,1,0.151113,0.006989,0.000156,0.057299,6.064963,5.929213,0.000097,28.085691,7.862371,0.761612,350.752982,0.014788,10.723380,399.514228,410.252552,410.895215,0.642663,411.053317
1878,vehicle2,1339.456000,1339.317000,1483.972159,1,ok,16930,14321,1,0.131287,0.010944,0.000280,0.060892,5.792846,5.932020,0.000150,28.987016,9.304432,0.704053,350.725636,0.040167,8.639013,401.507045,410.186505,410.835987,0.649482,410.978218
1879,vehicle2,1339.673000,1339.517000,1484.830853,1,ok,17445,14854,1,0.135120,0.008493,0.000261,0.074842,5.337163,5.559436,0.000137,31.596179,9.414728,1.176833,394.535195,0.004524,7.129264,447.694513,454.828562,455.369476,0.540914,455.513089
1880,vehicle2,1339.861000,1339.720000,1485.643287,1,ok,17662,15023,1,0.067455,2.270433,0.000538,0.076865,5.731021,5.672448,0.000094,24.874835,7.881832,4.844836,377.654484,0.016763,8.869893,426.736415,435.623609,436.349480,0.725871,438.687368
1881,vehicle2,1340.081000,1339.919000,1486.484976,1,ok,17809,15094,1,0.195849,0.007424,0.000286,0.082735,7.628705,6.660543,0.000101,33.133276,10.016255,0.751996,379.293186,0.003794,8.812686,437.566797,446.383563,447.031397,0.647834,447.234670
1882,vehicle2,1340.286000,1340.118000,1487.324314,1,ok,17975,15142,1,0.094571,0.006297,0.000547,0.064581,4.947289,6.190719,0.000094,38.955583,9.755266,0.865955,395.657166,0.004409,7.579619,456.436653,464.021228,464.594872,0.573644,464.695740
1883,vehicle2,1340.473000,1340.317000,1488.153683,1,ok,18140,15162,1,0.095363,0.008051,0.000155,0.073519,7.539661,6.347400,0.000121,28.183131,10.005739,0.992193,387.725284,0.171390,8.603268,440.867048,449.641861,450.331341,0.689480,450.434755
1884,vehicle2,1340.685000,1340.519000,1489.008775,1,ok,18420,15254,1,0.162620,0.007937,0.000277,0.074884,6.140383,7.142389,0.000101,31.040627,8.439146,0.981795,405.417747,0.004063,8.384010,459.237072,467.625422,468.449544,0.824122,468.620101
1885,vehicle2,1340.891000,1340.718000,1489.875164,1,ok,18629,15396,1,0.069033,0.083454,0.000337,0.073636,16.978877,7.090477,0.000106,27.823170,10.069974,0.847332,407.525916,0.004271,9.324519,470.409488,479.738615,480.195233,0.456618,480.347720
1886,vehicle2,1341.104000,1340.920000,1490.774425,1,ok,18924,15593,1,0.112632,0.006159,0.000348,0.067773,8.400450,7.575118,0.000078,29.676698,9.786314,0.706194,436.986229,0.003870,8.118020,493.198854,501.321092,501.813489,0.492397,501.932280
1887,vehicle2,1341.295000,1341.120000,1491.637417,1,ok,19163,15717,1,0.068289,0.009067,0.000282,0.072038,8.539847,14.840654,0.000095,29.811764,9.584601,1.031803,423.386109,0.004026,8.530731,487.266911,495.801950,496.333779,0.531829,496.411135
1888,vehicle2,1341.501000,1341.321000,1492.536020,1,ok,19607,15890,1,0.066606,0.007967,0.000310,0.069358,9.153825,5.263677,0.000175,31.011475,10.120897,0.894375,434.420782,0.257010,6.452045,490.934564,497.643929,498.336277,0.692348,498.410850
1889,vehicle2,1341.704000,1341.520000,1493.398261,1,ok,20156,16093,1,0.195891,0.012195,0.000409,0.069085,9.858071,6.814887,0.000084,33.876965,9.457661,0.723030,461.048113,0.014655,8.014464,521.847896,529.877424,530.625620,0.748196,530.833706
1890,vehicle2,1341.901000,1341.717000,1494.216418,1,ok,20880,16445,1,0.089994,0.009723,0.000396,0.100432,10.134963,7.696308,0.000094,31.159367,10.417427,0.742692,447.674542,0.013531,8.151328,507.925825,516.091080,516.474527,0.383447,516.574244
1891,vehicle2,1342.101000,1341.917000,1495.117098,1,ok,21634,16923,1,0.218071,0.009094,0.000315,0.088642,8.385158,6.823902,0.000124,34.695612,9.738897,0.919250,463.217493,0.004231,6.435875,523.869078,530.309499,530.792061,0.482562,531.019226
1892,vehicle2,1342.303000,1342.119000,1495.996685,1,ok,22359,17411,1,0.110515,0.005550,0.000196,0.058884,8.305789,7.519787,0.000084,43.894802,12.450866,0.706760,476.586181,0.004028,6.368553,549.523153,555.895930,556.227489,0.331559,556.343554
1893,vehicle2,1342.503000,1342.320000,1496.927633,1,ok,22972,17802,1,0.196780,0.006468,0.000244,0.102128,11.350912,7.078810,0.000195,37.310746,11.181389,0.704111,506.182382,0.066841,6.213594,573.910673,580.191352,580.523225,0.331873,580.726473
1894,vehicle2,1342.712000,1342.515000,1497.830858,1,ok,23561,18185,1,0.205899,0.006503,0.000311,0.074050,11.483486,6.291959,0.000081,37.934678,18.391820,0.998755,533.936610,0.018413,8.505987,609.111439,617.636150,618.195790,0.559640,618.408192
1895,vehicle2,1342.911000,1342.721000,1498.692670,1,ok,24239,18604,1,0.134938,0.008591,0.000370,0.088700,12.554575,7.703900,0.000088,38.698782,12.656935,0.709918,540.951482,0.004050,7.919511,613.364380,621.288311,621.778524,0.490213,621.922053
1896,vehicle2,1343.110000,1342.920000,1499.524335,1,ok,24944,19072,1,0.262695,0.012641,0.000414,0.107253,15.086013,5.654695,0.000093,38.252836,13.015304,0.793976,510.825102,0.004326,7.036207,583.735272,590.776219,591.147382,0.371163,591.422718
1897,vehicle2,1343.310000,1343.118000,1500.402735,1,ok,25475,19466,1,0.448349,0.012557,0.000244,0.111286,11.830144,7.417204,0.000109,37.976731,19.174997,1.087189,558.612039,0.005324,7.416604,636.209699,643.631871,644.493675,0.861804,644.954581
1898,vehicle2,1343.508000,1343.319000,1501.224550,1,ok,25855,19811,1,0.243428,0.006480,0.000202,0.103161,11.017562,7.196322,0.000134,39.935789,14.472136,0.956581,551.786254,0.022046,7.255248,625.467939,632.745435,633.129237,0.383802,633.379145
1899,vehicle2,1343.714000,1343.508000,1501.977333,1,ok,26072,20004,1,0.097840,0.011087,0.000242,0.091985,12.998135,7.554842,0.000084,42.111373,13.534279,0.722736,551.000592,0.011513,8.795919,628.014026,636.821700,637.270484,0.448784,637.379411
1900,vehicle2,1343.906000,1343.722000,1502.859370,1,ok,26209,20141,1,0.130317,0.005700,0.000202,0.220876,11.866262,7.343037,0.000134,36.039510,13.836528,0.758239,548.719073,0.003166,8.868904,618.783659,627.655931,628.155408,0.499477,628.291425
1901,vehicle2,1344.113000,1343.913000,1503.663617,1,ok,26287,20199,1,0.185153,0.010898,0.000334,0.104482,10.953550,6.482820,0.000225,33.482946,14.830456,0.833872,544.092203,0.003853,7.154635,610.780554,617.939376,618.582992,0.643616,618.779043
1902,vehicle2,1344.311000,1344.121000,1504.528424,1,ok,26353,20249,1,0.082014,0.009023,0.000300,0.133427,8.901134,7.075934,0.000184,36.811442,12.100041,0.995255,527.927551,0.007248,7.323687,593.944968,601.276203,601.915628,0.639425,602.006665
1903,vehicle2,1344.511000,1344.320000,1505.368021,1,ok,26363,20309,1,0.223982,0.006407,0.000144,0.069998,8.558778,5.825963,0.000122,37.917506,16.329514,0.997868,572.469267,0.016658,6.838671,642.169016,649.024489,649.478026,0.453537,649.708415
1904,vehicle2,1344.711000,1344.519000,1506.172193,1,ok,26408,20401,1,0.297851,0.011279,0.000321,0.166075,9.003002,6.757270,0.000125,37.106580,13.171342,0.710603,543.257293,0.003493,9.400351,610.172290,619.576455,619.966693,0.390238,620.275823
1905,vehicle2,1344.907000,1344.718000,1507.053987,1,ok,26433,20485,1,0.133377,0.006819,0.000382,0.112718,12.683178,6.421793,0.000241,37.963300,15.318873,0.772787,540.495890,0.003650,8.856597,613.768780,622.629409,623.042207,0.412798,623.182403
1906,vehicle2,1345.110000,1344.914000,1508.000141,1,ok,26537,20618,1,0.624205,0.016469,0.000201,0.109172,23.080194,6.184341,0.000136,38.084943,14.915701,0.950163,594.104560,0.007106,6.327292,677.429210,683.763809,684.233912,0.470103,684.874586
1907,vehicle2,1345.316000,1345.117000,1508.903051,1,ok,26639,20708,1,0.167692,0.008383,0.000149,0.127953,22.197961,7.277890,0.000121,54.444689,22.899453,1.101076,606.880120,0.003743,8.779464,714.929263,723.712619,724.414740,0.702121,724.590815
1908,vehicle2,1345.510000,1345.316000,1509.730565,1,ok,26618,20614,1,0.133260,0.007239,0.000301,0.112979,19.649826,8.310368,0.000117,41.413658,15.203060,0.764319,592.330767,0.005958,9.221299,677.785094,687.012652,687.791023,0.778371,687.931522
1909,vehicle2,1345.713000,1345.518000,1510.556605,1,ok,26594,20603,1,0.231515,0.010734,0.000234,0.115629,11.161964,4.933004,0.000099,41.421090,15.756097,0.917459,578.237664,0.129010,7.420792,652.543006,660.093042,660.864177,0.771135,661.106426
1910,vehicle2,1345.909000,1345.720000,1511.423254,1,ok,26572,20632,1,0.294777,0.007484,0.000143,0.093581,9.196319,5.766944,0.000107,37.788221,14.772535,0.719863,573.017277,0.003985,6.695472,641.354847,648.054447,648.482674,0.428227,648.784935
1911,vehicle2,1346.118000,1345.921000,1512.316170,1,ok,26577,20675,1,0.204621,0.006738,0.000146,0.070565,10.104095,6.002765,0.000114,37.093135,16.888702,0.963992,594.184155,0.004612,6.450485,665.307523,671.762766,672.238094,0.475328,672.449453
1912,vehicle2,1346.310000,1346.118000,1513.135891,1,ok,26614,20718,1,0.300134,0.024769,0.000260,0.114773,12.013524,5.520603,0.000096,36.917218,13.249736,0.725330,594.357135,0.005108,8.052372,662.898415,670.956155,671.581300,0.625145,671.906203
1913,vehicle2,1346.510000,1346.317000,1513.977564,1,ok,26631,20709,1,0.274981,0.011224,0.000189,0.099655,9.833568,5.739979,0.000128,39.421709,13.026603,1.512722,596.919539,0.004260,7.968964,666.553903,674.527316,674.950588,0.423272,675.236793
1914,vehicle2,1346.710000,1346.519000,1514.790727,1,ok,26613,20667,1,0.116518,0.014175,0.000315,0.105728,8.990836,6.030182,0.000140,36.519575,12.158497,0.745070,583.293776,0.004683,7.800836,647.843804,655.649638,656.323962,0.674324,656.454655
1915,vehicle2,1346.912000,1346.717000,1515.661218,1,ok,26612,20660,1,0.322526,0.017099,0.000157,0.149674,9.116204,5.185292,0.000097,32.696308,12.704674,0.784975,580.952832,0.015439,7.295459,641.590056,648.901111,650.185273,1.284162,650.524898
1916,vehicle2,1347.113000,1346.916000,1516.516602,1,ok,26554,20665,1,0.165837,0.027240,0.000189,0.102438,10.242436,6.261831,0.000085,39.269896,12.108957,0.720503,582.792615,0.004948,9.467472,651.498761,660.971370,661.415425,0.444055,661.608502
1917,vehicle2,1347.314000,1347.118000,1517.403291,1,ok,26485,20693,1,0.150863,0.007069,0.000377,0.084486,14.448284,6.629279,0.000100,42.657751,13.720287,0.741074,629.109286,0.004708,7.074064,707.390547,714.469696,714.980060,0.510364,715.137992
1918,vehicle2,1347.513000,1347.320000,1518.239674,1,ok,26476,20750,1,0.112754,0.018294,0.000208,0.103508,16.858940,4.588620,0.000041,39.843064,14.362833,0.970853,593.513350,0.003847,8.656618,670.241209,678.901882,679.404926,0.503044,679.535974
1919,vehicle2,1347.708000,1347.521000,1519.120175,1,ok,26459,20849,1,0.112376,0.009008,0.000222,0.121381,16.550879,7.040138,0.000125,42.896192,13.597029,0.737903,609.102327,0.006316,8.613291,690.045974,698.665803,699.130038,0.464235,699.251422
1920,vehicle2,1347.915000,1347.716000,1519.899605,1,ok,26372,20935,1,0.135528,0.009046,0.000214,0.104716,13.813863,5.325539,0.000084,40.034919,16.387597,0.728889,535.286621,0.155645,11.204297,611.682228,623.042384,623.561771,0.519387,623.706345
1921,vehicle2,1348.120000,1347.920000,1520.782953,1,ok,26531,21347,1,0.662628,0.009419,0.000212,0.125564,15.236785,6.240670,0.000124,50.552030,15.818833,0.877934,545.933773,0.004995,7.506952,634.785713,642.297872,642.682644,0.384772,643.354691
1922,vehicle2,1348.311000,1348.120000,1521.505918,1,ok,26858,21936,1,1.026133,0.007861,0.000185,0.100148,13.853723,4.568075,0.000082,43.502320,16.254125,0.934243,544.932366,0.013085,8.234854,624.145082,632.393206,632.947147,0.553941,633.981141
1923,vehicle2,1348.511000,1348.318000,1522.329846,1,ok,27357,22651,1,0.107134,0.007263,0.000256,0.088568,11.099287,5.344328,0.000090,35.681477,15.429675,0.757793,534.441180,0.004160,9.054651,602.842398,611.901465,612.346950,0.445485,612.461347
1924,vehicle2,1348.713000,1348.518000,1523.197486,1,ok,27924,23390,1,0.316746,0.007123,0.000203,0.081314,18.601649,4.421026,0.000122,41.219866,19.861687,0.788355,543.690588,0.003967,6.584784,628.664607,635.253561,635.684553,0.430992,636.008422
1925,vehicle2,1348.911000,1348.722000,1524.055141,1,ok,28423,23996,1,0.228452,0.004900,0.000288,0.079086,21.393782,5.133113,0.000167,40.248581,17.495414,0.953044,559.721266,0.004136,6.650354,645.024453,651.679231,652.249302,0.570071,652.482654
1926,vehicle2,1349.111000,1348.918000,1524.896824,1,ok,28673,24318,1,0.270830,0.006893,0.000172,0.131584,21.491697,4.593179,0.000089,40.557729,18.198640,0.728195,540.230985,0.017264,7.370611,625.932098,633.320145,633.728134,0.407989,634.005857
1927,vehicle2,1349.312000,1349.120000,1525.746481,1,ok,28966,24714,1,0.138109,0.008094,0.000206,0.088553,15.210344,5.702665,0.000092,40.946496,17.603460,0.901942,547.974454,0.010924,7.129797,628.428006,635.568933,636.422941,0.854008,636.569144
1928,vehicle2,1349.512000,1349.320000,1526.584889,1,ok,29861,25490,1,0.141389,0.042467,0.000316,0.087287,15.810277,4.632889,0.000263,39.298774,18.933620,0.912380,544.253471,0.004026,9.420251,623.928961,633.353554,633.844114,0.490560,634.027970
1929,vehicle2,1349.714000,1349.520000,1527.420827,1,ok,30808,26253,1,0.158837,0.007328,0.000235,0.133956,16.835223,6.303226,0.000110,43.514032,17.116352,0.952720,560.050476,0.003352,7.207838,644.906095,652.117520,652.921029,0.803509,653.087194
1930,vehicle2,1349.921000,1349.722000,1528.336925,1,ok,31969,27121,1,0.159463,0.006886,0.000176,0.138134,19.985969,6.208824,0.000114,50.265697,24.641991,0.774314,586.650949,0.008065,8.250575,688.665992,696.924808,697.753447,0.828639,697.919796
1931,vehicle2,1350.142000,1349.921000,1529.273602,1,ok,32976,28020,1,0.168096,0.009961,0.000248,0.135840,42.889839,4.372781,0.000162,46.336067,16.116717,0.735969,656.954067,0.034811,9.480521,767.541442,777.057022,777.491398,0.434376,777.669455
1932,vehicle2,1350.317000,1350.119000,1530.042040,1,ok,33766,28364,1,0.396552,0.816474,0.000200,0.124695,21.281850,6.047739,0.000158,46.705937,20.042865,0.760885,652.442270,0.004787,7.302817,747.406399,754.714203,755.468429,0.754226,756.681455
1933,vehicle2,1350.519000,1350.317000,1530.881172,1,ok,34299,28314,1,0.178406,0.007055,0.000304,0.156538,17.333972,4.678747,0.000099,45.897527,21.403535,0.738277,659.101763,0.004439,7.221892,749.310458,756.537093,757.125604,0.588511,757.311065
1934,vehicle2,1350.715000,1350.519000,1531.723074,1,ok,34526,28424,1,0.259787,0.013244,0.000605,0.236837,24.857893,5.519175,0.000122,45.124326,21.569467,0.914289,663.377437,0.004088,6.423824,761.599546,768.028063,768.588814,0.560751,768.861845
1935,vehicle2,1350.919000,1350.715000,1532.516802,1,ok,34849,28541,1,0.350408,0.009397,0.000163,0.140299,17.290783,4.735345,0.000135,48.716799,19.389257,0.861433,641.758144,0.004414,6.788126,732.892195,739.684898,740.099166,0.414268,740.458971
1936,vehicle2,1351.118000,1350.919000,1533.304103,1,ok,35088,28631,1,0.298468,0.005839,0.000158,0.151060,23.184007,5.863709,0.000078,47.637567,16.513633,1.803544,623.519212,0.004741,6.385781,718.672810,725.063490,725.550820,0.487330,725.855127
1937,vehicle2,1351.320000,1351.118000,1534.146023,1,ok,35246,28926,1,0.367105,0.013016,0.000507,0.123868,19.388379,5.553442,0.000090,48.351672,19.590788,0.731164,639.955032,0.016322,8.210310,733.694435,741.921574,742.394474,0.472900,742.774595
1938,vehicle2,1351.519000,1351.320000,1534.950909,1,ok,35279,29046,1,0.283582,0.008583,0.000243,0.115575,24.957561,6.199117,0.000097,47.763290,20.146540,0.746915,616.060430,0.006794,6.871554,715.989525,722.868116,723.391379,0.523263,723.683544
1939,vehicle2,1351.723000,1351.519000,1535.787422,1,ok,35426,29203,1,0.171112,0.012483,0.000518,0.155008,18.908488,5.311233,0.000084,54.261702,16.422064,0.715218,617.219329,0.005215,9.200431,712.993126,722.199290,723.036611,0.837321,723.220206
1940,vehicle2,1351.922000,1351.724000,1536.685768,1,ok,35644,29343,1,0.296733,0.010146,0.000393,0.138591,28.151731,4.934130,0.000089,46.881891,19.316995,0.734347,643.643870,0.006243,7.655987,743.801644,751.464267,752.045035,0.580768,752.351914
1941,vehicle2,1352.129000,1351.922000,1537.560618,1,ok,35452,29493,1,0.335274,0.009147,0.000232,0.148506,32.205978,7.125221,0.000151,60.050616,17.357397,0.805090,657.550260,0.004169,7.279496,775.243219,782.527116,783.435171,0.908055,783.779592
1942,vehicle2,1352.324000,1352.119000,1538.336234,1,ok,35113,29452,1,0.330349,0.011412,0.000305,0.129746,18.973800,6.242942,0.000121,43.997823,19.822753,0.731760,648.181818,0.014856,7.737972,738.080763,745.833896,746.386050,0.552154,746.727811
1943,vehicle2,1352.581000,1352.324000,1539.188313,1,ok,34986,29462,1,0.156084,0.007399,0.000251,0.139657,14.349494,5.416784,0.000147,45.685221,16.880408,0.718434,634.062694,0.005870,9.254112,717.252839,726.513072,727.099433,0.586361,727.262916
1944,vehicle2,1352.719000,1352.521000,1539.915092,1,ok,34792,29134,1,0.403851,10.620284,0.000105,0.127966,22.007668,6.056347,0.000129,45.376305,21.291651,0.881071,623.216076,0.004535,6.981270,718.957213,725.943123,726.745127,0.802004,737.769262
1945,vehicle2,1352.920000,1352.719000,1540.696791,1,ok,34156,28246,1,0.291633,0.008908,0.000196,0.150061,19.081036,6.482998,0.000089,45.325146,18.866278,0.822958,602.429019,0.003857,8.271753,693.157585,701.433391,702.267137,0.833746,702.567678
1946,vehicle2,1353.118000,1352.920000,1541.553561,1,ok,33592,27457,1,0.156628,0.010327,0.000248,0.117288,18.818812,9.295519,0.000167,48.599990,18.896662,1.803544,603.108363,0.007387,8.286554,700.640345,708.934534,709.596656,0.662122,709.763611
1947,vehicle2,1353.320000,1353.118000,1542.372968,1,ok,33691,27326,1,0.314533,0.010311,0.000168,0.133191,23.919616,7.902853,0.000128,49.747996,16.973987,0.719161,604.416436,0.014164,6.972961,703.813368,710.800661,711.314604,0.513943,711.639448
1948,vehicle2,1353.518000,1353.320000,1543.188847,1,ok,34003,27289,1,0.300805,0.006853,0.000172,0.126344,21.450346,5.691613,0.000178,48.493780,19.402524,0.751029,611.526184,0.018896,7.944360,707.441998,715.405426,716.295214,0.889788,716.602872
1949,vehicle2,1353.720000,1353.518000,1544.003165,1,ok,34328,27300,1,0.136055,0.007304,0.000188,0.165423,24.780609,4.984897,0.000082,51.005173,16.604206,0.734330,612.253024,0.007058,8.056576,710.527744,718.591566,719.170942,0.579376,719.314301
1950,vehicle2,1353.910000,1353.720000,1544.797380,1,ok,34592,27328,1,0.144797,0.010159,0.000419,0.173264,17.467415,5.723574,0.000353,46.201034,18.988419,1.007025,586.567333,0.004479,6.492070,676.128417,682.625385,683.040688,0.415303,683.195644
1951,vehicle2,1354.113000,1353.917000,1545.651452,1,ok,34792,27431,1,0.206178,0.009523,0.000154,0.121587,17.316137,9.667365,0.000091,48.773501,19.590402,0.729932,581.871540,0.004582,9.513449,678.070555,687.588740,688.447692,0.858952,688.663393
1952,vehicle2,1354.312000,1354.120000,1546.479343,1,ok,34892,27461,1,0.141626,0.027796,0.000374,0.169089,15.139745,7.430725,0.000080,48.682199,17.028170,0.762902,570.833464,0.006992,10.121425,660.046374,670.175165,671.152408,0.977243,671.321830
1953,vehicle2,1354.519000,1354.312000,1547.225370,1,ok,34946,27438,1,0.224834,0.041767,0.000219,0.102089,19.948755,7.006813,0.000109,49.925617,18.463032,0.817939,585.782942,0.003937,7.378094,682.047296,689.429546,689.811225,0.381679,690.077826
1954,vehicle2,1354.710000,1354.521000,1548.008259,1,ok,34904,27339,1,0.281763,0.006821,0.000285,0.130149,11.557745,6.716187,0.000150,49.317579,17.802962,0.970350,539.953426,0.029753,8.457742,626.448548,634.936328,635.388022,0.451694,635.676606
1955,vehicle2,1354.912000,1354.719000,1548.794451,1,ok,35120,27540,1,0.217971,0.006716,0.000302,0.141952,15.360753,5.747961,0.000134,46.286885,18.085616,1.038618,519.244983,0.003752,6.131925,605.906902,612.042881,612.433944,0.391063,612.658631
1956,vehicle2,1355.117000,1354.920000,1549.609684,1,ok,35433,28037,1,0.268734,0.006147,0.000195,0.123470,16.220878,19.213052,0.000094,46.834019,14.733458,0.941554,510.117868,0.013760,7.677546,608.184393,615.875894,616.667003,0.791109,616.941884
1957,vehicle2,1355.320000,1355.125000,1550.416295,1,ok,35661,28341,1,0.130078,0.004815,0.000280,0.106707,18.652373,6.910363,0.000188,44.674852,16.848672,1.654893,532.803899,0.013996,8.200341,621.651947,629.866564,630.828485,0.961921,630.963378
1958,vehicle2,1355.509000,1355.320000,1551.140642,1,ok,35667,28283,1,0.573979,1.502393,0.000315,0.164450,16.209458,6.067621,0.000119,45.855437,14.298702,0.743490,515.582861,0.003563,8.410700,598.922138,607.336716,607.946159,0.609443,610.022531
1959,vehicle2,1355.716000,1355.517000,1551.943889,1,ok,35516,28017,1,0.287634,0.008618,0.000240,0.131834,19.626936,7.729359,0.000141,65.205004,20.734783,0.740349,532.399552,0.014488,8.869216,646.567958,655.451902,655.838088,0.386186,656.134340
1960,vehicle2,1355.918000,1355.721000,1552.718049,1,ok,35283,27645,1,0.248706,0.005007,0.000241,0.078729,17.136835,6.968564,0.000106,43.612686,18.687668,0.712869,530.281956,0.004325,8.608590,617.479413,626.092569,626.407814,0.315245,626.661527
1961,vehicle2,1356.111000,1355.918000,1553.472796,1,ok,35175,27522,1,0.168557,0.008438,0.000305,0.135784,22.042573,7.422147,0.000109,43.441939,18.540431,0.759630,522.666542,0.003994,6.618461,615.009155,621.631915,621.997541,0.365626,622.174536
1962,vehicle2,1356.314000,1356.119000,1554.246249,1,ok,35072,27525,1,0.347461,0.007196,0.000221,0.136722,15.789893,7.521529,0.000108,48.194276,18.483607,0.815874,529.354157,0.004653,7.273030,620.296166,627.574070,627.940864,0.366794,628.295521
1963,vehicle2,1356.517000,1356.321000,1555.093677,1,ok,35132,27704,1,0.254008,0.011791,0.000163,0.124044,19.652527,6.150244,0.000084,45.698779,15.185462,0.719779,533.413016,0.004104,6.298450,620.943935,627.246652,627.631251,0.384599,627.897050
1964,vehicle2,1356.704000,1356.519000,1555.864622,1,ok,35199,27937,1,0.191719,0.008882,0.000306,0.124736,14.313625,6.475614,0.000089,46.943781,14.787820,0.726131,529.885061,0.004812,6.789936,613.256857,620.051911,620.523643,0.471732,620.724244
1965,vehicle2,1356.914000,1356.711000,1556.689752,1,ok,35246,28095,1,0.310293,0.005899,0.000120,0.080086,16.121835,5.987219,0.000093,45.036975,16.736624,0.730473,535.967291,0.068445,6.214364,620.660596,626.943525,627.436862,0.493337,627.753054
1966,vehicle2,1357.114000,1356.923000,1557.491651,1,ok,35094,27952,1,0.301745,0.006736,0.000138,0.083610,11.090999,7.501633,0.000105,45.341305,15.540595,0.777751,515.816053,0.004928,6.225211,596.152051,602.382328,602.758089,0.375761,603.066570
1967,vehicle2,1357.316000,1357.122000,1558.303863,1,ok,35016,27909,1,0.278491,0.547109,0.000760,0.121687,13.354853,7.813122,0.000109,48.996625,14.851143,0.731219,519.782578,0.004080,6.256473,605.651336,611.912649,612.394331,0.481682,613.219931
1968,vehicle2,1357.520000,1357.325000,1559.079092,1,ok,34839,27794,1,0.189585,0.005944,0.000302,0.083041,15.168761,5.874274,0.000120,46.047567,16.361647,0.705353,522.186840,0.004375,6.819442,606.427603,613.251722,613.603353,0.351631,613.798882
1969,vehicle2,1357.720000,1357.528000,1559.907132,1,ok,34711,27714,1,0.274716,0.007706,0.000140,0.118824,12.764130,6.514794,0.000161,47.318344,13.817764,0.996057,536.741878,0.004401,7.488050,618.271952,625.764543,626.312865,0.548322,626.595287
1970,vehicle2,1357.926000,1357.727000,1560.691537,1,ok,34720,27712,1,0.169298,0.007710,0.000241,0.125219,22.491791,7.215246,0.000100,47.455695,20.118410,0.718527,533.469969,0.029810,7.869340,631.594957,639.494348,640.277966,0.783618,640.454974
1971,vehicle2,1358.124000,1357.926000,1561.473379,1,ok,34802,27896,1,0.191005,0.007310,0.000392,0.132939,15.865521,10.080323,0.000106,52.129243,12.980019,0.718505,541.348846,0.003751,7.678295,633.255502,640.937940,641.305906,0.367966,641.504221
1972,vehicle2,1358.315000,1358.124000,1562.227023,1,ok,34901,28108,1,0.163141,0.007306,0.000293,0.117470,14.150955,6.035392,0.000084,49.807466,23.710727,0.857586,513.891163,0.004557,9.060646,608.570843,617.636339,617.951148,0.314809,618.121595
1973,vehicle2,1358.537000,1358.322000,1563.075631,1,ok,35005,28280,1,0.175435,0.006521,0.000405,0.139918,16.391324,9.441122,0.000113,61.718764,14.125283,0.719848,540.074944,0.011713,9.301385,642.611316,651.924819,652.576097,0.651278,652.758053
1974,vehicle2,1358.738000,1358.515000,1563.752739,1,ok,34975,28458,1,0.171790,0.005301,0.000161,0.080394,30.318491,7.841302,0.000087,48.749637,15.984804,0.718380,552.182706,0.004930,7.215804,655.875801,663.096696,663.574216,0.477520,663.751307
1975,vehicle2,1358.916000,1358.717000,1564.396621,1,ok,34453,28351,1,0.351873,0.007993,0.000174,0.122137,13.903591,6.427204,0.000036,48.853850,15.756368,0.707517,528.306828,0.014908,8.295271,614.077531,622.387884,623.317118,0.929234,623.676984
1976,vehicle2,1359.123000,1358.924000,1565.203103,1,ok,33515,27827,1,0.277625,0.226216,0.000276,0.120420,16.558489,9.644747,0.000153,45.007943,15.482231,0.992483,527.228895,0.021637,9.225614,615.035361,624.282888,624.914730,0.631842,625.418571
1977,vehicle2,1359.315000,1359.123000,1565.956993,1,ok,33071,27626,1,0.147079,0.011278,0.000312,0.148749,12.955427,8.132408,0.000150,45.221494,13.325709,0.744146,515.824932,0.004827,7.587121,596.353015,603.945275,604.782642,0.837367,604.940999
1978,vehicle2,1359.516000,1359.315000,1566.652101,1,ok,32844,27359,1,0.311451,0.008404,0.000185,0.126114,25.285567,9.339673,0.000115,44.288184,16.418757,0.951329,529.771488,0.006304,6.775309,626.181227,632.963025,633.821866,0.858841,634.141721
1979,vehicle2,1359.716000,1359.523000,1567.428578,1,ok,32043,26420,1,0.250964,0.006995,0.000150,0.094687,18.467585,8.389195,0.000133,51.131215,13.578453,0.735370,519.891385,0.006386,9.105088,612.288023,621.399647,621.983125,0.583478,622.241084
1980,vehicle2,1359.925000,1359.724000,1568.176189,1,ok,31981,26142,1,0.282083,0.010171,0.000254,0.122531,15.660796,6.648953,0.000105,46.086807,12.765128,1.692578,494.026545,0.013575,8.436225,577.003443,585.453497,585.827274,0.373777,586.119528
1981,vehicle2,1360.117000,1359.925000,1568.860420,1,ok,33368,27025,1,0.155071,0.006529,0.000587,0.144001,18.082566,7.129038,0.000102,57.092144,12.943607,0.945183,493.663214,0.004207,7.998198,589.999855,598.002847,598.719703,0.716856,598.881303
1982,vehicle2,1360.324000,1360.125000,1569.669740,1,ok,34535,27673,1,0.160018,0.010915,0.000350,0.225262,21.831370,7.802810,0.000195,42.021793,13.145778,0.811009,483.282897,0.071496,7.372093,569.121114,576.565053,576.951021,0.385968,577.121954
1983,vehicle2,1360.516000,1360.324000,1570.356826,1,ok,34095,26953,1,0.237743,0.007284,0.000224,0.074046,31.197382,7.887403,0.000132,46.205734,15.077967,0.987482,490.380192,0.005222,7.125528,591.810338,598.941312,599.865890,0.924578,600.110917
1984,vehicle2,1360.707000,1360.516000,1570.960910,1,ok,33532,26188,1,0.158544,0.010290,0.000198,0.115080,15.003160,8.413624,0.000106,44.916235,14.327273,0.721042,471.938910,0.004018,6.214637,555.435430,561.654283,562.113419,0.459136,562.282253
1985,vehicle2,1360.915000,1360.716000,1571.676658,1,ok,32988,25734,1,0.146277,0.008253,0.000214,0.146257,10.522836,9.595265,0.000101,49.187511,13.806834,0.802606,459.548047,0.004306,7.797570,543.609457,551.411547,551.835435,0.423888,551.989965
1986,vehicle2,1361.113000,1360.921000,1572.428836,1,ok,32565,25798,1,0.299265,0.007025,0.000274,0.112753,13.350910,8.491531,0.000191,44.808014,15.268580,0.931000,438.483504,0.005104,7.008025,521.446483,528.459886,529.782546,1.322660,530.088836
1987,vehicle2,1361.315000,1361.122000,1573.211701,1,ok,32052,25623,1,0.291157,0.007408,0.000168,0.113491,13.105956,10.245757,0.000165,52.585988,11.975729,0.729762,427.495968,0.005127,7.350601,516.252816,523.608712,524.312562,0.703850,524.611127
1988,vehicle2,1361.508000,1361.323000,1573.964896,1,ok,31655,25455,1,0.120771,0.005420,0.000256,0.067604,10.130167,10.264320,0.000093,40.838847,13.115078,0.733436,419.822342,0.142675,7.093646,494.971887,502.208464,502.713447,0.504983,502.839638
1989,vehicle2,1361.717000,1361.524000,1574.796318,1,ok,31301,25249,1,0.168721,0.008626,0.000144,0.092727,9.877111,9.453615,0.000084,43.293921,12.555441,0.716334,458.378419,0.003574,6.482931,534.367652,540.854301,541.509082,0.654781,541.686429
1990,vehicle2,1361.918000,1361.725000,1575.598692,1,ok,31053,25027,1,0.298159,0.008637,0.000274,0.135741,13.504450,10.212595,0.000293,51.054639,10.707892,0.706098,468.633126,0.004619,7.648295,554.954834,562.608022,562.960735,0.352713,563.267531
1991,vehicle2,1362.108000,1361.926000,1576.375369,1,ok,30908,24773,1,0.336386,0.009643,0.000159,0.131165,15.276071,8.270134,0.000130,46.583516,11.084725,1.024295,434.855195,0.007149,8.668941,517.225231,525.901480,526.746723,0.845243,527.092752
1992,vehicle2,1362.316000,1362.125000,1577.166659,1,ok,30811,24663,1,0.282997,0.301452,0.000162,0.108484,12.864975,9.210193,0.000102,44.935545,13.404802,0.882981,430.321023,0.004978,8.417985,511.728105,520.151230,521.223138,1.071908,521.807587
1993,vehicle2,1362.510000,1362.324000,1577.909718,1,ok,30768,24608,1,0.153344,0.006468,0.000250,0.147528,11.968570,8.442048,0.000147,43.962647,11.077205,0.702674,407.854186,0.013972,7.357213,484.155005,491.526440,491.882002,0.355562,492.041814
1994,vehicle2,1362.709000,1362.526000,1578.715572,1,ok,30767,24477,1,0.134501,0.007241,0.000258,0.111233,8.975714,8.236325,0.000080,51.539891,11.977686,0.778569,432.933296,0.015448,7.291317,514.552794,521.859817,522.241306,0.381489,522.383048
1995,vehicle2,1362.907000,1362.722000,1579.491618,1,ok,30782,24274,1,0.241626,0.007922,0.000182,0.110086,12.969204,11.822041,0.000123,42.277446,13.094622,0.730802,417.527487,0.004502,7.969708,498.531811,506.506203,506.997847,0.491644,507.247395
1996,vehicle2,1363.108000,1362.923000,1580.270870,1,ok,30829,24171,1,0.136149,0.012603,0.000125,0.111222,15.261979,8.245055,0.000120,43.916537,13.618286,0.767982,413.206001,0.004133,7.719180,495.127182,502.850620,503.449140,0.598520,503.597892
1997,vehicle2,1363.308000,1363.122000,1581.043766,1,ok,30970,24070,1,0.165002,0.004826,0.000199,0.070024,9.647373,8.921717,0.000141,47.331733,11.364842,0.713141,404.478192,0.004223,9.562662,482.527163,492.094247,492.455215,0.360968,492.625043
1998,vehicle2,1363.509000,1363.322000,1581.857116,1,ok,31276,23961,1,0.163158,0.006831,0.000185,0.095282,10.433249,10.841377,0.000099,48.309425,11.217171,1.967060,411.863921,0.005286,6.373420,494.727584,501.106475,501.505465,0.398990,501.675454
1999,vehicle2,1363.707000,1363.525000,1582.642323,1,ok,31733,24063,1,0.167103,0.006260,0.000230,0.076638,16.660028,9.586021,0.000114,55.972541,10.758807,0.721650,412.356521,0.068431,8.212607,506.132320,514.413588,514.859282,0.445694,515.032645
2000,vehicle2,1363.909000,1363.722000,1583.412758,1,ok,32258,24227,1,0.289796,0.005215,0.000137,0.076864,8.854390,10.149868,0.000083,45.904966,10.617715,0.714705,403.964641,0.004715,8.979336,480.283232,489.267420,489.897167,0.629747,490.192178
2001,vehicle2,1364.118000,1363.925000,1584.221765,1,ok,33086,24884,1,0.201395,0.006938,0.000196,0.122186,21.435408,8.789695,0.000044,49.067884,13.759032,0.938674,422.405821,0.003652,8.094780,516.518744,524.617372,525.400424,0.783052,525.608757
2002,vehicle2,1364.307000,1364.126000,1584.984972,1,ok,33856,25599,1,0.326972,0.007887,0.000231,0.124646,17.967030,11.481580,0.000413,49.912234,11.275886,0.782965,419.013610,0.032560,7.263150,510.558364,517.854305,518.558863,0.704558,518.893722
2003,vehicle2,1364.508000,1364.324000,1585.764109,1,ok,34413,26225,1,0.133955,0.006094,0.000172,0.106078,15.148844,10.542660,0.000076,44.771664,12.610053,1.629866,416.914653,0.019193,8.165577,501.723894,509.908836,510.365953,0.457117,510.506002
2004,vehicle2,1364.709000,1364.524000,1586.514868,1,ok,34496,26332,1,0.286414,0.004838,0.000233,0.077590,10.304116,8.519768,0.000166,44.217626,11.700482,0.764635,386.945765,1.154266,6.502866,462.530148,470.187513,470.496053,0.308540,470.787305
2005,vehicle2,1364.909000,1364.724000,1587.288613,1,ok,34478,26354,1,0.137183,0.004733,0.000216,0.081319,11.214409,9.064262,0.000084,43.338497,13.074544,0.716348,391.326514,0.003645,7.051437,468.815977,475.871275,476.267829,0.396554,476.409745
2006,vehicle2,1365.108000,1364.917000,1588.111428,1,ok,34433,26376,1,0.340654,0.008315,0.000187,0.132959,13.456970,9.417915,0.000094,44.397869,11.643515,0.779507,383.005795,0.003811,7.144705,462.834624,469.983327,470.331540,0.348213,470.680509
2007,vehicle2,1365.316000,1365.125000,1588.998699,1,ok,34215,26378,1,0.172787,0.008468,0.000240,0.134948,15.326593,16.262189,0.000130,60.664797,17.006043,1.029553,439.611531,0.003674,9.258524,550.035784,559.298222,559.921366,0.623144,560.102621
2008,vehicle2,1365.509000,1365.322000,1589.688268,1,ok,31735,26855,1,0.274952,0.006769,0.000139,0.065873,19.280611,8.556914,0.000202,50.220768,11.807532,0.910358,380.614316,0.003667,7.429527,471.456574,478.889907,479.444617,0.554710,479.726338
2009,vehicle2,1365.689000,1365.526000,1590.414115,1,ok,27978,24558,1,0.141432,0.005840,0.000235,0.106244,14.741384,9.068966,0.000104,42.379421,12.619872,0.877205,345.518382,0.003680,9.150143,425.311578,434.465636,435.223901,0.758265,435.371173
2010,vehicle2,1365.836000,1365.716000,1591.021038,1,ok,24694,21612,1,0.109392,0.005709,0.000224,0.096983,10.686273,12.197962,0.000128,38.976234,9.928975,0.936607,283.070728,0.049123,7.936237,355.893890,363.879474,364.249277,0.369803,364.364378
2011,vehicle2,1366.073000,1365.926000,1591.820731,1,ok,24574,21293,1,0.087379,0.009428,0.000397,0.070267,10.345987,9.102853,0.000189,41.161345,11.398875,0.887017,296.862905,0.004241,7.353819,369.829438,377.187895,378.080672,0.892777,378.177479
2012,vehicle2,1366.275000,1366.127000,1592.572233,1,ok,24251,20848,1,0.292128,0.009572,0.000197,0.076656,9.385657,8.445260,0.000091,37.250881,9.046610,0.927402,298.855005,0.004227,8.914737,363.987562,372.906723,373.675090,0.768367,373.976790
2013,vehicle2,1366.487000,1366.323000,1593.341885,1,ok,23089,19405,1,0.285123,0.008219,0.000255,0.136993,7.274137,8.685527,0.000117,38.312187,7.934117,0.716742,291.824367,0.004581,7.754583,354.884187,362.643606,363.229150,0.585544,363.522492
2014,vehicle2,1366.695000,1366.526000,1594.126873,1,ok,21623,17765,1,0.157723,0.007292,0.000237,0.076955,6.847335,11.927313,0.000131,50.022083,11.249201,1.023723,319.851119,0.015378,9.921599,400.997860,410.935074,411.488210,0.553136,411.653225
2015,vehicle2,1366.859000,1366.728000,1594.834313,1,ok,20524,16428,1,0.146107,0.009130,0.000192,0.078299,8.321877,10.886247,0.000120,32.787632,7.281982,0.875561,261.624104,0.193864,8.144705,321.855822,330.194583,331.144403,0.949820,331.299640
2016,vehicle2,1367.105000,1366.930000,1595.563561,1,ok,19691,15250,1,0.093758,0.006179,0.000212,0.069056,7.568027,12.668112,0.000103,38.776536,6.731559,0.738497,263.718350,0.004200,8.197717,330.270240,338.472369,339.312015,0.839646,339.411952
2017,vehicle2,1367.226000,1367.118000,1596.189268,1,ok,18838,14253,1,0.073644,0.088821,0.000227,0.080521,5.943751,15.210012,0.000116,39.454394,6.772335,0.863419,273.170528,0.016309,9.382261,341.495076,350.893873,351.528033,0.634160,351.690498
2018,vehicle2,1367.455000,1367.322000,1597.008380,1,ok,18848,14112,1,0.193265,0.008335,0.000326,0.068405,11.655968,10.340701,0.000112,35.015827,6.862262,0.704203,297.980363,0.003980,8.670073,362.627841,371.302220,371.752159,0.449939,371.953759
2019,vehicle2,1367.663000,1367.529000,1597.771650,1,ok,18764,13851,1,0.149201,0.006553,0.000118,0.046943,7.892230,10.521494,0.000085,34.799617,6.236834,0.709028,296.204341,0.003442,7.808100,356.410572,364.222232,364.705245,0.483013,364.860999
2020,vehicle2,1367.857000,1367.724000,1598.520897,1,ok,18118,13332,1,0.084998,0.005722,0.000182,0.032438,5.051795,10.814298,0.000092,35.510160,6.536456,1.005099,292.657136,0.003722,8.678010,351.607474,360.289388,360.842289,0.552901,360.933009
2021,vehicle2,1368.024000,1367.923000,1599.198320,1,ok,16249,11746,1,0.060001,0.037886,0.000407,0.069814,4.224272,10.078731,0.000129,30.732697,7.587338,0.785267,233.973343,0.063547,6.189338,287.451591,293.704883,294.225670,0.520787,294.323557
2022,vehicle2,1368.213000,1368.124000,1599.806836,1,ok,13829,9629,1,0.114057,0.005800,0.000160,0.048491,8.184581,9.979790,0.000118,28.465974,4.258333,0.680917,131.752461,0.004489,7.278706,183.370665,190.654020,191.090878,0.436858,191.210735
2023,vehicle2,1368.415000,1368.325000,1600.515141,1,ok,12137,8230,1,0.187118,0.009882,0.000172,0.043235,2.133169,7.938336,0.000074,26.307221,2.887104,0.709094,92.275194,0.003238,7.127607,132.293427,139.424444,139.832827,0.408383,140.029827
2024,vehicle2,1368.615000,1368.524000,1601.279924,1,ok,12599,8941,1,0.041378,0.009107,0.000510,0.054536,4.045799,8.913930,0.000072,27.278926,3.884453,0.919836,120.468183,0.010583,7.627697,165.565735,173.204525,173.797522,0.592997,173.848007
2025,vehicle2,1368.816000,1368.723000,1602.016696,1,ok,13926,10469,1,0.123844,0.009941,0.000232,0.049448,4.132187,9.500891,0.000128,28.524826,4.103843,0.878730,121.369012,0.004981,7.508019,168.559065,176.072297,176.689928,0.617631,176.823713
2026,vehicle2,1369.023000,1368.923000,1602.821988,1,ok,15014,11779,1,0.043759,0.005890,0.000282,0.040587,3.903970,8.932653,0.000081,31.683007,4.661190,0.676167,181.071719,0.004163,7.321300,230.969374,238.295119,238.587603,0.292484,238.637252
2027,vehicle2,1369.234000,1369.123000,1603.630327,1,ok,15873,13232,1,0.083727,0.008707,0.000254,0.069089,6.619767,9.454476,0.000101,34.953428,7.904267,0.709093,232.315689,0.013165,7.941614,292.025910,299.980943,300.295383,0.314440,300.387817
2028,vehicle2,1369.425000,1369.337000,1604.349582,1,ok,16489,14534,1,0.151995,0.006923,0.000331,0.069913,7.756520,8.980318,0.000109,34.726722,7.748095,0.746745,239.435489,0.004797,6.839426,299.463911,306.308465,306.773074,0.464609,306.931992
2029,vehicle2,1369.668000,1369.522000,1605.125285,1,ok,16940,15404,1,0.122611,0.006239,0.000275,0.042611,7.469340,11.831038,0.000135,36.389666,9.656164,0.941132,259.322055,0.004130,8.793964,325.652141,334.450510,335.090215,0.639705,335.219065
2030,vehicle2,1369.876000,1369.722000,1605.846243,1,ok,17393,15875,1,0.174719,0.013612,0.000203,0.085571,8.939235,7.578208,0.000092,37.931898,8.319995,0.717999,252.859518,0.006664,8.500408,316.432516,324.939791,325.727053,0.787262,325.915384
2031,vehicle2,1370.088000,1369.926000,1606.609504,1,ok,18142,16634,1,0.060230,0.006013,0.000207,0.038824,10.008408,8.680474,0.000102,37.483398,8.909107,0.702402,304.259734,0.003587,7.960662,370.082449,378.046905,378.330058,0.283153,378.396301
2032,vehicle2,1370.312000,1370.125000,1607.393122,1,ok,18776,17210,1,0.350052,0.010352,0.000267,0.065704,12.703211,10.544338,0.000088,40.264439,10.356934,0.943159,330.967106,0.070095,8.156876,405.844979,414.072217,415.086560,1.014343,415.446964
2033,vehicle2,1370.520000,1370.330000,1608.166176,1,ok,19273,17632,1,0.085768,0.009824,0.000147,0.086413,10.120326,8.476317,0.000096,43.761846,11.012322,2.143198,352.586481,0.003744,6.980915,428.186999,435.171805,435.619800,0.447995,435.715392
2034,vehicle2,1370.713000,1370.528000,1608.790115,1,ok,19543,17904,1,0.105128,0.005447,0.000363,0.074811,8.492183,9.993570,0.000200,37.560408,10.298007,1.019466,361.336003,0.003796,6.641760,428.774648,435.420567,435.899209,0.478642,436.009784
2035,vehicle2,1370.913000,1370.727000,1609.545272,1,ok,19659,18004,1,0.187495,0.009389,0.000192,0.101275,10.762740,9.412749,0.000074,39.239119,10.950812,0.714685,360.467651,0.012078,9.382889,431.649105,441.044264,441.691726,0.647462,441.888610
2036,vehicle2,1371.114000,1370.931000,1610.292196,1,ok,19775,18110,1,0.096356,0.006832,0.000258,0.065669,7.729792,9.876295,0.000077,41.762509,8.679043,0.758858,352.939019,0.011021,8.242262,421.811262,430.064803,431.106241,1.041438,431.209429
2037,vehicle2,1371.319000,1371.131000,1611.063736,1,ok,19821,18159,1,0.114860,0.006237,0.000148,0.078876,10.474427,10.083512,0.000136,50.566606,10.707953,0.728462,359.716482,0.054680,6.656944,442.356454,449.068226,449.394228,0.326002,449.515325
2038,vehicle2,1371.512000,1371.325000,1611.715583,1,ok,19860,18191,1,0.086920,0.007403,0.000405,0.097177,8.590283,8.144042,0.000075,41.494378,9.823986,0.992072,371.318215,0.004408,6.181056,440.460228,446.646097,447.145966,0.499869,447.240289
2039,vehicle2,1371.713000,1371.527000,1612.462798,1,ok,19801,18137,1,0.071236,0.007509,0.000321,0.093856,8.947309,9.281167,0.000093,41.052738,10.967245,1.011470,382.950911,0.004378,6.919324,454.304789,461.228812,461.752927,0.524115,461.831672
2040,vehicle2,1371.911000,1371.729000,1613.217294,1,ok,19782,18119,1,0.230678,0.010586,0.000389,0.091212,9.978077,8.546241,0.000087,37.815574,10.507799,0.921976,370.194229,0.005407,9.277210,438.055195,447.338201,447.793468,0.455267,448.034732
2041,vehicle2,1372.112000,1371.919000,1613.869705,1,ok,19769,18106,1,0.207473,0.007406,0.000278,0.078291,8.715423,8.191680,0.000126,38.702770,11.715699,0.946294,379.035942,0.003836,6.869834,447.386225,454.260173,454.809838,0.549665,455.024717
2042,vehicle2,1372.311000,1372.125000,1614.664241,1,ok,19810,18144,1,0.167076,0.007364,0.000261,0.081594,7.827937,9.350459,0.000130,42.278206,13.991877,0.972070,392.112092,0.007282,7.272859,466.614365,473.894767,474.322913,0.428146,474.497353
2043,vehicle2,1372.512000,1372.326000,1615.447260,1,ok,19805,18136,1,0.188286,0.019904,0.000223,0.060214,7.662418,9.520525,0.000105,41.530847,9.388176,0.713274,401.772532,0.012684,7.698151,470.648091,478.359149,478.672702,0.313553,478.880892
2044,vehicle2,1372.711000,1372.529000,1616.207460,1,ok,19805,18135,1,0.188823,0.011493,0.000317,0.102134,9.591017,11.789473,0.000120,40.499148,10.131445,1.874747,393.759153,0.005991,6.692822,467.747237,474.446367,474.907788,0.461421,475.108104
2045,vehicle2,1372.912000,1372.722000,1616.960936,1,ok,19832,18161,1,0.117636,0.008331,0.000360,0.085586,8.001246,10.263516,0.000132,42.519242,9.349968,0.712735,369.818507,0.003897,6.478760,440.750932,447.233949,447.541099,0.307150,447.667066
2046,vehicle2,1373.113000,1372.929000,1617.720807,1,ok,19837,18162,1,0.074146,0.011278,0.000542,0.085339,8.381036,9.656312,0.000074,41.704541,10.914586,0.822517,406.655846,0.003032,6.861173,478.220251,485.084998,485.707779,0.622781,485.793203
2047,vehicle2,1373.313000,1373.128000,1618.509979,1,ok,19822,18148,1,0.065740,0.007044,0.000289,0.067266,11.607068,9.872415,0.000161,39.163528,9.384538,0.878278,418.695237,0.004199,7.186654,489.668491,496.859633,497.171447,0.311814,497.244231
2048,vehicle2,1373.512000,1373.329000,1619.259203,1,ok,19775,18104,1,0.173547,0.006203,0.000144,0.072345,8.925896,8.016782,0.000122,38.443733,9.303795,0.975801,400.361063,0.013442,6.795482,466.099537,472.908605,473.289418,0.380813,473.469168
2049,vehicle2,1373.711000,1373.528000,1619.978160,1,ok,19751,18077,1,0.105563,0.005587,0.000160,0.051089,5.395270,10.565859,0.000096,38.498917,9.802812,0.711558,375.552489,0.006020,7.629662,440.578090,448.213932,448.811676,0.597744,448.922826
2050,vehicle2,1373.913000,1373.726000,1620.728874,1,ok,19773,18103,1,0.266051,3.298366,0.000304,0.071647,4.531542,8.020961,0.000100,38.442229,7.565996,0.704990,355.755560,0.004439,6.481128,415.093025,421.578896,421.876959,0.298063,425.441376
2051,vehicle2,1374.112000,1373.928000,1621.511810,1,ok,19752,18074,1,0.102202,0.007728,0.000243,0.079244,6.557459,8.918372,0.000104,37.877807,9.277871,0.915061,372.605492,0.003985,8.738096,436.231410,444.973734,445.594984,0.621250,445.704914
2052,vehicle2,1374.313000,1374.122000,1622.339490,1,ok,19723,18048,1,0.067584,0.006145,0.000136,0.068898,5.668444,9.563194,0.000133,40.595184,8.967267,0.696936,412.870162,0.004122,6.914223,478.430218,485.348699,485.663970,0.315271,485.737699
2053,vehicle2,1374.513000,1374.329000,1623.099909,1,ok,19714,18049,1,0.129106,0.007302,0.000389,0.062700,5.603942,8.506107,0.000095,36.459484,10.407130,0.881213,386.521763,0.013567,7.905612,448.442434,456.362002,456.676519,0.314517,456.812927
2054,vehicle2,1374.714000,1374.527000,1623.840741,1,ok,19725,18068,1,0.185188,0.007333,0.000300,0.561879,4.615986,9.267407,0.000115,37.218831,10.539418,0.817170,356.115051,0.005427,8.240770,419.135857,427.382354,428.360131,0.977777,428.552652
2055,vehicle2,1374.911000,1374.731000,1624.604974,1,ok,19751,18088,1,0.100768,0.006470,0.000228,0.094760,6.408198,10.972993,0.000222,41.464686,8.376299,0.703645,366.677667,0.005681,6.349277,434.698470,441.053656,441.384844,0.331188,441.492082
2056,vehicle2,1375.112000,1374.923000,1625.405929,1,ok,19782,18119,1,0.106476,0.006314,0.000157,0.093632,5.809472,9.395957,0.000100,36.599837,9.795202,0.762551,387.813013,0.003349,9.096946,450.269764,459.370216,459.971782,0.601566,460.084572
2057,vehicle2,1375.258000,1375.129000,1626.087380,1,ok,19801,18133,1,0.091589,0.008701,0.000388,0.094718,5.356584,9.144709,0.000093,34.693538,7.819502,0.935165,319.898100,0.003760,7.625009,377.942409,385.571566,385.944179,0.372613,386.044469
2058,vehicle2,1375.475000,1375.318000,1626.794063,1,ok,19788,18118,1,0.092193,0.020959,0.000335,0.079325,5.451840,7.943791,0.000176,36.479943,7.377805,0.717860,342.213993,0.004248,7.575434,400.264733,407.844750,408.496142,0.651392,408.609294
2059,vehicle2,1375.712000,1375.528000,1627.655910,1,ok,19768,18100,1,0.171821,0.007049,0.000200,0.057220,4.420045,8.032838,0.000111,37.737880,7.936435,0.719006,412.047905,0.119358,7.731908,470.951440,478.802906,479.218250,0.415344,479.397120
2060,vehicle2,1375.871000,1375.728000,1628.359776,1,ok,19755,18086,1,0.249049,0.076299,0.000444,0.104398,4.074966,7.524575,0.000230,34.228333,7.300375,0.880510,316.475787,0.004309,7.999282,370.589174,378.593209,379.216771,0.623562,379.542119
2061,vehicle2,1376.032000,1375.928000,1629.109843,1,ok,19768,18102,1,0.093302,0.007295,0.000227,0.069612,5.424967,7.744495,0.000117,36.043585,9.401813,0.698812,287.290866,0.007401,7.810666,346.674267,354.492561,355.298966,0.806405,355.399563
2062,vehicle2,1376.228000,1376.127000,1629.899881,1,ok,19768,18105,1,0.074149,0.008611,0.000238,0.081902,5.053550,7.718432,0.000072,35.329223,9.124676,0.740736,283.127075,0.006091,8.215763,341.175666,349.397758,349.994609,0.596851,350.077369
2063,vehicle2,1376.514000,1376.328000,1630.784548,1,ok,19729,18070,1,0.084989,0.010262,0.000261,0.066999,5.516538,8.528711,0.000094,37.520400,12.232490,0.952399,392.691913,0.003607,6.159240,457.509544,463.672652,465.365451,1.692799,465.460702
2064,vehicle2,1376.711000,1376.529000,1631.496185,1,ok,19735,18072,1,0.182405,0.010634,0.000214,0.063393,5.945681,9.385619,0.000097,34.122473,7.430336,0.832349,352.941622,0.002862,9.581291,410.721570,420.305937,421.000980,0.695043,421.194019
2065,vehicle2,1376.864000,1376.726000,1632.184786,1,ok,19761,18103,1,0.107428,0.009990,0.000241,0.070001,4.257596,8.087657,0.000090,34.084936,8.716421,0.990160,297.279790,0.173759,7.043533,353.486651,360.704184,361.564556,0.860372,361.681974
2066,vehicle2,1377.110000,1376.932000,1633.023685,1,ok,19738,18079,1,0.163223,0.006738,0.000225,0.075124,5.568623,12.436579,0.000244,33.549148,9.679904,0.713131,350.044105,0.004619,6.205934,412.066858,418.277636,418.798943,0.521307,418.968904
2067,vehicle2,1377.251000,1377.127000,1633.733989,1,ok,19717,18056,1,0.077259,0.007310,0.000335,0.084400,5.954206,10.069422,0.000085,34.327083,9.681120,0.903363,303.704842,0.003205,7.872760,364.724521,372.600821,373.628212,1.027391,373.712781
2068,vehicle2,1377.513000,1377.331000,1634.640785,1,ok,19739,18068,1,0.161886,0.006698,0.000148,0.062334,11.912276,9.167713,0.000120,37.713225,13.282905,0.877347,418.184775,0.004693,7.726274,491.200695,498.931810,499.817698,0.885888,499.986282
2069,vehicle2,1377.712000,1377.529000,1635.394363,1,ok,19716,18040,1,0.189464,0.007500,0.000325,0.079567,8.841932,13.550785,0.000169,41.947501,12.515577,0.924947,407.109307,0.003787,6.328123,484.969785,491.302020,491.865423,0.563403,492.062387
2070,vehicle2,1377.911000,1377.727000,1636.153940,1,ok,19713,18036,1,0.094708,0.005042,0.000166,0.077993,5.978298,10.619749,0.000099,36.945098,10.115442,0.736262,400.188405,0.030531,7.724812,464.661346,472.416855,473.043151,0.626296,473.142901
2071,vehicle2,1378.103000,1377.926000,1636.960312,1,ok,19669,18000,1,0.099405,0.009486,0.000338,0.078661,8.081535,9.311469,0.000168,40.028868,8.456569,0.690555,391.585835,0.005051,6.723823,458.233660,464.962872,465.448698,0.485826,465.557589
2072,vehicle2,1378.283000,1378.131000,1637.729728,1,ok,19665,17998,1,0.105654,0.010900,0.000307,0.084010,6.146230,8.811516,0.000142,37.214474,9.868674,0.725325,353.925525,0.011909,10.548043,416.775896,427.336155,427.937994,0.601839,428.054548
2073,vehicle2,1378.508000,1378.331000,1638.500562,1,ok,19704,18042,1,0.182089,0.004535,0.000255,0.072480,5.533135,8.049755,0.000117,36.004068,9.227106,0.856255,352.168376,0.003533,7.019648,411.911292,418.934728,419.232362,0.297634,419.418986
2074,vehicle2,1378.652000,1378.526000,1639.214932,1,ok,19719,18055,1,0.110142,0.007812,0.000196,0.075724,5.346626,7.701674,0.000085,31.915878,8.561842,0.989538,317.894651,0.005713,7.943182,372.486018,380.435109,381.344667,0.909558,381.462621
2075,vehicle2,1378.842000,1378.731000,1639.963902,1,ok,19731,18059,1,0.178334,0.008256,0.000254,0.080863,6.118214,8.411363,0.000218,33.694117,7.022559,0.686593,299.549137,0.003565,6.693625,355.563064,362.260508,362.615429,0.354921,362.802019
2076,vehicle2,1379.040000,1378.928000,1640.741532,1,ok,19756,18090,1,0.088310,0.009130,0.000487,0.066748,3.467452,7.466310,0.000176,31.329958,6.390951,0.916545,276.786229,0.014138,8.466956,326.424369,334.905950,335.356895,0.450945,335.454335
2077,vehicle2,1379.252000,1379.126000,1641.550479,1,ok,19761,18100,1,0.182482,0.009423,0.000410,0.078258,4.839184,8.054811,0.000202,36.339257,7.501466,0.700390,309.001087,0.012315,7.395737,366.514655,373.923117,374.428637,0.505520,374.620542
2078,vehicle2,1379.429000,1379.328000,1642.224112,1,ok,19710,18049,1,0.101597,0.005035,0.000335,0.074684,4.255333,9.494358,0.000093,29.308438,5.906239,0.918338,206.628272,0.005699,9.165091,256.585755,265.756880,266.208386,0.451506,266.315018
2079,vehicle2,1379.710000,1379.530000,1643.146808,1,ok,19717,18051,1,0.153693,0.017502,0.000254,0.062581,4.974355,8.340466,0.000125,36.098116,7.799951,0.745539,358.728732,0.005966,8.622049,416.749865,425.378134,426.202157,0.824023,426.373352
2080,vehicle2,1379.826000,1379.725000,1643.811508,1,ok,19714,18047,1,0.157420,0.006235,0.000200,0.080766,7.073509,8.490525,0.000117,34.922393,7.583298,0.710116,275.005503,0.004402,6.767199,333.866227,340.638028,341.283936,0.645908,341.447591
2081,vehicle2,1380.035000,1379.926000,1644.582734,1,ok,19692,18031,1,0.173646,0.005205,0.000161,0.050263,3.867155,9.883577,0.000081,31.495171,6.967354,0.758505,268.580299,0.005133,7.884244,321.602405,329.491943,329.878082,0.386139,330.056933
2082,vehicle2,1380.263000,1380.127000,1645.417486,1,ok,19663,18003,1,0.186361,0.008554,0.000187,0.066320,6.934291,9.985953,0.000132,40.808108,8.346359,0.692240,312.414385,0.060285,8.427198,379.247788,387.735458,388.082649,0.347191,388.277564
2083,vehicle2,1380.438000,1380.327000,1646.164418,1,ok,19706,18047,1,0.167763,0.008228,0.000267,0.068999,5.716472,7.800873,0.000105,35.674369,7.965105,0.875820,284.804570,0.015174,7.131113,342.906313,350.052867,350.496184,0.443317,350.672175
2084,vehicle2,1380.714000,1380.528000,1647.076302,1,ok,19748,18084,1,0.071156,0.006327,0.000282,0.077159,6.613710,8.305740,0.000090,43.160900,12.631013,0.840587,405.876222,0.004335,9.392243,477.505421,486.902281,487.243876,0.341595,487.321359
2085,vehicle2,1380.912000,1380.729000,1647.825619,1,ok,19714,18047,1,0.069897,0.005138,0.000192,0.049850,7.123155,8.732685,0.000339,39.196671,8.198211,0.691265,400.443310,0.006820,6.976546,464.435486,471.419044,471.755873,0.336829,471.830908
2086,vehicle2,1381.095000,1380.925000,1648.510618,1,ok,19675,18011,1,0.139438,0.009079,0.000582,0.085660,7.491241,8.070945,0.000113,34.660069,7.875399,0.861609,306.012568,0.004218,8.766077,365.057604,373.828481,374.232919,0.404438,374.381436
2087,vehicle2,1381.312000,1381.130000,1649.328477,1,ok,19690,18033,1,0.153557,0.006941,0.000221,0.073427,7.024642,10.784506,0.000191,39.852778,7.924405,0.705062,361.644030,0.034650,8.157947,428.009041,436.201859,436.614985,0.413126,436.775483
2088,vehicle2,1381.484000,1381.325000,1650.069097,1,ok,19672,18013,1,0.095970,0.007023,0.000235,0.080022,3.633216,8.441184,0.000093,32.910581,6.427198,0.714007,321.389778,0.004119,8.811192,373.596079,382.411625,382.715904,0.304279,382.818897
2089,vehicle2,1381.628000,1381.527000,1650.794500,1,ok,19656,17990,1,0.071694,0.006613,0.000251,0.070077,3.963677,8.733197,0.000108,33.439279,8.629701,0.909798,278.636707,0.004008,6.276919,334.382544,340.663722,341.341502,0.677780,341.419809
2090,vehicle2,1381.894000,1381.730000,1651.659043,1,ok,19634,17963,1,0.165426,0.008045,0.000209,0.083560,5.296286,9.706724,0.000077,34.259883,9.306946,0.958989,341.044989,0.003791,8.749583,400.657454,409.411037,409.784662,0.373625,409.958133
2091,vehicle2,1382.046000,1381.928000,1652.439782,1,ok,19678,18008,1,0.162934,3.532595,0.000211,0.075938,6.818502,10.153609,0.000086,34.783701,6.958717,0.704715,305.939205,0.003519,8.808247,365.434473,374.246450,375.481254,1.234804,379.176783
2092,vehicle2,1382.290000,1382.131000,1653.272333,1,ok,19647,17983,1,0.098876,0.005591,0.000170,0.047915,4.958110,10.671875,0.000089,40.125143,7.093251,0.858272,340.995502,0.011047,8.197332,404.750157,412.958706,413.716870,0.758164,413.821337
2093,vehicle2,1382.513000,1382.320000,1653.990955,1,ok,19603,17942,1,0.096637,0.007365,0.000344,0.052380,10.317336,7.718767,0.000093,46.129137,9.129363,0.926573,391.037267,0.071145,7.060987,465.310916,472.443392,472.906922,0.463530,473.010924
2094,vehicle2,1382.627000,1382.529000,1654.681865,1,ok,19610,17949,1,0.168652,0.007489,0.000455,0.080594,5.311510,9.207483,0.000118,30.616246,7.716370,0.882402,297.652502,0.006640,6.237180,351.467225,357.711500,358.199104,0.487604,358.375245
2095,vehicle2,1382.915000,1382.729000,1655.576785,1,ok,19647,17985,1,0.152304,0.006823,0.000229,0.049593,7.178020,8.473734,0.000085,38.145922,10.512989,0.733843,388.068426,0.004343,7.189183,453.162612,460.356367,460.726926,0.370559,460.886053
2096,vehicle2,1383.031000,1382.929000,1656.225551,1,ok,19588,17925,1,0.181953,0.012662,0.000357,0.096922,8.510753,8.101896,0.000114,33.913529,6.557340,0.688647,290.313564,0.004520,6.817656,348.182765,355.005298,356.802143,1.796845,356.996758
2097,vehicle2,1383.289000,1383.127000,1657.059771,1,ok,19608,17947,1,0.334058,0.008154,0.000291,0.085541,8.202705,11.069165,0.000265,41.380578,6.551022,0.774622,347.134096,0.003379,8.253314,415.197994,423.454978,424.118730,0.663752,424.460942
2098,vehicle2,1383.494000,1383.328000,1657.829862,1,ok,19596,17933,1,0.153313,0.007220,0.000275,0.069781,6.218955,11.693420,0.000098,34.561177,7.662125,0.730991,336.825611,0.003603,7.460015,397.762158,405.226051,405.802879,0.576828,405.963412
2099,vehicle2,1383.683000,1383.524000,1658.622387,1,ok,19581,17916,1,0.158403,0.005863,0.000215,0.039169,6.845977,8.981638,0.000164,41.549849,12.849546,0.714068,352.504644,0.015221,7.736999,423.485055,431.237490,431.569048,0.331558,431.733314
2100,vehicle2,1383.913000,1383.731000,1659.454622,1,ok,19590,17933,1,0.096753,0.023117,0.000301,0.074492,6.254466,7.713619,0.000110,36.581692,7.756760,0.694531,380.526958,0.003592,7.123541,439.602628,446.730062,447.037005,0.306943,447.156875
2101,vehicle2,1384.112000,1383.928000,1660.258520,1,ok,19599,17941,1,0.081409,0.007024,0.000280,0.121025,7.881096,10.512862,0.000094,39.393806,9.961674,0.727148,383.310184,0.003166,6.638174,451.907889,458.549509,458.955314,0.405805,459.043747
2102,vehicle2,1384.311000,1384.125000,1661.108951,1,ok,19578,17909,1,0.172119,0.007848,0.000203,0.082538,18.308089,10.403796,0.000100,53.350533,10.430300,1.015184,439.506763,0.005094,8.724593,533.097303,541.827193,542.237259,0.410066,542.417226
2103,vehicle2,1384.512000,1384.324000,1661.836613,1,ok,19582,17893,1,0.164634,0.007803,0.000320,0.082420,10.271563,9.011922,0.000187,38.792791,10.292288,0.755616,391.960025,0.009749,7.793725,461.166812,468.970606,469.458682,0.488076,469.631119
2104,vehicle2,1384.690000,1384.525000,1662.555404,1,ok,19558,17891,1,0.082082,0.006186,0.000238,0.081078,5.131600,7.823849,0.000093,35.949992,8.762327,0.697723,370.333452,0.029070,8.249031,428.780114,437.058453,437.468136,0.409683,437.556404
2105,vehicle2,1384.871000,1384.728000,1663.336468,1,ok,19527,17854,1,0.124355,0.007449,0.000296,0.078615,7.884268,11.428289,0.000154,35.477006,8.981957,1.747246,321.082110,0.004251,7.899909,386.679645,394.584101,395.381736,0.797635,395.513540
2106,vehicle2,1385.027000,1384.928000,1664.018107,1,ok,19574,17906,1,0.083417,0.007417,0.000242,0.077994,4.364386,12.550741,0.000215,30.575926,5.303560,1.646794,238.964906,0.003114,6.139241,293.484522,299.627119,299.986531,0.359412,300.077365
2107,vehicle2,1385.226000,1385.127000,1664.804709,1,ok,19582,17925,1,0.083212,0.008363,0.000326,0.076872,5.258851,7.973023,0.000213,38.695264,6.393491,0.773337,256.108773,0.025142,7.353289,315.279824,322.658581,323.110104,0.451523,323.201679
2108,vehicle2,1385.512000,1385.331000,1665.625361,1,ok,19585,17937,1,0.105133,0.008751,0.000258,0.077657,4.774054,8.269628,0.000093,33.404216,7.036053,0.726177,282.387054,0.004432,6.154835,336.674932,342.834457,343.375295,0.540838,343.489179
2109,vehicle2,1385.702000,1385.528000,1666.396874,1,ok,19560,17908,1,0.105510,0.004786,0.000243,0.044503,6.648011,8.446423,0.000075,36.718977,8.465639,0.706695,364.617941,0.072107,7.691243,425.648264,433.411857,433.743315,0.331458,433.853611
2110,vehicle2,1385.908000,1385.731000,1667.192445,1,ok,19578,17916,1,0.174703,0.009388,0.000406,0.091464,11.507335,9.280351,0.000100,38.715591,8.108254,0.925599,365.584322,0.003933,6.537364,434.213016,440.754719,441.514182,0.759463,441.698273
2111,vehicle2,1386.123000,1385.938000,1668.031844,1,ok,19553,17883,1,0.093698,0.010275,0.000223,0.080821,7.143965,9.387815,0.000326,35.654944,12.324759,1.069246,409.495233,0.003806,7.005587,475.157109,482.166725,483.086948,0.920223,483.190921
2112,vehicle2,1386.314000,1386.131000,1668.712647,1,ok,19536,17874,1,0.090787,0.005588,0.000216,0.053755,6.368134,11.002787,0.000131,37.495833,9.332602,0.749599,389.873280,0.006726,8.704755,454.876121,463.587818,463.993885,0.406067,464.090260
2113,vehicle2,1386.514000,1386.336000,1669.520629,1,ok,19553,17902,1,0.187780,0.008130,0.000224,0.083603,7.234038,8.562012,0.000076,40.670172,8.581905,0.785501,391.742098,0.004230,7.029139,457.659405,464.692998,464.979049,0.286051,465.174959
2114,vehicle2,1386.712000,1386.533000,1670.297059,1,ok,19617,17968,1,0.171534,0.006774,0.000227,0.075046,8.122706,8.643841,0.000081,35.813514,9.436655,0.693145,392.730264,0.163173,6.526596,455.515252,462.205248,462.704035,0.498787,462.882343
2115,vehicle2,1386.912000,1386.725000,1671.109444,1,ok,19589,17940,1,0.143812,0.006834,0.000316,0.057761,5.583440,7.922792,0.000079,38.129730,11.032172,0.744661,394.533086,0.003529,7.645348,458.003721,465.652914,466.045470,0.392556,466.196116
2116,vehicle2,1387.110000,1386.925000,1671.972875,1,ok,19496,17864,1,0.176939,0.007566,0.000319,0.164252,10.000728,9.534445,0.000110,39.360310,9.542593,1.099233,408.096445,0.005580,8.393958,477.798116,486.197973,487.134089,0.936116,487.318594
2117,vehicle2,1387.312000,1387.126000,1672.767598,1,ok,19472,17837,1,0.227819,0.007836,0.000417,0.083279,6.251477,8.656181,0.000179,39.227944,8.009819,0.698863,411.423864,0.003969,7.316799,474.351606,481.672791,482.158847,0.486056,482.394502
2118,vehicle2,1387.514000,1387.327000,1673.574430,1,ok,19438,17806,1,0.092118,0.008488,0.000220,0.088979,10.352167,10.709708,0.000111,40.937792,12.849521,1.142592,400.838190,0.005415,8.863984,476.919060,485.788679,486.382319,0.593640,486.482925
2119,vehicle2,1387.676000,1387.531000,1674.294228,1,ok,19424,17778,1,0.068238,0.007574,0.000241,0.073067,4.590635,10.684885,0.000127,36.103057,7.766183,0.707158,343.043098,0.004443,8.617351,402.968210,411.590245,411.969135,0.378890,412.044947
2120,vehicle2,1387.894000,1387.726000,1675.086001,1,ok,19443,17787,1,0.099832,0.005856,0.000218,0.061192,4.304767,13.420475,0.000218,35.585569,9.262719,0.765290,351.575811,0.198786,6.995688,414.976041,422.170733,422.659856,0.489123,422.765544
2121,vehicle2,1388.112000,1387.927000,1675.896470,1,ok,19439,17774,1,0.191690,0.008410,0.000403,0.094123,6.770354,9.012129,0.000105,35.781331,9.091980,0.950155,374.774375,0.004356,6.502129,436.474552,442.981440,443.423590,0.442150,443.623690
2122,vehicle2,1388.227000,1388.130000,1676.600051,1,ok,19443,17781,1,0.162908,0.007565,0.000325,0.079672,3.928742,7.534740,0.000103,33.764570,7.687061,0.915355,293.215727,0.006150,8.979672,347.125970,356.112117,356.502054,0.389937,356.672527
2123,vehicle2,1388.518000,1388.329000,1677.543265,1,ok,19456,17806,1,0.096133,0.005404,0.000303,0.043456,7.447810,8.093799,0.000194,43.277334,9.939120,0.743026,418.889776,0.005216,8.652902,488.434515,497.092936,497.372734,0.279798,497.474271
2124,vehicle2,1388.718000,1388.532000,1678.287711,1,ok,19486,17831,1,0.158512,0.006104,0.000357,0.063788,7.589240,7.673025,0.000139,38.761384,9.354530,0.714186,416.162875,0.004204,6.115577,480.319167,486.439305,486.710841,0.271536,486.875457
2125,vehicle2,1388.918000,1388.733000,1678.999812,1,ok,19498,17837,1,0.188581,0.010016,0.000367,0.108869,6.441486,8.334032,0.000075,36.450558,9.614366,0.713719,360.902848,0.012861,6.562483,422.565953,429.141664,429.694741,0.553077,429.893338
2126,vehicle2,1389.117000,1388.932000,1679.762755,1,ok,19465,17808,1,0.126731,0.005097,0.000217,0.057186,5.291209,10.320203,0.000092,35.694904,7.660667,0.690036,369.390070,0.003945,6.470698,429.104367,435.579227,435.893378,0.314151,436.025206
2127,vehicle2,1389.233000,1389.132000,1680.389652,1,ok,19478,17828,1,0.068010,0.008448,0.000261,0.086504,4.724256,9.902731,0.000131,40.018436,7.779985,0.680732,238.644303,0.003998,7.017408,301.837078,308.858745,309.414803,0.556058,309.491261
2128,vehicle2,1389.517000,1389.333000,1681.277563,1,ok,19498,17848,1,0.118993,0.006489,0.000231,0.068437,4.916693,9.015173,0.000126,33.304769,7.184986,0.689997,352.248828,0.003655,7.395412,407.429009,414.828307,415.259256,0.430949,415.384738
2129,vehicle2,1389.719000,1389.534000,1682.067965,1,ok,19463,17812,1,0.096756,0.006685,0.000258,0.093078,4.153149,7.984086,0.000073,38.307002,8.699371,1.017603,390.096760,0.004861,6.545250,450.351122,456.901491,457.364103,0.462612,457.467544
2130,vehicle2,1389.835000,1389.735000,1682.704202,1,ok,19425,17775,1,0.124272,0.006213,0.000242,0.075994,6.436155,8.449596,0.000169,31.467879,8.371985,0.914416,287.161713,0.004031,7.290782,342.877907,350.172962,350.907683,0.734721,351.038168
2131,vehicle2,1390.091000,1389.933000,1683.530582,1,ok,19412,17761,1,0.061186,0.007334,0.000476,0.074496,6.163036,10.193806,0.000083,32.331223,7.397088,0.744825,333.504439,0.069012,7.325624,390.408996,397.804108,398.134454,0.330346,398.202974
2132,vehicle2,1390.317000,1390.132000,1684.356879,1,ok,19414,17767,1,0.189412,0.008529,0.000254,0.076477,16.306668,8.350184,0.000093,38.268471,9.688415,1.022162,407.603598,0.005142,7.448791,481.316068,488.770255,489.726828,0.956573,489.924769
2133,vehicle2,1390.516000,1390.331000,1685.134793,1,ok,19434,17786,1,0.107140,0.006470,0.000248,0.078174,8.146985,8.111530,0.000129,36.658590,9.672236,0.699776,405.716963,0.003842,6.143998,469.084383,475.232471,475.648311,0.415840,475.761921
2134,vehicle2,1390.718000,1390.532000,1685.899897,1,ok,19448,17803,1,0.091122,0.140231,0.000110,0.084440,5.172404,7.317841,0.000097,36.311711,9.868847,0.971791,380.434612,0.005386,6.456812,440.161743,446.624051,447.347990,0.723939,447.579343
2135,vehicle2,1390.917000,1390.736000,1686.708489,1,ok,19417,17760,1,0.145477,0.008697,0.000205,0.057526,7.828378,8.919642,0.000076,42.201375,11.507210,0.894076,422.187921,0.003979,7.645177,493.596204,501.245565,501.558943,0.313378,501.713117
2136,vehicle2,1391.035000,1390.931000,1687.329830,1,ok,19400,17740,1,0.111995,0.012793,0.000355,0.077092,5.137610,10.208420,0.000250,38.340286,7.130177,0.713352,289.192012,0.004524,7.385173,350.799199,358.189251,358.711824,0.522573,358.836612
2137,vehicle2,1391.311000,1391.133000,1688.182222,1,ok,19412,17745,1,0.223241,0.010264,0.000385,0.085147,5.041708,7.505489,0.000113,36.909485,8.230996,0.698194,364.188017,0.110463,10.008567,422.659149,432.778564,433.256035,0.477471,433.489540
2138,vehicle2,1391.432000,1391.330000,1688.820786,1,ok,19401,17747,1,0.155592,0.005187,0.000388,0.052824,3.638722,7.478817,0.000093,30.391585,5.673452,0.759349,241.319673,0.004855,7.519149,289.314515,296.838907,297.131600,0.292693,297.292379
2139,vehicle2,1391.718000,1391.537000,1689.741100,1,ok,19357,17713,1,0.085579,0.010114,0.000284,0.088925,6.409624,8.778212,0.000107,36.887637,9.668364,0.793736,369.541954,0.004530,6.633244,432.168559,438.806617,439.422064,0.615447,439.517757
2140,vehicle2,1391.913000,1391.732000,1690.466386,1,ok,19352,17712,1,0.174759,0.007002,0.000307,0.079202,5.402506,9.481233,0.000133,35.474217,9.444585,0.879804,366.197637,0.004867,7.135690,426.959317,434.100181,434.631696,0.531515,434.813457
2141,vehicle2,1392.115000,1391.930000,1691.224306,1,ok,19367,17730,1,0.178595,0.030649,0.000242,0.103287,7.995726,10.654378,0.000144,37.546101,10.197942,0.716881,335.495862,0.005890,7.363498,402.710321,410.079951,410.690125,0.610174,410.899369
2142,vehicle2,1392.318000,1392.133000,1692.013069,1,ok,19374,17746,1,0.221603,0.008247,0.000238,0.069909,7.205079,8.449075,0.000086,39.456879,7.816101,0.692246,388.586918,0.112127,9.309180,452.276293,461.697838,462.198868,0.501030,462.428718
2143,vehicle2,1392.517000,1392.334000,1692.790036,1,ok,19381,17740,1,0.171907,0.006469,0.000263,0.056749,8.344451,11.566894,0.000110,37.313173,8.586697,0.699065,399.558435,0.005083,6.323581,466.125574,472.454501,472.770735,0.316234,472.949111
2144,vehicle2,1392.717000,1392.532000,1693.561249,1,ok,19360,17715,1,0.083491,0.007082,0.000249,0.064040,5.827642,8.473063,0.000093,36.884061,8.360977,0.883031,389.497626,0.004002,6.784126,449.990533,456.778910,457.242250,0.463340,457.332823
2145,vehicle2,1392.909000,1392.733000,1694.287077,1,ok,19321,17683,1,0.207173,0.882786,0.000182,0.066873,3.933610,17.003232,0.000076,30.948008,6.662399,0.948604,353.895158,0.011161,7.683109,413.457960,421.152412,422.212170,1.059758,423.302129
2146,vehicle2,1393.035000,1392.933000,1694.959370,1,ok,19275,17630,1,0.150295,0.006185,0.000253,0.072533,3.861625,7.661042,0.000094,28.751193,5.654109,0.975535,261.276314,0.003959,6.836986,308.252445,315.093643,315.493610,0.399967,315.650090
2147,vehicle2,1393.316000,1393.135000,1695.906721,1,ok,19303,17635,1,0.154996,0.016163,0.000360,0.081164,6.057992,8.729493,0.000140,39.682646,9.377404,0.712924,414.932862,0.004700,6.568701,479.574625,486.148386,486.435017,0.286631,486.606176
2148,vehicle2,1393.510000,1393.332000,1696.650915,1,ok,19337,17669,1,0.095672,0.008607,0.000340,0.085436,8.616709,11.641896,0.000096,37.779978,10.208726,0.792173,391.181937,0.154511,7.057930,460.306951,467.519732,468.131530,0.611798,468.235809
2149,vehicle2,1393.717000,1393.533000,1697.452236,1,ok,19321,17673,1,0.138015,0.007426,0.000250,0.081963,12.144075,8.467334,0.000086,36.417065,8.803420,0.698525,360.551042,0.005838,7.750402,427.163510,434.920000,435.459178,0.539178,435.604619
2150,vehicle2,1393.913000,1393.731000,1698.218995,1,ok,19325,17672,1,0.091105,0.018706,0.000368,0.071492,4.614855,7.363932,0.000098,43.484786,11.308365,0.779759,365.524140,0.005145,8.213102,433.147427,441.366042,442.145958,0.779916,442.255769
2151,vehicle2,1394.116000,1393.933000,1698.987376,1,ok,19305,17650,1,0.100462,0.006022,0.000140,0.069973,5.186527,9.445629,0.000110,37.192361,8.244384,1.123645,357.616218,0.004741,6.960197,418.878847,425.843925,426.297854,0.453929,426.404338
2152,vehicle2,1394.317000,1394.131000,1699.759996,1,ok,19282,17630,1,0.176224,0.113869,0.000179,0.078062,4.776441,7.585135,0.000120,49.834181,13.337825,1.115266,357.873507,0.004430,7.296212,434.600537,441.901358,442.237911,0.336553,442.528004
2153,vehicle2,1394.517000,1394.332000,1700.557803,1,ok,19272,17628,1,0.167045,0.022004,0.000323,0.070017,7.064200,7.886267,0.000153,37.409186,11.601846,0.740701,405.841102,0.054290,7.526186,470.613472,478.194271,478.720371,0.526100,478.909420
2154,vehicle2,1394.670000,1394.532000,1701.202211,1,ok,19269,17635,1,0.140776,0.006997,0.000257,0.079471,11.774894,9.608750,0.000103,35.698329,7.861932,0.845405,304.395073,0.007597,6.710728,370.263957,376.982539,377.583621,0.601082,377.731394
2155,vehicle2,1394.859000,1394.732000,1701.970598,1,ok,19269,17630,1,0.061192,0.008798,0.000357,0.086221,7.976000,7.989591,0.000100,34.069065,10.357897,1.197300,334.621521,0.003974,7.975250,396.297695,404.277276,404.682376,0.405100,404.752366
2156,vehicle2,1395.027000,1394.933000,1702.678656,1,ok,19242,17602,1,0.076314,0.006343,0.000171,0.079368,5.481131,9.617758,0.000098,33.675927,6.653216,5.650155,260.526684,0.005042,7.463803,321.684337,329.153353,329.534451,0.381098,329.617108
2157,vehicle2,1395.232000,1395.133000,1703.474631,1,ok,19267,17625,1,0.171955,0.013216,0.000345,0.085709,3.680888,11.060622,0.000085,37.268276,9.133485,0.882377,276.611849,0.012409,7.870348,338.723291,346.606393,347.331384,0.724991,347.516555
2158,vehicle2,1395.516000,1395.331000,1704.395950,1,ok,19256,17620,1,0.177145,0.006286,0.000532,0.088475,8.998097,8.064339,0.000167,40.713126,9.632344,0.706237,405.244464,0.004245,6.505589,473.447249,479.957615,480.258274,0.300659,480.441705
2159,vehicle2,1395.718000,1395.531000,1705.151453,1,ok,19237,17596,1,0.074517,0.007894,0.000425,0.091850,9.591956,9.117537,0.000077,38.378271,10.367755,0.711512,408.377990,0.056096,6.142858,476.636948,482.836327,483.266487,0.430160,483.348898
2160,vehicle2,1395.914000,1395.733000,1705.871764,1,ok,19212,17566,1,0.102567,0.008181,0.000284,0.070065,4.485682,9.252994,0.000076,36.180765,7.522592,0.725970,345.207428,0.003641,6.567858,403.445572,410.017355,410.507604,0.490249,410.618352
2161,vehicle2,1396.119000,1395.934000,1706.700768,1,ok,19276,17627,1,0.183322,0.009740,0.000283,0.088425,7.187386,7.920743,0.000157,38.743227,10.369562,0.731832,410.418335,0.006793,8.488410,475.459667,483.955153,484.826401,0.871248,485.019463
2162,vehicle2,1396.324000,1396.135000,1707.526039,1,ok,19293,17656,1,0.153604,0.005938,0.000381,0.078668,7.712057,10.460831,0.000109,40.366272,9.377319,0.707139,460.869876,0.005597,7.929505,529.572271,537.507754,538.013879,0.506125,538.173421
2163,vehicle2,1396.518000,1396.333000,1708.234349,1,ok,19308,17674,1,0.076583,0.007223,0.000323,0.104457,7.557356,8.887772,0.000128,39.576390,8.960579,0.702442,429.920575,0.003835,6.652231,495.709699,502.366088,502.793595,0.427507,502.877401
2164,vehicle2,1396.717000,1396.532000,1708.982911,1,ok,19295,17657,1,0.137527,0.006467,0.000196,0.070139,7.587295,11.312193,0.000309,50.758288,10.436544,0.706484,398.863356,0.004301,6.796823,479.734608,486.535928,487.033165,0.497237,487.177159
2165,vehicle2,1396.917000,1396.731000,1709.742434,1,ok,19281,17644,1,0.121622,0.007456,0.000172,0.112410,8.898034,10.240659,0.000129,39.622202,9.261964,0.701458,422.502971,0.050218,8.694296,491.339827,500.084513,500.411532,0.327019,500.540610
2166,vehicle2,1397.108000,1396.933000,1710.425729,1,ok,19219,17590,1,0.153621,0.007336,0.000381,0.085351,8.001594,7.579266,0.000114,35.299613,10.742800,0.960741,348.945746,0.003764,7.819408,411.615225,419.438778,425.638202,6.199424,425.799159
2167,vehicle2,1397.318000,1397.131000,1711.219080,1,ok,19237,17608,1,0.103514,0.007719,0.000203,0.071152,5.387475,8.828210,0.000136,34.944772,7.729095,0.798905,402.852518,0.003589,6.196348,460.612263,466.812403,467.507005,0.694602,467.618238
2168,vehicle2,1397.517000,1397.331000,1711.962122,1,ok,19291,17651,1,0.068824,0.006528,0.000440,0.083981,5.987390,8.291295,0.000114,37.524464,6.963182,0.702192,362.897365,0.005041,7.808389,422.449983,430.263853,430.585531,0.321678,430.660883
2169,vehicle2,1397.719000,1397.534000,1712.803627,1,ok,19333,17684,1,0.195227,0.007061,0.000246,0.079296,8.126329,9.355908,0.000105,40.031452,10.214500,0.983771,469.124495,0.004457,8.037819,537.915856,545.958378,546.567586,0.609208,546.769874
2170,vehicle2,1397.925000,1397.735000,1713.589133,1,ok,19338,17684,1,0.113877,0.008396,0.000407,0.104225,13.080709,7.785159,0.000100,51.676605,9.038532,0.956531,461.568434,0.016873,6.422263,544.210295,550.649838,551.221511,0.571673,551.343784
2171,vehicle2,1398.123000,1397.933000,1714.281448,1,ok,19294,17653,1,0.184720,0.007011,0.000165,0.050911,8.697928,10.208481,0.000162,40.532167,9.755234,0.705914,442.414595,0.004620,8.460076,512.365392,520.830253,521.134633,0.304380,521.326364
2172,vehicle2,1398.327000,1398.130000,1715.083795,1,ok,19336,17704,1,0.091128,0.005354,0.000348,0.062655,19.496289,9.045689,0.000090,39.982221,11.252250,0.732906,463.135114,0.004841,7.656132,543.707214,551.368535,551.797347,0.428812,551.893829
2173,vehicle2,1398.519000,1398.337000,1715.812429,1,ok,19282,17659,1,0.054662,0.007629,0.000260,0.081753,8.335735,10.426562,0.000085,43.390985,9.548080,0.863224,427.619235,0.005852,8.058239,500.265659,508.330010,508.659005,0.328995,508.721296
2174,vehicle2,1398.720000,1398.531000,1716.543415,1,ok,19317,17678,1,0.186933,0.011651,0.000379,0.078933,6.030178,9.452536,0.000097,41.074094,9.751826,0.736851,395.748149,0.005226,7.910002,462.872664,470.788271,471.217839,0.429568,471.416423
2175,vehicle2,1398.919000,1398.735000,1717.367996,1,ok,19270,17632,1,0.150596,0.007874,0.000613,0.049367,8.196937,8.246842,0.000092,47.018481,10.390687,0.714338,439.711061,0.006662,7.374162,514.327805,521.709242,522.395033,0.685791,522.553503
2176,vehicle2,1399.118000,1398.935000,1718.139966,1,ok,19310,17657,1,0.172763,0.012864,0.000476,0.075777,8.577324,8.113626,0.000096,41.042443,10.405749,0.988363,425.670923,0.070092,8.475334,494.874301,503.420203,503.875973,0.455770,504.061600
2177,vehicle2,1399.318000,1399.133000,1718.903248,1,ok,19322,17686,1,0.070647,0.010064,0.000405,1.002866,5.715586,10.485201,0.000089,37.473918,7.848014,0.717295,440.472262,0.003824,6.169791,503.715231,509.889251,510.240321,0.351070,510.321032
2178,vehicle2,1399.519000,1399.334000,1719.625928,1,ok,19349,17722,1,0.162874,0.007506,0.000228,0.084809,9.962625,10.998815,0.000100,41.041007,9.661675,0.923397,389.254070,0.004848,7.399689,461.926498,469.331263,469.691435,0.360172,469.861815
2179,vehicle2,1399.718000,1399.535000,1720.428597,1,ok,19338,17714,1,0.094615,0.009117,0.000208,0.084834,6.791259,10.211113,0.000080,39.444537,12.877938,0.890040,407.293483,0.004117,6.830266,477.593284,484.427875,484.842317,0.414442,484.946049
2180,vehicle2,1399.919000,1399.738000,1721.206552,1,ok,19320,17682,1,0.167188,0.010374,0.000184,0.077929,5.588893,9.861767,0.000083,39.948281,10.532724,0.694117,408.084155,0.004483,7.211865,474.787949,482.004481,482.447069,0.442588,482.624631
2181,vehicle2,1400.118000,1399.935000,1722.001017,1,ok,19316,17673,1,0.077349,0.006058,0.000351,0.069977,8.243086,9.319294,0.000182,36.142388,9.644615,0.929695,401.348181,0.053928,6.577450,465.697418,472.329147,472.942476,0.613329,473.025883
2182,vehicle2,1400.318000,1400.133000,1722.787059,1,ok,19345,17703,1,0.096904,0.006697,0.000210,0.075266,9.099888,11.105378,0.000222,47.933678,9.555756,0.905949,402.238895,0.005171,8.489428,480.915032,489.409841,489.912251,0.502410,490.015852
2183,vehicle2,1400.520000,1400.333000,1723.591334,1,ok,19354,17714,1,0.087895,0.008107,0.000246,0.079957,8.245057,7.855854,0.000094,39.593911,9.445414,0.839291,430.939791,0.003631,7.233815,496.999369,504.237061,504.749299,0.512238,504.845301
2184,vehicle2,1400.678000,1400.536000,1724.318536,1,ok,19344,17714,1,0.159086,0.007067,0.000274,0.078183,7.272008,8.462776,0.000085,35.262430,11.198331,0.729828,396.042861,0.003597,7.085925,459.046502,466.136298,466.457827,0.321529,466.623980
2185,vehicle2,1400.920000,1400.733000,1725.189724,1,ok,19354,17713,1,0.184477,0.007657,0.000279,0.077270,10.837920,8.938976,0.000082,40.797789,8.587245,0.809370,416.077037,0.004117,7.684171,486.125689,493.814256,494.286679,0.472423,494.478813
2186,vehicle2,1401.119000,1400.935000,1726.018841,1,ok,19322,17682,1,0.171150,0.008639,0.000534,0.071385,12.243913,10.832340,0.000115,40.104594,9.042286,0.871201,410.054833,0.128211,10.380033,483.220667,493.729445,494.797743,1.068298,494.977532
2187,vehicle2,1401.319000,1401.137000,1726.782049,1,ok,19367,17726,1,0.049967,0.009482,0.000399,0.099167,9.914324,9.084094,0.000104,39.706702,8.685119,0.889655,442.841132,0.004958,6.151436,511.220297,517.377090,517.827848,0.450758,517.887297
2188,vehicle2,1401.519000,1401.336000,1727.551358,1,ok,19366,17744,1,0.176261,0.007126,0.000138,0.077213,7.872014,9.372163,0.000473,39.157007,11.690227,0.702606,396.752832,0.002823,7.738577,465.624535,473.366073,473.764182,0.398109,473.947569
2189,vehicle2,1401.718000,1401.536000,1728.351027,1,ok,19389,17774,1,0.182570,0.013602,0.000410,0.079106,8.371988,11.742757,0.000112,44.022888,11.345087,0.743339,438.555996,0.003686,6.627923,514.861273,521.493292,521.867909,0.374617,522.064081
2190,vehicle2,1401.921000,1401.732000,1729.088833,1,ok,19370,17746,1,0.166100,0.049604,0.000362,0.066313,7.739149,9.860968,0.000087,35.822513,11.816239,0.860350,400.427358,0.003589,6.880518,466.592977,473.477446,474.244478,0.767032,474.460182
2191,vehicle2,1402.119000,1401.932000,1729.894683,1,ok,19320,17688,1,0.083433,0.010915,0.000261,0.065325,12.459194,8.260476,0.000113,40.174281,10.802038,0.899287,412.455549,0.056732,6.854148,485.116263,492.027404,492.359119,0.331715,492.453467
2192,vehicle2,1402.319000,1402.134000,1730.665811,1,ok,19341,17712,1,0.165145,0.007409,0.000324,0.077156,6.817886,8.954502,0.000094,39.457070,9.157760,0.701483,394.525741,0.003776,7.302692,459.691692,466.998484,467.499231,0.500747,467.671785
2193,vehicle2,1402.517000,1402.334000,1731.482735,1,ok,19347,17724,1,0.177262,0.007423,0.000162,0.069364,7.266188,11.988216,0.000104,40.320907,9.656462,0.709848,411.865722,0.004846,7.280888,481.876811,489.162707,489.469503,0.306796,489.654188
2194,vehicle2,1402.685000,1402.533000,1732.191881,1,ok,19412,17785,1,0.172338,0.007956,0.000575,0.075716,5.472297,9.347221,0.000128,38.225916,8.101305,0.722282,336.448727,0.003950,7.382093,398.393592,405.780210,406.390763,0.610553,406.571057
2195,vehicle2,1402.919000,1402.734000,1733.001660,1,ok,19400,17770,1,0.097623,0.006936,0.000332,0.062711,7.041931,8.745256,0.000073,48.597376,11.966343,0.701929,373.361795,0.008730,6.788105,450.477414,457.274581,457.768572,0.493991,457.873131
2196,vehicle2,1403.118000,1402.933000,1733.809485,1,ok,19407,17781,1,0.175938,0.008711,0.000237,0.085039,10.962264,11.216707,0.000110,39.609701,12.323207,0.756664,409.419308,0.004277,7.742990,484.373000,492.120504,492.482456,0.361952,492.667105
2197,vehicle2,1403.321000,1403.127000,1734.479004,1,ok,19402,17768,1,0.159184,0.007500,0.000315,0.080293,7.222060,11.254595,0.000146,42.867934,9.731097,0.807254,408.593508,0.082152,7.281505,480.556887,487.920859,488.836457,0.915598,489.003141
2198,vehicle2,1403.518000,1403.336000,1735.230270,1,ok,19416,17753,1,0.098605,0.008851,0.000285,0.070381,7.401710,8.759550,0.000115,39.958844,11.534517,0.947695,379.257392,0.004474,6.362450,447.930204,454.297413,454.786283,0.488870,454.893739
2199,vehicle2,1403.694000,1403.533000,1735.960154,1,ok,19401,17728,1,0.191016,0.217565,0.000382,0.076665,12.194956,9.389389,0.000101,40.144152,10.118409,0.778485,346.008526,0.003249,8.031084,418.710683,426.745398,427.434038,0.688640,427.842619
2200,vehicle2,1403.920000,1403.737000,1736.795112,1,ok,19408,17730,1,0.094815,0.020475,0.000214,0.077571,13.633687,8.975605,0.000107,38.208529,13.097193,0.893089,416.534885,0.003834,7.804304,491.420666,499.229018,499.820392,0.591374,499.935682
2201,vehicle2,1404.106000,1403.939000,1737.524192,1,ok,19398,17727,1,0.188199,0.006394,0.000187,0.086179,7.120242,10.458493,0.000145,48.889724,8.274018,0.794721,363.153389,0.003728,7.401687,438.776911,446.182513,446.626643,0.444130,446.821236
2202,vehicle2,1404.319000,1404.142000,1738.396355,1,ok,19352,17687,1,0.178042,0.007761,0.000140,0.060061,7.826894,8.218769,0.000117,41.675722,15.125194,0.986261,407.979015,0.004000,6.140853,481.872033,488.017026,488.463921,0.446895,488.649724
2203,vehicle2,1404.519000,1404.341000,1739.168679,1,ok,19358,17699,1,0.096316,0.007711,0.000162,0.077772,6.395772,9.211547,0.000136,39.595508,9.735380,0.791719,406.194306,0.029166,7.667892,472.002140,479.699360,480.026904,0.327544,480.130931
2204,vehicle2,1404.685000,1404.536000,1739.880129,1,ok,19355,17695,1,0.090335,0.006914,0.000312,0.079825,5.859137,9.180963,0.000082,36.141369,9.409496,0.725398,359.789882,0.003863,9.010071,421.186152,430.200398,430.647371,0.446973,430.744620
2205,vehicle2,1404.904000,1404.737000,1740.667642,1,ok,19389,17721,1,0.047953,0.006504,0.000215,0.056412,4.731423,7.959376,0.000089,38.424974,10.581844,0.821610,351.061181,0.004418,6.494482,413.636909,420.136024,420.888408,0.752384,420.942865
2206,vehicle2,1405.119000,1404.935000,1741.483319,1,ok,19432,17751,1,0.192289,0.007464,0.000148,0.066847,17.526698,10.589051,0.000088,40.211908,10.349199,0.727886,404.010938,0.006861,8.389185,483.482615,491.878809,492.373232,0.494423,492.572985
2207,vehicle2,1405.319000,1405.137000,1742.277068,1,ok,19470,17791,1,0.111460,0.007363,0.000159,0.082102,5.628549,7.988668,0.000084,44.912600,9.512386,0.828401,417.680211,0.004735,10.513138,486.633001,497.151033,497.714846,0.563813,497.833669
2208,vehicle2,1405.518000,1405.336000,1743.002920,1,ok,19425,17769,1,0.056010,0.006377,0.000212,0.065947,6.861987,7.412809,0.000088,41.283658,10.268678,0.762504,382.264518,0.006158,7.477987,448.920189,456.404546,456.783226,0.378680,456.845613
2209,vehicle2,1405.719000,1405.533000,1743.791539,1,ok,19401,17754,1,0.089284,0.005296,0.000201,0.048591,5.360805,8.135058,0.000107,47.405466,10.655017,0.872778,420.103606,0.063711,9.281036,492.581428,501.926376,502.448649,0.522273,502.543229
2210,vehicle2,1405.919000,1405.730000,1744.529930,1,ok,19420,17788,1,0.080112,0.008610,0.000288,0.099586,6.403677,8.783061,0.000176,39.020965,10.119296,0.744161,392.680326,0.004346,6.904359,457.851248,464.760241,465.052856,0.292615,465.141578
2211,vehicle2,1406.119000,1405.935000,1745.265886,1,ok,19486,17850,1,0.102706,0.018131,0.000234,0.066508,7.183423,14.324059,0.000101,37.041227,10.021249,0.795406,396.028776,0.003566,7.521600,465.460749,472.986149,474.022108,1.035959,474.142945
2212,vehicle2,1406.320000,1406.134000,1746.046474,1,ok,19477,17840,1,0.166687,0.005906,0.000310,0.062357,5.195883,8.555644,0.000114,39.099782,9.813902,0.787090,380.295716,0.013491,10.268395,443.810488,454.092684,454.386814,0.294130,454.559407
2213,vehicle2,1406.519000,1406.335000,1746.781980,1,ok,19477,17852,1,0.186733,0.005702,0.000404,0.056529,9.162590,9.259170,0.000128,37.610421,13.156103,2.214852,368.813508,0.004384,6.775745,440.273301,447.053834,447.760102,0.706268,447.952537
2214,vehicle2,1406.719000,1406.535000,1747.563637,1,ok,19461,17826,1,0.097584,0.012251,0.000391,0.114559,8.339153,9.085117,0.000081,38.205788,9.598475,0.913817,415.292393,0.093588,8.347601,481.549383,489.990963,490.664491,0.673528,490.774326
2215,vehicle2,1406.919000,1406.733000,1748.325328,1,ok,19482,17818,1,0.249464,0.010482,0.000154,0.073496,10.927640,8.015020,0.000088,45.111709,10.132685,0.792877,431.189211,0.003621,6.960314,506.242726,513.206815,513.521298,0.314483,513.781244
2216,vehicle2,1407.118000,1406.935000,1749.057308,1,ok,19450,17796,1,0.221646,0.011491,0.000139,0.073620,11.745702,8.900528,0.000109,39.630329,11.683484,0.932547,403.955675,0.003712,6.191702,476.921994,483.117547,483.945499,0.827952,484.178636
2217,vehicle2,1407.321000,1407.132000,1749.844879,1,ok,19441,17790,1,0.102328,0.008208,0.000501,0.066231,11.941341,7.798562,0.000077,40.099901,11.903742,1.066518,416.190147,0.006409,8.059920,489.066519,497.133349,497.677262,0.543913,497.787798
2218,vehicle2,1407.518000,1407.337000,1750.609052,1,ok,19415,17782,1,0.081229,0.005098,0.000360,0.046188,6.605164,11.383056,0.000085,40.529808,10.759374,0.916922,410.952781,0.003633,8.057507,481.193378,489.254878,489.913251,0.658373,489.999578
2219,vehicle2,1407.719000,1407.538000,1751.397660,1,ok,19413,17783,1,0.199513,0.007026,0.000270,0.087305,5.951918,9.991902,0.000142,37.643742,10.532613,0.725306,425.774874,0.012450,7.007271,490.707802,497.727793,498.317259,0.589466,498.523798
2220,vehicle2,1407.917000,1407.737000,1752.184187,1,ok,19450,17817,1,0.174484,0.007767,0.000402,0.088165,6.193775,8.021671,0.000133,39.938651,9.866773,0.768837,414.518430,0.004577,8.780917,479.396435,488.182331,488.589399,0.407068,488.771650
2221,vehicle2,1408.119000,1407.933000,1752.921073,1,ok,19511,17887,1,0.210468,0.009172,0.000459,0.090741,6.639409,8.907175,0.000133,38.733726,10.374341,0.809899,408.977537,0.009840,6.325857,474.532961,480.869117,481.693059,0.823942,481.912699
2222,vehicle2,1408.318000,1408.135000,1753.680069,1,ok,19527,17905,1,0.183627,0.007737,0.000333,0.081397,6.325398,8.161059,0.000244,41.485645,13.177677,0.985665,416.342631,0.003403,8.913107,486.559716,495.476559,496.269060,0.792501,496.460424
2223,vehicle2,1408.519000,1408.334000,1754.454075,1,ok,19519,17884,1,0.172575,0.009508,0.000254,0.060852,7.205449,8.261153,0.000144,41.831232,10.313104,0.694351,430.961860,0.004042,7.575963,499.328145,506.908404,507.274203,0.365799,507.456286
2224,vehicle2,1408.716000,1408.537000,1755.181976,1,ok,19544,17896,1,0.098937,0.004469,0.000223,0.042475,7.353392,11.969033,0.000083,39.564546,10.095172,1.024824,404.649883,0.004785,7.273819,474.699408,481.978235,482.458962,0.480727,482.562368
2225,vehicle2,1408.917000,1408.729000,1755.936583,1,ok,19537,17894,1,0.130879,0.005864,0.000278,0.052286,5.193274,8.412881,0.000285,41.687090,8.726179,0.709096,409.548391,0.041219,7.787208,474.329482,482.158187,482.415670,0.257483,482.552413
2226,vehicle2,1409.119000,1408.925000,1756.635684,1,ok,19504,17856,1,0.082511,0.011469,0.000285,0.087427,7.451827,8.208883,0.000083,46.164172,10.985235,0.790363,417.680215,0.010650,9.036911,491.368205,500.416051,500.971903,0.555852,501.065883
2227,vehicle2,1409.318000,1409.136000,1757.374674,1,ok,19491,17837,1,0.171369,0.009052,0.000143,0.083356,8.106375,10.748881,0.000122,40.082817,11.036642,0.827370,403.626844,0.004302,7.152564,474.512407,481.669416,482.037012,0.367596,482.217433
2228,vehicle2,1409.520000,1409.339000,1758.168142,1,ok,19468,17817,1,0.198821,0.011144,0.000454,0.114023,7.312628,9.165253,0.000129,39.058940,10.374505,0.947041,425.367731,0.003856,6.945357,492.340250,499.289917,499.682212,0.392295,499.892177
2229,vehicle2,1409.719000,1409.537000,1758.960685,1,ok,19478,17843,1,0.196714,0.021166,0.000444,0.084823,5.864898,14.402387,0.000192,43.875358,9.008644,0.725522,425.739223,0.010204,8.934679,499.701047,508.646374,509.247234,0.600860,509.465114
2230,vehicle2,1409.919000,1409.732000,1759.717985,1,ok,19459,17835,1,0.102195,0.007917,0.000291,0.080182,9.226773,8.177378,0.000176,39.527025,11.782100,0.776549,419.371527,0.031163,7.760484,488.941710,496.733648,497.202144,0.468496,497.312256
2231,vehicle2,1410.119000,1409.935000,1760.524886,1,ok,19498,17862,1,0.080416,0.008293,0.000204,0.083974,8.958757,9.996421,0.000107,42.599306,9.398604,0.701959,425.076941,0.005581,7.557470,496.816069,504.379324,505.011646,0.632322,505.100355
2232,vehicle2,1410.320000,1410.130000,1761.265818,1,ok,19485,17848,1,0.233512,0.009032,0.000485,0.124288,13.289843,8.530108,0.000108,41.193462,11.243279,0.748276,412.998906,0.005706,8.315944,488.128270,496.450405,496.875421,0.425016,497.117965
2233,vehicle2,1410.523000,1410.337000,1762.005749,1,ok,19542,17890,1,0.312981,0.011465,0.000232,0.077366,9.196800,8.395150,0.000117,44.854652,12.160443,0.869814,405.135787,0.003656,8.086297,480.690129,488.780314,489.293722,0.513408,489.618168
2234,vehicle2,1410.718000,1410.535000,1762.758242,1,ok,19532,17880,1,0.105751,0.007128,0.000299,0.064890,8.908232,19.157918,0.000140,46.947528,8.725758,0.704868,424.457955,0.004356,7.412121,508.967289,516.384065,516.794768,0.410703,516.907647
2235,vehicle2,1410.920000,1410.732000,1763.514479,1,ok,19555,17900,1,0.065341,0.006313,0.000208,0.049020,7.679802,8.006744,0.000117,41.236684,9.994089,0.930004,431.521899,0.017919,8.771147,499.418359,508.207633,508.478314,0.270681,508.549968
2236,vehicle2,1411.121000,1410.938000,1764.272903,1,ok,19585,17918,1,0.093697,0.007805,0.000278,0.076866,7.064382,8.658678,0.000090,41.730615,10.253422,0.757059,411.712794,0.007755,10.211370,480.253906,490.473309,491.134138,0.660829,491.235640
2237,vehicle2,1411.319000,1411.140000,1765.088798,1,ok,19627,17936,1,0.088600,0.006547,0.000260,0.079708,9.596938,10.634633,0.000137,42.654655,11.650925,0.749353,421.006485,0.003678,6.206311,496.372834,502.583083,503.088121,0.505038,503.183268
2238,vehicle2,1411.519000,1411.337000,1765.814552,1,ok,19606,17887,1,0.168560,0.011722,0.000198,0.080508,7.652342,7.563376,0.000102,43.461720,10.040112,0.698821,417.520547,0.008427,7.468489,487.017528,494.494642,494.851389,0.356747,495.031671
2239,vehicle2,1411.730000,1411.530000,1766.579659,1,ok,19602,17873,1,0.079461,0.014351,0.000487,0.084727,9.610656,7.342295,0.000077,44.289185,11.039406,0.714406,417.316043,0.005112,7.805716,490.396795,498.208110,498.773016,0.564906,498.866828
2240,vehicle2,1411.921000,1411.738000,1767.253517,1,ok,19590,17864,1,0.191543,0.008395,0.000332,0.064630,11.113618,7.628257,0.000111,40.766162,9.534102,0.867722,398.618631,0.013021,6.515820,468.593233,475.122406,475.529905,0.407499,475.729843
2241,vehicle2,1412.130000,1411.941000,1768.050432,1,ok,19629,17897,1,0.180294,0.009748,0.000488,0.086947,8.500107,8.615014,0.000118,38.252276,11.816098,0.736355,409.078697,0.007811,6.165164,477.085612,483.259075,484.006683,0.747608,484.196725
2242,vehicle2,1412.321000,1412.139000,1768.731367,1,ok,19663,17938,1,0.202150,0.688515,0.000274,0.076335,8.459927,8.027390,0.000135,40.000604,10.436841,0.745402,404.683318,0.005122,6.630915,472.429952,479.066263,479.384162,0.317899,480.274827
2243,vehicle2,1412.519000,1412.336000,1769.472211,1,ok,19686,17977,1,0.094614,0.330523,0.000212,0.078691,9.147704,8.038832,0.000086,42.502363,11.488207,0.741584,398.157519,0.004160,6.464891,470.154986,476.624249,477.057930,0.433681,477.483067
2244,vehicle2,1412.721000,1412.534000,1770.194284,1,ok,19659,17951,1,0.112861,0.013655,0.000586,0.096632,7.504937,7.754782,0.000106,39.745662,9.411423,0.715027,395.551381,0.003762,7.492749,460.779950,468.277047,468.802878,0.525831,468.929394
2245,vehicle2,1412.920000,1412.738000,1770.967788,1,ok,19659,17959,1,0.238590,0.010170,0.000255,0.082446,8.281198,11.455238,0.000147,45.112547,11.002325,0.762399,400.833396,0.005357,6.447424,477.529696,483.982732,484.562200,0.579468,484.810960
2246,vehicle2,1413.119000,1412.935000,1771.726699,1,ok,19686,17975,1,0.377501,0.007847,0.000175,0.064111,6.043218,11.514779,0.000092,42.318664,10.487714,0.707732,397.971158,0.047598,7.261452,469.107468,476.416693,476.841792,0.425099,477.227140
2247,vehicle2,1413.319000,1413.134000,1772.496268,1,ok,19736,17989,1,0.164309,0.008170,0.000202,0.082409,6.977435,7.654718,0.000084,39.372263,11.180559,0.706790,404.408416,0.003562,7.421399,470.382674,477.807837,478.200351,0.392514,478.372830
2248,vehicle2,1413.525000,1413.338000,1773.263507,1,ok,19712,17960,1,0.203259,0.008937,0.000313,0.093186,5.811859,8.978265,0.000077,37.298676,10.006857,0.719403,400.682801,0.004400,7.781358,463.591124,471.377195,471.658070,0.280875,471.870266
2249,vehicle2,1413.718000,1413.532000,1773.980741,1,ok,19683,17912,1,0.093491,0.007061,0.000404,0.092562,5.067513,9.452595,0.000230,45.260134,8.842787,0.706497,386.808459,0.003947,6.733852,456.230777,462.968980,463.283767,0.314787,463.384319
2250,vehicle2,1413.919000,1413.733000,1774.752231,1,ok,19728,17958,1,0.207724,0.007638,0.000413,0.079678,6.858414,7.796327,0.000146,41.323187,12.238979,0.967551,397.319857,0.004796,8.015265,466.584139,474.604613,475.416002,0.811389,475.631364
2251,vehicle2,1414.120000,1413.935000,1775.539157,1,ok,19696,17932,1,0.085743,0.010539,0.000362,0.093373,7.742742,11.092672,0.000118,54.201228,11.425160,0.717065,411.842148,0.013813,7.534166,497.114506,504.662847,504.997051,0.334204,505.093333
2252,vehicle2,1414.320000,1414.138000,1776.270830,1,ok,19678,17925,1,0.166871,0.006045,0.000129,0.065353,5.755340,8.230103,0.000143,47.469166,8.850246,5.561179,387.304139,0.004636,8.736807,463.235669,471.977241,472.683450,0.706209,472.856366
2253,vehicle2,1414.520000,1414.335000,1777.018890,1,ok,19667,17905,1,0.180514,0.007279,0.000283,0.085227,5.284074,8.502376,0.000080,40.368016,10.524368,0.793237,372.905737,0.003492,6.165743,438.463115,444.632633,444.933207,0.300574,445.121000
2254,vehicle2,1414.720000,1414.534000,1777.823806,1,ok,19724,17953,1,0.196583,0.009321,0.000320,0.076085,6.121758,8.021137,0.000093,41.521352,11.885299,1.287942,395.575420,0.003677,7.377958,464.489086,471.871041,472.364449,0.493408,472.570353
2255,vehicle2,1414.920000,1414.738000,1778.554405,1,ok,19719,17961,1,0.094461,0.008525,0.000299,0.090981,8.027958,7.777430,0.000073,38.422669,9.663844,0.715037,397.462681,0.014425,7.112764,462.160673,469.288161,469.748844,0.460683,469.851830
2256,vehicle2,1415.120000,1414.934000,1779.299688,1,ok,19716,17963,1,0.068789,0.006663,0.000373,0.095007,7.396880,8.644919,0.000093,39.869583,10.728055,0.707004,397.627187,0.108240,7.546263,465.068728,472.723604,473.703448,0.979844,473.778900
2257,vehicle2,1415.320000,1415.138000,1780.034711,1,ok,19709,17960,1,0.065769,0.007246,0.000333,0.080435,8.751480,12.448336,0.000117,42.108989,12.141617,0.713891,392.361075,0.003721,7.574173,468.605940,476.184167,476.777890,0.593723,476.850905
2258,vehicle2,1415.520000,1415.332000,1780.784455,1,ok,19723,17958,1,0.202337,0.007216,0.000415,0.084485,7.641369,8.175697,0.000096,39.400641,10.343408,1.025453,399.858326,0.004094,7.598549,466.529475,474.132533,474.419694,0.287161,474.629247
2259,vehicle2,1415.719000,1415.536000,1781.493364,1,ok,19720,17974,1,0.180384,0.007663,0.000223,0.066412,7.845888,8.547510,0.000104,41.680766,9.837854,0.694733,399.497670,0.018978,9.222361,468.170937,477.412499,477.763443,0.350944,477.951490
2260,vehicle2,1415.920000,1415.732000,1782.240590,1,ok,19731,17975,1,0.081812,0.005741,0.000326,0.050408,13.144006,7.315315,0.000079,42.877924,12.872410,0.705190,394.026311,0.004006,6.418695,470.991643,477.414670,477.912641,0.497971,478.000194
2261,vehicle2,1416.120000,1415.934000,1782.962235,1,ok,19770,18021,1,0.120836,0.008265,0.000192,0.077136,7.937564,12.172715,0.000092,38.969727,9.897999,0.764985,387.152412,0.039505,6.766668,456.972630,463.778995,464.313980,0.534985,464.443081
2262,vehicle2,1416.317000,1416.134000,1783.695119,1,ok,19750,17966,1,0.124832,0.008954,0.000307,0.101772,8.030063,7.942816,0.000175,38.113357,12.099366,0.711556,388.555831,0.004647,7.347346,455.554936,462.907236,463.507009,0.599773,463.640795
2263,vehicle2,1416.520000,1416.332000,1784.394630,1,ok,19691,17914,1,0.079507,0.006073,0.000185,0.072099,4.840680,9.524315,0.000206,36.275304,12.209393,1.021998,364.195463,0.003403,8.382589,428.139458,436.525635,437.191132,0.665497,437.276712
2264,vehicle2,1416.719000,1416.535000,1785.106242,1,ok,19685,17901,1,0.173952,0.008190,0.000338,0.092531,6.495318,9.185550,0.000141,37.249327,8.007050,0.707055,367.874036,0.003862,7.439696,429.611008,437.054904,437.357678,0.302774,437.539820
2265,vehicle2,1416.873000,1416.737000,1785.804286,1,ok,19700,17908,1,0.052777,0.007855,0.000241,0.078197,5.451759,9.136975,0.000087,34.168210,9.406348,0.714287,336.501400,0.003492,8.200937,395.457263,403.661933,404.031114,0.369181,404.091746
2266,vehicle2,1417.120000,1416.933000,1786.606934,1,ok,19721,17931,1,0.145616,0.008360,0.000389,0.080036,7.091464,10.123190,0.000079,36.904055,11.222627,0.699556,368.588352,0.013769,8.142523,434.709359,442.866040,443.546973,0.680933,443.700949
2267,vehicle2,1417.320000,1417.134000,1787.373543,1,ok,19712,17924,1,0.080932,0.011554,0.000464,0.076733,6.260507,9.863233,0.000088,51.680599,13.534552,1.042095,388.559815,0.003930,6.991054,471.017622,478.013070,478.424631,0.411561,478.517117
2268,vehicle2,1417.520000,1417.335000,1788.081035,1,ok,19748,17942,1,0.181336,0.005768,0.000197,0.049951,8.863842,7.427613,0.000077,37.129797,9.718132,0.805534,379.221050,0.006728,6.346370,443.215996,449.569291,450.120494,0.551203,450.307598
2269,vehicle2,1417.719000,1417.537000,1788.824893,1,ok,19788,17989,1,0.173547,0.087238,0.000248,0.054281,7.170744,8.465902,0.000096,41.017847,9.140496,0.693634,386.898781,0.004745,7.404960,453.441781,460.851734,461.104418,0.252684,461.365203
2270,vehicle2,1417.920000,1417.732000,1789.558053,1,ok,19775,17970,1,0.162008,0.006554,0.000292,0.083485,6.304471,8.407422,0.000081,37.313115,9.216629,0.719523,383.182174,0.006689,8.459527,445.226900,453.693408,454.456442,0.763034,454.625004
2271,vehicle2,1418.120000,1417.936000,1790.283046,1,ok,19763,17948,1,0.096931,0.009358,0.000376,0.085071,5.724669,10.186228,0.000181,36.184159,8.311331,0.898760,351.405479,0.046830,9.130906,412.795878,421.973990,422.703869,0.729879,422.810158
2272,vehicle2,1418.318000,1418.135000,1791.011620,1,ok,19741,17948,1,0.106495,0.007721,0.000374,0.086843,5.227640,8.585301,0.000118,36.429025,10.024921,0.726278,345.737373,0.004034,8.007240,406.817499,414.829147,415.272128,0.442981,415.386344
2273,vehicle2,1418.520000,1418.333000,1791.793902,1,ok,19717,17924,1,0.093736,0.012722,0.000439,0.107026,5.324958,8.583204,0.000206,38.778349,8.715707,0.711931,378.936772,0.005239,6.770567,441.158153,447.934398,448.324302,0.389904,448.430760
2274,vehicle2,1418.720000,1418.535000,1792.533431,1,ok,19791,18010,1,0.181279,0.008986,0.000270,0.082064,5.898458,9.741538,0.000135,37.657921,9.103930,0.707997,374.325471,0.009394,6.195576,437.517514,443.722754,444.096285,0.373531,444.286550
2275,vehicle2,1418.919000,1418.735000,1793.279243,1,ok,19770,17973,1,0.072836,0.008872,0.000188,0.095990,8.619790,8.607013,0.000082,38.110945,8.708861,0.704434,378.690838,0.004625,6.668980,443.537953,450.211746,450.611665,0.399919,450.693373
2276,vehicle2,1419.120000,1418.934000,1794.018043,1,ok,19823,18036,1,0.088489,0.008245,0.000224,0.062965,8.138343,9.132531,0.000222,40.050154,10.405878,0.721767,386.206046,0.028956,6.323466,454.717906,461.070552,461.456206,0.385654,461.552940
2277,vehicle2,1419.320000,1419.134000,1794.735685,1,ok,19816,18026,1,0.080585,0.012472,0.000357,0.107628,7.520340,8.930066,0.000087,38.610312,10.845591,0.737468,376.131225,0.004322,8.335110,442.882717,451.222506,451.674490,0.451984,451.767547
2278,vehicle2,1419.518000,1419.337000,1795.462228,1,ok,19758,17972,1,0.090171,0.005458,0.000315,0.039552,7.918907,7.481146,0.000085,40.642830,11.106335,0.733724,369.191001,0.004877,7.570043,437.113580,444.688815,445.006535,0.317720,445.102164
2279,vehicle2,1419.720000,1419.533000,1796.169350,1,ok,19756,17973,1,0.066532,0.006862,0.000138,0.070296,6.038753,7.944571,0.000121,38.248462,9.807544,0.702967,361.768751,0.003273,7.029720,424.581465,431.614596,432.021497,0.406901,432.094891
2280,vehicle2,1419.918000,1419.737000,1796.864694,1,ok,19787,18002,1,0.085321,0.007666,0.000495,0.103465,6.543728,8.042896,0.000089,39.865172,9.051970,0.715873,340.771045,0.005519,6.966983,405.094238,412.067235,412.410382,0.343147,412.503369
2281,vehicle2,1420.120000,1419.933000,1797.619313,1,ok,19763,17980,1,0.186064,0.007380,0.000208,0.083176,6.401860,10.176327,0.000117,48.997389,8.998080,0.748642,365.487869,0.004821,7.924703,440.893460,448.823192,449.450782,0.627590,449.644226
2282,vehicle2,1420.319000,1420.134000,1798.350193,1,ok,19728,17957,1,0.127139,0.011519,0.000513,0.062521,4.220167,8.134329,0.000094,36.251252,9.793939,0.720026,368.695567,0.040312,7.016301,427.877895,434.935021,435.407996,0.472975,435.546654
2283,vehicle2,1420.520000,1420.334000,1799.096704,1,ok,19765,17976,1,0.109354,0.010390,0.000170,0.059504,12.875018,9.781109,0.000202,39.384443,10.776999,0.920824,396.037216,0.026282,7.034225,469.835315,476.895992,477.327374,0.431382,477.447118
2284,vehicle2,1420.719000,1420.536000,1799.798285,1,ok,19757,17983,1,0.101283,0.006911,0.000143,0.062211,11.046252,9.736355,0.000136,40.455415,11.139727,0.691159,348.380677,0.003846,8.756359,421.511932,430.272280,430.793452,0.521172,430.901646
2285,vehicle2,1420.920000,1420.734000,1800.573656,1,ok,19745,17987,1,0.230913,0.010480,0.000255,0.076871,5.456910,7.981001,0.000097,37.796906,15.817344,0.731551,379.315467,0.005467,6.433340,447.176147,453.615209,454.208283,0.593074,454.449676
2286,vehicle2,1421.119000,1420.934000,1801.317169,1,ok,19758,18009,1,0.073518,0.005839,0.000308,0.078827,6.708274,8.333306,0.000100,39.564939,10.840066,0.709911,394.160361,0.002813,6.921980,460.395784,467.320885,467.910426,0.589541,467.989783
2287,vehicle2,1421.320000,1421.136000,1802.023410,1,ok,19788,18029,1,0.078195,0.008396,0.000278,0.091744,11.106142,8.431306,0.000079,38.261091,10.741046,0.701619,380.673058,0.141053,8.403092,450.006085,458.550508,459.140755,0.590247,459.227346
2288,vehicle2,1421.520000,1421.337000,1802.780740,1,ok,19810,18050,1,0.108903,0.012068,0.000204,0.073616,6.875380,8.233722,0.000082,37.812950,12.156330,0.694626,388.940227,0.004655,6.673037,454.786933,461.464829,461.958970,0.494141,462.079941
2289,vehicle2,1421.720000,1421.535000,1803.536474,1,ok,19797,18048,1,0.144561,0.010281,0.000296,0.111212,8.800886,9.148277,0.000117,38.871751,10.144967,0.960503,395.969110,0.003951,6.207483,464.006823,470.218553,470.619866,0.401313,470.774708
2290,vehicle2,1421.918000,1421.735000,1804.247314,1,ok,19796,18047,1,0.178566,0.005532,0.000191,0.053208,5.302037,11.192067,0.000079,39.754661,8.884272,0.875622,346.606632,0.004483,6.601558,412.668578,419.274810,419.545332,0.270522,419.729430
2291,vehicle2,1422.120000,1421.933000,1805.038203,1,ok,19807,18045,1,0.047229,0.009918,0.000311,0.098041,9.068011,11.264277,0.000155,37.242229,9.656933,0.932957,399.879162,0.003510,6.653491,468.141765,474.799077,475.232516,0.433439,475.289663
2292,vehicle2,1422.300000,1422.132000,1805.722333,1,ok,19892,18128,1,0.169070,0.010312,0.000224,0.083337,6.892070,9.518186,0.000090,35.743250,9.232301,0.894732,361.735740,0.014630,7.091350,424.099706,431.205910,431.989450,0.783540,432.168832
2293,vehicle2,1422.519000,1422.334000,1806.519300,1,ok,19915,18151,1,0.180948,0.010235,0.000312,0.079193,6.493694,7.538440,0.000079,38.833091,9.571832,0.694201,392.060892,0.038144,6.266698,455.271422,461.576576,461.931621,0.355045,462.122804
2294,vehicle2,1422.719000,1422.534000,1807.280866,1,ok,19940,18184,1,0.111102,0.008229,0.000232,0.070143,9.414670,10.161661,0.000118,37.633038,9.501021,0.715119,394.618160,0.004244,8.401590,462.113930,470.519996,471.061597,0.541601,471.180928
2295,vehicle2,1422.920000,1422.735000,1808.012961,1,ok,19904,18158,1,0.077792,0.009517,0.000276,0.091506,11.157626,10.337440,0.000120,39.365790,10.153617,1.001877,387.054853,0.004298,6.743612,459.162829,465.911015,466.626687,0.715672,466.713996
2296,vehicle2,1423.119000,1422.934000,1808.791361,1,ok,19913,18169,1,0.074344,0.011558,0.000310,0.077675,9.962697,13.305309,0.000157,40.320613,9.971549,0.694771,392.060489,0.004144,6.146208,466.393260,472.543922,472.841810,0.297888,472.927712
2297,vehicle2,1423.318000,1423.134000,1809.535956,1,ok,19932,18187,1,0.303085,0.020861,0.000351,0.084254,5.286075,7.804791,0.000096,40.530360,9.228611,0.701849,410.614250,0.004409,6.241091,474.250286,480.496137,480.866664,0.370527,481.190610
2298,vehicle2,1423.519000,1423.333000,1810.257242,1,ok,19914,18174,1,0.095263,0.005564,0.000421,0.053059,4.459348,7.241547,0.000096,38.940202,7.852888,0.709000,379.324586,0.122941,6.627223,438.580726,445.331311,445.858947,0.527636,445.959774
2299,vehicle2,1423.719000,1423.535000,1811.000374,1,ok,19875,18120,1,0.073049,0.006961,0.000289,0.069323,5.825686,7.749235,0.000109,40.042841,11.098769,0.743869,381.030721,0.004437,6.347088,446.560553,452.912367,453.176393,0.264026,453.256403
2300,vehicle2,1423.919000,1423.736000,1811.749206,1,ok,19878,18118,1,0.118596,0.005993,0.000143,0.095570,6.530666,7.850551,0.000105,39.772877,10.617407,0.712539,396.204581,0.004765,7.502981,461.784296,469.292185,469.761030,0.468845,469.885619
2301,vehicle2,1424.118000,1423.933000,1812.515573,1,ok,19869,18094,1,0.170532,0.006042,0.000266,0.087118,10.833967,9.473282,0.000112,38.518643,9.864704,0.935603,383.614196,0.005514,7.888498,453.327625,461.221903,462.254538,1.032635,462.431112
2302,vehicle2,1424.320000,1424.133000,1813.292900,1,ok,19914,18141,1,0.098067,0.004224,0.000178,0.041034,5.994677,10.121411,0.000087,39.883359,10.630823,0.708553,404.492262,0.005303,6.711316,471.872206,478.589003,478.936090,0.347087,479.038381
2303,vehicle2,1424.519000,1424.335000,1814.036557,1,ok,19899,18140,1,0.079571,0.012644,0.000378,0.089516,8.137353,7.954703,0.000085,41.183578,9.233023,0.802612,394.345905,0.028054,6.532649,461.746775,468.307856,468.689484,0.381628,468.781699
2304,vehicle2,1424.717000,1424.528000,1814.787759,1,ok,19862,18107,1,0.092762,0.005830,0.000310,0.086045,12.016919,10.184267,0.000109,41.667270,11.397250,0.924550,372.861997,0.003320,6.873023,449.138407,456.015060,456.404618,0.389558,456.503210
2305,vehicle2,1424.919000,1424.733000,1815.568107,1,ok,19845,18076,1,0.137602,0.005752,0.000178,0.051558,5.964930,9.204538,0.000134,38.006222,8.529417,0.790585,378.293986,0.003641,6.096656,440.841370,446.941845,448.447078,1.505233,448.590432
2306,vehicle2,1425.119000,1424.934000,1816.359457,1,ok,19895,18093,1,0.091196,0.004272,0.000163,0.053763,5.504156,7.452510,0.000180,42.802355,8.952362,0.701999,396.586895,0.003371,6.996846,462.054220,469.054600,469.586653,0.532053,469.682121
2307,vehicle2,1425.320000,1425.136000,1817.132996,1,ok,19921,18123,1,0.072910,0.007056,0.000569,0.065553,7.639237,8.794634,0.000080,39.385065,10.052120,0.866726,395.142103,0.005234,8.457944,461.945518,470.409265,470.930609,0.521344,471.010575
2308,vehicle2,1425.518000,1425.335000,1817.905889,1,ok,19920,18155,1,0.121735,0.007604,0.000324,0.067381,7.834810,10.158461,0.000136,48.187509,9.623822,0.891795,391.540718,0.004664,7.178788,468.304632,475.488408,476.022654,0.534246,476.151993
2309,vehicle2,1425.698000,1425.533000,1818.606466,1,ok,19904,18153,1,0.096318,0.008073,0.000320,0.084945,7.681208,8.335289,0.000089,35.900519,9.931190,0.727619,350.364724,0.035871,8.748452,413.025583,421.810226,422.502271,0.692045,422.606662
2310,vehicle2,1425.907000,1425.736000,1819.396706,1,ok,19920,18179,1,0.111495,0.007117,0.000260,0.068980,6.315416,7.218052,0.000118,40.361558,10.119463,0.712828,373.522907,0.004660,7.191805,438.319322,445.516047,445.851746,0.335699,445.970358
2311,vehicle2,1426.119000,1425.936000,1820.191313,1,ok,19937,18184,1,0.184211,0.009948,0.000388,0.078153,11.345706,10.119112,0.000090,39.421284,13.204502,0.717624,372.412396,0.004193,6.496081,447.298867,453.799529,454.307991,0.508462,454.502150
2312,vehicle2,1426.273000,1426.135000,1820.980168,1,ok,19979,18222,1,0.244429,0.009382,0.000259,0.076331,7.407735,9.946357,0.000083,39.717194,13.252218,0.861826,359.235178,0.003713,9.958475,430.496922,440.459369,441.144324,0.684955,441.398135
2313,vehicle2,1426.519000,1426.334000,1821.823753,1,ok,19977,18193,1,0.086435,0.006223,0.000200,0.073839,6.676168,8.079348,0.000084,42.378805,10.981910,0.753575,395.793329,0.003519,6.163420,464.737058,470.904197,480.260063,9.355866,480.352721
2314,vehicle2,1426.721000,1426.536000,1822.573515,1,ok,20011,18214,1,0.158485,1.750092,0.000270,0.085565,7.384603,7.900640,0.000151,37.960167,13.216964,0.949180,374.039773,0.020579,7.186722,441.537043,448.744614,449.411920,0.667306,451.320497
2315,vehicle2,1426.920000,1426.738000,1823.367854,1,ok,20033,18230,1,0.200505,0.013754,0.000291,0.071906,12.192968,8.923915,0.000101,37.932938,9.025282,0.799772,389.783553,0.004587,7.432784,458.730435,466.168097,466.625015,0.456918,466.839274
2316,vehicle2,1427.084000,1426.934000,1824.109604,1,ok,20098,18322,1,0.259145,0.006838,0.000214,0.058777,6.453445,7.810938,0.000116,38.857375,9.506918,0.713088,347.708661,0.004241,9.053175,411.109318,420.166948,420.595831,0.428883,420.861814
2317,vehicle2,1427.318000,1427.135000,1824.927451,1,ok,20114,18349,1,0.071525,0.007253,0.000562,0.066418,5.869269,10.085368,0.000105,38.985442,10.401208,0.730430,389.038756,0.004002,6.655437,455.176996,461.836997,462.204077,0.367080,462.282855
2318,vehicle2,1427.519000,1427.333000,1825.688347,1,ok,20106,18344,1,0.150751,0.004476,0.000291,0.039751,3.925604,9.066109,0.000124,35.958178,13.370918,0.944902,372.654499,0.003941,6.258663,435.960085,442.222980,442.496281,0.273301,442.651508
2319,vehicle2,1427.713000,1427.536000,1826.458196,1,ok,20053,18294,1,0.060050,0.013391,0.000189,0.061332,6.040765,7.663432,0.000085,39.675917,9.189952,0.861537,348.222819,0.006285,9.400840,411.715839,421.123153,421.795816,0.672663,421.869257
2320,vehicle2,1427.918000,1427.733000,1827.237921,1,ok,20033,18269,1,0.077215,0.006952,0.000472,0.177785,8.965633,7.611345,0.000112,36.362814,11.196889,0.717052,363.162329,0.012534,7.322811,428.193959,435.529776,435.813720,0.283944,435.897887
2321,vehicle2,1428.121000,1427.933000,1828.023532,1,ok,20030,18251,1,0.093822,0.005538,0.000222,0.081311,8.976004,7.761298,0.000096,40.259914,10.805407,0.746996,385.676311,0.008463,8.025075,454.307337,462.341097,462.922151,0.581054,463.021511
2322,vehicle2,1428.319000,1428.137000,1828.804212,1,ok,20068,18261,1,0.104890,0.005771,0.000325,0.056819,7.330989,8.869254,0.000146,40.612593,10.790994,0.712428,387.652780,0.004298,6.415193,456.026003,462.445819,462.889129,0.443310,462.999790
2323,vehicle2,1428.520000,1428.335000,1829.579954,1,ok,20092,18288,1,0.218424,0.041628,0.000480,0.115170,9.554394,8.345634,0.000110,40.221845,9.493191,0.723785,374.395059,0.004923,6.757937,442.849188,449.612528,450.183145,0.570617,450.443197
2324,vehicle2,1428.718000,1428.535000,1830.328148,1,ok,20089,18301,1,0.077893,0.010148,0.000534,0.089271,8.038414,8.107883,0.000102,38.224748,9.691772,0.961372,387.709288,0.007172,7.270605,452.822850,460.101161,460.836552,0.735391,460.924593
2325,vehicle2,1428.920000,1428.732000,1831.100022,1,ok,20115,18318,1,0.098447,0.007420,0.000266,0.086282,9.106613,9.684708,0.000090,38.216684,11.233078,0.853684,379.241964,0.029750,6.696625,448.423103,455.149744,455.502846,0.353102,455.608713
2326,vehicle2,1429.120000,1428.936000,1831.856403,1,ok,20105,18306,1,0.182311,0.006248,0.000277,0.078122,6.179664,8.249688,0.000104,39.962041,10.364288,0.958807,372.869496,0.003482,6.710450,438.662210,445.376419,445.785134,0.408715,445.973693
2327,vehicle2,1429.321000,1429.135000,1832.647356,1,ok,20084,18285,1,0.168266,0.007117,0.000237,0.085099,8.641014,9.241399,0.000092,38.810700,9.014615,0.893146,385.070692,0.003170,7.307681,451.756757,459.067845,459.573234,0.505389,459.748617
2328,vehicle2,1429.519000,1429.340000,1833.426853,1,ok,20068,18252,1,0.095063,0.009249,0.000313,0.084812,6.575603,8.105630,0.000083,39.128477,10.590387,0.768906,375.299476,0.003669,7.279828,440.553374,447.837184,448.264036,0.426852,448.368348
2329,vehicle2,1429.719000,1429.534000,1834.218052,1,ok,20090,18269,1,0.086941,0.010209,0.000396,0.074819,6.242283,9.385559,0.000105,40.424526,9.551071,0.704126,381.505683,0.006271,6.591934,447.888172,454.486773,454.782379,0.295606,454.879529
2330,vehicle2,1429.920000,1429.734000,1834.959882,1,ok,20089,18287,1,0.338090,0.006390,0.000281,0.083708,8.642634,8.165863,0.000118,37.993014,10.620782,0.708529,386.295201,0.028880,6.234306,452.509849,458.773316,459.063680,0.290364,459.408160
2331,vehicle2,1430.120000,1429.940000,1835.724423,1,ok,20103,18288,1,0.092002,0.009260,0.000285,0.103203,6.812989,9.983385,0.000125,39.466446,10.718214,0.726157,390.602399,0.004222,7.431622,458.412918,465.849047,466.262866,0.413819,466.364128
2332,vehicle2,1430.286000,1430.134000,1836.464990,1,ok,20085,18278,1,0.079336,0.008849,0.000547,0.106823,6.830406,10.501384,0.000105,37.243347,9.245719,0.798505,357.748071,0.010686,7.729547,422.474360,430.215140,430.667881,0.452741,430.756066
2333,vehicle2,1430.518000,1430.335000,1837.248064,1,ok,20076,18272,1,0.076667,0.007442,0.000343,0.085498,8.670362,8.787519,0.000103,38.904230,9.072760,0.726320,372.762397,0.003759,6.238865,439.009189,445.252156,445.557947,0.305791,445.642056
2334,vehicle2,1430.719000,1430.534000,1838.023372,1,ok,20062,18283,1,0.129008,0.017292,0.000337,0.126340,8.592410,7.372319,0.000108,44.906115,12.682091,0.822240,373.182328,0.003798,7.204686,447.683951,454.892772,455.317275,0.424503,455.463575
2335,vehicle2,1430.923000,1430.734000,1838.808011,1,ok,20095,18313,1,0.066021,0.342247,0.000210,0.101693,13.662487,8.983978,0.000084,39.873721,10.793692,0.697604,385.956771,0.016986,10.783421,460.070030,470.870647,471.165875,0.295228,471.574143
2336,vehicle2,1431.124000,1430.937000,1839.561649,1,ok,20159,18392,1,0.184115,0.006470,0.000223,0.072277,15.070529,13.516953,0.000079,39.477234,9.773340,0.786123,391.682903,0.004438,8.178907,470.379438,478.563006,478.996542,0.433536,479.187127
2337,vehicle2,1431.324000,1431.139000,1840.352868,1,ok,20200,18425,1,0.102238,0.006876,0.000373,0.099236,18.817727,10.595209,0.000157,40.381472,10.753641,0.744022,400.097132,0.003442,7.315546,481.488596,488.807957,489.209923,0.401966,489.319037
2338,vehicle2,1431.520000,1431.339000,1841.049550,1,ok,20231,18416,1,0.097561,0.007933,0.000309,0.076489,8.296612,7.196753,0.000150,41.738109,11.799197,0.710498,355.184727,0.003473,6.839805,425.002535,431.846122,432.177534,0.331412,432.283028
2339,vehicle2,1431.723000,1431.537000,1841.829338,1,ok,20206,18376,1,0.079841,0.009310,0.000267,0.094846,7.415253,8.670504,0.000097,38.493544,10.397435,0.976036,385.208808,0.004029,7.374987,451.256523,458.635806,458.934525,0.298719,459.023676
2340,vehicle2,1431.912000,1431.736000,1842.558687,1,ok,20191,18384,1,0.103421,0.007451,0.000351,0.060750,12.479442,7.983523,0.000102,38.033681,9.806835,0.701281,356.269042,0.003889,7.759887,425.334656,433.098783,433.445496,0.346713,433.556368
2341,vehicle2,1432.118000,1431.937000,1843.337241,1,ok,20162,18380,1,0.067171,0.008271,0.000341,0.103636,5.696657,7.625466,0.000092,38.131108,9.967786,0.826880,367.615469,0.026979,8.082929,429.967094,438.077343,438.556902,0.479559,438.632344
2342,vehicle2,1432.283000,1432.139000,1844.089701,1,ok,20205,18432,1,0.220599,0.011463,0.000203,0.118758,5.015189,8.237720,0.000115,36.046688,9.345318,0.763301,349.531702,0.003913,7.094585,409.058791,416.157492,416.455643,0.298151,416.687705
2343,vehicle2,1432.514000,1432.340000,1844.887243,1,ok,20215,18431,1,0.273948,0.009151,0.000284,0.080268,7.513992,9.915167,0.000097,35.835622,8.904648,0.698049,361.124932,0.004672,7.507609,424.072775,431.585340,432.020734,0.435394,432.303833
2344,vehicle2,1432.709000,1432.540000,1845.707763,1,ok,20221,18448,1,0.165755,2.696466,0.000281,0.103319,6.831396,8.170370,0.000155,36.338152,11.375425,0.935896,388.946922,0.009546,7.466010,452.701635,460.177472,460.836482,0.659010,463.698703
2345,vehicle2,1432.924000,1432.739000,1846.487714,1,ok,20183,18392,1,0.172444,0.011599,0.000207,0.082977,6.870521,8.718928,0.000086,36.336623,9.953384,0.705647,383.762719,0.004477,6.421307,446.430885,452.856876,453.148297,0.291421,453.332340
2346,vehicle2,1433.121000,1432.940000,1847.262675,1,ok,20220,18394,1,0.201489,0.014586,0.000371,0.085546,8.722001,8.029946,0.000117,40.285693,8.808270,0.712274,391.078118,0.015424,6.161047,457.721965,463.898807,464.185125,0.286318,464.401200
2347,vehicle2,1433.311000,1433.139000,1847.998490,1,ok,20235,18383,1,0.188640,0.012849,0.000190,0.068121,6.857546,7.641438,0.000170,36.243727,11.144364,0.986059,370.508284,0.003351,8.101836,433.449709,441.555086,442.063264,0.508178,442.264753
2348,vehicle2,1433.517000,1433.336000,1848.805787,1,ok,20237,18399,1,0.072165,0.008182,0.000284,0.083644,7.771220,9.030985,0.000089,35.797205,11.397203,0.712741,371.072668,0.003478,6.789026,435.865755,442.658543,444.311897,1.653354,444.392244
2349,vehicle2,1433.710000,1433.539000,1849.600812,1,ok,20216,18386,1,0.220110,0.006540,0.000190,0.087087,6.414572,8.506532,0.000238,44.139879,14.683632,0.944150,362.994714,0.004679,6.367196,437.770804,444.142869,444.603687,0.460818,444.830337
2350,vehicle2,1433.923000,1433.736000,1850.390295,1,ok,20178,18367,1,0.215240,0.006931,0.000459,0.061723,8.178953,8.391417,0.000214,37.885665,12.105076,0.712052,382.640241,0.003921,7.220659,449.975341,457.200380,457.467669,0.267289,457.689840
2351,vehicle2,1434.098000,1433.936000,1851.109088,1,ok,20229,18387,1,0.183641,0.006780,0.000188,0.058362,7.598553,9.698964,0.000100,37.401724,11.153328,0.737867,359.190568,0.004196,8.465392,425.839466,434.309242,434.645423,0.336181,434.835844
2352,vehicle2,1434.324000,1434.140000,1851.906470,1,ok,20222,18369,1,0.071255,0.008062,0.000389,0.086746,8.824778,8.005066,0.000164,40.210094,10.292386,0.903008,371.369835,0.026391,6.877104,439.692077,446.595961,446.923452,0.327491,447.002769
2353,vehicle2,1434.523000,1434.342000,1852.720868,1,ok,20199,18334,1,0.186124,0.007340,0.000358,0.072607,8.447223,8.092494,0.000106,38.025013,9.202781,0.779657,378.453414,0.004788,8.121829,443.073295,451.200270,451.497895,0.297625,451.691359
2354,vehicle2,1434.721000,1434.531000,1853.375167,1,ok,20160,18304,1,0.089080,0.007868,0.000357,0.072342,7.028792,10.553683,0.000091,39.166216,10.819688,0.977984,370.967003,0.003652,7.921529,439.585799,447.511337,447.952291,0.440954,448.049239
2355,vehicle2,1434.894000,1434.739000,1854.131851,1,ok,20205,18336,1,0.200482,0.009513,0.000268,0.084939,7.351433,11.201869,0.000156,35.886446,11.086603,0.949869,355.577877,0.003368,7.050535,422.139192,429.193363,429.675606,0.482243,429.885601
2356,vehicle2,1435.123000,1434.938000,1854.944513,1,ok,20210,18333,1,0.135726,0.005919,0.000223,0.081599,7.477596,8.307337,0.000104,46.656894,7.855945,0.734136,374.679248,0.004521,7.602142,445.792859,453.399745,453.670317,0.270572,453.811962
2357,vehicle2,1435.323000,1435.138000,1855.693704,1,ok,20252,18357,1,0.097731,0.007610,0.000317,0.097358,6.973989,10.435277,0.000161,40.105328,11.988697,0.709808,370.529354,0.047413,8.905175,440.839972,449.792877,450.183407,0.390530,450.288748
2358,vehicle2,1435.523000,1435.337000,1856.461650,1,ok,20256,18381,1,0.087487,0.013347,0.000224,0.086749,6.772182,8.280165,0.000086,36.190036,10.811745,0.721415,387.402306,0.010133,6.794404,450.264684,457.069445,457.347027,0.277582,457.447861
2359,vehicle2,1435.723000,1435.538000,1857.231503,1,ok,20257,18371,1,0.101933,0.030068,0.000200,0.063295,6.711552,13.536607,0.000102,39.285102,9.438343,0.739869,392.755986,0.009652,7.273279,462.530856,469.813987,470.119177,0.305190,470.251178
2360,vehicle2,1435.923000,1435.738000,1857.945803,1,ok,20251,18345,1,0.128218,0.006325,0.000146,0.079631,6.130746,7.287824,0.000084,38.033969,10.655569,0.703013,386.212599,0.003448,7.378910,449.103435,456.485939,456.836380,0.350441,456.970923
2361,vehicle2,1436.117000,1435.940000,1858.706601,1,ok,20276,18358,1,0.196861,0.005440,0.000180,0.065100,5.138099,9.022163,0.000075,36.227588,11.450483,0.900635,356.623245,0.003592,7.691070,419.427388,427.122230,427.544848,0.422618,427.747149
2362,vehicle2,1436.301000,1436.137000,1859.457116,1,ok,20289,18379,1,0.104710,0.009047,0.000178,0.075991,5.117658,9.673489,0.000179,36.811856,7.819674,0.729158,354.477737,0.003529,7.672617,414.705742,422.382066,422.720212,0.338146,422.833969
2363,vehicle2,1436.524000,1436.341000,1860.261141,1,ok,20294,18383,1,0.114943,0.010581,0.000224,0.081398,6.040977,8.212403,0.000150,36.685095,10.675973,0.843551,376.924563,0.014702,9.371866,439.464110,448.850902,449.319010,0.468108,449.444534
2364,vehicle2,1436.723000,1436.540000,1860.997068,1,ok,20279,18375,1,0.073545,0.010857,0.000539,0.068412,8.000422,7.248728,0.000128,40.859453,11.360627,0.805440,398.755752,0.009346,6.986361,467.098962,474.095208,474.515201,0.419993,474.599603
2365,vehicle2,1436.924000,1436.739000,1861.752790,1,ok,20283,18379,1,0.201787,0.005835,0.000190,0.068199,6.824978,7.206702,0.000103,41.878055,10.517226,0.709252,389.283690,0.004325,8.088013,456.488205,464.580733,465.029219,0.448486,465.236841
2366,vehicle2,1437.123000,1436.941000,1862.533705,1,ok,20276,18360,1,0.058988,0.005632,0.000208,0.082979,9.304782,7.601230,0.000222,40.257290,10.041428,0.708209,390.423607,0.003565,8.059321,458.419747,466.482841,466.967276,0.484435,467.031896
2367,vehicle2,1437.321000,1437.138000,1863.246136,1,ok,20322,18398,1,0.083638,0.014636,0.000526,0.080354,8.029914,8.097275,0.000094,39.722372,12.466798,0.714692,378.554434,0.003314,7.281217,447.665933,454.950990,455.399093,0.448103,455.497367
2368,vehicle2,1437.522000,1437.334000,1864.027395,1,ok,20331,18422,1,0.109544,0.009516,0.000318,0.079628,6.569430,8.121920,0.000103,37.995183,9.867469,0.927923,380.283946,0.003650,6.085281,443.845602,449.934851,450.405367,0.470516,450.524427
2369,vehicle2,1437.725000,1437.538000,1864.814480,1,ok,20280,18363,1,0.171815,0.006768,0.000241,0.082288,8.879823,9.676751,0.000099,41.236926,10.478584,0.970190,399.920116,0.062001,9.797306,471.244777,481.104325,481.709181,0.604856,481.887764
2370,vehicle2,1437.924000,1437.737000,1865.550254,1,ok,20267,18358,1,0.089254,0.008011,0.000229,0.064724,11.595933,8.513021,0.000099,38.689925,10.496305,0.830351,383.039638,0.004142,7.221420,453.229996,460.455787,460.950204,0.494417,461.047469
2371,vehicle2,1438.124000,1437.940000,1866.325426,1,ok,20278,18383,1,0.199334,0.009925,0.000186,0.074024,7.373110,7.502834,0.000087,38.023518,9.698024,0.718651,377.578686,0.003656,7.064772,440.968934,448.037548,448.386051,0.348503,448.595310
2372,vehicle2,1438.323000,1438.141000,1867.074470,1,ok,20337,18443,1,0.083948,0.008829,0.000440,0.112129,5.591674,8.296882,0.000091,36.000430,7.806222,0.846890,360.956060,0.004570,7.522480,419.610378,427.137868,427.521961,0.384093,427.614738
2373,vehicle2,1438.522000,1438.339000,1867.809839,1,ok,20361,18459,1,0.202459,0.008515,0.000263,0.083477,6.171418,7.543931,0.000041,37.350629,9.745590,0.900262,363.244860,0.004586,8.071892,425.040208,433.116949,433.654426,0.537477,433.865400
2374,vehicle2,1438.723000,1438.536000,1868.560624,1,ok,20333,18442,1,0.107102,0.006891,0.000186,0.086499,6.032932,9.464325,0.000131,40.420839,9.060426,0.819202,355.644444,0.004035,6.578876,421.528798,428.111895,428.407991,0.296096,428.521984
2375,vehicle2,1438.924000,1438.740000,1869.349263,1,ok,20329,18437,1,0.076540,0.009382,0.000397,0.086970,8.253942,10.061720,0.000106,38.789527,9.203773,0.743837,373.533550,0.011903,8.606488,440.673425,449.292213,449.677686,0.385473,449.763608
2376,vehicle2,1439.123000,1438.940000,1870.096287,1,ok,20285,18397,1,0.184179,0.006892,0.000158,0.082759,6.558965,7.840461,0.000101,35.485926,12.133302,0.888743,344.771436,0.003339,7.529342,407.761693,415.294532,415.822195,0.527663,416.013266
2377,vehicle2,1439.323000,1439.137000,1870.902517,1,ok,20302,18421,1,0.084094,0.006428,0.000343,0.061891,14.108425,9.660753,0.000118,39.863502,9.384708,0.716107,405.482047,0.004183,6.130711,479.277551,485.412788,485.709082,0.296294,485.799604
2378,vehicle2,1439.523000,1439.339000,1871.633467,1,ok,20290,18413,1,0.227312,0.009167,0.000330,0.088169,6.670995,7.429340,0.000201,37.865052,10.009145,0.715201,391.808745,0.004225,7.406718,454.586848,461.998121,462.255876,0.257755,462.492355
2379,vehicle2,1439.719000,1439.538000,1872.399832,1,ok,20301,18399,1,0.092424,0.009374,0.000254,0.076793,5.343277,8.217724,0.000112,38.836634,11.852208,0.702795,369.377455,0.003470,6.484290,434.406998,440.895012,441.166553,0.271541,441.268351
2380,vehicle2,1439.922000,1439.739000,1873.211359,1,ok,20331,18425,1,0.111757,0.007046,0.000262,0.086331,9.190557,8.744595,0.000081,37.928178,11.840408,0.950583,389.798268,0.020071,7.852107,458.539001,466.411441,467.059582,0.648141,467.178385
2381,vehicle2,1440.125000,1439.936000,1873.994289,1,ok,20341,18439,1,0.189152,0.006554,0.000221,0.090759,12.072735,9.755583,0.000075,40.089829,10.109588,1.006171,387.822474,0.004144,7.157529,460.947214,468.109108,468.716692,0.607584,468.912398
2382,vehicle2,1440.308000,1440.140000,1874.741442,1,ok,20300,18403,1,0.074584,0.006936,0.000332,0.086540,8.216797,9.808418,0.000146,37.256309,9.809092,0.733915,367.341886,0.004752,8.471269,433.253103,441.729456,442.102409,0.372953,442.183929
2383,vehicle2,1440.522000,1440.338000,1875.525337,1,ok,20302,18404,1,0.196883,0.010793,0.000252,0.079011,5.783968,9.402096,0.000088,37.892181,10.462524,0.699847,390.701513,0.003632,7.631137,455.021228,462.656249,462.899754,0.243505,463.107430
2384,vehicle2,1440.722000,1440.535000,1876.280764,1,ok,20375,18470,1,0.081990,0.005641,0.000207,0.065208,4.839828,8.064406,0.000136,37.568602,9.460291,0.913168,366.263137,0.003789,6.260712,427.174776,433.439484,433.830908,0.391424,433.918539
2385,vehicle2,1440.907000,1440.738000,1877.020628,1,ok,20415,18511,1,0.077711,0.006121,0.000400,0.075329,6.495114,8.975532,0.000106,35.255107,8.537884,0.704119,349.756384,0.003606,8.761423,409.799575,418.565004,418.838419,0.273415,418.922251
2386,vehicle2,1441.123000,1440.937000,1877.789735,1,ok,20457,18564,1,0.183112,0.016604,0.000167,0.080072,7.092715,12.819169,0.000081,37.124667,10.162003,0.748561,365.410324,0.024345,8.687686,433.437592,442.149790,442.479085,0.329295,442.678801
2387,vehicle2,1441.309000,1441.139000,1878.558962,1,ok,20450,18553,1,0.082772,0.013647,0.000337,0.065523,8.045994,14.256497,0.000178,35.210615,8.124170,0.871083,379.272551,0.004442,7.354971,445.846611,453.206361,453.600284,0.393923,453.696703
2388,vehicle2,1441.522000,1441.338000,1879.333222,1,ok,20433,18547,1,0.096334,0.007039,0.000245,0.081347,6.661796,8.353377,0.000152,37.352087,12.841955,1.026877,360.377768,0.004465,8.057233,426.695359,434.757302,435.142367,0.385065,435.245740
2389,vehicle2,1441.719000,1441.540000,1880.128870,1,ok,20411,18537,1,0.166212,0.007393,0.000167,0.067415,8.311118,9.057902,0.000140,38.564792,10.987271,1.402963,395.840764,0.004799,7.111433,464.232365,471.348764,471.998798,0.650034,472.172403
2390,vehicle2,1441.924000,1441.739000,1880.908444,1,ok,20402,18530,1,0.077473,0.009349,0.000144,0.091447,5.396981,7.633681,0.000102,35.665275,8.793820,1.719510,374.626938,0.008038,7.923914,433.927754,441.859850,442.411343,0.551493,442.498165
2391,vehicle2,1442.123000,1441.939000,1881.708096,1,ok,20430,18543,1,0.093992,0.007835,0.000266,0.082721,10.105069,8.107145,0.000090,40.415030,9.332896,0.787058,397.899366,0.030410,8.051109,466.729375,474.811160,475.135189,0.324029,475.237016
2392,vehicle2,1442.322000,1442.138000,1882.489067,1,ok,20432,18519,1,0.168528,0.007536,0.000269,0.083917,13.343660,8.838701,0.000086,49.575233,11.792727,0.792010,399.610643,0.003074,6.630943,484.036977,490.671263,491.072567,0.401304,491.248631
2393,vehicle2,1442.523000,1442.336000,1883.263933,1,ok,20443,18528,1,0.207109,0.007792,0.000248,0.066212,10.710656,8.542083,0.000116,38.973604,10.242855,1.778043,382.826846,0.003727,7.028500,453.140415,460.172890,460.465221,0.292331,460.680122
2394,vehicle2,1442.723000,1442.540000,1884.027698,1,ok,20386,18486,1,0.090362,0.019859,0.000105,0.067541,7.904706,7.683756,0.000291,40.471261,11.388568,0.932274,389.807948,0.003655,6.084083,458.256345,464.344188,464.810179,0.465991,464.920400
2395,vehicle2,1442.923000,1442.735000,1884.805494,1,ok,20407,18524,1,0.087800,2.660979,0.000188,0.077346,6.478702,7.468550,0.000142,40.058878,10.420032,0.911337,379.431275,0.004220,6.676900,444.846262,451.527570,453.441749,1.914179,456.190528
2396,vehicle2,1443.124000,1442.940000,1885.606322,1,ok,20400,18499,1,0.270782,0.008166,0.000211,0.083556,9.576105,7.882412,0.000117,39.661298,9.244047,0.731116,394.510029,0.027586,7.311991,461.688680,469.028468,469.425215,0.396747,469.704163
2397,vehicle2,1443.322000,1443.139000,1886.374684,1,ok,20424,18511,1,0.170422,0.007684,0.000222,0.081875,6.496186,9.786123,0.000261,45.617850,9.864159,0.701346,386.007966,0.002627,8.670249,458.555766,467.228864,467.645432,0.416568,467.823538
2398,vehicle2,1443.524000,1443.338000,1887.120822,1,ok,20425,18532,1,0.097351,0.007068,0.000385,0.080289,6.411831,8.517808,0.000115,42.162348,9.031808,0.948540,360.064960,0.003685,6.375555,427.217699,433.597324,433.907794,0.310470,434.012213
2399,vehicle2,1443.723000,1443.538000,1887.895640,1,ok,20400,18501,1,0.163852,0.007442,0.000148,0.075299,7.897147,8.403314,0.000107,41.367285,10.044799,0.912878,374.539523,0.003913,6.046633,443.240352,449.291046,449.694882,0.403836,449.866176
2400,vehicle2,1443.923000,1443.737000,1888.656822,1,ok,20393,18491,1,0.094010,0.008271,0.000207,0.075639,8.375644,10.165010,0.000081,38.689183,9.462646,0.721738,393.312673,0.004303,6.121806,460.802614,466.928930,467.185333,0.256403,467.287614
2401,vehicle2,1444.125000,1443.938000,1889.405241,1,ok,20412,18499,1,0.071329,0.006493,0.000252,0.083406,10.003812,7.961749,0.000147,37.428148,11.014070,0.703389,354.081971,0.004438,7.242111,421.276692,428.523493,428.770902,0.247409,428.848724
2402,vehicle2,1444.314000,1444.139000,1890.154762,1,ok,20429,18512,1,0.078189,0.008247,0.000326,0.097907,6.411685,8.694745,0.000104,37.966634,8.392118,0.764015,363.906713,0.056757,6.914868,426.233921,433.205872,433.667428,0.461556,433.753864
2403,vehicle2,1444.523000,1444.339000,1890.920674,1,ok,20408,18462,1,0.202681,0.008913,0.000140,0.064895,7.308970,9.851008,0.000074,37.849627,12.686715,0.976631,374.613079,0.003279,8.240457,443.350999,451.594875,452.029509,0.434634,452.241103
2404,vehicle2,1444.724000,1444.539000,1891.697416,1,ok,20398,18454,1,0.085063,0.005441,0.000236,0.826541,4.997324,7.230879,0.000104,35.939138,12.021443,0.733738,378.934180,0.003852,7.452806,440.683347,448.140241,448.817727,0.677486,448.908231
2405,vehicle2,1444.926000,1444.740000,1892.492871,1,ok,20429,18489,1,0.082200,0.007681,0.000278,0.086331,7.516544,8.814336,0.000087,41.472051,11.456822,0.933843,394.478383,0.045997,6.432314,464.758397,471.236986,471.559802,0.322816,471.649683
2406,vehicle2,1445.124000,1444.939000,1893.241018,1,ok,20411,18504,1,0.269545,0.007842,0.000207,0.080701,7.173683,11.539660,0.000143,37.516121,9.471303,0.976758,378.559199,0.003987,6.497218,445.317568,451.818980,452.188777,0.369797,452.466164
2407,vehicle2,1445.296000,1445.137000,1894.011111,1,ok,20389,18476,1,0.169317,0.006019,0.000178,0.061011,5.265581,8.218353,0.000112,37.511931,12.259183,0.799035,386.396690,0.004560,6.937505,450.511896,457.454139,457.757551,0.303412,457.932887
2408,vehicle2,1445.524000,1445.340000,1894.820411,1,ok,20354,18446,1,0.095339,0.010381,0.000179,0.088839,6.386557,7.485961,0.000112,36.715793,9.549003,0.714192,395.402037,0.041006,7.396481,456.342494,463.780160,464.141519,0.361359,464.247239
2409,vehicle2,1445.725000,1445.537000,1895.601248,1,ok,20386,18473,1,0.105806,0.039581,0.000251,0.067545,9.881676,7.634498,0.000144,38.931976,12.864123,0.712835,402.184667,0.004394,6.910440,472.277464,479.192549,479.464291,0.271742,479.609678
2410,vehicle2,1445.924000,1445.740000,1896.344731,1,ok,20434,18538,1,0.197901,0.008463,0.000159,0.089764,9.012680,7.332476,0.000081,39.722627,10.584403,0.897546,397.657319,0.010707,7.931373,465.296896,473.239135,473.862307,0.623172,474.068671
2411,vehicle2,1446.124000,1445.942000,1897.116317,1,ok,20407,18522,1,0.083463,0.010353,0.000292,0.065768,6.339503,8.118021,0.000121,40.122984,10.436458,0.694086,392.516392,0.004406,7.375303,458.293333,465.673334,466.103119,0.429785,466.196935
2412,vehicle2,1446.328000,1446.138000,1897.864562,1,ok,20394,18530,1,0.095676,0.010504,0.000513,0.081621,5.503649,9.119580,0.000076,38.811032,10.250063,0.967320,388.124687,0.004107,8.981188,452.858028,461.843836,462.285809,0.441973,462.391989
2413,vehicle2,1446.524000,1446.342000,1898.651735,1,ok,20374,18511,1,0.154208,0.004785,0.000140,0.052515,5.310122,8.993375,0.000133,40.592382,9.709345,0.708464,384.387940,0.024309,6.120127,449.754276,455.898852,456.105894,0.207042,456.264887
2414,vehicle2,1446.724000,1446.540000,1899.391786,1,ok,20335,18480,1,0.156985,0.009533,0.000286,0.090634,7.185570,10.075681,0.000137,41.260879,14.721901,1.081569,378.970592,0.003086,7.869207,453.386963,461.259542,461.794492,0.534950,461.961010
2415,vehicle2,1446.926000,1446.741000,1900.166879,1,ok,20359,18504,1,0.067179,0.005158,0.000228,0.044897,5.973428,7.484950,0.000115,39.037341,9.862368,0.926923,378.960615,0.004094,7.792466,442.290637,450.087425,450.755032,0.667607,450.827369
2416,vehicle2,1447.123000,1446.943000,1900.943697,1,ok,20372,18523,1,0.099956,0.006742,0.000327,0.081714,7.600594,10.030952,0.000077,39.934341,8.800479,0.706463,378.454490,0.004563,6.482742,445.609110,452.096742,452.329229,0.232487,452.435927
2417,vehicle2,1447.323000,1447.137000,1901.681912,1,ok,20383,18539,1,0.182400,0.005985,0.000169,0.074019,9.255248,8.957370,0.000104,38.793621,9.460073,0.817227,377.254724,0.004666,6.464720,444.612386,451.081941,451.479776,0.397835,451.668161
2418,vehicle2,1447.525000,1447.335000,1902.423389,1,ok,20395,18558,1,0.195501,0.032385,0.000185,0.070555,6.873782,8.993107,0.000095,35.239805,10.714530,0.996835,377.074563,0.026100,6.134584,439.963272,446.124141,446.548436,0.424295,446.776322
2419,vehicle2,1447.726000,1447.542000,1903.207455,1,ok,20393,18560,1,0.101497,0.007874,0.000291,0.075337,7.076252,11.487679,0.000131,37.004488,10.928826,0.713272,383.914028,0.005093,7.852485,451.200013,459.057882,459.382038,0.324156,459.491409
2420,vehicle2,1447.925000,1447.741000,1903.938756,1,ok,20379,18558,1,0.175093,0.007291,0.000161,0.083473,7.940919,10.340313,0.000086,35.379303,8.956118,0.705270,380.609422,0.004152,6.971001,444.014904,450.990218,451.331887,0.341669,451.514271
2421,vehicle2,1448.123000,1447.940000,1904.702586,1,ok,20415,18575,1,0.109170,0.007280,0.000400,0.091014,8.078708,8.617550,0.000092,38.431066,11.011111,0.718946,386.044079,0.003519,6.095614,452.992566,459.092099,459.471072,0.378973,459.587522
2422,vehicle2,1448.324000,1448.138000,1905.424425,1,ok,20441,18602,1,0.092295,0.007288,0.000220,0.099066,6.075479,8.865669,0.000087,36.891811,10.228195,0.884060,378.042286,0.004629,6.457452,441.086653,447.548954,447.877777,0.328823,447.977360
2423,vehicle2,1448.624000,1448.443000,1906.407484,1,ok,20417,18574,1,0.421455,0.007972,0.000336,0.093138,6.902457,7.879414,0.000106,34.205150,10.949456,0.735344,367.973754,0.036748,8.479528,428.738819,437.255431,437.818126,0.562695,438.247553
2424,vehicle2,1448.825000,1448.639000,1907.142748,1,ok,20388,18583,1,0.165504,0.005718,0.000240,0.042268,6.144691,10.754500,0.000097,34.496226,9.177082,0.697326,375.602841,0.003743,7.394475,436.915031,444.313489,444.552210,0.238721,444.723432
2425,vehicle2,1449.024000,1448.838000,1907.921528,1,ok,20369,18562,1,0.288433,0.008830,0.000469,0.080573,9.962368,9.149196,0.000082,38.909423,9.336869,0.707225,400.113423,0.005227,6.718973,468.259159,474.983828,475.569177,0.585349,475.866440
2426,vehicle2,1449.224000,1449.040000,1908.665958,1,ok,20368,18561,1,0.180648,0.307073,0.000490,0.100485,6.835452,13.240836,0.000140,34.474053,10.495959,0.932453,401.789320,0.004025,6.139129,467.868698,474.012342,474.460656,0.448314,474.948377
2427,vehicle2,1449.425000,1449.238000,1909.461736,1,ok,20376,18553,1,0.181074,0.008752,0.000210,0.082843,16.626236,12.668922,0.000216,41.053474,10.240161,0.870959,408.886967,0.004196,6.189090,490.429778,496.623274,496.912218,0.288944,497.102044
2428,vehicle2,1449.624000,1449.441000,1910.216632,1,ok,20397,18546,1,0.088271,0.005307,0.000262,0.052913,6.124981,7.967540,0.000101,39.778328,8.921581,0.702133,390.178660,0.027160,7.693181,453.726237,461.446840,461.766191,0.319351,461.859769
2429,vehicle2,1449.826000,1449.639000,1911.006044,1,ok,20416,18529,1,0.225017,0.009255,0.000464,0.108707,8.157733,7.706487,0.000076,37.409492,11.081029,0.713320,399.284795,0.004223,6.298021,464.461639,470.764347,471.176949,0.412602,471.411221
2430,vehicle2,1450.025000,1449.842000,1911.777962,1,ok,20407,18551,1,0.124961,0.005364,0.000314,0.055987,7.252334,8.751938,0.000089,35.899754,10.650795,0.885743,400.708202,0.022956,8.280908,464.204842,472.509020,472.942302,0.433282,473.072627
2431,vehicle2,1450.225000,1450.047000,1912.496088,1,ok,20421,18542,1,0.200164,0.008965,0.000224,0.089109,6.561451,7.725318,0.000105,37.056508,9.724875,0.734877,360.933817,0.003474,8.212113,422.826060,431.041871,431.469250,0.427379,431.678379
2432,vehicle2,1450.425000,1450.241000,1913.248367,1,ok,20464,18588,1,0.073023,0.004255,0.000246,0.055548,6.637347,9.361203,0.000081,37.728923,8.237061,0.730797,382.541685,0.004091,7.178763,445.292645,452.475745,452.766727,0.290982,452.844005
2433,vehicle2,1450.625000,1450.439000,1913.998150,1,ok,20492,18603,1,0.090373,0.009889,0.000350,0.131393,5.776478,8.546878,0.000122,34.374295,9.780807,1.021869,385.025367,0.030642,7.084094,444.657209,451.772295,452.344286,0.571991,452.444548
2434,vehicle2,1450.824000,1450.636000,1914.770726,1,ok,20465,18629,1,0.095834,0.028749,0.000467,0.103861,6.247604,7.405437,0.000097,35.431864,10.223793,0.882717,391.694562,0.003782,6.152265,451.989935,458.146449,458.477781,0.331332,458.602364
2435,vehicle2,1451.016000,1450.839000,1915.536660,1,ok,20445,18597,1,0.174682,0.009507,0.000180,0.075994,5.862595,7.343529,0.000085,35.605179,9.196360,0.717479,383.572215,0.006587,7.814748,442.373436,450.194951,450.486411,0.291460,450.670600
2436,vehicle2,1451.224000,1451.041000,1916.366893,1,ok,20460,18613,1,0.246390,0.007154,0.000368,0.083110,6.237661,7.554333,0.000088,36.729713,11.706105,0.703158,415.707652,0.010819,8.201478,478.721820,486.934485,487.415610,0.481125,487.669154
2437,vehicle2,1451.420000,1451.235000,1917.071318,1,ok,20505,18631,1,0.116516,0.006890,0.000234,0.075520,5.132895,10.272406,0.000099,40.393533,7.954955,0.723106,372.394595,0.010194,6.901474,436.947109,443.859011,444.158501,0.299490,444.281907
2438,vehicle2,1451.625000,1451.436000,1917.857970,1,ok,20458,18577,1,0.180755,0.008947,0.000264,0.080856,9.076454,7.756019,0.000115,37.125505,10.543809,0.719288,387.440539,0.033270,7.237570,452.742585,460.013689,460.389483,0.375794,460.579185
2439,vehicle2,1451.826000,1451.644000,1918.632264,1,ok,20458,18580,1,0.169145,0.006202,0.000241,0.057874,5.507134,8.308155,0.000100,38.244305,9.581002,0.886609,385.834719,0.011538,6.902838,448.419898,455.334515,455.582071,0.247556,455.757418
2440,vehicle2,1452.025000,1451.842000,1919.389709,1,ok,20487,18606,1,0.196422,0.007924,0.000253,0.076773,4.949355,9.841232,0.000144,37.718798,10.193336,0.705517,359.039321,0.025045,6.572229,422.524476,429.122003,429.547923,0.425920,429.752269
2441,vehicle2,1452.203000,1452.039000,1920.113695,1,ok,20459,18567,1,0.076008,0.005159,0.000498,0.056472,6.529335,7.277564,0.000115,37.094765,10.267789,0.708541,354.405306,0.003381,7.585668,416.339887,423.929434,424.169264,0.239830,424.250431
2442,vehicle2,1452.424000,1452.238000,1920.939440,1,ok,20533,18631,1,0.196493,0.006983,0.000429,0.093188,15.033261,8.422317,0.000133,39.480999,10.374201,1.961136,390.349558,0.016317,7.769350,465.714793,473.500889,473.960564,0.459675,474.164040
2443,vehicle2,1452.615000,1452.439000,1921.660062,1,ok,20522,18618,1,0.235980,0.010141,0.000228,0.072183,6.914182,9.046010,0.000083,36.128488,9.878766,0.730069,363.482907,0.004447,6.542279,426.252688,432.799642,433.035115,0.235473,433.281236
2444,vehicle2,1452.823000,1452.637000,1922.507313,1,ok,20554,18665,1,0.214897,0.007384,0.000348,0.058431,15.683152,7.987262,0.000079,38.186526,11.428453,0.718168,411.065600,0.069318,8.308358,485.127671,493.505695,493.868132,0.362437,494.090413
2445,vehicle2,1453.025000,1452.838000,1923.218420,1,ok,20526,18623,1,0.193150,0.009608,0.000318,0.067339,6.045851,9.013273,0.000099,36.790966,15.321906,0.915604,380.777600,0.003758,6.477413,448.932638,455.414127,455.811606,0.397479,456.014364
2446,vehicle2,1453.224000,1453.037000,1924.026455,1,ok,20540,18636,1,0.195067,0.008115,0.000234,0.075741,7.803732,7.721814,0.000093,37.889607,9.961105,0.748482,405.784988,0.008820,7.217455,469.985562,477.212071,477.507311,0.295240,477.710493
2447,vehicle2,1453.426000,1453.241000,1924.820194,1,ok,20513,18616,1,0.166364,0.005005,0.000326,0.054410,5.221433,8.489713,0.000076,37.178846,10.359453,0.708428,405.600375,0.004147,6.993990,467.612734,474.611197,474.957861,0.346664,475.129230
2448,vehicle2,1453.624000,1453.438000,1925.542542,1,ok,20511,18605,1,0.197237,0.007954,0.000327,0.084303,7.078755,9.186014,0.000101,37.309983,8.522976,0.702905,379.811317,0.011798,9.241459,442.696354,451.949938,452.277847,0.327909,452.483038
2449,vehicle2,1453.827000,1453.640000,1926.328614,1,ok,20490,18602,1,0.097676,0.008390,0.000305,0.090998,7.025886,11.407000,0.000100,38.109666,10.056103,0.968176,388.712328,0.031667,8.525860,456.370257,464.928089,465.274779,0.346690,465.380845
2450,vehicle2,1454.025000,1453.842000,1927.140218,1,ok,20546,18662,1,0.125408,0.006238,0.000364,0.067334,6.670317,7.739626,0.000075,37.613868,10.977444,0.719589,411.520809,0.004261,7.851750,475.309062,483.165437,483.420254,0.254817,483.551900
2451,vehicle2,1454.224000,1454.041000,1927.861182,1,ok,20604,18725,1,0.150762,0.008918,0.000358,0.083656,6.700223,9.504722,0.000092,35.447438,7.862897,0.911859,388.639503,0.003890,7.018445,449.150390,456.173083,456.745663,0.572580,456.905343
2452,vehicle2,1454.342000,1454.238000,1928.543906,1,ok,20568,18693,1,0.103553,0.009139,0.000284,0.079726,3.708406,9.281430,0.000088,31.161832,6.431059,0.967996,300.284896,0.004741,6.978653,351.915433,358.899111,359.311206,0.412095,359.423898
2453,vehicle2,1454.618000,1454.438000,1929.370323,1,ok,20539,18672,1,0.086064,0.443208,0.000288,0.089668,4.124514,7.161066,0.000095,32.304187,6.757728,0.846600,367.971115,0.003537,7.173379,419.254973,426.432177,426.724072,0.291895,427.253344
2454,vehicle2,1454.774000,1454.641000,1930.095440,1,ok,20558,18683,1,0.098827,0.009308,0.000210,0.092479,4.955756,8.137699,0.000115,30.570851,6.814220,0.731035,303.493069,0.003404,7.654844,354.795224,362.453682,362.744842,0.291160,362.852977
2455,vehicle2,1454.966000,1454.838000,1930.867717,1,ok,20562,18688,1,0.217821,0.010545,0.000257,0.111309,5.299447,9.672985,0.000127,35.102120,7.438075,0.992641,315.630848,0.042638,9.117266,374.247552,383.407713,384.043518,0.635805,384.271884
2456,vehicle2,1455.172000,1455.039000,1931.644087,1,ok,20558,18696,1,0.177659,0.007062,0.000221,0.068657,4.891397,7.941289,0.000171,32.443006,8.235119,0.708646,323.894291,0.004023,8.368935,378.182576,386.555755,386.967303,0.411548,387.152024
2457,vehicle2,1455.424000,1455.241000,1932.463645,1,ok,20559,18702,1,0.083694,0.007328,0.000428,0.117505,3.649434,7.157930,0.000079,31.469352,7.023060,0.741812,360.473724,0.003986,6.700560,410.632896,417.337870,417.630046,0.292176,417.721068
2458,vehicle2,1455.622000,1455.438000,1933.210193,1,ok,20577,18703,1,0.118177,0.006618,0.000281,0.088146,5.054111,8.735296,0.000164,34.011227,8.435518,0.748959,369.505956,0.007532,7.829331,426.579377,434.416521,434.910496,0.493975,435.035291
2459,vehicle2,1455.814000,1455.639000,1933.976836,1,ok,20597,18728,1,0.085631,0.009181,0.000313,0.095664,6.543464,8.087410,0.000097,37.137665,11.253920,0.738007,358.067148,0.005524,7.103959,421.923375,429.033171,429.558214,0.525043,429.653026
2460,vehicle2,1455.992000,1455.839000,1934.729389,1,ok,20605,18752,1,0.106136,0.006438,0.000257,0.057027,7.687636,9.724160,0.000109,40.227413,8.900562,0.743729,360.713382,0.043177,8.167737,428.054018,436.265189,436.623683,0.358494,436.736257
2461,vehicle2,1456.224000,1456.039000,1935.536599,1,ok,20570,18715,1,0.308698,0.010536,0.000178,0.069755,12.333030,8.222953,0.000111,37.694580,10.210099,0.896414,377.373464,0.008876,7.878433,446.800406,454.687893,455.271022,0.583129,455.590256
2462,vehicle2,1456.425000,1456.240000,1936.325799,1,ok,20553,18682,1,0.195905,0.006650,0.000278,0.081337,9.981855,7.458907,0.000090,39.169574,11.906185,0.714609,391.304761,0.007149,7.529933,460.617318,468.154678,468.423520,0.268842,468.626075
2463,vehicle2,1456.623000,1456.440000,1937.058972,1,ok,20551,18658,1,0.093716,0.010779,0.000310,0.087617,5.592452,7.612203,0.000096,36.660373,8.510436,0.843779,375.884939,0.003251,6.442780,435.191895,441.638236,441.894831,0.256595,441.999326
2464,vehicle2,1456.825000,1456.635000,1937.854871,1,ok,20585,18706,1,0.101775,0.005301,0.000303,0.056224,5.009515,8.737502,0.000091,39.821830,11.272349,0.805046,386.155206,0.003978,7.165475,451.857763,459.027519,459.314811,0.287292,459.421887
2465,vehicle2,1457.026000,1456.842000,1938.672850,1,ok,20579,18691,1,0.076422,0.007055,0.000249,0.082141,8.305385,8.040427,0.000126,39.284310,8.625974,0.703045,432.941441,0.016399,7.689783,497.982849,505.689280,505.923519,0.234239,506.006996
2466,vehicle2,1457.231000,1457.042000,1939.445649,1,ok,20552,18651,1,0.085181,0.007188,0.000287,0.075423,5.803901,8.385327,0.000171,37.185416,10.129581,0.695254,418.408228,0.003824,9.174106,480.683301,489.861518,491.539006,1.677488,491.631375
2467,vehicle2,1457.401000,1457.239000,1940.123959,1,ok,20523,18633,1,0.089668,0.007225,0.000263,0.068389,6.241929,14.436969,0.000237,35.833179,9.087967,0.941686,363.741728,0.003772,8.216672,430.352084,438.572791,439.044791,0.472000,439.141684
2468,vehicle2,1457.625000,1457.441000,1940.952609,1,ok,20534,18647,1,0.072534,0.006675,0.000396,0.068804,5.506677,6.881590,0.000083,36.068394,8.670710,0.855112,405.328408,0.003965,6.102230,463.379778,469.486369,469.741952,0.255583,469.821161
2469,vehicle2,1457.824000,1457.643000,1941.657738,1,ok,20548,18693,1,0.070279,0.007988,0.000315,0.082762,5.219746,10.043470,0.000097,31.527064,9.508822,0.720547,370.523503,0.004040,6.122587,427.626011,433.752953,434.028677,0.275724,434.106944
2470,vehicle2,1457.940000,1457.839000,1942.269045,1,ok,20556,18699,1,0.080105,0.009062,0.000290,0.084080,4.420960,8.668867,0.000251,28.728573,7.325134,0.793228,263.077124,0.003294,6.480069,313.098217,319.581870,320.002368,0.420498,320.091535
2471,vehicle2,1458.195000,1458.037000,1943.122341,1,ok,20583,18721,1,0.189291,0.008593,0.000284,0.069802,4.867697,7.872542,0.000083,32.113761,8.321553,0.727297,352.113804,0.025640,7.194153,406.086539,413.306616,413.585487,0.278871,413.783371
2472,vehicle2,1458.341000,1458.238000,1943.804630,1,ok,20592,18736,1,0.111103,0.010236,0.000412,0.089021,4.333949,8.298698,0.000076,28.606729,5.080697,0.694479,275.146359,0.004332,7.266989,322.250008,329.521741,329.881161,0.359420,330.002500
2473,vehicle2,1458.583000,1458.437000,1944.640706,1,ok,20602,18746,1,0.094521,0.007929,0.000319,0.092181,5.081070,8.213933,0.000093,32.610234,7.569081,0.689553,335.078813,0.014093,9.310017,389.334958,398.659387,399.001454,0.342067,399.103904
2474,vehicle2,1458.740000,1458.640000,1945.274767,1,ok,20621,18770,1,0.193495,0.006642,0.000204,0.085878,4.748351,8.685426,0.000087,28.315805,5.289330,0.688831,219.520849,0.003827,7.508041,267.334557,274.846629,275.089457,0.242828,275.289594
2475,vehicle2,1458.937000,1458.840000,1946.091690,1,ok,20612,18769,1,0.115673,0.009040,0.000199,0.079224,4.900743,8.904046,0.000085,29.764692,6.188545,0.704432,293.037797,0.003954,6.709469,343.579564,350.293186,350.844694,0.551508,350.969407
2476,vehicle2,1459.206000,1459.039000,1946.903472,1,ok,20556,18721,1,0.051581,0.008497,0.000338,0.099174,4.774524,9.939028,0.000080,35.139600,7.981091,2.050435,323.755089,0.025357,7.444099,383.739021,391.208815,391.614444,0.405629,391.674522
2477,vehicle2,1459.372000,1459.238000,1947.655846,1,ok,20568,18733,1,0.094298,0.007666,0.000297,0.053196,4.509457,7.578066,0.000075,38.514612,6.973386,0.897597,315.768833,0.003455,7.933876,374.295222,382.232850,382.689771,0.456921,382.791735
2478,vehicle2,1459.599000,1459.438000,1948.420664,1,ok,20611,18770,1,0.094757,0.007135,0.000303,0.068618,6.004326,7.863804,0.000110,37.579428,8.584188,0.975015,329.275598,0.005810,7.593451,390.351087,397.950651,398.306509,0.355858,398.408401
2479,vehicle2,1459.824000,1459.636000,1949.292070,1,ok,20612,18742,1,0.089189,0.008734,0.000309,0.091701,13.959315,8.414053,0.000077,38.498622,9.248466,0.711124,430.395153,0.004392,6.806824,501.318511,508.130036,508.659073,0.529037,508.756996
2480,vehicle2,1460.025000,1459.841000,1950.059229,1,ok,20606,18730,1,0.166078,0.008056,0.000243,0.086039,7.494431,8.502188,0.000088,36.845567,9.880073,0.911418,420.121206,0.005874,8.913477,483.841010,492.760604,493.124714,0.364110,493.298848
2481,vehicle2,1460.225000,1460.039000,1950.767827,1,ok,20626,18763,1,0.178284,0.006888,0.000346,0.065086,7.971407,7.340047,0.000076,36.050115,9.656056,0.737386,385.633895,0.035667,8.934675,447.454068,456.424756,456.711277,0.286521,456.896449
2482,vehicle2,1460.364000,1460.240000,1951.431377,1,ok,20642,18785,1,0.347974,0.006626,0.000240,0.072741,6.161499,10.138859,0.000196,40.805980,7.116634,1.032296,301.705592,0.004408,8.275460,367.033797,375.313905,375.611522,0.297617,375.966122
2483,vehicle2,1460.624000,1460.441000,1952.272839,1,ok,20650,18790,1,0.163977,0.006053,0.000231,0.052872,4.318813,8.373831,0.000100,34.368164,7.211957,0.690041,376.527720,0.003256,8.330735,431.543498,439.877720,440.092632,0.214912,440.262662
2484,vehicle2,1460.822000,1460.641000,1952.992439,1,ok,20670,18814,1,1.585930,0.007377,0.000330,0.088694,6.374727,9.202838,0.000083,31.288112,8.748217,0.712766,350.596676,0.005428,8.085330,407.012113,415.103201,415.535237,0.432036,417.128544
2485,vehicle2,1461.025000,1460.841000,1953.752645,1,ok,20643,18789,1,0.189500,0.005955,0.000389,0.074898,4.824734,8.553956,0.000098,29.915341,6.732087,0.789455,373.386862,0.003620,6.072434,424.277431,430.353874,431.527714,1.173840,431.723169
2486,vehicle2,1461.161000,1461.043000,1954.414000,1,ok,20667,18833,1,0.238998,0.012143,0.000554,0.089870,5.436567,7.948409,0.000080,29.800910,6.217347,0.806561,285.567035,0.004007,8.564945,335.866779,344.436285,344.737318,0.301033,344.988459
2487,vehicle2,1461.373000,1461.243000,1955.180439,1,ok,20670,18853,1,0.110950,0.005169,0.000248,0.042291,3.456773,7.785154,0.000100,30.435750,5.753356,0.814946,309.629469,0.033984,9.910737,357.917839,367.862808,368.297365,0.434557,368.413484
2488,vehicle2,1461.538000,1461.441000,1955.820841,1,ok,20672,18847,1,0.130729,0.008391,0.000357,0.057275,3.518881,8.078256,0.000150,25.817613,4.341883,0.933396,190.987323,0.008960,6.542935,233.734777,240.287029,241.565826,1.278797,241.704946
2489,vehicle2,1461.736000,1461.638000,1956.606318,1,ok,20649,18806,1,0.091181,0.008145,0.000497,0.101098,3.487516,7.947892,0.000122,28.573520,4.781611,0.701346,235.587474,0.011415,7.899898,281.180579,289.092389,289.544483,0.452094,289.643809
2490,vehicle2,1462.025000,1461.841000,1957.490807,1,ok,20686,18829,1,0.098499,0.004397,0.000288,0.041267,11.913124,7.207953,0.000104,33.620069,9.550837,0.703934,350.212881,0.004181,9.018611,413.250169,422.273249,422.635234,0.361985,422.738130
2491,vehicle2,1462.158000,1462.042000,1958.161227,1,ok,20707,18852,1,0.083606,0.009407,0.000330,0.505622,3.640781,8.139297,0.000091,30.712034,6.097089,0.698238,272.413641,0.005166,8.179486,322.206793,330.391775,330.660890,0.269115,330.753903
2492,vehicle2,1462.425000,1462.236000,1959.020843,1,ok,20688,18823,1,0.168113,0.007042,0.000211,0.079943,6.930756,10.199276,0.000073,37.982030,10.773780,0.722170,404.710043,0.041514,6.924426,471.398071,478.364222,478.998256,0.634034,479.173411
2493,vehicle2,1462.601000,1462.440000,1959.698744,1,ok,20688,18830,1,0.078603,0.005310,0.000350,0.045845,5.070052,7.727865,0.000153,34.626162,10.036430,0.930598,345.147720,0.004347,7.156479,403.584825,410.746001,411.205955,0.459954,411.289868
2494,vehicle2,1462.739000,1462.639000,1960.377324,1,ok,20655,18799,1,0.162984,0.008138,0.000357,0.158455,5.312656,7.911000,0.000079,31.944818,7.479613,0.868870,274.665748,0.003746,7.744429,328.341239,336.089771,336.494535,0.404764,336.665657
2495,vehicle2,1463.033000,1462.842000,1961.345978,1,ok,20598,18720,1,0.151374,0.008217,0.000288,0.085532,21.619369,8.617353,0.000240,37.895155,10.677601,1.009098,439.340925,0.003210,6.690699,519.245273,525.939470,526.370217,0.430747,526.529808
2496,vehicle2,1463.225000,1463.040000,1962.028503,1,ok,20619,18747,1,0.201492,0.011163,0.000254,0.091514,7.237561,8.866954,0.000125,34.978148,9.557369,0.703084,401.325583,0.024162,10.530501,462.760338,473.315255,473.641730,0.326475,473.854385
2497,vehicle2,1463.425000,1463.239000,1962.821554,1,ok,20672,18812,1,0.183277,0.007620,0.000240,0.087087,6.909016,10.696516,0.000107,39.073318,9.817325,0.733778,416.368997,0.043860,8.471662,483.686144,492.201906,492.475966,0.274060,492.666863
2498,vehicle2,1463.625000,1463.441000,1963.560996,1,ok,20706,18838,1,0.164090,0.006225,0.000281,0.068079,6.115107,7.071223,0.000084,33.082224,7.010130,0.686062,386.518454,0.008428,7.143122,440.551363,447.703194,448.027259,0.324065,448.197574
2499,vehicle2,1463.762000,1463.637000,1964.253081,1,ok,20671,18807,1,0.084380,0.007490,0.000234,0.063994,4.568191,7.351121,0.000123,32.058821,7.060888,0.935763,311.503025,0.003732,8.803954,363.541926,372.349846,373.149419,0.799573,373.241289
2500,vehicle2,1463.983000,1463.842000,1965.070390,1,ok,20644,18786,1,0.180528,0.006605,0.000252,0.044179,8.468388,8.069497,0.000085,32.186215,7.528406,0.878960,333.992143,0.004412,8.067471,391.167873,399.240008,399.516918,0.276910,399.704051
2501,vehicle2,1464.140000,1464.043000,1965.756612,1,ok,20647,18800,1,0.049556,0.006555,0.000318,0.058661,4.317378,7.257067,0.000081,28.585877,7.348891,0.936276,249.359214,0.007824,6.658359,297.863445,304.529946,304.816726,0.286780,304.872837
2502,vehicle2,1464.343000,1464.240000,1966.567406,1,ok,20646,18806,1,0.077628,0.022648,0.000390,0.083041,3.935510,7.555596,0.000080,29.409871,5.665598,0.752540,295.217278,0.004429,7.229777,342.619514,349.854110,350.133194,0.279084,350.233470
2503,vehicle2,1464.580000,1464.436000,1967.348007,1,ok,20673,18834,1,0.106837,0.009943,0.000498,0.091227,6.723637,9.173124,0.000074,33.659907,8.418261,0.729417,324.817853,0.032451,7.775900,383.613500,391.422349,391.695770,0.273421,391.812550
2504,vehicle2,1464.808000,1464.639000,1968.153754,1,ok,20688,18840,1,0.076836,0.005610,0.000238,0.068081,5.541449,7.970856,0.000128,32.734899,8.822441,0.728496,369.523763,0.003415,7.069673,425.390113,432.463439,432.894506,0.431067,432.976952
2505,vehicle2,1465.024000,1464.841000,1968.936376,1,ok,20702,18843,1,0.180325,0.011537,0.000264,0.074753,6.426453,8.225385,0.000125,31.754578,7.713482,0.947092,368.893026,0.005510,8.241143,424.034894,432.281811,432.720869,0.439058,432.912731
2506,vehicle2,1465.205000,1465.040000,1969.661720,1,ok,20704,18852,1,0.081235,0.007907,0.000408,0.091497,5.028881,8.122558,0.000116,32.374911,8.162429,0.841249,344.269541,0.003702,9.517564,398.891182,408.412856,408.828765,0.415909,408.917907
2507,vehicle2,1465.338000,1465.240000,1970.346075,1,ok,20708,18857,1,0.186662,0.009273,0.000252,0.076730,5.226820,8.207532,0.000102,32.008525,7.448767,0.710541,278.447025,0.009416,7.841274,332.126042,339.976984,340.394849,0.417865,340.590784
2508,vehicle2,1465.542000,1465.440000,1971.108138,1,ok,20690,18829,1,0.092179,0.009910,0.000323,0.089598,4.343505,8.683996,0.000129,29.774171,5.034158,0.692722,272.784932,0.004915,8.287870,321.403211,329.696319,330.146222,0.449903,330.248311
2509,vehicle2,1465.824000,1465.641000,1972.016311,1,ok,20654,18779,1,0.094705,0.005188,0.000286,0.055535,3.762227,8.394981,0.000112,39.381416,8.211119,0.883201,389.847588,0.063963,7.993166,450.536179,458.593594,458.972450,0.378856,459.072343
2510,vehicle2,1466.024000,1465.840000,1972.768118,1,ok,20657,18793,1,0.178309,0.006558,0.000279,0.110423,4.973105,7.886315,0.000087,37.945807,8.287957,0.777032,388.950875,0.003511,6.742568,448.931601,455.677959,455.956284,0.278325,456.141151
2511,vehicle2,1466.225000,1466.039000,1973.574109,1,ok,20684,18814,1,0.182779,0.008916,0.000218,0.092790,12.504265,8.772572,0.000078,40.145042,8.942833,0.696540,423.128268,0.003850,7.192356,494.282388,501.478812,501.843683,0.364871,502.035378
2512,vehicle2,1466.424000,1466.240000,1974.286622,1,ok,20673,18812,1,0.190600,0.005215,0.000262,0.053839,5.531117,9.637797,0.000097,39.801305,9.918166,0.775926,388.470766,0.027550,8.802462,454.189013,463.019287,463.557539,0.538252,463.753354
2513,vehicle2,1466.625000,1466.440000,1975.039646,1,ok,20682,18844,1,0.098155,0.012788,0.000331,0.086504,6.304164,7.662506,0.000152,32.820027,8.774675,0.773845,377.199834,0.003155,7.321868,433.621707,440.947061,441.586349,0.639288,441.697292
2514,vehicle2,1466.824000,1466.640000,1975.821034,1,ok,20676,18829,1,0.133497,0.038785,0.000606,0.105453,5.861607,7.491747,0.000087,34.435655,7.726815,0.683302,391.259851,0.030470,6.224607,447.564517,453.820200,454.141855,0.321655,454.314137
2515,vehicle2,1467.026000,1466.839000,1976.630463,1,ok,20743,18849,1,0.201536,0.008735,0.000245,0.076889,7.272894,6.945714,0.000096,38.440094,10.327120,0.828095,418.212729,0.003635,6.948857,482.103631,489.056368,489.308543,0.252175,489.518814
2516,vehicle2,1467.220000,1467.042000,1977.330029,1,ok,20704,18808,1,0.082740,0.008200,0.000298,0.096529,6.651017,7.844635,0.000126,34.273656,8.818855,0.775289,349.256529,0.014298,7.640991,407.716636,415.372223,415.769401,0.397178,415.860341
2517,vehicle2,1467.424000,1467.239000,1978.083637,1,ok,20678,18829,1,0.086366,0.012590,0.000325,0.100559,5.694303,7.198474,0.000088,34.689734,8.571853,0.701428,361.774934,0.003514,6.880900,418.731373,425.616112,426.010767,0.394655,426.109723
2518,vehicle2,1467.618000,1467.438000,1978.839143,1,ok,20679,18840,1,0.221976,0.016591,0.000215,0.085349,5.117625,8.103643,0.000087,34.273832,7.858167,0.995400,391.708010,0.004959,8.541674,448.142113,456.688961,457.017943,0.328982,457.256510
2519,vehicle2,1467.805000,1467.640000,1979.579221,1,ok,20652,18807,1,0.193204,0.008112,0.000200,0.068256,5.054369,8.816486,0.000106,33.222734,8.940041,0.994173,355.270658,0.003335,7.265989,412.366823,419.636347,420.099242,0.462895,420.300558
2520,vehicle2,1467.938000,1467.837000,1980.264543,1,ok,20656,18809,1,0.171766,0.006809,0.000283,0.079614,4.326420,10.489198,0.000107,30.125566,5.495197,0.681332,275.933296,0.041879,8.641701,327.130730,335.814593,336.132852,0.318259,336.311427
2521,vehicle2,1468.225000,1468.039000,1981.115344,1,ok,20699,18835,1,0.108372,0.007957,0.000317,0.072702,4.410356,7.008648,0.000107,36.938886,8.747887,0.921264,365.145329,0.005620,7.754833,423.245179,431.005949,431.316629,0.310680,431.432958
2522,vehicle2,1468.431000,1468.243000,1981.957701,1,ok,20737,18855,1,0.102720,0.005031,0.000259,0.068829,5.752276,8.472957,0.000089,39.777904,11.358982,0.710982,436.698818,0.003872,6.740541,502.840837,509.585509,509.859898,0.274389,509.967649
2523,vehicle2,1468.594000,1468.439000,1982.545492,1,ok,20729,18831,1,0.163033,0.008809,0.000408,0.086507,6.424329,7.418950,0.000075,34.605504,7.471193,0.737187,310.193962,0.003551,6.401171,366.937707,373.342837,373.737947,0.395110,373.909789
2524,vehicle2,1468.829000,1468.643000,1983.378954,1,ok,20761,18900,1,0.072156,0.006764,0.000241,0.060261,4.773635,9.704377,0.000089,31.463494,7.423271,0.685106,377.131963,0.006496,8.420964,431.242196,439.669897,440.269009,0.599112,440.347929
2525,vehicle2,1469.013000,1468.845000,1984.075136,1,ok,20757,18914,1,0.171547,0.006598,0.000245,0.080368,5.289838,8.284762,0.000112,33.680209,7.888005,0.770641,346.833274,0.041171,7.788964,402.827209,410.657589,411.210114,0.552525,411.388259
2526,vehicle2,1469.226000,1469.040000,1984.860730,1,ok,20742,18906,1,0.110769,0.013233,0.000429,0.066873,5.664998,7.676741,0.000086,33.339788,10.120857,0.842957,375.408510,0.003866,6.768985,433.120810,439.894090,440.442322,0.548232,440.566324
2527,vehicle2,1469.426000,1469.244000,1985.633688,1,ok,20727,18877,1,0.169129,0.011432,0.000226,0.082524,6.306923,13.515565,0.000102,34.383456,9.264575,0.825474,374.815002,0.003574,7.062080,439.193621,446.259501,446.672954,0.413453,446.853515
2528,vehicle2,1469.635000,1469.449000,1986.454172,1,ok,20741,18889,1,0.189633,0.005983,0.000399,0.066833,6.324291,7.641329,0.000119,34.306131,8.950841,0.814242,425.972416,0.012156,9.636303,484.076202,493.725060,494.028727,0.303667,494.224343
2529,vehicle2,1469.825000,1469.644000,1987.170981,1,ok,20735,18879,1,0.218356,0.005184,0.000268,0.043589,5.581463,7.355962,0.000074,35.592641,9.277486,0.737858,389.897370,0.003879,7.536497,448.486443,456.027087,456.334294,0.307207,456.557834
2530,vehicle2,1470.024000,1469.842000,1987.880423,1,ok,20757,18906,1,0.229217,0.008975,0.000295,0.074792,5.153955,6.981572,0.000138,31.574006,7.864417,0.756763,367.802802,0.049271,9.350311,420.208445,429.608322,429.957798,0.349476,430.195990
2531,vehicle2,1470.213000,1470.040000,1988.567534,1,ok,20741,18890,1,0.104863,0.009532,0.000325,0.062964,5.813936,9.170164,0.000101,33.678683,7.902867,0.947902,332.705744,0.003228,8.679000,390.282361,398.964914,399.728074,0.763160,399.842469
2532,vehicle2,1470.425000,1470.241000,1989.385675,1,ok,20739,18872,1,0.098887,0.006955,0.000297,0.087971,8.048189,10.649135,0.000150,37.391706,9.443811,0.722987,380.329074,0.004557,8.085318,446.673023,454.763195,455.165956,0.402761,455.271798
2533,vehicle2,1470.597000,1470.439000,1990.046649,1,ok,20726,18870,1,0.169960,0.006728,0.000343,0.082806,6.271289,9.117537,0.000108,36.367903,7.570910,0.974163,323.402534,0.004558,9.915980,383.787250,393.708131,394.236688,0.528557,394.413376
2534,vehicle2,1470.827000,1470.640000,1990.857200,1,ok,20714,18859,1,0.207660,0.012397,0.000326,0.044484,7.899544,8.457848,0.000084,41.594491,7.852121,0.716967,381.154407,0.010350,9.926333,447.719946,457.656955,458.041976,0.385021,458.262033
2535,vehicle2,1470.981000,1470.843000,1991.558015,1,ok,20679,18835,1,0.185158,0.006779,0.000213,0.054913,3.423743,7.700250,0.000154,27.949646,5.169051,0.711280,304.152100,0.007320,8.267332,349.161137,357.436002,357.943316,0.507314,358.135253
2536,vehicle2,1471.191000,1471.044000,1992.328946,1,ok,20644,18797,1,0.101469,0.010010,0.000347,0.054116,5.665832,7.714168,0.000195,29.112031,6.934574,0.795752,302.768076,0.032755,7.118955,353.044744,360.196801,360.456834,0.260033,360.568313
2537,vehicle2,1471.426000,1471.244000,1993.150736,1,ok,20734,18856,1,0.099716,0.005562,0.000344,0.058841,7.275801,11.284656,0.000103,33.393629,7.491560,0.707917,354.444322,0.008721,6.399469,414.656829,421.065363,421.494924,0.429561,421.600202
2538,vehicle2,1471.625000,1471.439000,1993.936012,1,ok,20773,18892,1,0.225637,0.034430,0.000321,0.094251,6.264171,8.559831,0.000188,33.634335,9.849873,0.989019,417.947601,0.003405,7.821327,477.339269,485.164322,485.650411,0.486089,485.910478
2539,vehicle2,1471.793000,1471.643000,1994.638630,1,ok,20761,18899,1,0.071807,0.005909,0.000321,0.057786,3.962539,7.489581,0.000286,31.418305,7.705780,0.872371,323.459759,0.006309,11.039592,374.966407,386.012629,386.464762,0.452133,386.542478
2540,vehicle2,1472.025000,1471.846000,1995.484637,1,ok,20736,18880,1,0.107261,0.005905,0.000325,0.073944,8.158524,6.895025,0.000073,40.870382,8.956856,0.716607,397.445593,0.016119,6.277409,463.117004,469.410857,469.680184,0.269327,469.793350
2541,vehicle2,1472.225000,1472.040000,1996.231224,1,ok,20761,18908,1,0.198040,0.007200,0.000198,0.089564,4.551758,7.263895,0.000110,35.668037,7.383242,0.716187,391.267156,0.012064,8.452431,446.939949,455.404642,455.657448,0.252806,455.862688
2542,vehicle2,1472.383000,1472.241000,1996.920368,1,ok,20799,18943,1,0.237963,2.074487,0.000360,0.067934,4.343485,8.500090,0.000094,30.015808,8.383008,0.950495,313.450079,0.003898,8.744470,365.710993,374.459721,375.682130,1.222409,377.994580
2543,vehicle2,1472.607000,1472.441000,1997.719523,1,ok,20795,18935,1,0.130872,1.894681,0.000336,0.065224,4.772725,9.223852,0.000095,29.976304,7.631457,0.959226,348.411103,0.003515,7.057514,401.039986,408.101351,408.486208,0.384857,410.511761
2544,vehicle2,1472.774000,1472.640000,1998.458516,1,ok,20730,18866,1,0.115211,0.006386,0.000270,0.076934,5.739144,7.787389,0.000132,34.200189,7.075707,0.671285,328.197588,0.003842,8.072653,383.748368,391.825133,392.178895,0.353762,392.300492
2545,vehicle2,1472.958000,1472.837000,1999.242638,1,ok,20733,18860,1,0.193885,0.008539,0.000270,0.084724,3.657377,6.913303,0.000180,33.036377,8.117825,0.865440,324.523348,0.006952,10.139278,377.198574,387.345074,387.779886,0.434812,387.982310
2546,vehicle2,1473.225000,1473.041000,2000.123528,1,ok,20758,18872,1,0.197187,0.007097,0.000270,0.087010,5.413599,7.759345,0.000094,33.465853,8.295632,0.926643,398.862092,0.026973,7.901455,454.810268,462.738966,463.091236,0.352270,463.295520
2547,vehicle2,1473.424000,1473.239000,2000.868109,1,ok,20767,18871,1,0.235542,0.006143,0.000219,0.068419,4.999911,8.584988,0.000123,35.347212,10.842041,0.743379,398.257675,0.003270,8.251006,458.843748,467.098243,467.484644,0.386401,467.726329
2548,vehicle2,1473.626000,1473.442000,2001.657013,1,ok,20767,18883,1,0.067901,0.007321,0.000573,0.114071,5.458811,7.920298,0.000082,36.399977,8.872954,1.356907,368.453881,0.003937,7.186553,428.576981,435.768044,436.085104,0.317060,436.160326
2549,vehicle2,1473.826000,1473.640000,2002.432082,1,ok,20746,18882,1,0.190121,0.023329,0.000519,0.087501,6.107453,9.142048,0.000095,34.844622,10.279713,0.740037,389.423686,0.009000,8.105578,450.625155,458.740252,459.252160,0.511908,459.465610
2550,vehicle2,1474.025000,1473.843000,2003.164577,1,ok,20751,18886,1,0.101843,0.006076,0.000470,0.067164,4.563289,10.212667,0.000133,33.736828,7.192131,0.714693,351.526673,0.004946,6.726459,408.013578,414.745453,415.303622,0.558169,415.411541
2551,vehicle2,1474.226000,1474.039000,2003.946596,1,ok,20782,18892,1,0.090116,0.031601,0.000213,0.111340,6.121315,7.334714,0.000102,34.938761,9.545271,0.925935,397.354552,0.026260,11.377724,456.331990,467.736187,468.344352,0.608165,468.466069
2552,vehicle2,1474.426000,1474.241000,2004.733199,1,ok,20784,18895,1,0.298521,0.010426,0.000285,0.090051,7.363145,9.828060,0.000110,39.246873,9.034964,0.854228,389.725425,0.009177,6.206570,456.142856,462.358888,462.729668,0.370780,463.038615
2553,vehicle2,1474.586000,1474.443000,2005.400924,1,ok,20746,18891,1,0.213892,0.007713,0.000318,0.099324,6.031562,6.803556,0.000085,29.679822,5.837771,0.723205,307.843520,0.009915,9.440349,357.018845,366.469427,366.898058,0.428631,367.119663
2554,vehicle2,1474.741000,1474.643000,2006.048893,1,ok,20724,18881,1,0.189193,0.010247,0.000421,0.226809,5.436861,6.831597,0.000280,26.544263,4.963160,0.692957,226.985169,0.004095,6.117827,271.681096,277.803439,278.148105,0.344666,278.347545
2555,vehicle2,1475.022000,1474.845000,2006.937561,1,ok,20745,18889,1,0.109998,0.098621,0.000292,0.069600,5.496153,7.490210,0.000102,30.962191,8.750459,0.784182,353.728917,0.004466,7.871167,407.281814,415.157739,415.510818,0.353079,415.719437
2556,vehicle2,1475.226000,1475.039000,2007.758378,1,ok,20555,18364,1,0.091895,0.005156,0.000399,0.056115,11.434768,7.899875,0.000173,39.560095,10.156319,0.751387,431.022685,0.013719,6.152797,500.881417,507.048332,507.372875,0.324543,507.469926
2557,vehicle2,1475.428000,1475.243000,2008.532695,1,ok,20428,18066,1,0.174128,0.006382,0.000289,0.082930,10.129379,7.961901,0.000149,38.090514,10.720339,0.954452,424.410771,0.005280,6.962949,492.350435,499.318953,499.795186,0.476233,499.975696
2558,vehicle2,1475.628000,1475.444000,2009.245527,1,ok,20464,18187,1,0.278730,0.007984,0.000241,0.087650,7.575941,7.568026,0.000085,34.305104,7.637050,0.871881,371.593459,0.004018,6.539149,429.639196,436.182604,436.464781,0.282177,436.751495
2559,vehicle2,1475.828000,1475.645000,2010.001244,1,ok,20735,18847,1,0.091985,0.020370,0.000272,0.084348,5.491451,8.318990,0.000081,35.481532,7.664286,0.757123,380.047086,0.013282,6.959098,437.844897,444.817549,445.169446,0.351897,445.281801
2560,vehicle2,1476.027000,1475.842000,2010.793847,1,ok,20757,18899,1,0.069944,0.007106,0.000483,0.072059,5.664879,8.557066,0.000164,33.796908,10.285030,0.900825,387.880826,0.004790,8.632178,447.157757,455.795208,456.249659,0.454451,456.326709
2561,vehicle2,1476.200000,1476.043000,2011.502040,1,ok,20773,18904,1,0.131827,0.005780,0.000279,0.090385,5.684611,7.626176,0.000074,34.038113,6.027412,0.681890,330.032036,0.004971,7.862962,384.180697,392.048909,392.338270,0.289361,392.475877
2562,vehicle2,1476.427000,1476.243000,2012.300749,1,ok,20762,18882,1,0.064628,0.007823,0.000432,0.102071,5.231163,13.818312,0.000082,31.982639,8.019786,0.745825,350.453164,0.042466,7.731149,410.353042,418.127089,418.564023,0.436934,418.636474
2563,vehicle2,1476.613000,1476.444000,2013.026964,1,ok,20741,18865,1,0.087161,0.013622,0.000319,0.056869,5.382425,7.469159,0.000086,28.877163,5.582528,0.677009,331.300388,0.016731,10.727371,379.345627,390.090048,390.520925,0.430877,390.621708
2564,vehicle2,1476.803000,1476.642000,2013.768162,1,ok,20719,18832,1,0.107566,0.007937,0.000585,0.103931,6.160636,8.109484,0.000102,32.286876,7.868314,0.695457,325.755681,0.003973,8.647741,380.980481,389.632780,389.977469,0.344689,390.092972
2565,vehicle2,1476.963000,1476.844000,2014.496126,1,ok,20711,18834,1,0.155484,0.006364,0.000320,0.080607,5.248067,9.478743,0.000098,31.275550,8.156079,0.744188,293.259498,0.003685,6.836382,348.242830,355.083217,355.326223,0.243006,355.488071
2566,vehicle2,1477.193000,1477.043000,2015.299105,1,ok,20714,18851,1,0.072058,0.006153,0.000334,0.082238,5.662384,6.945926,0.000080,32.825740,6.313238,0.696353,314.365474,0.004672,20.305628,366.891433,387.202067,387.491016,0.288949,387.569227
2567,vehicle2,1477.382000,1477.242000,2016.060396,1,ok,20717,18857,1,0.102130,0.012290,0.000332,0.070534,4.629229,8.119389,0.000113,32.615533,8.546061,0.928820,303.512759,0.004308,8.684692,358.422438,367.111770,368.016666,0.904896,368.131086
2568,vehicle2,1477.580000,1477.445000,2016.819295,1,ok,20717,18865,1,0.225388,0.006722,0.000285,0.081805,6.070736,8.507048,0.000098,27.789789,7.201025,0.755154,300.365655,0.036367,8.602138,350.771310,359.410100,359.891825,0.481725,360.123935
2569,vehicle2,1477.830000,1477.644000,2017.646054,1,ok,20713,18866,1,0.109693,0.004783,0.000266,0.050971,4.799893,7.466170,0.000080,33.771589,6.881720,0.751700,366.409219,0.009990,9.028650,420.131342,429.170248,429.662639,0.492391,429.777115
2570,vehicle2,1478.030000,1477.846000,2018.345054,1,ok,20726,18873,1,0.074809,0.005167,0.000242,0.052168,3.466717,7.945086,0.000081,30.768217,9.727469,0.774441,302.721320,0.003667,6.442836,355.455499,361.902244,362.289820,0.387576,362.369796
2571,vehicle2,1478.293000,1478.142000,2019.470673,1,ok,20724,18873,1,0.181521,0.007497,0.000151,0.080550,6.352824,7.929775,0.000109,30.204776,6.370705,0.677740,347.903350,0.004327,9.454356,399.519829,408.978663,409.293341,0.314678,409.482359
2572,vehicle2,1478.528000,1478.343000,2020.315178,1,ok,20733,18861,1,0.166287,0.007575,0.000296,0.067431,7.792988,7.955343,0.000091,39.264212,13.133928,0.814082,398.283212,0.004174,7.064916,467.311287,474.380673,474.809249,0.428576,474.983111
2573,vehicle2,1478.730000,1478.547000,2021.091764,1,ok,20754,18878,1,0.147377,0.005611,0.000321,0.071011,6.313967,8.257397,0.000077,38.534876,10.260070,0.739706,401.782698,0.024336,6.371563,465.959802,472.356022,472.783953,0.427931,472.936941
2574,vehicle2,1478.936000,1478.748000,2021.866967,1,ok,20772,18880,1,0.181915,0.007285,0.000161,0.085013,7.928699,12.224917,0.000123,36.717656,9.455661,0.841325,391.998290,0.005369,7.619177,459.251684,466.876391,467.221166,0.344775,467.410366
2575,vehicle2,1479.225000,1479.043000,2022.938078,1,ok,20745,18876,1,0.224966,0.013963,0.000369,0.094109,4.485319,8.304514,0.000080,33.723047,7.642483,0.949673,372.628775,0.003632,7.581192,427.828000,435.413193,435.781325,0.368132,436.020254
2576,vehicle2,1479.429000,1479.243000,2023.730673,1,ok,20760,18890,1,0.154960,0.008812,0.000231,0.110214,8.186906,10.282445,0.000082,31.493525,8.897781,0.936763,353.773747,0.013380,6.789366,413.681463,420.484440,421.259055,0.774615,421.422827
2577,vehicle2,1479.628000,1479.441000,2024.583165,1,ok,20778,18912,1,0.097842,0.004706,0.000308,0.053797,7.123272,8.067987,0.000095,37.532267,9.564177,0.712628,427.453088,0.009354,8.310241,490.507311,498.827214,499.164474,0.337260,499.267022
2578,vehicle2,1479.836000,1479.643000,2025.386936,1,ok,20745,18849,1,0.158165,0.005297,0.000217,0.069189,12.772042,8.515663,0.000106,38.877601,10.011926,0.730964,444.433961,0.051995,9.109848,515.411452,524.573512,524.896525,0.323013,525.059987
2579,vehicle2,1480.028000,1479.844000,2026.109626,1,ok,20729,18839,1,0.095368,0.008525,0.000322,0.061345,7.442490,9.764125,0.000105,36.829109,10.304582,0.686468,412.665844,0.004580,6.486080,477.754068,484.245050,484.959362,0.714312,485.063255
2580,vehicle2,1480.140000,1480.045000,2026.719018,1,ok,20711,18865,1,0.072189,0.006665,0.000254,0.088920,4.804287,9.249791,0.000116,28.540594,6.062609,0.725769,263.322352,0.005154,7.540556,312.794438,320.340402,320.678606,0.338204,320.757460
2581,vehicle2,1480.372000,1480.243000,2027.530570,1,ok,20720,18883,1,0.076746,0.009875,0.000227,0.112831,5.177042,9.885934,0.000217,32.879522,6.519613,0.696457,297.214244,0.003882,7.305864,352.485860,359.795833,360.090680,0.294847,360.177301
2582,vehicle2,1480.600000,1480.442000,2028.327388,1,ok,20748,18889,1,0.198133,0.008930,0.000294,0.086806,4.352895,8.687249,0.000082,32.598871,6.442249,0.715914,335.857924,0.003048,7.414522,388.741990,396.159854,396.511915,0.352061,396.718978
2583,vehicle2,1480.785000,1480.645000,2029.088631,1,ok,20760,18886,1,0.089049,0.012653,0.000243,0.084532,4.536890,7.001648,0.000105,31.868371,8.301164,0.912751,307.611747,0.004225,8.952654,360.317208,369.274330,369.781039,0.506709,369.882741
2584,vehicle2,1481.029000,1480.845000,2029.906943,1,ok,20751,18883,1,0.100653,0.005436,0.000372,0.082505,4.103756,7.613069,0.000090,35.497955,8.237192,0.704051,389.742863,0.026376,8.842465,445.981481,454.850694,455.121151,0.270457,455.227240
2585,vehicle2,1481.229000,1481.045000,2030.674326,1,ok,20759,18897,1,0.080479,0.005255,0.000239,0.043599,5.163085,7.594945,0.000195,34.553050,10.317889,0.829776,392.418179,0.003036,6.469781,450.920718,457.393774,457.848910,0.455136,457.934644
2586,vehicle2,1481.349000,1481.248000,2031.309441,1,ok,20719,18867,1,0.084249,0.008765,0.000435,0.068953,4.814587,9.690244,0.000115,29.595447,6.263133,0.803948,285.093823,0.003880,7.674850,336.330250,344.009415,344.619607,0.610192,344.712621
2587,vehicle2,1481.628000,1481.446000,2032.201480,1,ok,20718,18865,1,0.244251,0.014956,0.000320,0.071053,6.210569,9.346300,0.000158,32.937204,10.509962,0.903079,381.065544,0.010198,8.577939,441.043869,449.632326,450.615537,0.983211,450.874744
2588,vehicle2,1481.830000,1481.646000,2033.029445,1,ok,20786,18897,1,0.207241,0.006248,0.000226,0.082480,7.364902,8.525462,0.000097,36.467942,11.126085,0.700288,414.872133,0.004781,9.035463,479.139389,488.179859,488.638747,0.458888,488.852236
2589,vehicle2,1482.027000,1481.844000,2033.828082,1,ok,20777,18891,1,0.177265,0.004932,0.000280,0.051354,5.681210,8.470099,0.000114,35.269145,10.283446,0.734103,420.692876,0.004425,6.782827,481.182347,487.969879,488.239700,0.269821,488.421897
2590,vehicle2,1482.206000,1482.042000,2034.550880,1,ok,20781,18890,1,0.116963,0.008414,0.000299,0.127929,6.640880,6.872869,0.000210,34.866848,8.483504,0.850729,344.201280,0.064124,13.909424,402.044249,416.018096,416.681981,0.663885,416.807358
2591,vehicle2,1482.501000,1482.343000,2035.654379,1,ok,20777,18905,1,0.187577,0.007192,0.000127,0.043194,4.656821,9.272944,0.000103,32.356064,6.957981,0.869434,348.207329,0.004222,7.233649,402.363870,409.601868,409.928441,0.326573,410.123210
2592,vehicle2,1482.726000,1482.544000,2036.548510,1,ok,20843,18923,1,0.189322,0.009131,0.000352,0.077064,12.182363,8.029974,0.000077,44.679147,9.201733,0.819925,420.153470,0.014257,9.896270,495.143753,505.054632,505.411066,0.356434,505.609519
2593,vehicle2,1482.928000,1482.743000,2037.287015,1,ok,20844,18919,1,0.107273,0.011666,0.000359,0.078720,6.887888,10.049827,0.000272,34.095443,8.591828,0.953573,386.371790,0.004681,7.857099,447.029341,454.891480,456.096598,1.205118,456.215537
2594,vehicle2,1483.129000,1482.944000,2038.124819,1,ok,20808,18877,1,0.093783,0.008239,0.000298,0.084857,9.394737,8.479179,0.000086,37.467623,10.509469,0.723741,425.112754,0.003654,8.400035,491.772446,500.176433,500.604723,0.428290,500.706745
2595,vehicle2,1483.321000,1483.144000,2038.817804,1,ok,20734,18840,1,0.171768,0.006158,0.000212,0.041854,3.819960,10.241250,0.000090,36.205246,7.528560,0.701199,353.599640,0.039286,7.343641,412.137799,419.520938,419.811037,0.290099,419.988963
2596,vehicle2,1483.447000,1483.344000,2039.513798,1,ok,20730,18849,1,0.200165,0.008580,0.000352,0.053297,4.640136,7.901720,0.000143,29.214068,7.803372,2.126172,298.793401,0.004277,6.760546,350.532309,357.297484,357.874860,0.577376,358.083605
2597,vehicle2,1483.729000,1483.543000,2040.395329,1,ok,20770,18890,1,0.103382,0.005639,0.000213,0.051949,5.436178,12.367433,0.000160,34.424804,9.625092,0.727865,401.935383,0.006352,6.745108,464.568864,471.320537,471.688066,0.367529,471.797087
2598,vehicle2,1483.895000,1483.745000,2041.130281,1,ok,20765,18883,1,0.096757,0.007753,0.000220,0.088633,5.844798,11.730980,0.000266,33.254842,6.919369,0.696802,338.944034,0.003332,6.824256,397.479724,404.307532,404.859541,0.552009,404.964051
2599,vehicle2,1484.042000,1483.947000,2041.823609,1,ok,20738,18860,1,0.191114,0.007962,0.000294,0.075225,6.076793,7.640425,0.000096,31.342551,5.363138,0.689788,259.144822,0.005062,7.955799,310.332838,318.293993,318.643526,0.349533,318.842602
2600,vehicle2,1484.240000,1484.144000,2042.625257,1,ok,20781,18909,1,0.168028,0.009134,0.000150,0.080229,3.941231,8.355798,0.000109,29.897543,6.342465,0.904051,277.600330,0.004592,7.417851,327.121756,334.544349,335.036118,0.491769,335.213280
2601,vehicle2,1484.444000,1484.343000,2043.392525,1,ok,20798,18930,1,0.363577,0.019046,0.000476,0.127882,6.057908,7.987283,0.000093,30.099428,7.225221,0.692864,266.078738,0.011873,7.910176,318.269417,326.191942,326.609505,0.417563,326.992128
2602,vehicle2,1484.650000,1484.542000,2044.154056,1,ok,20779,18903,1,0.197323,0.008765,0.000332,0.075741,4.722676,10.088571,0.000145,40.085667,8.757957,1.032791,244.384589,0.004094,6.734503,309.148137,315.887066,316.354004,0.466938,316.560092
2603,vehicle2,1484.844000,1484.744000,2044.989497,1,ok,20816,18937,1,0.334014,0.009441,0.000336,0.072678,4.105521,8.342787,0.000084,28.990791,8.662449,0.970153,303.222699,0.003611,6.363843,354.367162,360.734952,361.161722,0.426770,361.505177
2604,vehicle2,1485.127000,1484.945000,2045.916964,1,ok,20794,18924,1,0.095676,0.006668,0.000499,0.091777,8.925198,9.947803,0.000111,46.707088,10.960316,0.719793,418.183574,0.005205,6.970402,495.535660,502.511766,502.995983,0.484217,503.098327
2605,vehicle2,1485.300000,1485.144000,2046.619442,1,ok,20858,18988,1,0.133503,0.005476,0.000213,0.052474,5.116445,8.104077,0.000156,35.140444,9.225689,0.698201,343.657106,0.003751,8.270894,401.994592,410.269450,410.576790,0.307340,410.715769
2606,vehicle2,1485.474000,1485.346000,2047.370716,1,ok,20845,18977,1,0.158410,0.005542,0.000317,0.040368,3.517751,9.081948,0.000182,32.163893,6.759603,0.838952,317.992041,0.059215,7.916966,370.394738,378.371236,378.863822,0.492586,379.027774
2607,vehicle2,1485.829000,1485.644000,2048.527235,1,ok,20821,18942,1,0.201510,0.011608,0.000317,0.102062,7.478534,7.642737,0.000094,34.335458,7.621604,0.864916,362.850016,0.003393,6.670749,420.895421,427.569880,427.985125,0.415245,428.198243
2608,vehicle2,1486.011000,1485.846000,2049.306358,1,ok,20771,18888,1,0.109629,0.007727,0.000382,0.116097,5.005506,6.901963,0.000103,32.443505,6.886549,0.704209,371.008495,0.002970,7.477622,423.066427,430.547401,431.056133,0.508732,431.173489
2609,vehicle2,1486.232000,1486.045000,2050.192281,1,ok,20833,18949,1,0.097002,0.032739,0.000452,0.060747,13.851336,8.451570,0.000106,38.461319,11.857407,1.711653,443.557856,0.004342,7.826960,517.951994,525.783748,526.258619,0.474871,526.388360
2610,vehicle2,1486.428000,1486.245000,2050.960686,1,ok,20848,18968,1,0.104418,0.011738,0.000261,0.053030,9.480634,8.253090,0.000153,42.345476,9.975062,0.821614,419.140681,0.009323,7.285470,490.069740,497.364794,498.047314,0.682520,498.163470
2611,vehicle2,1486.561000,1486.446000,2051.656709,1,ok,20817,18929,1,0.104168,0.010339,0.000272,0.095720,4.306753,8.398517,0.000082,32.468222,8.640759,0.707062,333.338799,0.017600,8.361092,387.955914,396.334878,396.706678,0.371800,396.821185
2612,vehicle2,1486.827000,1486.642000,2052.565521,1,ok,20821,18929,1,0.161167,0.004290,0.000178,0.039728,6.155935,8.283119,0.000089,38.862149,10.537858,0.713369,412.194268,0.010728,6.489892,476.786515,483.287313,483.770385,0.483072,483.935842
2613,vehicle2,1487.028000,1486.841000,2053.353137,1,ok,20850,18957,1,0.209919,0.008025,0.000249,0.092167,9.163485,10.585109,0.000097,37.412790,12.339058,0.941175,434.783086,0.004077,8.313571,505.316967,513.634864,514.111147,0.476283,514.329091
2614,vehicle2,1487.235000,1487.046000,2054.168186,1,ok,20790,18913,1,0.106675,0.006274,0.000166,0.094738,15.705748,7.998727,0.000085,37.649439,12.354503,0.843936,460.014760,0.004957,7.787677,534.661936,542.454736,542.780925,0.326189,542.893874
2615,vehicle2,1487.428000,1487.247000,2054.906587,1,ok,20780,18912,1,0.083823,0.008816,0.000387,0.094714,7.255482,7.438625,0.000115,37.619116,9.556084,0.777567,419.608357,0.003926,6.480198,482.350060,488.834571,489.394848,0.560277,489.487487
2616,vehicle2,1487.629000,1487.442000,2055.679389,1,ok,20849,18954,1,0.201261,0.006720,0.000452,0.077782,5.864856,7.791180,0.000155,33.425344,7.509584,0.698525,413.534472,0.082269,6.686927,468.901898,475.671546,476.305389,0.633843,476.513370
2617,vehicle2,1487.792000,1487.644000,2056.401596,1,ok,20842,18943,1,0.108662,0.006364,0.000167,0.067733,4.077227,9.677507,0.000102,31.727812,7.302235,0.861128,344.233605,0.014222,7.685703,397.947349,405.647441,406.285759,0.638318,406.400785
2618,vehicle2,1488.026000,1487.846000,2057.275714,1,ok,20808,18923,1,0.784352,0.010091,0.000346,0.089607,8.015337,10.462636,0.000123,33.956402,8.252986,0.795954,400.299926,0.010902,9.479982,461.872971,471.364201,472.123926,0.759725,472.918369
2619,vehicle2,1488.143000,1488.044000,2057.942437,1,ok,20824,18938,1,0.107886,0.008935,0.000194,0.084552,3.495243,7.358308,0.000206,29.096343,6.460287,0.890181,274.169185,0.003798,7.352145,321.554305,328.910442,329.273296,0.362854,329.390117
2620,vehicle2,1488.430000,1488.240000,2058.881945,1,ok,20829,18916,1,0.111711,0.011174,0.000472,0.104005,8.275325,7.336642,0.000105,40.407666,11.449723,0.716329,431.710357,0.003628,7.824840,500.000152,507.829092,508.248550,0.419458,508.371435
2621,vehicle2,1488.604000,1488.440000,2059.624781,1,ok,20816,18907,1,0.297090,0.009163,0.000171,0.082826,5.869903,11.247059,0.000220,33.681337,8.502385,1.156721,379.587392,0.012451,10.149272,440.127843,450.289737,451.034622,0.744885,451.340875
2622,vehicle2,1488.791000,1488.645000,2060.394076,1,ok,20831,18949,1,0.243250,0.010975,0.000095,0.116544,5.052973,8.099840,0.000176,27.425981,6.840427,0.866989,310.564875,0.043950,9.798881,358.967805,368.810731,369.814668,1.003937,370.068893
2623,vehicle2,1488.975000,1488.843000,2061.198593,1,ok,20810,18926,1,0.173881,0.007230,0.000174,0.079545,5.900606,6.687830,0.000087,32.344997,5.897082,0.687377,335.489538,0.005084,10.243247,387.087062,397.335567,397.745897,0.410330,397.927008
2624,vehicle2,1489.194000,1489.044000,2061.988005,1,ok,20827,18942,1,0.121457,0.007969,0.000217,0.077021,5.430692,8.211708,0.000227,35.025847,6.742684,0.684203,329.891801,0.003487,7.109660,386.064183,393.177547,393.523719,0.346172,393.653145
2625,vehicle2,1489.373000,1489.245000,2062.754738,1,ok,20829,18946,1,0.117756,0.005289,0.000166,0.062064,5.076517,8.127659,0.000090,32.141087,8.449352,0.778238,290.563566,0.003731,6.710739,345.198573,351.913209,352.397369,0.484160,352.520414
2626,vehicle2,1489.543000,1489.446000,2063.502790,1,ok,20801,18924,1,0.195888,0.008764,0.000400,0.105518,4.615701,8.610197,0.000094,32.853411,9.132453,1.050728,272.586264,0.003918,7.112845,328.954366,336.071529,336.409269,0.337740,336.613921
2627,vehicle2,1489.801000,1489.645000,2064.349974,1,ok,20831,18940,1,0.078554,0.007831,0.000206,0.082745,5.346314,9.514075,0.000103,39.093535,8.721740,0.950616,349.776398,0.025724,7.904951,413.485526,421.416407,421.951577,0.535170,422.037962
2628,vehicle2,1490.020000,1489.845000,2065.156949,1,ok,20849,18957,1,0.158284,0.005646,0.000175,0.069082,4.171066,7.908261,0.000106,34.215380,7.812072,0.862443,377.002303,0.003285,7.787699,432.040713,439.831872,440.287607,0.455735,440.451537
2629,vehicle2,1490.228000,1490.045000,2065.961256,1,ok,20847,18958,1,0.086774,0.010281,0.000416,0.119705,5.357865,6.825938,0.000077,35.377377,9.737217,0.702795,374.858576,0.003946,6.840003,432.979550,439.823915,440.702816,0.878901,440.799871
2630,vehicle2,1490.429000,1490.244000,2066.775799,1,ok,20834,18941,1,0.220779,0.010831,0.000406,0.095280,9.039648,8.812883,0.000126,36.789317,8.741358,0.808282,402.401099,0.011013,7.074298,466.687993,473.773710,474.519538,0.745828,474.751148
2631,vehicle2,1490.640000,1490.449000,2067.583623,1,ok,20819,18914,1,0.228686,0.015333,0.000276,0.084583,5.357840,6.930469,0.000115,37.597493,8.852438,0.698252,429.680865,0.003632,6.150749,489.202055,495.356712,495.708061,0.351349,495.952080
2632,vehicle2,1491.047000,1490.850000,2069.006951,1,ok,20861,18966,1,0.174734,0.006413,0.000291,0.073788,10.050716,8.824450,0.000105,40.959960,9.601885,0.797038,432.681070,0.070865,7.612457,502.989012,510.672625,511.313462,0.640837,511.494609
2633,vehicle2,1491.331000,1491.143000,2069.961279,1,ok,20882,18992,1,0.185471,0.007021,0.000373,0.079642,5.570731,7.594372,0.000098,37.317005,8.980702,0.850285,413.062084,0.004093,7.206894,473.454919,480.666279,480.953493,0.287214,481.145985
2634,vehicle2,1491.531000,1491.349000,2070.761733,1,ok,20935,19051,1,0.188769,0.008536,0.000255,0.090546,10.311169,7.238487,0.000087,41.111601,11.000516,0.717394,410.218512,0.009690,7.559993,480.688312,488.258250,488.540511,0.282261,488.737816
2635,vehicle2,1491.730000,1491.544000,2071.546677,1,ok,20916,19009,1,0.193215,0.057180,0.000278,0.086315,7.797689,7.187176,0.000095,37.018042,11.175848,0.725230,426.366366,0.002980,8.318344,490.356761,498.678363,498.984204,0.305841,499.234599
2636,vehicle2,1491.929000,1491.746000,2072.325274,1,ok,20889,18984,1,0.094357,0.006382,0.000448,0.073512,8.863413,7.573268,0.000097,36.557736,9.569555,0.865821,447.556082,0.005455,8.421667,511.059484,519.487054,520.115402,0.628348,520.216141
2637,vehicle2,1492.131000,1491.940000,2073.109969,1,ok,20855,18954,1,0.268895,0.008252,0.000388,0.109482,6.581964,7.998899,0.000076,37.212827,9.998672,0.766456,403.524785,0.013687,8.270062,466.193161,474.477298,474.725239,0.247941,475.002386
2638,vehicle2,1492.331000,1492.146000,2073.884201,1,ok,20874,18966,1,0.086365,0.008969,0.000291,0.069367,5.542364,7.272104,0.000086,33.989817,8.238543,0.680585,387.239880,0.003360,6.147409,443.032746,449.183806,449.545568,0.361762,449.640902
2639,vehicle2,1492.522000,1492.346000,2074.649760,1,ok,20889,18971,1,0.109092,0.007845,0.000267,0.088818,5.490046,7.526213,0.000109,34.065098,10.586825,0.751986,360.910373,0.010990,8.434643,419.419468,427.865368,428.425124,0.559756,428.542061
2640,vehicle2,1492.719000,1492.546000,2075.449429,1,ok,20938,19031,1,0.096641,1.011953,0.000290,1.098263,4.755327,7.458399,0.000135,32.992395,9.366332,0.693495,376.816705,0.005345,6.990300,433.181051,440.176986,440.552120,0.375134,441.660714
2641,vehicle2,1492.932000,1492.748000,2076.294072,1,ok,20931,19021,1,0.212625,0.009622,0.000283,0.104885,8.317070,7.706314,0.000088,38.905215,9.369505,0.693542,430.041335,0.007636,7.636300,495.137954,502.782173,503.307342,0.525169,503.529589
2642,vehicle2,1493.113000,1492.944000,2077.035452,1,ok,20933,19037,1,0.075448,0.008386,0.000520,0.095397,6.110717,9.636730,0.000175,31.367716,8.027593,0.708931,355.674642,0.004601,7.744661,411.621901,419.371683,419.894172,0.522489,419.978006
2643,vehicle2,1493.322000,1493.143000,2077.800552,1,ok,20900,19013,1,0.075802,0.010119,0.000299,0.068596,5.407484,8.573197,0.000090,30.158301,8.382509,0.939976,369.716958,0.031445,7.642605,423.247111,430.921460,431.290323,0.368863,431.376244
2644,vehicle2,1493.552000,1493.446000,2078.815585,1,ok,20883,18999,1,0.197840,0.007117,0.000135,0.069452,6.350993,9.554581,0.000170,28.875428,8.654487,0.735049,293.154713,0.004765,7.523894,347.394873,354.923667,355.193394,0.269727,355.398351
2645,vehicle2,1493.829000,1493.646000,2079.658078,1,ok,20899,19012,1,0.108124,0.008756,0.000298,0.080919,4.841363,8.859306,0.000091,32.853054,9.763505,0.837386,359.242878,0.003402,8.181569,416.478502,424.663771,425.111574,0.447803,425.228454
2646,vehicle2,1494.031000,1493.847000,2080.509284,1,ok,20863,18965,1,0.080270,0.009619,0.000403,0.071740,4.905501,9.079413,0.000081,36.386107,8.663716,0.700466,445.565066,0.012956,6.744022,505.372090,512.129471,512.476323,0.346852,512.566212
2647,vehicle2,1494.231000,1494.045000,2081.292897,1,ok,20870,18964,1,0.178155,0.011099,0.000251,0.078595,6.285304,8.707606,0.000094,37.341971,7.895698,0.781242,434.048738,0.003944,6.501781,495.139248,501.645224,501.949098,0.303874,502.138352
2648,vehicle2,1494.405000,1494.248000,2081.990693,1,ok,20913,19007,1,0.207754,0.009997,0.000378,0.090353,8.545006,10.216121,0.000213,36.215161,6.889601,0.733083,327.010536,0.039040,7.411301,389.700074,397.150793,397.509812,0.359019,397.727563
2649,vehicle2,1494.626000,1494.446000,2082.764704,1,ok,20923,19007,1,0.160310,0.010767,0.004966,0.070196,5.442719,7.249977,0.000100,33.605358,10.521848,0.725058,346.221451,0.004313,7.289177,403.836707,411.135163,411.522671,0.387508,411.693748
2650,vehicle2,1494.838000,1494.649000,2083.554606,1,ok,20885,18975,1,0.086997,0.006285,0.000384,0.087895,4.381101,6.786102,0.000081,31.867971,7.419469,0.867370,373.775794,0.004365,6.971124,425.185783,432.161656,432.656948,0.495292,432.750230
2651,vehicle2,1495.131000,1494.947000,2084.574204,1,ok,20900,18993,1,0.113258,0.007734,0.000232,0.082675,5.958480,7.924899,0.000122,35.360652,9.130159,0.700135,385.121979,0.003737,7.357389,444.279101,451.640459,452.074481,0.434022,452.195473
2652,vehicle2,1495.331000,1495.148000,2085.420807,1,ok,20987,19066,1,0.132873,0.007656,0.000187,0.084639,6.737642,7.517220,0.000071,44.354589,10.206374,0.744268,433.465365,0.003994,6.814626,503.110168,509.928975,510.360829,0.431854,510.501358
2653,vehicle2,1495.532000,1495.346000,2086.143606,1,ok,21038,19115,1,0.113346,0.005735,0.000216,0.059655,4.142177,11.446703,0.000086,38.024044,9.214911,0.701807,382.156730,0.028835,7.130879,445.746113,452.906043,453.148469,0.242426,453.267550
2654,vehicle2,1495.699000,1495.548000,2086.889320,1,ok,20998,19079,1,0.112490,0.022194,0.000214,0.067995,6.682810,8.149000,0.000116,35.226602,6.577581,0.800768,356.055033,0.003918,8.191846,413.559905,421.755883,422.085097,0.329214,422.219781
2655,vehicle2,1495.929000,1495.745000,2087.734032,1,ok,20977,19066,1,0.116244,0.006942,0.000161,0.078780,5.188630,10.071311,0.000152,32.527992,8.674496,0.877429,390.953421,0.003116,6.494010,448.372211,454.869498,455.338683,0.469185,455.461869
2656,vehicle2,1496.131000,1495.946000,2088.479245,1,ok,20983,19065,1,0.162454,0.021086,0.000249,0.055531,4.719126,10.083155,0.000079,36.972765,8.499094,0.681963,388.954194,0.004292,6.895829,449.965907,456.866277,457.119688,0.253411,457.303228
2657,vehicle2,1496.432000,1496.245000,2089.469406,1,ok,20955,19044,1,0.101913,0.015213,0.000348,0.195388,6.757503,8.035185,0.000146,35.461250,9.968937,0.712664,399.039753,0.003537,6.150396,460.170826,466.325107,466.710673,0.385566,466.827799
2658,vehicle2,1496.631000,1496.448000,2090.280103,1,ok,20964,19042,1,0.167498,0.006838,0.000283,0.063024,7.182174,8.635882,0.000193,36.741591,12.527732,0.707894,425.866962,0.043251,7.233729,491.725452,499.002715,499.443899,0.441184,499.618235
2659,vehicle2,1496.832000,1496.647000,2091.047426,1,ok,20974,19051,1,0.151868,0.007667,0.000291,0.062733,5.462686,8.394033,0.000272,36.084129,9.743855,0.697424,384.515949,0.004015,9.057396,444.961081,454.022783,454.426007,0.403224,454.585542
2660,vehicle2,1497.032000,1496.847000,2091.818717,1,ok,20986,19058,1,0.102464,0.018414,0.000105,0.080967,4.539294,8.419678,0.000086,33.082879,8.114797,0.691154,396.176524,0.004032,6.054966,451.105379,457.164482,457.508718,0.344236,457.629596
2661,vehicle2,1497.184000,1497.047000,2092.526715,1,ok,20949,19037,1,0.182207,0.007236,0.000361,0.083709,4.515672,8.310147,0.000115,30.669538,7.521205,0.860087,329.460087,0.004856,8.946584,381.420560,390.372361,391.142785,0.770424,391.332228
2662,vehicle2,1497.335000,1497.247000,2093.171646,1,ok,20971,19074,1,0.088685,0.006163,0.000243,0.083674,3.289462,10.626970,0.000139,28.780418,6.239539,1.021412,191.828606,0.005126,6.439149,241.870220,248.314738,248.671806,0.357068,248.766654
2663,vehicle2,1497.579000,1497.445000,2094.105596,1,ok,20986,19090,1,0.191356,0.014095,0.000313,0.083651,3.948140,7.403310,0.000124,33.465627,7.354846,0.699787,316.459976,0.007352,9.464910,369.415461,378.888036,379.382462,0.494426,379.587913
2664,vehicle2,1497.845000,1497.650000,2094.978601,1,ok,20968,19058,1,0.202369,2.803181,0.000437,0.052878,8.102815,7.142974,0.000090,37.934401,11.086993,0.947009,399.566347,0.039256,6.811836,464.833507,471.685036,472.379588,0.694552,475.385138
2665,vehicle2,1498.039000,1497.852000,2095.556951,1,ok,20907,18989,1,0.199486,0.005562,0.000331,0.062758,5.407715,8.557032,0.000085,29.803420,5.750844,0.685033,315.577136,0.003101,7.214899,365.844023,373.062354,373.534882,0.472528,373.739930
2666,vehicle2,1498.294000,1498.147000,2096.546844,1,ok,20909,18990,1,0.200751,0.006021,0.000364,0.077250,4.629178,7.584993,0.000098,32.132801,8.076784,0.694113,329.765247,0.004876,9.155408,382.960464,392.121112,392.707164,0.586052,392.913936
2667,vehicle2,1498.445000,1498.347000,2097.230232,1,ok,20954,19050,1,0.096760,0.004868,0.000232,0.045946,3.400539,8.855306,0.000208,28.594983,7.221093,0.773209,250.039424,0.003320,6.624988,298.930708,305.559248,305.970517,0.411269,306.072145
2668,vehicle2,1498.682000,1498.545000,2098.074541,1,ok,20985,19089,1,0.079408,0.009308,0.000319,0.108575,4.951906,10.740321,0.000135,34.988997,5.646783,0.676138,306.277917,0.011882,8.677617,363.390772,372.080590,372.434517,0.353927,372.523233
2669,vehicle2,1498.933000,1498.748000,2098.945485,1,ok,20979,19083,1,0.077645,0.004157,0.000164,0.049369,3.789951,6.737022,0.000076,35.902762,10.516383,0.960062,395.123194,0.032149,6.192978,453.078819,459.304110,459.669104,0.364994,459.750906
2670,vehicle2,1499.131000,1498.950000,2099.715482,1,ok,20920,19037,1,0.143005,2.031663,0.000422,0.127959,11.639076,7.883802,0.000123,36.750007,9.123163,0.691376,379.159462,0.003821,8.923316,445.374968,454.302527,454.796121,0.493594,456.970789
2671,vehicle2,1499.331000,1499.146000,2100.537283,1,ok,20923,19034,1,0.099904,0.007722,0.000466,0.091411,5.421272,8.696477,0.000081,34.812045,9.315846,0.819856,413.842587,0.004026,6.180054,472.999575,479.184121,479.829446,0.645325,479.937072
2672,vehicle2,1499.531000,1499.348000,2101.254109,1,ok,20945,19034,1,0.067733,0.007070,0.000363,0.078411,5.298530,8.605191,0.000204,36.256982,10.509638,0.703528,364.081905,0.003661,7.437512,425.534389,432.975925,433.317422,0.341497,433.392225
2673,vehicle2,1499.647000,1499.548000,2101.899620,1,ok,20970,19050,1,0.077416,0.008207,0.000236,0.106869,5.711442,8.711197,0.000087,31.568340,5.743057,0.685244,272.545521,0.004315,6.183904,325.071757,331.260212,331.616089,0.355877,331.701712
2674,vehicle2,1499.931000,1499.747000,2102.858399,1,ok,20966,19039,1,0.184300,0.024779,0.000289,0.084085,6.051829,8.563199,0.000081,36.493646,11.491388,0.713935,426.791504,0.004459,10.930334,490.189667,501.124749,501.495751,0.371002,501.704830
2675,vehicle2,1500.131000,1499.943000,2103.582732,1,ok,20977,19053,1,0.170900,0.007722,0.000228,0.081798,4.701346,12.184782,0.000111,30.908308,6.371909,0.744914,393.227667,0.025976,6.196960,448.220835,454.443999,454.759732,0.315733,454.938354
2676,vehicle2,1500.332000,1500.147000,2104.371366,1,ok,21028,19088,1,0.118369,0.004963,0.000185,0.055427,6.076911,8.042890,0.000086,34.293193,7.347356,0.718719,407.260597,0.013391,7.363175,463.795179,471.171930,471.661872,0.489942,471.785204
2677,vehicle2,1500.494000,1500.347000,2105.053457,1,ok,21002,19080,1,0.085720,0.006556,0.000423,0.086870,4.322211,6.895508,0.000074,35.112025,7.488154,0.727128,334.463545,0.003564,6.486297,389.095515,395.585799,395.896864,0.311065,395.989140
2678,vehicle2,1500.721000,1500.545000,2105.859544,1,ok,21040,19128,1,0.075471,0.007561,0.000272,0.084988,7.579737,7.216496,0.000084,35.976634,10.633896,0.959022,342.527958,0.004640,7.559344,404.978815,412.543071,413.174198,0.631127,413.257230
2679,vehicle2,1500.931000,1500.742000,2106.671142,1,ok,21054,19124,1,0.071191,0.008761,0.000310,0.097966,7.967428,8.101059,0.000100,37.354628,11.650757,0.762649,387.141197,0.004126,7.177829,453.075784,460.258049,460.579396,0.321347,460.659348
2680,vehicle2,1501.132000,1500.948000,2107.440168,1,ok,21066,19134,1,0.124431,0.886423,0.000379,0.091218,4.751335,7.843343,0.000077,33.338606,7.907357,0.707095,386.549044,0.036057,7.850210,441.188075,449.074721,449.452170,0.377449,450.463024
2681,vehicle2,1501.331000,1501.148000,2108.204347,1,ok,21086,19145,1,0.192704,0.083626,0.000504,0.066857,6.135972,7.260612,0.000122,34.526821,7.481213,0.718130,387.940470,0.006379,8.129626,444.130197,452.266706,452.629140,0.362434,452.905470
2682,vehicle2,1501.532000,1501.347000,2108.957719,1,ok,21059,19114,1,0.205492,0.008054,0.000313,0.084542,6.587256,9.688962,0.000125,35.177886,8.773035,0.738090,357.904240,0.005464,7.286162,418.954136,426.246075,426.593564,0.347489,426.807110
2683,vehicle2,1501.731000,1501.545000,2109.770272,1,ok,21009,19068,1,0.193366,0.006560,0.000375,0.055152,6.505951,6.989694,0.000076,37.537324,9.394698,0.698641,401.768049,0.007979,7.196305,462.949585,470.154244,470.542610,0.388366,470.742536
2684,vehicle2,1501.932000,1501.748000,2110.531353,1,ok,20985,19046,1,0.091598,0.007037,0.000285,0.077342,4.923842,8.121861,0.000127,36.406004,8.625893,0.700800,391.136757,0.005808,6.845412,449.992626,456.844131,457.235047,0.390916,457.333682
2685,vehicle2,1502.131000,1501.947000,2111.329538,1,ok,21054,19120,1,0.081631,0.009812,0.000378,0.124353,6.031134,9.243129,0.000103,33.576415,10.514727,0.845775,375.601404,0.003966,7.715028,435.937040,443.656412,444.038869,0.382457,444.130312
2686,vehicle2,1502.334000,1502.146000,2112.173864,1,ok,21032,19110,1,0.077481,0.007067,0.000348,0.095196,9.928814,9.733607,0.000132,37.418657,11.416525,0.900618,437.229640,0.064457,10.208319,506.723189,516.996313,517.658809,0.662496,517.743357
2687,vehicle2,1502.532000,1502.348000,2112.891021,1,ok,21083,19156,1,0.101454,0.005563,0.000259,0.052322,7.165213,7.830254,0.000198,36.412020,10.127485,0.704007,376.295865,0.004708,6.348973,438.587364,444.941304,445.241098,0.299794,445.348115
2688,vehicle2,1502.681000,1502.545000,2113.590947,1,ok,21027,19095,1,0.185439,0.010817,0.000317,0.085136,4.807856,7.369822,0.000105,30.888348,8.842107,0.699006,319.625324,0.006063,8.462543,372.317704,380.786627,381.374284,0.587657,381.570540
2689,vehicle2,1502.931000,1502.743000,2114.429748,1,ok,21021,19093,1,0.189628,0.008284,0.000244,0.083364,6.593061,7.789545,0.000099,35.920473,9.666731,0.716152,376.110014,0.003510,6.940695,436.879439,443.823888,444.094845,0.270957,444.292757
2690,vehicle2,1503.132000,1502.944000,2115.215331,1,ok,21053,19124,1,0.078303,0.007023,0.000306,0.084026,5.026409,9.995077,0.000095,33.858244,6.980854,0.851778,375.350335,0.004477,6.282860,432.146818,438.434461,438.842235,0.407774,438.927561
2691,vehicle2,1503.271000,1503.147000,2115.899512,1,ok,21057,19115,1,0.152317,0.008963,0.000198,0.082969,5.737499,8.277309,0.000106,33.087357,7.913220,0.717786,291.283733,0.011730,7.264770,347.099979,354.376677,355.256706,0.880029,355.417986
2692,vehicle2,1503.531000,1503.344000,2116.728615,1,ok,21005,19080,1,0.093101,0.004552,0.000175,0.054718,5.272684,7.339519,0.000099,41.404705,9.266535,0.759499,364.384011,0.011460,6.193448,428.481770,434.686853,435.123529,0.436676,435.221182
2693,vehicle2,1503.731000,1503.546000,2117.486366,1,ok,20977,19066,1,0.191655,0.006399,0.000206,0.077471,5.365050,9.607417,0.000115,44.729602,7.879165,0.731729,353.965002,0.009396,9.206158,422.355551,431.571311,432.144735,0.573424,432.342789
2694,vehicle2,1503.871000,1503.748000,2118.198951,1,ok,21024,19130,1,0.169119,0.011445,0.000383,0.080402,6.892591,7.791268,0.000101,36.498587,8.250936,0.820867,305.964462,0.004204,8.460644,366.299214,374.764445,375.135077,0.370632,375.315641
2695,vehicle2,1504.113000,1503.948000,2119.031169,1,ok,21029,19124,1,0.171211,0.009187,0.000301,0.084969,4.055133,7.676520,0.000122,31.662477,7.856599,0.695213,347.415627,0.002912,6.478220,399.446660,405.928093,406.400100,0.472007,406.580498
2696,vehicle2,1504.331000,1504.147000,2119.823465,1,ok,21065,19136,1,0.077784,0.007106,0.000451,0.077422,4.248111,7.294674,0.000108,32.335872,7.125089,0.708004,375.764558,0.004091,6.407048,427.553838,433.965428,434.204115,0.238687,434.289005
2697,vehicle2,1504.503000,1504.345000,2120.522463,1,ok,21102,19171,1,0.362780,0.008121,0.000225,0.077565,4.218731,9.204248,0.000191,30.754742,6.083380,0.690456,329.839519,0.005972,9.254276,380.868832,390.129305,390.649911,0.520606,391.020812
2698,vehicle2,1504.674000,1504.548000,2121.276220,1,ok,21100,19179,1,0.106539,0.008352,0.000234,0.055076,3.824960,8.301890,0.000134,32.510975,5.965787,0.699567,317.810585,0.149687,8.463391,369.168974,377.782286,378.369971,0.587685,378.484862
2699,vehicle2,1504.938000,1504.746000,2122.184924,1,ok,21048,19144,1,0.193551,0.007048,0.000295,0.079320,8.778145,7.012677,0.000145,41.242540,11.732155,0.710346,428.815637,0.003287,8.144392,498.370965,506.518939,507.101856,0.582917,507.302455
2700,vehicle2,1505.116000,1504.946000,2122.892245,1,ok,21053,19135,1,0.264956,0.011066,0.000603,0.148122,5.733481,7.478151,0.000105,32.519177,7.187037,0.706271,360.199344,0.010669,8.344380,413.971688,422.327340,422.872719,0.545379,423.148741
2701,vehicle2,1505.331000,1505.143000,2123.676747,1,ok,21066,19140,1,0.101872,0.007727,0.000325,0.082793,5.655997,10.988500,0.000105,33.903992,7.198010,0.695770,380.334111,0.005320,7.697408,438.859278,446.562331,446.862926,0.300595,446.972525
2702,vehicle2,1505.536000,1505.347000,2124.516315,1,ok,21026,19097,1,0.186556,0.007692,0.000408,0.094657,6.727617,7.214133,0.000096,35.840526,9.438677,0.755448,440.581155,0.005452,6.907550,500.652309,507.565719,508.009434,0.443715,508.203682
2703,vehicle2,1505.730000,1505.546000,2125.206481,1,ok,21043,19120,1,0.104375,0.007005,0.000220,0.080389,5.913546,10.001578,0.000143,35.668780,9.402565,0.705161,379.946590,0.049617,7.284043,441.718752,449.052632,449.453086,0.400454,449.564466
2704,vehicle2,1505.938000,1505.747000,2126.037005,1,ok,21064,19132,1,0.184477,0.007611,0.000490,0.075988,5.802225,8.031183,0.000142,35.189962,8.844134,0.721392,444.384224,0.003486,7.620252,503.049250,510.673478,511.067945,0.394467,511.260033
2705,vehicle2,1506.131000,1505.947000,2126.755754,1,ok,21052,19118,1,0.181719,0.004412,0.000248,0.056141,3.602878,6.925800,0.000104,36.586545,10.508393,0.716629,402.084030,0.005236,6.805281,460.480520,467.291285,467.520193,0.228908,467.706324
2706,vehicle2,1506.301000,1506.146000,2127.445605,1,ok,21042,19105,1,0.175804,0.005632,0.000173,0.058052,3.933646,6.717885,0.000036,33.744608,6.920180,0.770834,330.248560,0.002928,8.827516,382.393801,391.224418,391.648301,0.423883,391.829737
2707,vehicle2,1506.533000,1506.349000,2128.272324,1,ok,21071,19134,1,0.101881,0.019792,0.000420,0.076297,5.266763,8.118620,0.000139,35.868786,9.774759,0.696902,383.094296,0.012313,6.307243,442.896562,449.216538,449.732594,0.516056,449.854267
2708,vehicle2,1506.725000,1506.548000,2129.024444,1,ok,21050,19116,1,0.099122,0.005419,0.000172,0.060846,7.817686,7.479327,0.000112,38.839877,9.532150,0.788219,362.124429,0.003066,7.015377,426.642646,433.661261,434.074446,0.413185,434.178987
2709,vehicle2,1506.932000,1506.750000,2129.894021,1,ok,21068,19135,1,0.089481,0.010006,0.000401,0.101806,8.951299,8.878722,0.000109,38.086898,10.804427,0.775036,432.124918,0.029201,7.078375,499.723215,506.831192,507.324670,0.493478,507.424157
2710,vehicle2,1507.130000,1506.945000,2130.652262,1,ok,21117,19191,1,0.077722,0.008235,0.000502,0.091213,5.002127,8.246342,0.000142,35.075724,9.029805,0.867244,365.522074,0.004445,6.126032,423.834671,429.965650,430.352180,0.386530,430.438137
2711,vehicle2,1507.332000,1507.145000,2131.493433,1,ok,21086,19159,1,0.162705,0.007477,0.000232,0.089253,7.762212,9.762242,0.000187,47.813771,12.279042,0.884881,412.210221,0.004251,6.971015,490.801809,497.777307,498.175334,0.398027,498.345516
2712,vehicle2,1507.490000,1507.345000,2132.180684,1,ok,21053,19126,1,0.160732,0.004911,0.000295,0.050340,5.718878,8.269102,0.000299,33.072943,9.315381,0.860109,337.501127,0.003361,10.500409,394.788179,405.292244,405.731773,0.439529,405.897416
2713,vehicle2,1507.704000,1507.548000,2133.010698,1,ok,21063,19141,1,0.205257,0.006905,0.000289,0.064680,4.515226,8.835252,0.000119,36.263622,8.402435,0.708796,360.265602,0.005378,9.250844,419.055732,428.312243,428.728017,0.415774,428.940179
2714,vehicle2,1507.843000,1507.747000,2133.687067,1,ok,21148,19227,1,0.201074,0.008431,0.000254,0.092982,4.258744,8.307763,0.000111,28.122420,4.524888,0.685324,249.364668,0.006014,6.812160,295.356900,302.175328,302.471223,0.295895,302.680728
2715,vehicle2,1508.050000,1507.948000,2134.476413,1,ok,21146,19215,1,0.211434,0.020560,0.000463,0.067093,4.192924,8.930666,0.000086,31.806827,4.963983,0.751636,258.549788,0.037319,7.363796,309.263003,316.664581,317.197821,0.533240,317.429815
2716,vehicle2,1508.293000,1508.144000,2135.311720,1,ok,21134,19200,1,0.081186,0.006838,0.000246,0.054443,4.536998,8.613861,0.000080,36.535876,9.258909,0.894037,317.353423,0.010558,9.934122,377.247627,387.192553,391.288818,4.096265,391.376842
2717,vehicle2,1508.531000,1508.347000,2136.145260,1,ok,21090,19160,1,0.149343,0.010935,0.000261,0.083918,6.322784,6.870290,0.000094,35.899830,7.979785,0.703728,380.591411,0.005300,7.864566,438.451840,446.321967,446.795122,0.473155,446.955400
2718,vehicle2,1508.732000,1508.544000,2136.970849,1,ok,21105,19175,1,0.082303,0.006454,0.000257,0.090639,5.786027,6.982840,0.000120,38.601264,8.999667,0.895429,446.842919,0.003782,7.377514,508.198905,515.580458,516.097493,0.517035,516.186250
2719,vehicle2,1508.931000,1508.750000,2137.693590,1,ok,21052,19131,1,0.222465,0.011239,0.000251,0.095922,4.753076,8.318899,0.000094,33.711110,8.493936,1.589202,380.812566,0.006139,8.735891,437.774805,446.517086,446.955439,0.438353,447.189143
2720,vehicle2,1509.107000,1508.946000,2138.463501,1,ok,21074,19152,1,0.107661,0.007481,0.000289,0.095649,5.957706,8.604439,0.000086,35.700736,11.441171,0.932714,343.456369,0.108185,9.799024,406.188870,416.096368,416.747177,0.650809,416.862319
2721,vehicle2,1509.248000,1509.142000,2139.153436,1,ok,21052,19131,1,0.183508,0.007213,0.000266,0.073171,4.286584,10.224239,0.000266,37.897876,7.858559,0.682287,240.434673,0.005919,8.168652,301.457655,309.632492,310.082748,0.450256,310.273469
2722,vehicle2,1509.482000,1509.348000,2140.009794,1,ok,21064,19142,1,0.198509,0.007403,0.000156,0.082616,4.021420,8.417460,0.000101,33.263551,5.574609,0.712555,325.220565,0.014281,11.444203,377.292877,388.751517,389.255632,0.504115,389.461544
2723,vehicle2,1509.649000,1509.539000,2140.610032,1,ok,21058,19128,1,0.199496,0.007797,0.000175,0.079346,4.630456,7.483711,0.000085,29.790556,4.837829,0.682836,261.082716,0.003136,6.501630,308.587535,315.092476,315.494180,0.401704,315.701473
2724,vehicle2,1509.851000,1509.746000,2141.458486,1,ok,21106,19176,1,0.305852,0.008476,0.000210,0.077534,4.611559,8.003761,0.000118,29.401110,7.041466,0.909548,277.639824,0.003779,7.437271,327.684920,335.126180,337.527314,2.401134,337.841642
2725,vehicle2,1510.054000,1509.947000,2142.236941,1,ok,21114,19180,1,0.177042,0.008304,0.000245,0.082312,4.327723,8.638009,0.000089,28.557065,5.741228,0.736012,292.054614,0.003924,8.211963,340.137052,348.353184,348.631188,0.278004,348.816534
2726,vehicle2,1510.287000,1510.145000,2143.033019,1,ok,21115,19185,1,0.129198,0.032747,0.000268,0.111608,4.372029,7.115749,0.000163,31.316529,5.257315,0.805589,305.184862,0.016024,7.499090,354.163844,361.679226,362.309329,0.630103,362.471274
2727,vehicle2,1510.444000,1510.345000,2143.705212,1,ok,21136,19212,1,0.251325,0.007991,0.000281,0.069302,5.215534,9.639120,0.000147,37.036676,7.217128,0.898218,212.498052,0.004235,8.136188,272.574177,280.714881,281.191290,0.476409,281.450606
2728,vehicle2,1510.732000,1510.546000,2144.597770,1,ok,21119,19199,1,0.156197,0.006746,0.000150,0.082031,4.011423,13.236462,0.000090,32.894715,8.543104,0.750108,372.888540,0.004593,6.592810,432.406473,439.004026,439.341178,0.337152,439.504121
2729,vehicle2,1510.931000,1510.750000,2145.347624,1,ok,21126,19214,1,0.149660,0.005325,0.000302,0.056634,3.646158,7.551240,0.000077,35.149466,8.432639,0.707292,374.426200,0.003401,7.618389,429.969706,437.591798,438.017091,0.425293,438.172076
2730,vehicle2,1511.133000,1510.944000,2146.188972,1,ok,21064,19136,1,0.100346,0.005778,0.000254,0.053762,6.733873,7.785175,0.000091,36.162017,9.390291,0.698072,436.278055,0.003413,6.170268,497.101336,503.275271,503.641488,0.366217,503.747612
2731,vehicle2,1511.332000,1511.146000,2146.864707,1,ok,21048,19114,1,0.114232,0.008611,0.000245,0.087210,5.481622,7.593047,0.000108,31.407757,6.996283,0.923528,357.008739,0.025986,7.321498,409.498294,416.846023,417.250562,0.404539,417.373405
2732,vehicle2,1511.629000,1511.449000,2147.887421,1,ok,21049,19105,1,0.073139,0.008894,0.000378,0.092347,5.797485,7.142809,0.000183,36.334875,12.213755,0.732095,432.109980,0.007210,8.624789,494.423529,503.055906,503.533366,0.477460,503.615399
2733,vehicle2,1511.780000,1511.644000,2148.528273,1,ok,21120,19179,1,0.081615,0.006236,0.000440,0.069308,4.071295,8.641689,0.000094,29.603894,6.690990,0.705001,320.884065,0.004688,8.602503,370.666336,379.273967,379.636445,0.362478,379.724296
2734,vehicle2,1511.993000,1511.848000,2149.296988,1,ok,21140,19197,1,0.256113,0.007700,0.000277,0.057532,6.759830,9.235082,0.000124,43.827537,9.914304,0.693851,309.935607,0.003943,9.402341,380.423867,389.830428,390.976244,1.145816,391.240057
2735,vehicle2,1512.211000,1512.049000,2150.093389,1,ok,21124,19188,1,0.078312,0.006846,0.000287,0.043055,6.330170,8.363208,0.000105,35.154198,7.606223,0.723871,334.784239,0.011656,7.573962,393.005069,400.590974,401.342677,0.751703,401.427835
2736,vehicle2,1512.425000,1512.247000,2150.881124,1,ok,21055,19122,1,0.090891,0.007026,0.000230,0.086543,8.990481,9.197293,0.000110,32.190051,9.195927,0.686923,358.072424,0.032815,6.375338,418.419752,424.828135,425.212434,0.384299,425.310351
2737,vehicle2,1512.564000,1512.448000,2151.578659,1,ok,21034,19103,1,0.176365,0.005513,0.000195,0.042186,4.666237,9.327363,0.000134,33.423370,6.288686,0.830002,281.905768,0.003385,6.896076,336.483746,343.383402,345.111405,1.728003,345.293283
2738,vehicle2,1512.798000,1512.645000,2152.382439,1,ok,21075,19144,1,0.205600,0.007907,0.000318,0.085449,4.191191,8.635777,0.000078,35.854111,6.928750,0.681627,322.111530,0.005573,6.921490,378.488513,385.415894,385.787718,0.371824,386.001225
2739,vehicle2,1512.983000,1512.846000,2153.144658,1,ok,21092,19167,1,0.192037,0.006089,0.000355,0.081630,4.532737,7.648968,0.000096,32.855999,9.779265,0.748480,328.568470,0.004506,8.123752,384.215645,392.344258,392.957403,0.613145,393.155529
2740,vehicle2,1513.203000,1513.050000,2153.925904,1,ok,21124,19196,1,0.122600,0.005074,0.000279,0.052662,6.100551,9.541029,0.000090,30.692413,7.120684,0.718788,334.022405,0.004832,7.523213,388.248622,395.776946,396.145621,0.368675,396.273295
2741,vehicle2,1513.359000,1513.247000,2154.654323,1,ok,21124,19200,1,0.095056,0.005918,0.000202,0.081431,5.374818,6.941082,0.000078,28.972197,7.161231,0.938800,293.114686,0.003659,6.364117,342.584323,348.952301,349.364690,0.412389,349.465664
2742,vehicle2,1513.634000,1513.452000,2155.536093,1,ok,21130,19198,1,0.221103,3.961255,0.000452,0.097547,6.761069,6.956329,0.000084,36.853080,8.131272,0.744756,392.468233,0.027799,7.129959,452.012370,459.170580,459.633917,0.463337,463.816275
2743,vehicle2,1513.940000,1513.749000,2156.623843,1,ok,21161,19207,1,0.089183,0.011145,0.000181,0.076216,16.084812,7.043459,0.000134,41.384319,9.987115,0.725789,470.676499,0.014738,9.102846,545.978343,555.096108,555.668580,0.572472,555.768908
2744,vehicle2,1514.140000,1513.949000,2157.386314,1,ok,21172,19219,1,0.095525,0.121402,0.000296,0.084750,6.302780,9.117402,0.000100,35.891042,10.637693,0.784671,459.643558,0.004400,6.781046,522.461996,529.247738,529.709744,0.462006,529.926671
2745,vehicle2,1514.332000,1514.148000,2158.067022,1,ok,21166,19220,1,0.195338,0.008228,0.000169,0.075944,5.781350,7.250364,0.000154,35.869921,9.182206,0.920473,390.164507,0.004624,8.234217,449.244919,457.483929,458.208260,0.724331,458.411826
2746,vehicle2,1514.539000,1514.348000,2158.955541,1,ok,21151,19209,1,0.099166,0.006345,0.000300,0.084744,14.669035,8.602029,0.000078,39.340477,10.035930,0.714362,485.693152,0.003279,8.076493,559.139807,567.219879,567.572899,0.353020,567.678410
2747,vehicle2,1514.735000,1514.544000,2159.637888,1,ok,21178,19221,1,0.096400,0.007405,0.000192,0.079501,4.795047,7.775932,0.000149,37.231431,10.169162,0.701405,398.722074,0.018870,8.555634,459.474701,468.049397,469.781154,1.731757,469.884959
2748,vehicle2,1514.925000,1514.752000,2160.404488,1,ok,21161,19207,1,0.087488,9.000396,0.000208,0.072075,6.037090,10.332934,0.000082,31.930379,7.092334,0.785167,372.661016,0.003341,6.540851,428.911077,435.455477,436.103605,0.648128,445.191489
2749,vehicle2,1515.133000,1514.949000,2161.296818,1,ok,21138,19193,1,0.095090,0.009413,0.000321,0.082594,7.656038,7.213029,0.000076,37.212597,10.680125,0.712876,443.917277,0.009380,6.325339,507.474612,513.809652,514.114271,0.304619,514.218774
2750,vehicle2,1515.342000,1515.148000,2162.089434,1,ok,21092,19145,1,0.177826,0.007253,0.000301,0.081398,5.652637,8.851715,0.000085,37.882023,11.109017,0.942108,467.125044,0.004567,6.669057,531.644027,538.317952,538.974267,0.656315,539.159346
2751,vehicle2,1515.536000,1515.350000,2162.825400,1,ok,21099,19149,1,0.119619,0.008379,0.000204,0.085627,5.119491,7.838698,0.000102,35.120581,9.066011,0.913138,447.333145,0.011023,8.851636,505.476793,514.339656,515.139524,0.799868,515.267522
2752,vehicle2,1515.741000,1515.544000,2163.622661,1,ok,21093,19136,1,0.186070,0.007493,0.000272,0.069567,6.951093,8.763441,0.000098,36.806953,9.432598,0.762507,482.197295,0.029891,6.900221,544.983552,551.913936,552.329002,0.415066,552.522565
2753,vehicle2,1515.934000,1515.741000,2164.249780,1,ok,21164,19192,1,0.201778,0.007818,0.000292,0.073379,4.914659,7.560511,0.000083,38.586747,9.782608,0.775149,444.601874,0.003536,6.614632,506.295010,512.913470,513.312910,0.399440,513.522506
2754,vehicle2,1516.139000,1515.950000,2165.063519,1,ok,21199,19200,1,0.202018,0.007068,0.000147,0.085495,9.950611,7.881439,0.000078,40.351603,15.026145,0.780700,473.143629,0.005652,7.911689,547.219700,555.137188,555.557364,0.420176,555.766450
2755,vehicle2,1516.339000,1516.147000,2165.852350,1,ok,21159,19176,1,0.115736,0.009147,0.000126,0.076761,9.571035,6.866142,0.000103,38.502541,12.628811,0.748573,493.749440,0.010147,7.682296,562.143406,569.835975,570.387323,0.551348,570.512206
2756,vehicle2,1516.542000,1516.345000,2166.527057,1,ok,21173,19220,1,0.072582,0.006453,0.000361,0.080639,6.609384,10.288465,0.000138,35.360287,9.524888,0.710983,439.479311,0.003101,8.444010,502.054095,510.501567,510.988709,0.487142,511.067744
2757,vehicle2,1516.733000,1516.552000,2167.279009,1,ok,21207,19241,1,0.106379,0.008358,0.000356,0.079484,5.507038,7.114796,0.000088,41.813956,9.404488,0.881672,443.728080,0.004863,7.346635,508.529602,515.881456,516.452458,0.571002,516.567195
2758,vehicle2,1516.933000,1516.750000,2168.047878,1,ok,21230,19243,1,0.098830,0.006727,0.000246,0.085121,6.550353,7.478273,0.000108,34.396258,9.359106,0.716132,430.082773,0.068949,7.756418,488.668124,496.493737,497.055889,0.562152,497.161446
2759,vehicle2,1517.139000,1516.949000,2168.848436,1,ok,21219,19216,1,0.106201,0.006369,0.000204,0.065215,10.386645,7.189147,0.000100,38.461693,10.342438,0.960299,477.591220,0.005097,6.260338,544.996757,551.262396,551.820072,0.557676,551.932642
2760,vehicle2,1517.341000,1517.146000,2169.590610,1,ok,21166,19182,1,0.123641,0.007330,0.000255,0.091154,6.461467,7.829152,0.000227,36.118730,10.527094,0.714209,457.323459,0.015047,7.163386,519.065492,526.244180,526.698133,0.453953,526.829104
2761,vehicle2,1517.542000,1517.349000,2170.396205,1,ok,21186,19190,1,0.171331,0.007968,0.000322,0.094094,16.854646,10.045603,0.000132,42.883658,13.198707,0.727954,484.179647,0.004026,7.373647,567.984441,575.362436,575.714821,0.352385,575.894120
2762,vehicle2,1517.739000,1517.549000,2171.124639,1,ok,21205,19208,1,0.098610,0.008128,0.000263,0.102816,8.551546,7.287663,0.000119,39.749959,12.690918,0.760817,467.782490,0.004030,7.770895,536.926328,544.701516,545.330685,0.629169,545.437423
2763,vehicle2,1517.941000,1517.746000,2171.917683,1,ok,21246,19224,1,0.190980,0.009393,0.000225,0.088670,9.965128,8.735459,0.000090,40.139919,9.901314,0.700324,487.258558,0.024111,7.245405,556.789462,564.059203,564.507009,0.447806,564.707382
2764,vehicle2,1518.139000,1517.949000,2172.674595,1,ok,21222,19216,1,0.194188,0.008890,0.000238,0.091025,11.908852,8.201323,0.000098,36.553575,13.333646,0.757126,463.216998,0.004255,6.940413,534.062643,541.007549,541.443278,0.435729,541.646356
2765,vehicle2,1518.335000,1518.147000,2173.457944,1,ok,21207,19205,1,0.175769,0.005146,0.000145,0.054349,6.375177,8.179330,0.000096,45.538506,15.426586,0.959218,452.218080,0.003343,7.355161,528.751342,536.109991,536.622032,0.512041,536.802947
2766,vehicle2,1518.535000,1518.350000,2174.256131,1,ok,21183,19199,1,0.088664,0.008259,0.000249,0.075786,5.937331,8.818883,0.000081,36.573681,9.329756,0.892394,459.610139,0.003332,7.538941,521.238051,528.780573,529.191445,0.410872,529.288368
2767,vehicle2,1518.733000,1518.549000,2174.982976,1,ok,21159,19177,1,0.171794,0.008250,0.000193,0.085805,6.177384,8.403497,0.000123,33.507544,11.167565,0.889506,425.544786,0.004484,7.099873,485.776210,492.880760,493.269690,0.388930,493.449734
2768,vehicle2,1518.940000,1518.748000,2175.897777,1,ok,21140,19143,1,0.094928,0.006933,0.000286,0.082508,16.321842,7.232837,0.000078,47.043912,11.080961,0.978139,498.014032,0.004519,7.078201,580.754309,587.837315,588.299130,0.461815,588.400991
2769,vehicle2,1519.140000,1518.948000,2176.621914,1,ok,21142,19136,1,0.217337,0.006993,0.000260,0.107543,8.111142,8.197528,0.000078,34.969845,12.677192,0.776489,449.304750,0.047728,8.453619,514.144567,522.646174,523.072364,0.426190,523.296694
2770,vehicle2,1519.340000,1519.140000,2177.287701,1,ok,21157,19146,1,0.188156,0.008331,0.000170,0.066879,7.734142,7.398956,0.000118,38.793007,12.078500,0.709133,470.990621,0.004711,7.009722,537.771356,544.785959,545.249645,0.463686,545.446132
2771,vehicle2,1519.532000,1519.346000,2178.010645,1,ok,21174,19176,1,0.171094,0.009476,0.000231,0.077945,6.130916,8.191533,0.000075,33.789970,10.019335,0.924804,428.353977,0.004238,7.342916,487.488555,494.835940,495.160726,0.324786,495.341296
2772,vehicle2,1519.736000,1519.547000,2178.827298,1,ok,21180,19177,1,0.094668,0.010035,0.000318,0.083088,5.811398,7.380269,0.000134,36.494346,9.305530,0.723804,467.990590,0.004182,7.616245,527.789159,535.409904,535.834991,0.425087,535.939694
2773,vehicle2,1519.941000,1519.746000,2179.624003,1,ok,21169,19157,1,0.108941,0.006708,0.000175,0.088910,9.803818,7.188384,0.000105,36.332822,10.478499,0.899805,481.648348,0.003450,8.032989,546.440691,554.477305,554.921523,0.444218,555.037172
2774,vehicle2,1520.242000,1520.047000,2180.695785,1,ok,21196,19190,1,0.103956,0.004713,0.000251,0.055670,6.852818,14.116071,0.000107,35.969471,11.318748,0.708588,472.632862,0.037828,6.668104,541.654335,548.360518,548.837294,0.476776,548.945963
2775,vehicle2,1520.441000,1520.250000,2181.422374,1,ok,21231,19210,1,0.075336,0.013702,0.000314,0.048124,7.019555,9.902497,0.000110,37.865668,9.966131,0.934675,450.995992,0.006065,6.912238,516.732752,523.651369,524.325384,0.674015,524.414422
2776,vehicle2,1520.637000,1520.449000,2182.183758,1,ok,21218,19209,1,0.225490,0.006297,0.000302,0.095343,6.716149,10.327688,0.000095,34.671213,8.257126,0.757504,453.110939,0.004025,8.206083,513.936057,522.146467,522.655152,0.508685,522.886939
2777,vehicle2,1520.833000,1520.645000,2182.921536,1,ok,21182,19180,1,0.166736,0.007185,0.000232,0.084433,5.659424,9.798602,0.000156,44.236714,9.049183,0.702051,420.816326,0.003891,6.212856,490.346889,496.563868,496.868418,0.304550,497.042339
2778,vehicle2,1521.040000,1520.847000,2183.729331,1,ok,21154,19158,1,0.077423,0.008877,0.000275,0.081992,9.997741,6.730329,0.000038,43.937960,9.814826,0.989279,471.088656,0.002913,6.584865,542.640821,549.228874,549.837017,0.608143,549.923317
2779,vehicle2,1521.241000,1521.049000,2184.487025,1,ok,21154,19151,1,0.084120,0.010369,0.000218,0.079806,8.233150,8.327037,0.000089,39.958453,11.476103,0.693967,467.373092,0.004335,8.109001,536.141697,544.255251,544.621156,0.365905,544.715645
2780,vehicle2,1521.443000,1521.245000,2185.242656,1,ok,21150,19136,1,0.094582,0.006158,0.000238,0.062539,5.111844,7.869282,0.000105,38.721565,8.610983,0.705967,447.618093,0.064164,11.133383,508.700378,519.898163,520.259216,0.361053,520.359956
2781,vehicle2,1521.635000,1521.450000,2186.011106,1,ok,21106,19070,1,0.204203,0.009589,0.000191,0.069465,7.988343,6.809283,0.000108,37.024950,9.104213,0.693516,467.543598,0.004212,8.558799,529.233476,537.796678,538.116863,0.320185,538.330655
2782,vehicle2,1521.842000,1521.649000,2186.773421,1,ok,21089,19058,1,0.148683,0.008458,0.000174,0.098345,7.383140,8.017004,0.000274,36.889936,9.696074,0.811586,463.598441,0.005122,8.041762,526.494800,534.541858,535.015457,0.473599,535.172598
2783,vehicle2,1522.035000,1521.849000,2187.558691,1,ok,21083,19075,1,0.104190,0.007628,0.000182,0.069049,9.657394,7.052945,0.000225,37.416450,9.820894,0.703329,466.939284,0.005120,7.586838,531.659570,539.251710,539.550489,0.298779,539.662307
2784,vehicle2,1522.241000,1522.043000,2188.284140,1,ok,21062,19031,1,0.115533,0.009254,0.000171,0.082231,7.175160,6.846979,0.000086,35.532986,9.670435,0.705563,440.447998,0.004219,7.632339,500.461438,508.098167,508.620376,0.522209,508.745163
2785,vehicle2,1522.433000,1522.250000,2189.016689,1,ok,21050,19007,1,0.195389,0.009676,0.000273,0.092130,7.341585,7.091403,0.000180,36.363811,8.987731,0.702007,426.012832,0.003940,6.184870,486.591679,492.780762,493.091090,0.310328,493.296155
2786,vehicle2,1522.640000,1522.446000,2189.817018,1,ok,21089,19032,1,0.186689,0.008169,0.000176,0.087176,9.823979,6.964252,0.000118,37.968068,9.215251,0.686162,465.924688,0.035117,7.149472,530.669694,537.854459,538.192371,0.337912,538.387229
2787,vehicle2,1522.845000,1522.648000,2190.557767,1,ok,21087,19026,1,0.186801,0.007141,0.000225,0.065463,7.060605,7.053177,0.000082,37.368426,11.308797,0.754533,456.979126,0.003509,8.914211,520.590209,529.508154,530.060099,0.551945,530.254041
2788,vehicle2,1523.043000,1522.850000,2191.304041,1,ok,21077,19007,1,0.293436,0.007322,0.000188,0.058168,5.609076,6.894470,0.000076,37.595286,9.423108,0.699436,437.486074,0.005222,7.929131,497.765694,505.700235,505.995751,0.295516,506.296509
2789,vehicle2,1523.243000,1523.050000,2191.986061,1,ok,21065,19003,1,0.176531,0.005514,0.000315,0.088659,9.555151,7.672594,0.000091,36.852905,9.980353,0.711069,448.707280,0.005009,7.962433,513.568102,521.535859,522.025894,0.490035,522.207939
2790,vehicle2,1523.441000,1523.248000,2192.735496,1,ok,21060,19003,1,0.087299,0.007024,0.000320,0.082298,5.814257,7.604084,0.000077,37.778712,10.878013,0.767960,456.536465,0.003042,7.263252,519.461866,526.728480,527.188931,0.460451,527.283254
2791,vehicle2,1523.642000,1523.448000,2193.454550,1,ok,21103,19039,1,0.073777,0.006783,0.000407,0.057144,7.362779,7.600637,0.000075,36.322721,10.232836,0.722115,466.717753,0.013837,7.386887,529.016060,536.417191,536.717162,0.299971,536.797722
2792,vehicle2,1523.839000,1523.649000,2194.204182,1,ok,21099,19027,1,0.085851,0.007768,0.000286,0.084924,8.007221,8.309923,0.000101,37.479820,13.099267,0.711283,453.881206,0.005339,6.267609,521.573745,527.846979,528.240704,0.393725,528.334323
2793,vehicle2,1524.047000,1523.846000,2194.958802,1,ok,21046,18981,1,0.201605,0.011793,0.000233,0.086140,6.237314,7.222816,0.000090,35.512873,8.806971,0.710576,454.278901,0.019472,7.842146,512.855681,520.717532,521.519034,0.801502,521.732432
2794,vehicle2,1524.252000,1524.054000,2195.718668,1,ok,21032,18965,1,0.160023,0.005486,0.000189,0.049836,6.109488,8.808929,0.000088,35.266769,9.299381,0.694984,451.420647,0.010755,7.823977,511.650122,519.485043,519.913862,0.428819,520.079371
2795,vehicle2,1524.534000,1524.350000,2196.653352,1,ok,21033,18959,1,0.101309,0.010197,0.000181,0.088604,5.864765,7.464955,0.000074,39.076039,10.412490,0.891516,432.241778,0.006232,7.917484,496.040221,503.964118,504.463825,0.499707,504.575331
2796,vehicle2,1524.733000,1524.549000,2197.430367,1,ok,21011,18935,1,0.173660,0.007721,0.000187,0.084013,6.996727,6.838961,0.000076,38.360473,11.119690,0.887856,445.678346,0.127400,7.572573,509.966142,517.666302,518.261383,0.595081,518.442764
2797,vehicle2,1524.941000,1524.750000,2198.192829,1,ok,21007,18937,1,0.120335,0.007400,0.000244,0.081462,10.222379,8.953407,0.000236,37.445780,10.769265,1.113622,449.862275,0.004934,6.966653,518.448426,525.420257,526.060812,0.640555,526.188547
2798,vehicle2,1525.142000,1524.948000,2198.953053,1,ok,21030,18962,1,0.106578,0.011465,0.000403,0.108169,5.413776,6.823009,0.000121,43.912064,9.399007,0.922906,457.152000,0.005543,7.380855,523.731052,531.117853,531.577941,0.460088,531.695984
2799,vehicle2,1525.339000,1525.149000,2199.700115,1,ok,21032,18968,1,0.109261,0.013524,0.000231,0.051719,4.848552,6.850058,0.000131,37.899931,12.870739,0.781915,447.569745,0.005431,7.955534,510.872790,518.833986,519.095733,0.261747,519.218518
2800,vehicle2,1525.534000,1525.346000,2200.387626,1,ok,21060,19002,1,0.103317,0.005087,0.000166,0.083056,5.303802,7.457907,0.000107,33.724910,11.427655,0.906121,403.224426,0.003954,9.036274,462.127984,471.168378,471.594326,0.425948,471.702730
2801,vehicle2,1525.734000,1525.548000,2201.168808,1,ok,21089,19046,1,0.148228,0.009530,0.000183,0.042158,8.445985,8.546580,0.000129,37.942347,9.853789,0.696534,430.158421,0.015550,6.210493,495.685943,501.912169,502.396364,0.484195,502.554122
2802,vehicle2,1525.941000,1525.748000,2201.931955,1,ok,21045,19009,1,0.177720,0.008406,0.000262,0.087090,11.907374,6.880362,0.000077,38.282383,9.583801,0.889620,453.292641,0.004033,7.060142,520.923348,527.987785,528.378198,0.390413,528.564324
2803,vehicle2,1526.140000,1525.946000,2202.670221,1,ok,21042,18993,1,0.191911,0.010126,0.000156,0.107837,8.312969,9.566966,0.000149,46.730710,9.655963,0.705574,428.630673,0.003667,7.113798,503.710841,510.828462,511.257874,0.429412,511.459911
2804,vehicle2,1526.333000,1526.148000,2203.400716,1,ok,21039,18981,1,0.150573,0.011009,0.000356,0.080724,5.345828,8.130781,0.000091,36.310380,10.635384,0.882107,434.709831,0.003647,7.257907,496.095126,503.357036,503.787211,0.430175,503.948793
2805,vehicle2,1526.540000,1526.348000,2204.167408,1,ok,21087,19024,1,0.093892,0.009688,0.000429,0.064346,9.538616,7.590987,0.000121,37.115452,9.532421,0.699507,433.645720,0.003123,7.128783,498.187170,505.319505,505.695167,0.375662,505.798747
2806,vehicle2,1526.738000,1526.547000,2204.924329,1,ok,21110,19036,1,0.167009,0.008570,0.000182,0.085055,8.220773,6.923782,0.000076,37.625364,9.128351,0.689103,452.165280,0.006232,8.057170,514.837784,522.901368,523.214367,0.312999,523.389946
2807,vehicle2,1526.939000,1526.748000,2205.691827,1,ok,21111,19074,1,0.200731,0.009467,0.000147,0.070660,9.930857,8.459610,0.000114,37.175280,10.448846,0.892028,458.314892,0.055802,6.587930,525.292287,531.936166,532.337595,0.401429,532.547793
2808,vehicle2,1527.141000,1526.943000,2206.465305,1,ok,21121,19136,1,0.182078,0.007640,0.000150,0.092397,13.417528,10.712494,0.000085,35.603838,11.125840,1.004571,466.110643,0.004359,6.604235,538.067396,544.676140,545.045632,0.369492,545.235350
2809,vehicle2,1527.341000,1527.148000,2207.203361,1,ok,21099,19095,1,0.120833,0.008235,0.000233,0.077770,8.053771,7.458750,0.000116,38.945225,10.368088,0.705781,465.478140,0.004401,6.618915,531.087641,537.711190,538.031107,0.319917,538.160175
2810,vehicle2,1527.540000,1527.349000,2207.953918,1,ok,21071,18996,1,0.094440,0.006390,0.000269,0.084653,10.284242,7.529521,0.000088,36.634154,10.818378,0.691701,450.978419,0.003701,6.244438,517.021156,523.269564,523.664024,0.394460,523.764854
2811,vehicle2,1527.734000,1527.550000,2208.680446,1,ok,21069,19004,1,0.272427,0.179863,0.000157,0.087563,5.032000,6.661038,0.000028,37.637397,10.187446,1.182278,436.806390,0.016218,6.790721,497.594140,504.401236,504.758738,0.357502,505.211028
2812,vehicle2,1527.935000,1527.751000,2209.396173,1,ok,21107,19060,1,0.075817,0.005300,0.000175,0.062660,4.511378,6.930388,0.000094,34.400961,9.183373,0.988555,385.990013,0.003493,6.330660,442.067422,448.401750,448.928286,0.526536,449.009403
2813,vehicle2,1528.142000,1527.952000,2210.210009,1,ok,21122,19069,1,0.227561,0.008593,0.000262,0.082471,4.798533,7.043133,0.000092,35.389253,8.623852,0.718808,435.611102,0.028291,8.223888,492.267244,500.519685,500.815013,0.295328,501.051167
2814,vehicle2,1528.334000,1528.149000,2210.930673,1,ok,21109,19048,1,0.337083,0.011047,0.000315,0.087679,7.341369,8.898172,0.000122,35.258043,11.014578,0.886450,423.601231,0.004450,6.450171,487.087644,493.542580,494.191497,0.648917,494.539627
2815,vehicle2,1528.542000,1528.348000,2211.703946,1,ok,21115,19053,1,0.093129,0.007634,0.000264,0.083841,7.385314,9.029426,0.000123,37.410008,9.627078,0.698447,441.013644,0.005886,6.545651,505.247881,511.799682,512.201444,0.401762,512.302207
2816,vehicle2,1528.741000,1528.550000,2212.495747,1,ok,21109,19041,1,0.165923,0.007140,0.000431,0.086211,10.344699,9.769938,0.000219,40.810126,8.776907,0.688610,460.412935,0.004213,6.730039,530.889645,537.624328,538.006363,0.382035,538.179426
2817,vehicle2,1528.943000,1528.748000,2213.230937,1,ok,21090,19029,1,0.136862,0.010842,0.000216,0.090086,6.687154,7.004688,0.000089,35.139444,9.618455,2.040273,483.597457,0.003444,7.288009,544.177646,551.469315,552.030046,0.560731,552.177750
2818,vehicle2,1529.147000,1528.950000,2213.957358,1,ok,21045,19000,1,0.094340,0.008935,0.000338,0.092104,6.228301,10.825766,0.000400,37.363584,8.807177,0.698710,453.112822,0.012091,7.492938,517.128864,524.634231,525.033825,0.399594,525.137100
2819,vehicle2,1529.341000,1529.153000,2214.740461,1,ok,21088,19052,1,0.102516,0.022157,0.000131,0.127640,8.694986,8.119371,0.000123,46.245740,11.698246,0.872951,477.001707,0.004403,6.720460,552.760764,559.485758,559.876444,0.390686,560.001117
2820,vehicle2,1529.541000,1529.349000,2215.441376,1,ok,21125,19082,1,0.242134,0.009696,0.000480,0.075485,7.122321,6.879635,0.000075,37.131042,9.680412,0.699121,455.815298,0.005386,7.433646,517.403389,524.842901,525.453793,0.610892,525.705623
2821,vehicle2,1529.742000,1529.547000,2216.246095,1,ok,21118,19093,1,0.102043,0.007391,0.000233,0.086954,9.424440,7.240005,0.000092,48.606026,11.390806,0.967271,475.665404,0.004727,8.501405,553.380998,561.887363,562.502652,0.615289,562.612086
2822,vehicle2,1529.935000,1529.749000,2216.911416,1,ok,21126,19087,1,0.100128,0.007243,0.000417,0.081981,5.595357,8.118312,0.000254,34.821227,9.371100,1.619087,430.593450,0.004358,7.152132,490.200768,497.357675,497.666202,0.308527,497.773573
2823,vehicle2,1530.143000,1529.950000,2217.730338,1,ok,21132,19079,1,0.100175,0.007771,0.000258,0.094059,11.556188,7.981133,0.000112,38.105574,11.519585,0.722936,474.496882,0.006273,8.480464,544.476469,552.963464,553.462832,0.499368,553.570778
2824,vehicle2,1530.343000,1530.151000,2218.452737,1,ok,21130,19093,1,0.077723,0.010202,0.000274,0.091636,8.217800,7.948033,0.000080,36.727524,9.384399,0.938158,469.562874,0.029533,6.623068,532.870504,539.523379,539.924854,0.401475,540.012779
2825,vehicle2,1530.543000,1530.352000,2219.201890,1,ok,21123,19146,1,0.101849,0.008263,0.000163,0.057412,8.791524,7.063622,0.000105,36.753615,10.098700,0.705195,467.143761,0.003928,6.192970,530.613934,536.810995,537.035851,0.224856,537.145963
2826,vehicle2,1530.742000,1530.550000,2219.952183,1,ok,21097,19127,1,0.169940,0.566786,0.000305,0.058499,6.815453,8.097659,0.000083,35.685482,9.582821,0.937333,454.609450,0.004778,7.993618,515.786780,523.785481,524.158852,0.373371,524.895578
2827,vehicle2,1530.941000,1530.749000,2220.671880,1,ok,21097,19128,1,0.171598,0.009043,0.000221,0.086205,9.344844,10.090059,0.000195,36.361959,9.030283,0.703021,446.134986,0.003950,7.448314,511.751552,519.204037,519.514543,0.310506,519.695184
2828,vehicle2,1531.133000,1530.948000,2221.406965,1,ok,21144,19132,1,0.079865,0.007374,0.000227,0.087590,5.615954,7.098666,0.000077,34.754576,9.810034,0.814941,419.690690,0.006504,7.007497,477.872528,484.886756,485.356691,0.469935,485.443930
2829,vehicle2,1531.335000,1531.147000,2222.173816,1,ok,21124,19117,1,0.067664,0.013481,0.000252,0.061666,6.342443,8.153102,0.000095,36.001125,9.799909,0.730913,435.933949,0.003707,7.752443,497.023202,504.779604,505.045307,0.265703,505.126452
2830,vehicle2,1531.543000,1531.349000,2222.964555,1,ok,21086,19055,1,0.108066,0.007206,0.000331,0.065933,5.313275,6.622279,0.000034,37.511933,9.807026,0.705331,446.145757,0.031260,6.249209,506.171568,512.452368,512.734871,0.282503,512.850143
2831,vehicle2,1531.735000,1531.551000,2223.696736,1,ok,21083,19067,1,0.079757,0.008139,0.000295,0.091137,4.970584,7.521294,0.000287,35.099436,11.327559,0.868960,448.089069,0.003865,7.109600,507.968326,515.082086,515.612420,0.530334,515.700316
2832,vehicle2,1532.042000,1531.848000,2224.859084,1,ok,21035,19073,1,0.135664,0.007445,0.000356,0.082150,13.385742,9.949485,0.000161,37.555068,9.662017,0.724377,490.342228,0.004638,6.927101,561.701228,568.633323,568.960048,0.326725,569.103157
2833,vehicle2,1532.242000,1532.046000,2225.626829,1,ok,21031,19069,1,0.189021,0.006371,0.000361,0.080270,5.931309,7.812905,0.000103,34.536306,10.417917,0.967549,470.705603,0.004844,6.286289,530.451962,536.743456,537.174798,0.431342,537.370190
2834,vehicle2,1532.441000,1532.250000,2226.420622,1,ok,21044,19077,1,0.243514,0.180416,0.000352,0.084907,5.490340,7.402975,0.000081,36.991219,11.427921,0.760110,467.139323,0.003685,7.769330,529.296876,537.070243,537.529725,0.459482,537.953655
2835,vehicle2,1532.642000,1532.449000,2227.159812,1,ok,21015,19021,1,0.104495,0.009605,0.000262,0.067669,6.733751,6.815834,0.000102,37.412167,9.989349,0.851063,468.650712,0.030735,7.341130,530.520647,537.892774,538.372721,0.479947,538.486821
2836,vehicle2,1532.842000,1532.650000,2227.917439,1,ok,21013,19042,1,0.111022,0.004707,0.000213,0.052448,6.706269,7.164838,0.000119,39.335029,10.183926,0.700126,458.944333,0.005195,8.557955,523.087088,531.650451,531.973136,0.322685,532.088865
2837,vehicle2,1533.034000,1532.849000,2228.669437,1,ok,21057,19075,1,0.053872,0.008362,0.000279,0.096569,5.888622,8.438521,0.000093,37.688755,9.824981,0.721279,441.966757,0.003719,6.286903,504.625577,510.916478,511.269651,0.353173,511.331885
2838,vehicle2,1533.240000,1533.048000,2229.470491,1,ok,21038,19046,1,0.091786,0.008617,0.000190,0.082824,5.870864,6.875827,0.000089,38.930868,9.030803,0.703287,470.180088,0.004663,6.193490,531.674650,537.872993,538.235538,0.362545,538.335941
2839,vehicle2,1533.442000,1533.247000,2230.241740,1,ok,21110,19118,1,0.072315,0.005706,0.000327,0.053953,9.370992,7.996531,0.000091,39.149829,9.778462,0.836643,473.339267,0.011678,7.037959,540.525768,547.575732,547.977982,0.402250,548.056003
2840,vehicle2,1533.642000,1533.450000,2231.031504,1,ok,21141,19177,1,0.073938,0.006191,0.000266,0.071874,16.965321,8.094629,0.000163,37.046000,13.229127,0.715283,480.962299,0.074030,6.768071,557.084696,563.927063,564.540197,0.613134,564.620326
2841,vehicle2,1533.840000,1533.651000,2231.799181,1,ok,21097,19165,1,0.118021,0.010744,0.000283,0.078049,11.185090,6.663867,0.000081,40.006876,11.433288,0.711078,478.370151,0.008651,6.421430,548.448480,554.878844,555.224533,0.345689,555.353298
2842,vehicle2,1534.041000,1533.847000,2232.541628,1,ok,21049,19125,1,0.171339,0.007697,0.000301,0.085045,6.646633,8.633752,0.000078,40.799011,9.885271,0.700946,472.313779,0.003351,8.241505,539.064515,547.309672,547.588342,0.278670,547.767378
2843,vehicle2,1534.242000,1534.048000,2233.299835,1,ok,21074,19125,1,0.063299,0.007036,0.000262,0.088461,8.139082,6.616944,0.000092,39.338258,9.697853,0.696106,474.739736,0.004504,6.869705,539.316532,546.191003,546.564151,0.373148,546.634486
2844,vehicle2,1534.441000,1534.253000,2234.042903,1,ok,21111,19153,1,0.181483,0.007186,0.000340,0.096363,6.862734,8.339917,0.000084,33.830816,9.113266,0.699501,440.654586,0.004160,8.505341,499.597267,508.107108,508.472056,0.364948,508.660725
2845,vehicle2,1534.635000,1534.452000,2234.740243,1,ok,21099,19172,1,0.200572,1.215169,0.000246,0.088944,4.946930,6.950698,0.000144,31.256723,9.987004,0.738434,386.827050,0.005776,7.643542,440.795927,448.445491,448.917940,0.472449,450.333681
2846,vehicle2,1534.842000,1534.650000,2235.549802,1,ok,21037,19112,1,0.143976,0.007162,0.000163,0.077756,4.580642,10.597981,0.000162,37.915035,12.451968,0.700781,431.133991,0.013871,8.522389,497.458316,505.994739,506.381794,0.387055,506.532932
2847,vehicle2,1535.041000,1534.850000,2236.336949,1,ok,21014,19087,1,0.177439,0.008174,0.000142,0.071790,12.074272,9.352310,0.000155,38.898418,10.250837,0.828190,490.949881,0.004781,8.121528,562.425853,570.552304,571.069004,0.516700,571.254617
2848,vehicle2,1535.245000,1535.049000,2237.122795,1,ok,21018,19076,1,0.122127,0.007420,0.000216,0.097369,7.865248,9.758564,0.000089,42.453742,9.772103,0.700503,492.881804,0.003697,6.230475,563.529422,569.763810,570.156038,0.392228,570.285585
2849,vehicle2,1535.444000,1535.252000,2237.890310,1,ok,21038,19108,1,0.206633,0.013151,0.000243,0.093536,9.759060,9.843572,0.000138,46.960813,11.967752,0.913090,467.391716,0.003556,6.336368,546.929677,553.269844,553.706438,0.436594,553.926222
2850,vehicle2,1535.642000,1535.451000,2238.633367,1,ok,21091,19147,1,0.096182,0.006929,0.000422,0.115727,6.568831,7.252831,0.000093,36.893791,9.352786,0.693348,467.474240,0.003702,8.478090,528.351647,536.833861,537.224995,0.391134,537.328106
2851,vehicle2,1535.835000,1535.654000,2239.345191,1,ok,21081,19137,1,0.162180,0.006136,0.000163,0.041410,4.904333,7.942422,0.000074,36.318904,10.323593,0.694405,416.093427,0.004588,7.890181,476.318568,484.213500,484.459166,0.245666,484.627482
2852,vehicle2,1536.043000,1535.848000,2240.153058,1,ok,21081,19135,1,0.081117,0.007964,0.000496,0.111792,12.512979,7.328681,0.000090,36.868810,11.826989,0.724739,475.703488,0.026763,6.384016,545.077568,551.488843,551.855213,0.366370,551.944294
2853,vehicle2,1536.339000,1536.149000,2241.133619,1,ok,21094,19142,1,0.088121,0.007244,0.000235,0.089013,4.990270,7.569746,0.000099,35.976530,11.430150,0.837149,415.354003,0.005596,8.272768,476.246960,484.525559,484.825331,0.299772,484.920696
2854,vehicle2,1536.536000,1536.351000,2241.843878,1,ok,21099,19117,1,0.183846,0.008762,0.000196,0.079597,4.357879,7.388280,0.000116,29.613134,6.704280,0.689537,398.866278,0.006038,8.614536,447.699101,456.319871,456.730138,0.410267,456.922746
2855,vehicle2,1536.734000,1536.548000,2242.560267,1,ok,21120,19128,1,0.133354,0.010136,0.000223,0.073418,3.638748,7.483099,0.000164,36.440291,8.276298,0.770019,378.314609,0.005125,6.501901,434.996646,441.503895,441.918964,0.415069,442.062454
2856,vehicle2,1536.941000,1536.751000,2243.428400,1,ok,21109,19149,1,0.189176,0.005693,0.000247,0.084285,9.178381,6.991456,0.000102,36.254870,9.133488,0.927526,481.498425,0.005128,7.203055,544.068533,551.276963,551.780498,0.503535,551.975367
2857,vehicle2,1537.141000,1536.959000,2244.107989,1,ok,21080,19126,1,0.204446,0.008850,0.000376,0.082799,8.035651,7.155770,0.000224,36.658521,8.356760,0.745625,418.169280,0.029863,7.339454,479.204630,486.574323,487.032625,0.458302,487.245921
2858,vehicle2,1537.436000,1537.250000,2245.119714,1,ok,21066,19085,1,0.100385,0.009947,0.000282,0.066159,4.315725,7.860655,0.000098,36.810900,8.229833,0.703241,424.683222,0.003934,6.590200,482.669833,489.264249,489.507182,0.242933,489.617514
2859,vehicle2,1537.634000,1537.451000,2245.890396,1,ok,21061,19094,1,0.095960,0.009636,0.000265,0.081338,6.491212,7.319687,0.000092,36.877275,9.891341,0.694592,456.142270,0.003426,6.264794,517.497807,523.766292,524.072401,0.306109,524.177997
2860,vehicle2,1537.843000,1537.648000,2246.698716,1,ok,21079,19133,1,0.095215,0.021551,0.000216,0.067606,8.960571,7.867625,0.000087,36.862413,9.143300,0.700033,452.435096,0.004594,8.456315,516.036731,524.497856,524.925375,0.427519,525.042141
2861,vehicle2,1538.043000,1537.853000,2247.478031,1,ok,21104,19198,1,0.200529,0.006162,0.000150,0.063051,6.113234,6.989550,0.000097,37.207117,9.888243,0.716143,494.328991,0.004144,9.266998,555.306426,564.577718,564.973915,0.396197,565.180606
2862,vehicle2,1538.243000,1538.050000,2248.194916,1,ok,21146,19229,1,0.058634,0.012673,0.000293,0.119854,9.016832,7.525470,0.000142,39.289234,9.061764,0.811326,483.536962,0.063072,7.800244,549.361584,557.225193,557.691576,0.466383,557.762883
2863,vehicle2,1538.439000,1538.251000,2248.928423,1,ok,21148,19236,1,0.096166,0.007442,0.000251,0.042936,5.463460,7.462565,0.000096,38.807386,10.978101,0.857509,482.108194,0.003862,7.036654,545.720247,552.761014,553.516023,0.755009,553.619631
2864,vehicle2,1538.642000,1538.446000,2249.652081,1,ok,21135,19211,1,0.070780,0.007247,0.000313,0.085161,7.330813,7.484789,0.000170,33.328677,9.211172,0.821340,456.807854,0.004142,6.211568,515.069976,521.285999,522.054157,0.768158,522.132184
2865,vehicle2,1538.843000,1538.649000,2250.386026,1,ok,21142,19217,1,0.175081,0.007026,0.000217,0.091074,8.841630,7.767972,0.000098,38.134474,10.418322,0.888916,457.138042,0.004084,7.019783,523.280528,530.304612,530.548721,0.244109,530.730828
2866,vehicle2,1539.042000,1538.850000,2251.134026,1,ok,21156,19213,1,0.101318,0.010152,0.000401,0.098211,6.658986,7.740265,0.000094,36.626823,21.119033,0.733970,445.411943,0.004299,7.738881,518.389325,526.132906,526.602730,0.469824,526.714200
2867,vehicle2,1539.235000,1539.051000,2251.855148,1,ok,21168,19224,1,0.070031,0.009211,0.000290,0.065806,5.856999,7.240469,0.000080,40.095661,11.735628,1.009081,445.140526,0.003910,6.216859,511.144250,517.365309,517.674937,0.309628,517.754179
2868,vehicle2,1539.444000,1539.251000,2252.677288,1,ok,21130,19189,1,0.198220,0.006552,0.000163,0.081309,16.851312,8.632533,0.000082,37.583234,10.157742,0.891602,472.150038,0.013293,8.202626,546.347852,554.563934,555.095582,0.531648,555.300354
2869,vehicle2,1539.635000,1539.452000,2253.432680,1,ok,21088,19168,1,0.081205,0.010361,0.000386,0.082182,7.773487,6.668138,0.000075,38.585554,13.854714,0.693142,476.714841,0.003498,6.472622,544.372133,550.848639,551.419842,0.571203,551.511408
2870,vehicle2,1539.834000,1539.651000,2254.163191,1,ok,21115,19207,1,0.203000,0.006764,0.000255,0.072146,6.379594,7.734981,0.000094,35.224839,8.735451,0.853693,429.967493,0.004151,6.209189,488.968291,495.181886,495.483013,0.301127,495.692777
2871,vehicle2,1540.042000,1539.849000,2254.941192,1,ok,21153,19241,1,0.106616,0.006287,0.000190,0.053277,5.520240,8.466021,0.000087,36.578624,9.292427,0.687302,447.348648,0.010603,6.640417,507.946626,514.597836,515.166870,0.569034,515.279773
2872,vehicle2,1540.235000,1540.050000,2255.670595,1,ok,21221,19288,1,0.183145,0.006415,0.000238,0.083035,4.237465,6.689795,0.000097,35.314721,9.712398,0.896771,426.793941,0.014584,7.256863,483.728223,490.999908,491.467832,0.467924,491.657392
2873,vehicle2,1540.443000,1540.251000,2256.443622,1,ok,21203,19262,1,0.110414,1.642730,0.000390,0.066036,4.863255,6.776688,0.000105,33.947688,8.409041,0.685204,426.444977,0.006013,7.815023,481.192994,489.014420,489.421553,0.407133,491.174697
2874,vehicle2,1540.634000,1540.450000,2257.192031,1,ok,21202,19253,1,0.079790,0.008912,0.000304,0.110396,7.302882,7.992423,0.000095,36.878440,9.820675,0.694581,428.556833,0.013204,7.647832,491.356325,499.017665,499.394553,0.376888,499.483255
2875,vehicle2,1540.842000,1540.649000,2257.968298,1,ok,21189,19227,1,0.317510,0.009908,0.000199,0.086722,6.194603,10.093596,0.000183,34.321987,11.885906,0.718587,443.389348,0.004603,7.452869,506.690932,514.148603,514.652309,0.503706,514.979727
2876,vehicle2,1541.035000,1540.850000,2258.687846,1,ok,21203,19245,1,0.166880,0.007023,0.000213,0.080942,7.301425,9.629156,0.000160,37.455596,8.917740,0.691996,420.137012,0.004412,7.412455,484.214027,491.631107,492.144720,0.513613,492.318623
2877,vehicle2,1541.235000,1541.051000,2259.468406,1,ok,21222,19257,1,0.141444,0.006564,0.000265,0.084019,6.226492,7.973699,0.000083,37.396748,8.804069,0.721653,439.964592,0.004490,6.524490,501.171355,507.700600,508.083723,0.383123,508.231731
2878,vehicle2,1541.435000,1541.249000,2260.206033,1,ok,21201,19230,1,0.196902,0.007482,0.000279,0.071634,8.041378,6.865801,0.000092,36.664754,9.820878,2.054254,423.443382,0.005077,7.196620,486.962173,494.164149,494.783591,0.619442,494.987975
2879,vehicle2,1541.643000,1541.447000,2261.004935,1,ok,21204,19211,1,0.077378,0.008895,0.000255,0.098735,5.793470,8.872871,0.000091,36.247997,9.535493,0.744146,445.557447,0.030571,6.480925,506.850250,513.362001,513.728908,0.366907,513.815181
2880,vehicle2,1541.844000,1541.648000,2261.803333,1,ok,21169,19227,1,0.233599,0.005649,0.000232,0.086235,10.183144,8.270435,0.000090,39.479731,11.333058,0.700026,476.728851,0.004677,7.116252,546.781570,553.902731,554.278275,0.375544,554.517523
2881,vehicle2,1542.044000,1541.852000,2262.549088,1,ok,21212,19264,1,0.201831,0.006882,0.000309,0.091341,13.256590,8.076428,0.000105,36.540319,11.001198,0.703648,479.143808,0.004553,6.625493,548.813437,555.443792,555.823945,0.380153,556.032658
2882,vehicle2,1542.242000,1542.053000,2263.303509,1,ok,21203,19251,1,0.104497,0.007129,0.000230,0.111488,7.755723,7.322653,0.000111,40.563380,12.150810,0.853546,472.478023,0.004208,7.394986,541.235734,548.635158,549.065454,0.430296,549.177080
2883,vehicle2,1542.434000,1542.242000,2263.916236,1,ok,21248,19219,1,0.109125,0.009685,0.000185,0.088515,5.205687,6.903714,0.000175,37.180628,10.552677,0.699341,423.420428,0.004864,6.972497,484.051165,491.028711,491.409933,0.381222,491.528743
2884,vehicle2,1542.640000,1542.437000,2264.582085,1,ok,21268,19216,1,0.071284,0.007230,0.000263,0.078661,7.078208,8.585961,0.000104,36.180592,10.641064,0.746200,453.580368,0.004908,7.629248,516.891158,524.525577,525.049003,0.523426,525.127517
2885,vehicle2,1542.844000,1542.646000,2265.374624,1,ok,21336,19277,1,0.104860,0.011062,0.000282,0.072583,5.237479,8.293841,0.000127,37.554809,9.428823,0.894824,479.642653,0.068379,7.478854,541.125139,548.672654,549.296871,0.624217,549.412793
2886,vehicle2,1543.035000,1542.852000,2266.108027,1,ok,21293,19253,1,0.254604,0.008878,0.000186,0.080246,6.166466,7.097552,0.000099,38.079227,10.199478,0.941093,457.826664,0.017667,7.683591,520.390825,528.092269,528.601515,0.509246,528.864997
2887,vehicle2,1543.239000,1543.050000,2266.875784,1,ok,21298,19258,1,0.105646,0.013257,0.000254,0.078515,5.285110,6.958942,0.000098,37.828247,10.583059,0.830176,432.653332,0.003846,6.873146,494.217479,501.094725,501.383749,0.289024,501.502652
2888,vehicle2,1543.443000,1543.250000,2267.670805,1,ok,21275,19224,1,0.234209,0.091283,0.000282,0.088868,10.276064,7.585421,0.000116,35.790933,10.752968,0.800517,454.920701,0.003699,7.753046,520.215588,527.972615,528.371754,0.399139,528.697246
2889,vehicle2,1543.639000,1543.453000,2268.432175,1,ok,21250,19195,1,0.096232,0.006830,0.000265,0.064849,5.473077,7.187573,0.000180,39.864756,10.453523,0.702870,458.957444,0.005182,6.216790,522.704272,528.926509,529.334864,0.408355,529.437926
2890,vehicle2,1543.833000,1543.653000,2269.150352,1,ok,21247,19219,1,0.184805,0.011341,0.000297,0.125862,6.311235,7.109386,0.000085,34.959382,8.798721,0.757121,411.709151,0.003623,6.361293,469.770943,476.136156,476.498339,0.362183,476.694485
2891,vehicle2,1544.038000,1543.849000,2269.919174,1,ok,21246,19235,1,0.115316,0.006693,0.000264,0.082580,5.099791,6.533822,0.000091,35.126294,8.879040,0.837985,403.671471,0.079367,8.511427,460.231074,468.822132,469.243850,0.421718,469.365859
2892,vehicle2,1544.239000,1544.053000,2270.704772,1,ok,21239,19231,1,0.087174,0.095642,0.000198,0.085319,6.718839,7.232610,0.000086,37.746720,8.887006,0.782847,426.726490,0.003714,8.726255,488.179917,496.910084,497.411429,0.501345,497.594245
2893,vehicle2,1544.442000,1544.255000,2271.523739,1,ok,21237,19233,1,0.111007,0.006503,0.000229,0.080832,10.462273,8.070860,0.000119,38.860872,11.219862,0.691493,465.528333,0.005064,8.049665,534.914644,542.969602,543.395780,0.426178,543.513290
2894,vehicle2,1544.638000,1544.449000,2272.260266,1,ok,21240,19203,1,0.092777,0.007072,0.000185,0.094785,9.721362,10.381814,0.000135,38.991247,10.198936,0.784757,438.712653,0.004631,7.449939,508.885689,516.340444,516.820724,0.480280,516.920573
2895,vehicle2,1544.836000,1544.652000,2273.012825,1,ok,21245,19190,1,0.187416,0.007122,0.000126,0.080706,7.475228,8.882521,0.000149,35.838895,10.119939,0.706542,416.295445,0.023806,7.701266,479.399425,487.124623,487.503885,0.379262,487.698423
2896,vehicle2,1545.041000,1544.850000,2273.777250,1,ok,21282,19278,1,0.178680,0.005488,0.000234,0.060742,7.550947,8.466124,0.000137,38.433248,10.910616,0.712079,455.677601,0.004914,7.974526,521.811494,529.791168,530.355654,0.564486,530.539822
2897,vehicle2,1545.244000,1545.051000,2274.551075,1,ok,21239,19268,1,0.445292,0.015039,0.000302,0.074858,8.318858,7.252452,0.000087,40.081480,9.816356,0.708282,456.853336,0.024911,7.528555,523.105709,530.659477,531.162311,0.502834,531.622642
2898,vehicle2,1545.435000,1545.250000,2275.296240,1,ok,21233,19259,1,0.158553,0.007467,0.000283,0.081311,5.469136,8.213024,0.000104,36.911328,10.611659,0.703676,446.554672,0.004600,7.487820,508.544910,516.037613,516.336924,0.299311,516.502944
2899,vehicle2,1545.636000,1545.448000,2276.048947,1,ok,21306,19286,1,0.169097,0.005038,0.000210,0.053212,6.330711,7.888946,0.000079,39.434826,9.416475,0.687531,425.965503,0.011095,7.243700,489.777283,497.032288,497.306925,0.274637,497.481060
2900,vehicle2,1545.836000,1545.644000,2276.714020,1,ok,21305,19280,1,0.162677,0.004723,0.000159,0.052141,5.541376,7.667643,0.000107,34.948454,11.158573,0.796454,429.303697,0.004551,6.834419,489.468445,496.307574,496.753849,0.446275,496.921249
2901,vehicle2,1546.043000,1545.849000,2277.508617,1,ok,21227,19190,1,0.086745,0.019607,0.000659,0.107528,9.593958,6.702400,0.000084,38.252613,13.810992,0.764800,454.915568,0.003713,8.413916,524.147943,532.566231,532.934068,0.367837,533.040420
2902,vehicle2,1546.236000,1546.053000,2278.275166,1,ok,21202,19143,1,0.166131,0.004765,0.000504,0.062168,5.997337,7.726271,0.000145,40.897956,12.638509,0.789427,447.779080,0.003607,7.867037,515.890893,523.762041,524.148329,0.386288,524.319225
2903,vehicle2,1546.436000,1546.251000,2279.013800,1,ok,21233,19189,1,0.146023,0.005573,0.000236,0.054667,12.273225,8.631891,0.000112,37.389806,10.228509,0.710537,413.793805,0.031872,7.184633,483.082552,490.299293,490.598517,0.299224,490.750113
2904,vehicle2,1546.639000,1546.452000,2279.816567,1,ok,21284,19216,1,0.174843,0.007493,0.000293,0.094135,7.327797,9.348861,0.000123,38.028867,9.367885,0.836319,457.138193,0.003700,7.270522,522.142180,529.416695,529.738726,0.322031,529.921062
2905,vehicle2,1546.836000,1546.648000,2280.546455,1,ok,21253,19208,1,0.079863,0.007120,0.000408,0.063044,7.189535,7.378225,0.000124,37.243941,10.477024,1.892998,433.803155,0.003853,7.000861,498.048046,505.053168,505.421086,0.367918,505.508069
2906,vehicle2,1547.036000,1546.851000,2281.315171,1,ok,21257,19236,1,0.089416,0.005679,0.000268,0.052613,11.778937,6.809811,0.000091,37.960829,9.129641,0.917535,438.823756,0.016125,7.402238,505.473213,512.891844,513.433648,0.541804,513.528743
2907,vehicle2,1547.235000,1547.050000,2282.082714,1,ok,21285,19259,1,0.187883,0.008684,0.000224,0.097061,6.779169,7.759141,0.000132,37.608116,14.922432,0.707841,422.898548,0.003930,7.639950,490.772440,498.416544,498.729545,0.313001,498.926112
2908,vehicle2,1547.435000,1547.251000,2282.834367,1,ok,21308,19255,1,0.079844,0.005165,0.000259,0.056083,6.811670,10.826858,0.000101,35.734302,10.360892,0.943726,434.961778,0.003651,6.198452,499.695410,505.897772,506.340900,0.443128,506.425909
2909,vehicle2,1547.642000,1547.450000,2283.617817,1,ok,21311,19248,1,0.152639,0.005693,0.000281,0.053484,6.485676,8.440952,0.000195,41.319391,10.228296,0.870425,451.226967,0.013684,6.876064,518.625386,525.515415,525.939710,0.424295,526.098042
2910,vehicle2,1547.846000,1547.658000,2284.363233,1,ok,21338,19278,1,0.105513,0.080086,0.000290,0.065238,6.951355,8.782373,0.000139,34.970015,8.819387,0.901517,426.540598,0.004046,7.575889,487.030622,494.610847,495.067879,0.457032,495.253478
2911,vehicle2,1548.038000,1547.855000,2285.055146,1,ok,21395,19363,1,0.085002,0.008518,0.000440,0.075607,8.114511,7.594017,0.000091,39.107467,9.392557,0.981468,445.712152,0.004775,6.321509,510.977870,517.304594,517.853014,0.548420,517.946534
2912,vehicle2,1548.235000,1548.056000,2285.817016,1,ok,21380,19387,1,0.141534,0.006071,0.000205,0.086288,9.534091,7.494887,0.000083,34.881121,12.013230,0.809028,434.296876,0.004546,6.635605,499.115604,505.755960,506.164322,0.408362,506.311927
2913,vehicle2,1548.435000,1548.249000,2286.621484,1,ok,21253,19288,1,0.066467,0.007970,0.000205,0.096002,14.424713,9.178293,0.000143,38.108228,11.161746,2.140127,439.247926,0.003854,7.133277,514.357178,521.494514,521.778338,0.283824,521.852775
2914,vehicle2,1548.635000,1548.450000,2287.380616,1,ok,21189,19247,1,0.073845,0.007019,0.000231,0.096453,10.065197,9.233802,0.000077,38.309634,11.596073,0.706356,442.895580,0.005179,6.064733,512.903172,518.973315,521.240730,2.267415,521.321594
2915,vehicle2,1548.833000,1548.649000,2288.146378,1,ok,21216,19294,1,0.108600,0.006885,0.000195,0.055419,6.225005,7.310988,0.000085,37.388281,9.404324,0.714980,436.044753,0.016979,7.110106,497.143835,504.271115,504.690967,0.419852,504.806452
2916,vehicle2,1549.035000,1548.848000,2288.925705,1,ok,21227,19334,1,0.168953,0.005805,0.000164,0.056092,9.492312,7.902357,0.000081,44.833279,12.733254,0.768918,444.426519,0.004951,6.235967,520.212812,526.453894,526.843223,0.389329,527.017981
2917,vehicle2,1549.236000,1549.053000,2289.677132,1,ok,21217,19322,1,0.103881,0.023490,0.000333,0.080362,9.928850,7.804810,0.000131,37.001788,12.009227,0.785721,421.299388,0.004696,8.017539,488.910277,496.932845,498.068397,1.135552,498.195768
2918,vehicle2,1549.434000,1549.251000,2290.438051,1,ok,21166,19273,1,0.077602,0.006843,0.000229,0.086538,13.503333,9.431870,0.000149,38.384645,10.994440,0.694127,440.665086,0.003760,7.045069,513.760188,520.809246,521.177728,0.368482,521.262173
2919,vehicle2,1549.639000,1549.449000,2291.219031,1,ok,21163,19293,1,0.101668,0.007764,0.000166,0.087968,9.141065,7.341634,0.000077,40.312991,10.306109,0.699699,444.090311,0.004013,7.113791,511.979854,519.097824,519.454253,0.356429,519.563685
2920,vehicle2,1549.842000,1549.655000,2291.973962,1,ok,21126,19270,1,0.190787,1.870438,0.000351,0.073787,7.938271,8.475271,0.000087,38.348766,11.226971,0.709812,436.697628,0.012176,10.149683,503.470593,513.632803,513.935616,0.302813,515.996841
2921,vehicle2,1550.036000,1549.851000,2292.723083,1,ok,21100,19244,1,0.080893,0.008107,0.000274,0.051272,8.944469,6.547363,0.000129,36.674096,10.522243,0.757482,444.713439,0.011183,8.227374,508.210493,516.449324,517.062408,0.613084,517.151408
2922,vehicle2,1550.236000,1550.050000,2293.510571,1,ok,21130,19270,1,0.102123,0.007409,0.000273,0.067737,6.512045,7.663801,0.000078,37.395520,10.466897,0.690573,419.883816,0.008143,9.180664,482.680467,491.869547,492.276299,0.406752,492.385831
2923,vehicle2,1550.432000,1550.250000,2294.277016,1,ok,21155,19306,1,0.107094,0.008411,0.000225,0.072328,8.531181,7.617550,0.000090,37.429100,9.873253,0.700536,414.707994,0.004306,8.089521,478.932032,487.026084,487.338147,0.312063,487.453652
2924,vehicle2,1550.640000,1550.446000,2295.057723,1,ok,21198,19354,1,0.104789,1.593854,0.000293,0.066605,7.773605,7.659368,0.000107,37.697663,10.688616,0.932088,436.164885,0.013626,9.053186,500.982937,510.050042,510.615408,0.565366,512.314051
2925,vehicle2,1550.840000,1550.647000,2295.815607,1,ok,21212,19361,1,0.174828,0.006607,0.000214,0.081918,8.267098,8.726698,0.000256,36.179864,11.160878,0.884223,434.840681,0.003497,7.362682,500.141616,507.508009,507.925039,0.417030,508.106474
2926,vehicle2,1551.039000,1550.848000,2296.566105,1,ok,21197,19332,1,0.187731,0.006723,0.000242,0.092458,16.851866,9.462783,0.000120,43.467435,9.636543,0.689833,436.062153,0.012812,6.762402,516.263191,523.038647,523.409051,0.370404,523.603505
2927,vehicle2,1551.235000,1551.046000,2297.268447,1,ok,21138,19273,1,0.172737,0.008486,0.000188,0.073712,5.199324,6.445408,0.000084,42.026061,11.031318,0.722696,414.984550,0.004726,7.162046,480.483153,487.650113,487.925773,0.275660,488.106996
2928,vehicle2,1551.439000,1551.249000,2298.032195,1,ok,21124,19252,1,0.105814,0.005475,0.000247,0.085448,7.958876,9.054230,0.000081,36.032066,9.622381,0.940323,436.471653,0.005131,7.869126,500.165058,508.039562,508.721193,0.681631,508.832482
2929,vehicle2,1551.635000,1551.450000,2298.774146,1,ok,21098,19232,1,0.176479,0.014497,0.000205,0.088894,5.838034,8.105708,0.000257,37.371354,9.756389,0.946118,439.237692,0.012380,6.661952,501.344446,508.018983,508.670792,0.651809,508.861768
2930,vehicle2,1551.844000,1551.651000,2299.559278,1,ok,21141,19263,1,0.093189,0.006036,0.000144,0.092552,9.105938,9.518054,0.000131,39.384731,9.385745,0.711392,444.833333,0.003544,7.678732,513.031876,520.714296,521.009611,0.295315,521.108836
2931,vehicle2,1552.034000,1551.851000,2300.281951,1,ok,21129,19243,1,0.106633,0.010833,0.000245,0.094244,8.440805,7.337142,0.000073,36.520746,12.668181,0.696898,441.657315,0.005724,6.172398,507.415404,513.593771,514.063072,0.469301,514.180538
2932,vehicle2,1552.236000,1552.048000,2301.046137,1,ok,21116,19217,1,0.240168,0.005278,0.000164,0.051409,5.964556,7.889425,0.000229,34.793057,10.743797,0.916226,434.224625,0.043283,7.825409,494.583324,502.452180,502.798705,0.346525,503.044151
2933,vehicle2,1552.442000,1552.251000,2301.834359,1,ok,21086,19199,1,0.781740,0.007656,0.000241,0.070313,7.313856,7.432159,0.000095,37.922992,8.931692,0.699988,459.191971,0.004265,9.661371,521.563066,531.228943,531.780736,0.551793,532.570132
2934,vehicle2,1552.636000,1552.449000,2302.563126,1,ok,21101,19210,1,0.073887,0.007321,0.000383,0.095936,9.921130,10.168573,0.000173,36.644228,11.566591,0.909085,438.853337,0.002588,8.786539,508.159053,516.948563,517.407997,0.459434,517.489205
2935,vehicle2,1552.835000,1552.650000,2303.315840,1,ok,21118,19248,1,0.159667,0.007923,0.000291,0.073497,5.221212,7.164000,0.000095,35.369094,9.164089,0.945167,441.879073,0.004730,6.411382,499.816227,506.232630,506.594023,0.361393,506.761613
2936,vehicle2,1553.036000,1552.853000,2304.100372,1,ok,21086,19233,1,0.191500,0.007691,0.000287,0.072200,6.726024,7.263321,0.000075,36.039322,11.151521,0.828529,445.956147,0.004020,7.542674,508.037139,515.584120,516.066528,0.482408,516.265719
2937,vehicle2,1553.236000,1553.052000,2304.855628,1,ok,21076,19232,1,0.191341,0.005856,0.000200,0.084337,6.563607,9.030933,0.000142,40.544929,12.596829,0.718731,438.879715,0.015197,7.434487,508.419223,515.869107,516.376207,0.507100,516.573404
2938,vehicle2,1553.444000,1553.254000,2305.659568,1,ok,21072,19198,1,0.092608,0.011138,0.000167,0.072777,5.980979,7.526849,0.000255,38.175836,9.603519,0.769225,449.726375,0.006552,7.202296,511.855815,519.064830,519.466128,0.401298,519.569874
2939,vehicle2,1553.636000,1553.451000,2306.418840,1,ok,21110,19223,1,0.194640,0.009616,0.000224,0.089786,9.249180,7.382067,0.000116,36.318819,9.900384,0.705913,448.789387,0.003946,7.145254,512.435652,519.585076,520.002245,0.417169,520.206501
2940,vehicle2,1553.837000,1553.651000,2307.183815,1,ok,21104,19262,1,0.253788,1.904874,0.000329,0.136701,19.214339,8.596709,0.000155,37.237068,10.091744,0.702390,427.894351,0.004470,8.241165,503.873457,512.119421,512.448636,0.329215,514.607298
2941,vehicle2,1554.036000,1553.853000,2307.948692,1,ok,21143,19324,1,0.192798,0.008220,0.000203,0.098869,13.203272,9.429151,0.000143,43.645284,11.506138,0.708795,424.803561,0.012490,11.240090,503.395213,514.647996,515.385574,0.737578,515.586592
2942,vehicle2,1554.240000,1554.049000,2308.725183,1,ok,21132,19311,1,0.083116,0.013327,0.000577,0.124772,10.431574,8.899715,0.000159,41.551101,12.268335,0.719775,433.980777,0.055373,9.484751,507.976208,517.516909,518.025313,0.508404,518.121756
2943,vehicle2,1554.437000,1554.254000,2309.490428,1,ok,21123,19281,1,0.117881,0.008640,0.000225,0.065614,5.636701,6.796957,0.000091,38.175707,9.240105,0.785400,432.047605,0.003254,6.401253,492.748180,499.152912,499.599319,0.446407,499.725840
2944,vehicle2,1554.634000,1554.453000,2310.223869,1,ok,21107,19258,1,0.212646,0.014073,0.000248,0.097115,5.049527,6.938647,0.000108,34.924546,8.208107,0.704695,391.453025,0.004196,7.315007,447.375770,454.695221,454.971012,0.275791,455.197731
2945,vehicle2,1554.835000,1554.648000,2311.024993,1,ok,21120,19254,1,0.160004,0.013920,0.000322,0.064532,5.122166,8.053073,0.000107,33.758323,9.830736,0.942708,434.954534,0.004507,6.593599,492.726179,499.324607,499.775644,0.451037,499.949568
2946,vehicle2,1555.035000,1554.852000,2311.825660,1,ok,21094,19203,1,0.185928,0.006813,0.000327,0.085178,13.556450,9.551194,0.000142,51.351873,13.139437,0.714980,419.132450,0.006223,6.312422,507.531704,513.850676,514.248696,0.398020,514.441437
2947,vehicle2,1555.235000,1555.050000,2312.612870,1,ok,21072,19194,1,0.115487,0.013089,0.000240,0.081216,5.709558,7.584993,0.000107,35.692515,9.633040,0.857848,446.559380,0.003665,8.060725,506.118657,514.183287,514.594710,0.411423,514.723286
2948,vehicle2,1555.442000,1555.249000,2313.402120,1,ok,21083,19206,1,0.086424,0.007328,0.000441,0.098174,8.057487,8.293119,0.000108,39.823963,10.664674,0.874620,455.204532,0.057495,7.353735,523.016677,530.428348,531.091159,0.662811,531.184911
2949,vehicle2,1555.636000,1555.449000,2314.153084,1,ok,21093,19221,1,0.092340,0.007995,0.000381,0.073990,6.148684,9.607714,0.000116,34.548959,10.643064,0.704887,456.675394,0.004642,6.579418,518.402808,524.987249,525.655240,0.667991,525.755575
2950,vehicle2,1555.836000,1555.654000,2314.848835,1,ok,21116,19239,1,0.110669,0.005003,0.000173,0.056480,7.650160,6.980675,0.000112,33.312229,7.626853,1.049119,383.344381,0.004160,7.925116,440.020009,447.949458,448.455323,0.505865,448.570995
2951,vehicle2,1556.037000,1555.848000,2315.606089,1,ok,21095,19215,1,0.250807,0.012395,0.000312,0.062651,7.287983,7.512618,0.000092,33.738560,7.952631,0.713815,404.790562,0.004419,6.341435,462.058912,468.405078,468.756796,0.351718,469.019998
2952,vehicle2,1556.238000,1556.053000,2316.335636,1,ok,21110,19235,1,0.101450,0.005378,0.000200,0.057147,3.827307,6.595400,0.000120,30.792354,6.860070,0.984591,362.371539,0.010576,10.529089,411.488528,422.028393,422.744598,0.716205,422.851426
2953,vehicle2,1556.437000,1556.254000,2317.096781,1,ok,21131,19257,1,0.099892,0.009720,0.000203,0.054780,3.765184,7.785984,0.000110,32.707342,8.522863,0.910486,375.398799,0.003497,7.355713,429.145548,436.504961,436.821415,0.316454,436.931027
2954,vehicle2,1556.638000,1556.452000,2317.879118,1,ok,21120,19229,1,0.270304,0.006471,0.000165,0.155374,5.520849,7.017159,0.000084,31.857628,8.429470,0.751965,404.305373,0.031033,6.563416,458.037902,464.632516,465.126800,0.494284,465.403575
2955,vehicle2,1556.837000,1556.653000,2318.620740,1,ok,21102,19207,1,0.079027,0.006518,0.000211,0.053632,5.225118,7.989111,0.000106,33.467042,7.417689,0.682992,378.944829,0.005181,10.517081,433.780519,444.302992,444.677771,0.374779,444.763316
2956,vehicle2,1557.036000,1556.851000,2319.449929,1,ok,21130,19244,1,0.166853,0.006839,0.000182,0.071120,8.256860,13.727216,0.000114,38.284085,9.805625,0.938636,434.263684,0.003548,6.240262,505.347340,511.591332,512.022242,0.430910,512.195934
2957,vehicle2,1557.245000,1557.052000,2320.244845,1,ok,21136,19234,1,0.270426,0.008829,0.000211,0.091390,16.067365,7.278193,0.000080,38.515097,10.126673,0.756410,466.156789,0.011703,9.632690,538.991997,548.636601,549.286052,0.649451,549.565307
2958,vehicle2,1557.441000,1557.250000,2320.983139,1,ok,21084,19167,1,0.212138,0.006856,0.000220,0.077755,8.519489,6.952400,0.000110,37.441103,10.362217,0.703311,452.572652,0.003831,7.686323,516.629037,524.319411,524.657837,0.338426,524.876831
2959,vehicle2,1557.640000,1557.455000,2321.756805,1,ok,21064,19133,1,0.093092,0.013129,0.000165,0.084995,8.120791,7.418031,0.000086,35.679455,11.645587,0.745956,433.109367,0.015455,6.530347,496.804268,503.350235,503.740700,0.390465,503.846921
2960,vehicle2,1557.840000,1557.655000,2322.555316,1,ok,21104,19188,1,0.178379,0.006120,0.000142,0.073476,8.028965,6.969243,0.000107,35.642308,10.829843,0.908432,434.679919,0.004589,6.258718,497.132293,503.395742,503.771131,0.375389,503.955630
2961,vehicle2,1558.036000,1557.856000,2323.289381,1,ok,21078,19194,1,0.094390,0.006034,0.000282,0.060383,10.744633,7.731926,0.000096,38.293438,8.550857,0.697429,383.823046,0.003610,6.516473,449.901808,456.422173,456.719252,0.297079,456.819676
2962,vehicle2,1558.350000,1558.156000,2324.331692,1,ok,21030,19154,1,0.086308,0.009872,0.000307,0.090522,7.375409,6.862230,0.000191,36.087265,13.044327,0.997495,437.524761,0.004178,7.999156,501.982200,509.985841,510.627472,0.641631,510.723652
2963,vehicle2,1558.558000,1558.358000,2325.083677,1,ok,21067,19191,1,0.217070,0.010338,0.000320,0.141319,8.339823,7.366658,0.000082,38.781476,12.531556,0.731661,461.997177,0.003687,6.176062,529.889752,536.069821,536.443281,0.373460,536.670689
2964,vehicle2,1558.740000,1558.558000,2325.693132,1,ok,21103,19229,1,0.097594,0.007151,0.000347,0.078764,5.795289,8.122742,0.000183,36.951582,9.887605,0.952759,432.999720,0.014930,6.392731,494.788644,501.196652,501.685987,0.489335,501.790732
2965,vehicle2,1558.947000,1558.754000,2326.450686,1,ok,21062,19193,1,0.073000,0.065587,0.000192,0.090430,14.258893,7.395391,0.000111,36.437264,10.193648,0.729016,434.918105,0.021224,9.752733,504.022858,513.797007,515.794083,1.997076,515.932670
2966,vehicle2,1559.140000,1558.956000,2327.146157,1,ok,21033,19163,1,0.106770,0.007590,0.000247,0.092656,5.282666,7.725147,0.000100,35.698475,10.570317,0.709777,408.544253,0.005447,8.508201,468.623391,477.137286,477.513022,0.375736,477.627382
2967,vehicle2,1559.339000,1559.156000,2327.927999,1,ok,21026,19161,1,0.213768,0.007248,0.000241,0.087217,6.239332,7.226857,0.000074,36.168938,10.354319,0.939434,422.324611,0.004941,7.125125,483.340782,490.471089,493.043596,2.572507,493.264612
2968,vehicle2,1559.540000,1559.354000,2328.727388,1,ok,21091,19213,1,0.173396,0.005157,0.000197,0.055426,5.759690,6.651401,0.000104,40.464294,9.642490,0.835764,447.058426,0.003763,6.777494,510.467595,517.249049,517.532170,0.283121,517.710723
2969,vehicle2,1559.742000,1559.556000,2329.473115,1,ok,21071,19173,1,0.313749,0.020003,0.000357,0.111324,7.250293,7.990111,0.000151,39.050033,10.996775,0.846811,433.393851,0.027182,9.584407,499.639349,509.251295,509.863642,0.612347,510.197394
2970,vehicle2,1559.941000,1559.757000,2330.222544,1,ok,21052,19155,1,0.113484,0.005530,0.000229,0.069612,6.142619,7.041553,0.000088,36.213717,11.134300,0.825503,438.454764,0.004432,7.084139,499.882156,506.970956,507.383900,0.412944,507.502914
2971,vehicle2,1560.141000,1559.957000,2331.014414,1,ok,21004,19145,1,0.074682,0.012146,0.000496,0.116533,11.662636,6.910044,0.000222,51.619729,9.424660,0.885188,452.763189,0.004579,6.893362,533.382201,540.280638,540.601744,0.321106,540.688572
2972,vehicle2,1560.347000,1560.158000,2331.782590,1,ok,21028,19177,1,0.171017,0.009164,0.000246,0.080128,7.951789,8.027444,0.000146,39.478495,11.045743,0.707563,455.037914,0.005070,7.690767,522.329222,530.025305,530.564661,0.539356,530.744842
2973,vehicle2,1560.541000,1560.351000,2332.516426,1,ok,21003,19155,1,0.091582,0.005376,0.000232,0.071255,6.337305,8.991072,0.000150,36.950482,9.927438,0.850361,448.197396,0.003824,6.756179,511.325459,518.085694,518.451889,0.366195,518.548847
2974,vehicle2,1560.747000,1560.554000,2333.286700,1,ok,20999,19175,1,0.049812,0.009368,0.000276,0.094598,7.088504,7.476715,0.000109,37.088713,13.592509,0.762870,456.898799,0.029646,8.642182,523.002817,531.674921,532.116489,0.441568,532.175669
2975,vehicle2,1560.948000,1560.755000,2334.053499,1,ok,20982,19147,1,0.217693,0.008802,0.000213,0.058767,12.130632,6.644080,0.000074,37.730264,9.144253,0.787888,477.329105,0.003889,6.883410,543.825063,550.712575,551.097601,0.385026,551.324096
2976,vehicle2,1561.146000,1560.955000,2334.797338,1,ok,20983,19132,1,0.177413,0.005594,0.000152,0.056379,7.946046,9.875235,0.000141,40.789119,19.214009,0.990328,451.221818,0.004081,7.042852,530.093075,537.140160,537.684149,0.543989,537.867156
2977,vehicle2,1561.343000,1561.156000,2335.573390,1,ok,20993,19139,1,0.560816,0.007837,0.000371,0.077363,7.491923,7.023078,0.000085,37.807125,9.349201,0.758055,461.808378,0.003880,7.873648,524.315208,532.193107,532.572337,0.379230,533.140990
2978,vehicle2,1561.540000,1561.353000,2336.311638,1,ok,21041,19165,1,0.112346,0.007228,0.000206,0.084654,6.997035,9.379915,0.000166,36.160094,10.777304,0.715976,442.702106,0.004625,7.956591,506.817250,514.778672,515.199949,0.421277,515.319523
2979,vehicle2,1561.748000,1561.554000,2337.093086,1,ok,21066,19194,1,0.076075,0.013580,0.000529,0.096742,6.469020,9.390023,0.000078,37.138754,10.032930,0.708669,456.138136,0.005436,8.669704,519.974352,528.650021,528.979710,0.329689,529.069365
2980,vehicle2,1561.944000,1561.757000,2337.864393,1,ok,21048,19194,1,0.100841,0.013278,0.000267,0.070192,7.430463,7.080311,0.000081,36.963268,10.286382,0.753152,460.948843,0.033506,7.893792,523.532692,531.460257,531.773954,0.313697,531.888073
2981,vehicle2,1562.142000,1561.960000,2338.619647,1,ok,21011,19164,1,0.092113,0.006425,0.000332,0.111867,9.796434,8.016520,0.000106,40.378139,10.258665,0.708692,444.466933,0.005164,7.577467,513.737356,521.320319,521.695226,0.374907,521.793764
2982,vehicle2,1562.340000,1562.158000,2339.383500,1,ok,21063,19188,1,0.110230,0.005479,0.000150,0.069110,6.003921,7.751685,0.000095,37.178327,10.138491,0.755684,441.772102,0.004594,7.521721,503.669415,511.195880,511.579175,0.383295,511.694884
2983,vehicle2,1562.545000,1562.355000,2340.174947,1,ok,21039,19159,1,0.088628,0.012437,0.000230,0.085771,8.652849,6.829974,0.000077,37.316372,12.750143,1.002002,447.865631,0.004677,9.022052,514.502819,523.529778,524.328805,0.799027,524.429870
2984,vehicle2,1562.740000,1562.554000,2340.888688,1,ok,21005,19114,1,0.258821,0.010889,0.000236,0.115089,7.686445,7.188964,0.000085,37.481882,9.916528,0.701784,416.657494,0.003411,6.207202,479.748271,485.959120,486.320793,0.361673,486.590503
2985,vehicle2,1562.951000,1562.755000,2341.669863,1,ok,20996,19110,1,0.107288,0.004355,0.000261,0.059372,7.186789,7.109350,0.000084,36.709094,10.663063,0.730448,464.193902,0.089842,7.296873,526.652102,534.039078,534.586347,0.547269,534.697990
2986,vehicle2,1563.150000,1562.958000,2342.383335,1,ok,21056,19180,1,0.212724,0.008552,0.000134,0.084042,6.640866,10.451784,0.000081,37.509825,10.768901,0.879928,450.681054,0.004839,6.978618,517.016481,524.000072,524.729116,0.729044,524.950392
2987,vehicle2,1563.340000,1563.157000,2343.118352,1,ok,21054,19184,1,0.119102,0.009738,0.000120,0.086564,6.409385,6.653053,0.000091,40.589941,12.155193,0.839346,443.228231,0.003766,6.193606,509.961804,516.159296,516.590484,0.431188,516.719324
2988,vehicle2,1563.540000,1563.354000,2343.888968,1,ok,20992,19153,1,0.138588,0.093965,0.000247,0.082124,5.762598,6.815979,0.000094,38.921966,9.836853,0.701252,437.790627,0.004157,6.861240,499.911493,506.777137,507.058938,0.281801,507.291491
2989,vehicle2,1563.749000,1563.553000,2344.682916,1,ok,20914,19096,1,0.061939,0.011251,0.000663,0.114874,7.679512,7.133930,0.000138,36.708910,13.364081,0.770663,456.848558,0.006369,6.513260,522.620666,529.140958,529.993223,0.852265,530.066413
2990,vehicle2,1563.948000,1563.756000,2345.459642,1,ok,20912,19078,1,0.214475,0.015895,0.000278,0.115652,10.944379,7.868661,0.000129,40.219902,12.057339,0.712981,472.535946,0.004791,7.259043,544.454989,551.719101,552.216862,0.497761,552.447232
2991,vehicle2,1564.141000,1563.956000,2346.140443,1,ok,20901,19102,1,0.200764,0.010176,0.000170,0.090153,6.923580,6.570196,0.000086,37.610952,9.825419,0.698997,422.025467,0.028221,7.465553,483.744850,491.238794,491.938605,0.699811,492.149545
2992,vehicle2,1564.343000,1564.148000,2346.854294,1,ok,20865,19048,1,0.103553,0.006042,0.000205,0.068149,4.961381,9.943634,0.000095,37.896604,11.256592,0.709443,456.759898,0.003876,7.706212,521.595796,529.306089,529.561232,0.255143,529.670827
2993,vehicle2,1564.543000,1564.358000,2347.566498,1,ok,20867,19022,1,0.080601,0.008832,0.000290,0.127910,5.779221,7.253976,0.000142,31.996475,7.440792,0.691135,398.118834,0.010799,8.806044,451.408485,460.225618,460.763332,0.537714,460.852765
2994,vehicle2,1564.744000,1564.562000,2348.227773,1,ok,20908,19027,1,0.091787,0.005214,0.000164,0.058618,4.109931,6.980030,0.000150,27.778873,5.097197,0.670345,286.010891,0.003726,7.505539,330.706035,338.215464,338.466954,0.251490,338.563955
2995,vehicle2,1565.045000,1564.858000,2349.327377,1,ok,20911,19086,1,0.081823,0.008487,0.000271,0.090558,4.415020,6.460363,0.000112,34.090123,8.740685,0.914044,355.017079,0.004106,6.160199,409.727984,415.892560,416.414241,0.521681,416.504551
2996,vehicle2,1565.250000,1565.060000,2350.058189,1,ok,20943,19153,1,0.212315,0.008881,0.000343,0.083689,6.204561,9.002201,0.000133,38.390001,11.276137,0.952887,398.973473,0.059798,8.954493,464.883082,473.897716,474.359666,0.461950,474.580862
2997,vehicle2,1565.443000,1565.257000,2350.743686,1,ok,20940,19128,1,0.175139,0.006565,0.000364,0.095596,6.131140,8.247409,0.000085,35.785621,9.064211,0.702237,435.996459,0.005848,7.267910,496.022758,503.296880,503.701673,0.404793,503.883377
2998,vehicle2,1565.651000,1565.457000,2351.551224,1,ok,20981,19188,1,0.196107,0.007813,0.000405,0.100329,8.471658,9.175107,0.000125,41.891204,10.314411,0.732455,477.164788,0.003737,6.097035,547.850077,553.951254,554.252750,0.301496,554.456670
2999,vehicle2,1565.851000,1565.659000,2352.266881,1,ok,20957,19171,1,0.198765,0.007739,0.000202,0.060587,9.356575,8.399197,0.000091,37.736836,10.004976,0.778557,454.349486,0.011100,7.546622,520.686305,528.244229,528.718123,0.473894,528.924627
3000,vehicle2,1566.042000,1565.859000,2352.994410,1,ok,20942,19121,1,0.171092,0.008345,0.000280,0.100075,5.565183,8.356698,0.000144,33.663750,10.039756,0.739799,432.718490,0.004187,7.374479,491.183895,498.562841,498.867801,0.304960,499.047238
3001,vehicle2,1566.246000,1566.057000,2353.708189,1,ok,20937,19098,1,0.089032,0.015542,0.000235,0.076558,6.820895,9.090295,0.000082,39.793737,9.493952,0.758780,393.051974,0.004567,7.221016,459.086273,466.312091,466.602725,0.290634,466.707299
3002,vehicle2,1566.449000,1566.260000,2354.503455,1,ok,20987,19183,1,0.142882,0.007739,0.000258,0.090664,8.048018,6.827200,0.000139,36.728727,11.134095,0.883916,442.857919,0.057978,8.114173,506.570678,514.743087,515.457347,0.714260,515.607968
3003,vehicle2,1566.642000,1566.456000,2355.162717,1,ok,20931,19179,1,0.089948,0.008236,0.000322,0.068537,9.595866,7.495590,0.000138,37.759896,9.675190,0.693588,440.556222,0.003457,6.734596,505.845027,512.583402,512.967826,0.384424,513.066010
3004,vehicle2,1566.842000,1566.658000,2355.913943,1,ok,20892,19153,1,0.198491,0.015898,0.000420,0.099902,9.378671,6.850488,0.000120,37.413558,9.942495,0.839038,422.805184,0.011617,7.713356,487.329456,495.054849,495.619409,0.564560,495.833798
3005,vehicle2,1567.050000,1566.865000,2356.714720,1,ok,20936,19173,1,0.152409,0.006977,0.000229,0.082209,7.934940,7.001393,0.000106,45.366870,9.719298,0.876955,452.904466,0.009411,6.510263,523.886237,530.406140,530.871284,0.465144,531.030670
3006,vehicle2,1567.349000,1567.161000,2357.784749,1,ok,21026,19239,1,0.185586,0.007502,0.000224,0.094885,7.682903,7.262697,0.000079,48.376566,14.813021,0.748354,449.708247,0.004440,8.989377,528.686752,537.680793,537.985167,0.304374,538.178255
3007,vehicle2,1567.543000,1567.358000,2358.459881,1,ok,20969,19185,1,0.175145,0.010111,0.000347,0.069602,9.365200,7.851693,0.000107,35.316583,9.048362,0.834170,406.361314,0.029478,7.379319,468.847031,476.256175,476.682051,0.425876,476.867307
3008,vehicle2,1567.843000,1567.658000,2359.456859,1,ok,20977,19177,1,0.081166,0.005399,0.000264,0.058802,5.943144,7.799831,0.000199,37.632870,12.430448,0.723505,459.899056,0.004339,8.339060,524.487855,532.831518,533.240340,0.408822,533.326905
3009,vehicle2,1568.045000,1567.857000,2360.219207,1,ok,20947,19175,1,0.188353,0.011119,0.000334,0.099604,7.641799,10.698865,0.000117,39.066993,13.250031,0.809949,447.460746,0.004321,7.020884,519.028104,526.053643,526.482311,0.428668,526.681783
3010,vehicle2,1568.242000,1568.062000,2360.941839,1,ok,20938,19188,1,0.328544,0.012606,0.000334,0.091548,6.581956,8.283148,0.000101,32.675594,8.996018,0.732081,379.741722,0.004660,9.105632,437.102168,446.212794,446.649681,0.436887,446.990831
3011,vehicle2,1568.442000,1568.257000,2361.739789,1,ok,20983,19238,1,0.210539,0.006493,0.000248,0.059436,7.043194,6.427532,0.000120,37.803470,9.499681,0.702397,402.541760,0.005418,7.347411,464.077590,471.430667,471.766251,0.335584,471.983283
3012,vehicle2,1568.642000,1568.459000,2362.523278,1,ok,20960,19231,1,0.208648,0.007994,0.000209,0.083464,9.749661,8.300530,0.000113,35.067793,10.558421,0.734476,426.770402,0.027811,6.216563,491.264860,497.509443,497.815213,0.305770,498.031855
3013,vehicle2,1568.842000,1568.657000,2363.273936,1,ok,20934,19221,1,0.094062,0.006922,0.000283,0.099280,8.253118,7.057077,0.000094,36.697760,9.035274,0.846557,403.903820,0.003786,7.338276,465.892980,473.235325,473.696307,0.460982,473.797291
3014,vehicle2,1569.023000,1568.855000,2364.041511,1,ok,20966,19248,1,0.118486,0.006829,0.000239,0.087779,4.827208,7.733519,0.000092,34.412598,10.102275,0.729231,395.965231,0.003057,7.845489,453.857933,461.706718,462.080081,0.373363,462.205396
3015,vehicle2,1569.243000,1569.058000,2364.910295,1,ok,20963,19233,1,0.116897,0.011197,0.000295,0.094014,5.971967,8.037818,0.000125,35.647380,9.895828,0.920621,449.942088,0.004239,9.379114,510.509841,519.893489,520.278798,0.385309,520.406892
3016,vehicle2,1569.440000,1569.259000,2365.596876,1,ok,20936,19221,1,0.099084,0.006777,0.000403,0.079098,5.857788,10.130664,0.000132,33.592380,13.515969,0.705842,375.550327,0.004069,6.186609,439.432200,445.623281,446.199062,0.575781,446.304923
3017,vehicle2,1569.641000,1569.456000,2366.381090,1,ok,20988,19276,1,0.185557,0.008909,0.000246,0.084168,7.547827,12.697292,0.000139,36.497020,10.395450,0.705253,394.863931,0.006468,8.887965,462.791080,471.685759,472.341133,0.655374,472.535599
3018,vehicle2,1569.842000,1569.657000,2367.094388,1,ok,20953,19249,1,0.176756,0.798133,0.000364,0.106209,5.679170,7.940158,0.000105,34.642462,9.298561,0.704158,370.041761,0.025949,6.666975,428.412584,435.105872,435.449651,0.343779,436.424540
3019,vehicle2,1570.043000,1569.857000,2367.978937,1,ok,20924,19216,1,0.177783,0.008174,0.000185,0.073005,6.097055,7.080435,0.000443,41.327239,15.528333,0.963400,455.120217,0.007889,6.822593,526.190127,533.020794,533.620811,0.600017,533.806768
3020,vehicle2,1570.246000,1570.057000,2368.758757,1,ok,20912,19200,1,0.101691,0.005695,0.000252,0.103789,14.555510,9.186929,0.000128,38.262820,10.255323,0.808669,451.008824,0.003267,8.372267,524.181992,532.557778,533.159402,0.601624,533.266788
3021,vehicle2,1570.443000,1570.261000,2369.493765,1,ok,20929,19219,1,0.183204,0.006369,0.000221,0.076369,6.252363,9.275778,0.000105,34.956797,8.183479,0.668392,429.039578,0.004849,8.854542,488.452861,497.312473,497.754901,0.442428,497.944474
3022,vehicle2,1570.642000,1570.458000,2370.230372,1,ok,20927,19190,1,0.085075,0.006046,0.000312,0.067904,6.473338,8.783029,0.000126,40.046628,11.008484,0.956412,434.907666,0.004565,6.567793,502.243587,508.816257,509.151733,0.335476,509.242854
3023,vehicle2,1570.841000,1570.656000,2370.972025,1,ok,20913,19183,1,0.194960,0.009901,0.000211,0.079327,7.659566,6.894929,0.000103,34.638523,11.226663,2.104671,424.659267,0.025769,7.230571,487.263049,494.519600,494.913694,0.394094,495.118555
3024,vehicle2,1571.043000,1570.857000,2371.744629,1,ok,20926,19205,1,0.074360,0.008256,0.000352,0.089883,9.325667,7.196152,0.000105,35.963126,11.112434,0.902344,438.979306,0.003979,6.148872,503.569017,509.722220,510.111059,0.388839,510.193675
3025,vehicle2,1571.242000,1571.056000,2372.508133,1,ok,20957,19261,1,0.185958,0.010033,0.000366,0.081140,5.446371,7.093250,0.000180,37.150819,9.922124,0.698081,419.941292,0.003678,6.681554,480.333257,487.018855,487.429085,0.410230,487.625076
3026,vehicle2,1571.441000,1571.257000,2373.269527,1,ok,20938,19236,1,0.166937,0.006007,0.000235,0.074989,4.867207,21.869414,0.000074,34.089579,8.768934,0.745989,408.138572,0.009057,6.434665,478.554758,484.998715,485.288249,0.289534,485.461193
3027,vehicle2,1571.644000,1571.453000,2374.028174,1,ok,20920,19204,1,0.200878,0.011270,0.000442,0.121379,5.379885,8.395889,0.000103,33.222472,7.836052,0.852594,420.713824,0.005103,6.653751,476.522198,483.181494,483.647601,0.466107,483.859749
3028,vehicle2,1571.804000,1571.660000,2374.716619,1,ok,20939,19215,1,0.219982,0.016588,0.000200,0.117453,4.525833,7.104430,0.000095,30.973744,6.198534,0.699499,346.812411,0.005609,6.554059,396.431999,402.991867,403.313904,0.322037,403.550474
3029,vehicle2,1572.042000,1571.856000,2375.559337,1,ok,20913,19189,1,0.060955,0.006759,0.000330,0.108460,4.238203,10.281505,0.000083,33.857053,8.196041,0.701465,396.668616,0.014467,6.796978,454.051426,460.863201,461.208823,0.345622,461.276537
3030,vehicle2,1572.244000,1572.058000,2376.320402,1,ok,20894,19182,1,0.090477,0.006016,0.000444,0.116783,6.256355,9.503524,0.000148,49.923062,7.356209,0.696763,388.774040,0.004410,6.379543,462.626884,469.011281,469.396319,0.385038,469.492812
3031,vehicle2,1572.437000,1572.260000,2377.057769,1,ok,20925,19214,1,0.166083,0.008620,0.000265,0.071425,5.630940,9.546624,0.000083,29.995568,7.442889,0.770869,364.329370,0.016439,8.963322,417.787768,426.767794,427.160742,0.392948,427.335445
3032,vehicle2,1572.645000,1572.458000,2377.850093,1,ok,20955,19233,1,0.089826,0.008826,0.000322,0.102934,7.460637,7.959156,0.000096,35.640176,9.292200,0.982582,408.038730,0.005344,7.723596,469.476511,477.205773,477.891328,0.685555,477.989980
3033,vehicle2,1572.851000,1572.659000,2378.668788,1,ok,20933,19215,1,0.146003,0.006927,0.000319,0.084457,9.792054,7.238570,0.000162,38.620066,11.210094,0.724781,449.381420,0.004285,6.505453,517.051604,523.561661,523.990993,0.429332,524.143923
3034,vehicle2,1573.040000,1572.858000,2379.379227,1,ok,20917,19204,1,0.116061,0.006715,0.000503,0.085328,5.971744,7.840503,0.000132,36.939280,11.109456,0.690523,411.882186,0.004309,7.659916,474.519152,482.183880,482.452821,0.268941,482.575597
3035,vehicle2,1573.242000,1573.058000,2380.144810,1,ok,20857,19162,1,0.081506,0.005846,0.000260,0.054531,6.566313,10.949351,0.000141,37.071132,11.091985,0.729249,409.183821,0.013642,8.394054,475.646523,484.054479,484.630151,0.575672,484.717503
3036,vehicle2,1573.430000,1573.257000,2380.852939,1,ok,20863,19177,1,0.171659,0.007881,0.000294,0.093095,5.510801,9.332602,0.000159,42.950746,9.528586,0.827017,331.997095,0.004960,7.419896,400.240101,407.665251,408.102316,0.437065,408.281856
3037,vehicle2,1573.642000,1573.456000,2381.655819,1,ok,20855,19189,1,0.198134,0.006251,0.000369,0.082307,7.494196,8.984424,0.000101,37.538460,9.981899,0.768373,405.162072,0.004637,6.509117,470.011832,476.525955,477.019872,0.493917,477.224257
3038,vehicle2,1573.786000,1573.656000,2382.296114,1,ok,20844,19175,1,0.079424,0.006923,0.000312,0.085736,4.536316,8.024373,0.000085,29.750562,9.235348,0.690099,308.102925,0.003783,7.861994,360.425444,368.291533,368.577050,0.285517,368.663397
3039,vehicle2,1574.042000,1573.858000,2383.118809,1,ok,20830,19155,1,0.178944,0.006257,0.000208,0.057351,4.366781,6.484750,0.000106,35.040374,10.369591,0.708160,395.356178,0.003910,8.403147,452.383291,460.790556,461.067607,0.277051,461.252808
3040,vehicle2,1574.241000,1574.058000,2383.919107,1,ok,20830,19135,1,0.196610,0.005523,0.000256,0.062324,7.646773,7.774326,0.000085,35.738402,9.674679,0.716629,415.838892,0.008436,7.729425,477.452110,485.190227,485.596703,0.406476,485.798836
3041,vehicle2,1574.441000,1574.257000,2384.736910,1,ok,20824,19109,1,0.085446,0.008517,0.000367,0.071920,8.067219,8.090739,0.000156,35.444382,9.603696,0.700914,442.223526,0.044282,7.226231,504.202552,511.473432,511.950520,0.477088,512.044483
3042,vehicle2,1574.644000,1574.454000,2385.511586,1,ok,20928,19184,1,0.150127,0.007100,0.000353,0.084598,8.607292,7.551860,0.000091,40.195844,11.088248,0.999631,449.914788,0.004998,6.860859,518.442352,525.308562,525.867436,0.558874,526.024663
3043,vehicle2,1574.843000,1574.659000,2386.233208,1,ok,20954,19233,1,0.078982,0.016581,0.000524,0.168264,7.239192,7.002788,0.000170,34.223648,7.640333,0.695296,402.698044,0.004479,6.383121,459.667735,466.055859,466.411456,0.355597,466.507019
3044,vehicle2,1574.973000,1574.859000,2386.856957,1,ok,20915,19224,1,0.083351,0.007357,0.000336,0.090499,6.416032,7.563012,0.000080,27.593931,5.988396,0.681098,295.391072,0.003786,8.190389,343.724120,351.918631,352.199257,0.280626,352.289965
3045,vehicle2,1575.224000,1575.057000,2387.698167,1,ok,20913,19222,1,0.074914,0.007334,0.000388,0.097418,5.441385,10.595016,0.000119,40.981267,8.208204,0.720460,357.840000,0.006477,7.508446,423.883869,431.399180,431.896066,0.496886,431.978314
3046,vehicle2,1575.453000,1575.261000,2388.484862,1,ok,20918,19216,1,0.171926,0.005797,0.000261,0.087266,4.854940,8.133124,0.000102,32.590776,8.199549,0.929289,366.763145,0.027337,9.862987,421.558191,431.448776,431.724788,0.276012,431.902511
3047,vehicle2,1575.643000,1575.460000,2389.197066,1,ok,20911,19216,1,0.235375,0.012191,0.000243,0.086658,12.954049,7.626398,0.000120,33.477330,11.208718,0.916871,409.608633,0.003933,6.441116,475.878777,482.324069,482.845979,0.521910,483.093545
3048,vehicle2,1575.826000,1575.656000,2389.904614,1,ok,20916,19230,1,0.162689,0.007123,0.000264,0.090303,5.173959,7.202392,0.000080,30.496858,8.152657,0.836068,365.044018,0.003742,6.799711,416.996335,423.800052,424.223744,0.423692,424.393556
3049,vehicle2,1576.052000,1575.857000,2390.797426,1,ok,20927,19236,1,0.100357,0.006292,0.000193,0.081843,6.038153,6.619133,0.000090,39.972454,11.631763,0.927152,472.978950,0.003449,6.311182,538.249538,544.564362,544.834691,0.270329,544.941340
3050,vehicle2,1576.244000,1576.060000,2391.435747,1,ok,21018,19292,1,0.217858,0.008059,0.000352,0.074520,6.539278,7.881079,0.000082,39.740802,9.932821,0.693878,396.449834,0.005851,6.577758,461.312294,467.896255,468.402882,0.506627,468.628799
3051,vehicle2,1576.451000,1576.261000,2392.240722,1,ok,21046,19301,1,0.101451,0.008624,0.000266,0.076122,6.126429,9.270791,0.000147,35.363818,9.371863,0.878132,393.509001,0.028688,7.041466,454.596303,461.666723,462.011151,0.344428,462.121226
3052,vehicle2,1576.643000,1576.458000,2392.857091,1,ok,21032,19294,1,0.085809,0.007788,0.000382,0.098367,6.031815,9.387894,0.000213,35.111126,10.715671,0.914012,422.647731,0.003776,6.409201,484.906829,491.320188,491.620841,0.300653,491.714438
3053,vehicle2,1576.845000,1576.657000,2393.571623,1,ok,20945,19232,1,0.081615,0.006635,0.000332,0.074257,5.199853,7.071327,0.000087,33.795266,7.940048,0.694318,398.042793,0.004353,6.439225,452.817949,459.261859,459.614745,0.352886,459.702995
3054,vehicle2,1577.044000,1576.860000,2394.376278,1,ok,20907,19179,1,0.166250,0.006364,0.000300,0.084904,6.612505,7.527271,0.000117,37.261055,8.279857,2.086336,428.364903,0.003615,8.196703,490.216948,498.417566,498.968309,0.550743,499.140923
3055,vehicle2,1577.251000,1577.062000,2395.201185,1,ok,20955,19208,1,0.178313,0.004994,0.000110,0.056657,6.310453,7.868028,0.000142,37.264011,11.038337,0.726533,451.843427,0.003839,6.087557,515.107588,521.199094,521.564420,0.365326,521.747727
3056,vehicle2,1577.441000,1577.259000,2395.888033,1,ok,20925,19182,1,0.104432,0.006836,0.000340,0.097170,7.453204,8.173887,0.000117,35.718818,10.321533,0.694175,403.006104,0.012084,6.766837,465.465008,472.244269,472.684949,0.440680,472.796217
3057,vehicle2,1577.644000,1577.457000,2396.672536,1,ok,20865,19180,1,0.218268,0.007948,0.000271,0.084592,6.900809,7.898067,0.000093,37.868988,9.680102,0.751317,431.428417,0.025677,6.400519,494.612385,501.038852,501.466348,0.427496,501.692564
3058,vehicle2,1577.844000,1577.652000,2397.284196,1,ok,20852,19163,1,0.177904,0.007365,0.000261,0.070156,4.393029,6.709453,0.000075,33.090838,8.135995,0.702991,399.794758,0.004154,8.300096,452.897295,461.201806,461.450043,0.248237,461.635312
3059,vehicle2,1577.990000,1577.858000,2398.012028,1,ok,20872,19175,1,0.110212,1.089301,0.000268,0.070226,4.641878,7.782324,0.000236,30.274981,6.465005,0.686153,347.669264,0.003815,7.896865,397.590067,405.491015,405.921632,0.430617,407.121145
3060,vehicle2,1578.157000,1578.057000,2398.750903,1,ok,20898,19198,1,0.151675,0.007914,0.000263,0.078986,3.290022,7.840099,0.000082,29.726174,7.113822,0.889266,302.101634,0.004690,6.697685,351.040085,357.742723,358.285702,0.542979,358.445291
3061,vehicle2,1578.358000,1578.259000,2399.554810,1,ok,20876,19177,1,0.188869,0.006223,0.000242,0.094426,3.638908,6.990416,0.000149,29.895655,6.344151,0.889691,314.944735,0.003659,6.508052,362.798131,369.310084,369.583979,0.273895,369.779071
3062,vehicle2,1578.643000,1578.461000,2400.422675,1,ok,20870,19166,1,0.084534,3.204278,0.000266,0.076954,3.648916,7.699646,0.000126,30.719592,8.718305,0.865676,363.677845,0.004707,10.268812,415.407060,425.680845,426.491099,0.810254,429.779911
3063,vehicle2,1578.775000,1578.660000,2401.122945,1,ok,20890,19183,1,0.174779,5.635866,0.000306,0.073277,5.802033,7.971444,0.000094,30.377833,7.734042,0.929016,309.781175,0.041965,7.662693,362.668914,370.373878,371.135600,0.761722,376.946245
3064,vehicle2,1579.043000,1578.860000,2402.009949,1,ok,20911,19195,1,0.197942,0.006081,0.000414,0.066385,6.706574,9.572226,0.000083,37.071683,7.972417,0.879141,410.605131,0.005724,7.446325,472.873640,480.326103,480.939320,0.613217,481.143343
3065,vehicle2,1579.236000,1579.058000,2402.771709,1,ok,20933,19215,1,0.085209,0.004645,0.000246,0.057928,4.713050,7.382589,0.000088,34.019719,8.556581,0.853719,388.915638,0.007702,9.840364,444.499312,454.347624,454.769053,0.421429,454.858907
3066,vehicle2,1579.431000,1579.258000,2403.562373,1,ok,20979,19228,1,0.088962,0.006845,0.000160,0.098921,5.702633,6.605874,0.000089,33.243923,9.296183,0.972347,382.692700,0.013551,7.648844,438.612670,446.275225,446.772447,0.497222,446.868254
3067,vehicle2,1579.645000,1579.461000,2404.440427,1,ok,20997,19198,1,0.179317,0.008313,0.000223,0.083034,13.441454,8.276631,0.000074,36.123949,9.924765,0.934014,435.508743,0.004343,6.968715,504.292664,511.265945,511.744447,0.478502,511.932077
3068,vehicle2,1579.843000,1579.661000,2405.208653,1,ok,21022,19186,1,0.100721,0.006357,0.000140,0.092856,7.246879,8.524121,0.000108,39.710590,10.545742,0.864727,422.612003,0.026007,7.382357,489.597026,497.005530,497.615421,0.609891,497.722499
3069,vehicle2,1580.043000,1579.857000,2405.967996,1,ok,21045,19222,1,0.104849,0.007367,0.000313,0.095565,8.284396,9.032982,0.000097,40.549346,9.141015,0.694871,436.988477,0.003701,7.559519,504.786749,512.350282,513.021231,0.670949,513.133447
3070,vehicle2,1580.245000,1580.058000,2406.749908,1,ok,21037,19253,1,0.191201,0.412529,0.000278,0.081468,5.379229,6.740449,0.000093,34.477060,9.862298,0.751741,398.559288,0.004035,7.690218,455.851626,463.546157,463.953702,0.407545,464.557432
3071,vehicle2,1580.443000,1580.259000,2407.588020,1,ok,21019,19265,1,0.208900,0.008710,0.000158,0.095408,7.255839,8.616998,0.000075,38.423646,10.037928,0.715085,455.622894,0.004349,9.002314,520.767873,529.774694,530.304816,0.530122,530.522426
3072,vehicle2,1580.645000,1580.462000,2408.408919,1,ok,20990,19263,1,0.074238,0.007998,0.000327,0.088581,5.331822,7.818878,0.000153,43.174086,9.191811,0.882969,441.374165,0.003974,7.321885,507.862465,515.188651,515.500585,0.311934,515.582821
3073,vehicle2,1580.844000,1580.662000,2409.173622,1,ok,20939,19209,1,0.102692,0.005710,0.000322,0.080204,5.792012,7.768406,0.000106,32.200363,10.680605,0.754124,417.854063,0.032522,7.352205,475.129883,482.514932,482.941488,0.426556,483.049890
3074,vehicle2,1581.045000,1580.858000,2409.941632,1,ok,20898,19186,1,0.079309,0.008904,0.000290,0.122068,8.436846,9.716495,0.000176,34.604376,10.146069,0.906728,421.164369,0.004256,6.651996,485.097127,491.753669,492.238805,0.485136,492.327018
3075,vehicle2,1581.244000,1581.058000,2410.690093,1,ok,20863,19165,1,0.192042,0.008627,0.000292,0.101373,7.343628,7.886819,0.000257,33.874087,9.142039,0.685532,393.923583,0.003875,6.125903,452.957318,459.087388,459.668634,0.581246,459.869303
3076,vehicle2,1581.444000,1581.260000,2411.466928,1,ok,20902,19210,1,0.198451,0.008191,0.000392,0.086242,4.593267,7.941778,0.000095,38.674293,7.344284,0.741806,382.148111,0.004824,7.278498,441.529876,448.813590,449.169858,0.356268,449.376500
3077,vehicle2,1581.563000,1581.459000,2412.167813,1,ok,20935,19245,1,0.204464,0.009670,0.000423,0.114075,6.270984,8.201851,0.000129,31.688386,7.253007,0.707585,325.716318,0.003845,7.290557,379.952335,387.247160,387.676064,0.428904,387.890198
3078,vehicle2,1581.833000,1581.659000,2413.003790,1,ok,20956,19268,1,0.167059,0.007921,0.000235,0.102851,5.404530,8.954405,0.000139,30.823338,6.530072,2.065474,357.135375,0.002904,8.185924,411.016184,419.205247,419.532647,0.327400,419.707627
3079,vehicle2,1582.039000,1581.860000,2413.802931,1,ok,20954,19261,1,0.095973,0.015445,0.000781,0.160065,5.777318,7.480920,0.000108,34.067276,8.527303,0.941375,385.082618,0.028074,7.715621,442.036983,449.781459,450.333269,0.551810,450.444687
3080,vehicle2,1582.245000,1582.063000,2414.615361,1,ok,20952,19264,1,0.177776,0.006608,0.000291,0.083750,5.242947,9.057995,0.000146,40.145405,7.864840,0.736404,401.350962,0.003797,8.363615,464.482449,472.850152,473.196101,0.345949,473.380485
3081,vehicle2,1582.444000,1582.262000,2415.388165,1,ok,20957,19244,1,0.197489,0.007446,0.000162,0.093318,5.867796,8.313805,0.000110,32.976848,6.784147,0.929841,389.967496,0.003897,6.933891,444.933361,451.871311,452.286757,0.415446,452.491692
3082,vehicle2,1582.643000,1582.459000,2416.181039,1,ok,20937,19211,1,0.093748,0.006839,0.000414,0.073684,5.265033,8.195655,0.000184,35.840965,7.311957,0.789735,408.481150,0.012931,7.821333,465.958363,473.793041,474.221027,0.427986,474.321614
3083,vehicle2,1582.842000,1582.656000,2416.953830,1,ok,20941,19208,1,0.209784,0.007759,0.000308,0.094211,6.205810,6.945872,0.000179,32.878478,8.419841,0.935271,370.892982,0.004729,7.104939,426.372644,433.482620,433.853121,0.370501,434.070664
3084,vehicle2,1583.044000,1582.855000,2417.835276,1,ok,20888,19154,1,0.103175,0.009666,0.000340,0.107293,6.558362,7.609963,0.000232,39.989961,13.883905,1.006653,478.922082,0.038499,9.585593,548.078451,557.702883,558.213536,0.510653,558.326377
3085,vehicle2,1583.253000,1583.061000,2418.630407,1,ok,20910,19156,1,0.102142,0.694467,0.000292,0.060293,6.593697,7.288398,0.000101,53.905353,12.167348,0.726477,430.105572,0.004157,7.325681,510.847239,518.177369,518.799448,0.622079,519.596057
3086,vehicle2,1583.350000,1583.261000,2419.347486,1,ok,20933,19178,1,0.172461,0.007109,0.000328,0.112354,8.142744,6.837833,0.000085,38.472121,9.446547,0.816087,435.931507,0.003891,7.962620,499.759278,507.726117,508.055919,0.329802,508.235489
