cycle_index,robot_namespace,ros_time_s,source_stamp_s,wall_elapsed_s,cycle_valid,status,input_point_count,filtered_point_count,fine_enabled,ros_to_pcl_ms,queue_wait_ms,task_setup_ms,preprocessing_ms,height_mapping_ms,bgk_mapping_ms,startup_hole_fill_ms,geometric_mapping_ms,step_mapping_ms,traversability_mapping_ms,fine_traversability_mapping_ms,viewpoint_update_ms,map_publication_ms,algorithm_total_ms,accounted_total_ms,cycle_wall_ms,unaccounted_ms,end_to_end_ms
0,vehicle0,963.770000,963.638000,2.868381,1,ok,10298,9185,1,0.144492,0.007999,0.000275,0.092836,45.088329,12.481898,2.018906,40.873829,9.730708,0.951011,285.571797,0.031220,8.038411,396.809314,404.879220,405.115550,0.236330,405.268041
1,vehicle0,964.038000,963.841000,3.878169,1,ok,20581,18240,1,0.250975,0.005170,0.000145,0.095863,29.460304,12.643945,0.000132,40.465235,8.850191,0.699734,338.028109,0.004448,6.182397,430.243513,436.430503,436.592947,0.162444,436.849092
2,vehicle0,964.158000,964.038000,4.638164,1,ok,25453,22583,1,0.185911,0.004895,0.000403,0.117982,22.476608,12.749793,0.000074,51.733834,13.114501,0.920597,340.899344,0.004826,6.480878,442.012733,448.498840,449.013599,0.514759,449.204405
3,vehicle0,964.388000,964.237000,5.434846,1,ok,25336,22472,1,0.220728,0.005017,0.000236,0.051816,22.322084,10.972566,0.000115,41.344288,10.041567,0.701434,309.383708,0.323824,7.030112,394.817578,402.171750,402.428624,0.256874,402.654369
4,vehicle0,964.578000,964.437000,6.183449,1,ok,25301,22377,1,0.219967,0.004093,0.000201,0.051484,7.055394,10.612853,0.000072,41.162207,9.963812,0.707423,312.214786,0.006806,7.876306,381.768031,389.651344,389.829032,0.177688,390.053092
5,vehicle0,964.746000,964.638000,6.912894,1,ok,25287,22314,1,0.331337,0.007410,0.000339,0.075704,6.606261,16.080504,0.000072,38.779588,9.480782,0.851798,346.156244,0.008092,8.966852,418.030953,427.006236,427.415360,0.409124,427.754107
6,vehicle0,964.950000,964.838000,7.924739,1,ok,25287,22324,1,0.255267,0.004910,0.000216,0.053520,4.417661,10.198045,0.000079,37.580777,8.229499,0.948508,300.537121,0.012887,6.292073,361.965210,368.270386,368.463783,0.193397,368.723960
7,vehicle0,965.151000,965.037000,8.711904,1,ok,25209,22257,1,0.376417,0.005979,0.000216,0.051571,3.865122,10.310714,0.000081,36.103833,6.950999,0.863469,294.186974,0.003503,6.447998,352.332763,358.784480,359.068696,0.284216,359.451092
8,vehicle0,965.355000,965.237000,9.520320,1,ok,25211,22255,1,0.282174,0.006435,0.000231,0.088639,4.611926,10.472462,0.000112,33.967169,7.659806,0.948001,326.713078,0.004607,7.247949,384.461193,391.713980,392.064736,0.350756,392.353345
9,vehicle0,965.551000,965.439000,10.421715,1,ok,25219,22259,1,0.455351,0.005904,0.000349,0.078145,3.913311,18.328361,0.000215,39.493514,8.036706,0.740571,259.796668,0.003549,6.202127,330.387491,336.593516,337.096399,0.502883,337.557654
10,vehicle0,965.745000,965.638000,11.187328,1,ok,25217,22257,1,0.363574,0.004259,0.000283,0.051351,2.630045,9.634612,0.000084,30.679375,4.520977,0.903785,211.914132,0.006424,6.246160,260.334361,266.587228,266.763035,0.175807,267.130868
11,vehicle0,965.939000,965.838000,11.879469,1,ok,25230,22271,1,0.380553,0.006586,0.000204,0.052201,2.413892,9.464902,0.000121,26.895814,2.669171,0.684947,78.424055,0.004859,6.603206,120.605103,127.213372,127.355447,0.142075,127.742586
12,vehicle0,966.147000,966.038000,12.733774,1,ok,25231,22280,1,0.370979,0.005046,0.000355,0.052213,4.666667,9.280206,0.000095,29.629445,3.293192,0.709283,125.735274,0.030644,9.137221,173.366375,182.534595,182.733464,0.198869,183.109489
13,vehicle0,966.344000,966.236000,13.570549,1,ok,25240,22283,1,0.355433,0.012040,0.000311,0.080905,3.615856,9.335247,0.000090,30.348646,3.910540,0.689118,165.402893,0.006644,6.856591,213.383295,220.246841,220.414806,0.167965,220.782279
14,vehicle0,966.537000,966.438000,14.328880,1,ok,25220,22259,1,0.475371,0.008268,0.000419,0.081883,3.819913,11.509223,0.000081,27.671200,3.615815,0.754234,118.875387,0.003473,6.342176,166.327736,172.673804,172.899557,0.225753,173.383196
15,vehicle0,966.745000,966.638000,15.223763,1,ok,25174,22214,1,0.387457,0.009904,0.000224,0.088075,4.866783,9.807909,0.000106,32.486255,4.552555,0.817283,179.346366,0.006834,7.800541,231.965332,239.772931,240.030578,0.257647,240.427939
16,vehicle0,966.971000,966.838000,16.192822,1,ok,25199,22245,1,0.307264,0.004454,0.000255,0.051682,4.679479,10.053519,0.000079,40.135508,12.306832,0.921964,330.852305,0.003114,7.214887,399.001368,406.219624,406.498774,0.279150,406.810492
17,vehicle0,967.174000,967.038000,17.007847,1,ok,25215,22261,1,0.377311,0.004358,0.000231,0.050710,6.543923,11.237607,0.000075,41.033426,10.487606,0.696742,340.640529,0.029692,7.030822,410.690618,417.751363,417.936741,0.185378,418.318410
18,vehicle0,967.383000,967.237000,17.854356,1,ok,25202,22246,1,0.431277,0.009682,0.000368,0.078909,9.483578,11.917875,0.000286,44.547225,10.632362,0.743366,350.147699,0.003110,8.493771,427.551300,436.048549,436.351699,0.303150,436.792658
19,vehicle0,967.580000,967.437000,18.685940,1,ok,25228,22288,1,0.239408,0.006661,0.000185,0.052049,11.861881,10.985650,0.000101,43.871374,11.766568,0.892653,355.108010,0.003925,7.879690,434.538286,442.422086,442.729743,0.307657,442.975812
20,vehicle0,967.787000,967.637000,19.523842,1,ok,25313,22390,1,0.415793,0.005305,0.000254,0.090210,7.516877,12.130317,0.000163,43.732445,10.264233,0.727767,346.311452,0.004622,8.643094,420.773464,429.421434,429.719661,0.298227,430.140759
21,vehicle0,967.971000,967.837000,20.360078,1,ok,25418,22537,1,0.409201,0.006121,0.000315,0.126748,5.441574,12.977720,0.000092,42.991268,9.836374,0.761148,346.454302,0.003318,6.941418,418.589226,425.534277,425.741661,0.207384,426.156983
22,vehicle0,968.155000,968.038000,21.181463,1,ok,25579,22712,1,0.395449,0.005063,0.000285,0.068072,6.602762,11.306152,0.000091,44.211194,9.887358,0.924229,326.707223,0.003601,7.553416,399.707081,407.264383,407.555134,0.290751,407.955646
23,vehicle0,968.369000,968.238000,22.022345,1,ok,25768,23157,1,0.422546,0.006516,0.000249,0.078301,7.554239,11.645050,0.000093,42.949874,10.125075,0.715727,336.724525,0.014260,7.352294,409.792884,417.159687,417.350406,0.190719,417.779468
24,vehicle0,968.626000,968.439000,22.910700,1,ok,25945,23339,1,0.403832,0.005948,0.000306,0.108092,10.469072,13.240451,0.000095,45.295541,10.106594,0.719628,372.017740,0.002629,7.443188,451.957213,459.403336,459.635266,0.231930,460.045046
25,vehicle0,968.801000,968.638000,23.695354,1,ok,26115,23494,1,0.382361,0.007663,0.000411,0.104076,12.292542,10.729861,0.000106,42.558956,10.675554,0.821942,361.686474,0.004687,6.993801,438.869511,445.868410,446.125033,0.256623,446.515057
26,vehicle0,968.970000,968.837000,24.488827,1,ok,26255,23599,1,0.371639,0.004304,0.000355,0.050025,7.988798,11.162582,0.000090,41.822455,10.983831,0.863053,346.862244,0.003049,7.683700,419.733078,427.420182,427.657745,0.237563,428.033688
27,vehicle0,969.181000,969.038000,25.322374,1,ok,26304,23636,1,0.281275,0.005755,0.000183,0.087672,7.385975,10.858634,0.000100,42.349959,9.568718,0.741688,360.719015,0.003173,7.330293,431.711761,439.045410,439.338813,0.293403,439.625843
28,vehicle0,969.391000,969.239000,26.176680,1,ok,26329,23670,1,0.444010,0.008736,0.000309,0.221927,7.810839,10.740239,0.000110,43.932932,10.291507,0.729206,357.438967,0.013178,7.619284,431.165727,438.798498,439.081022,0.282524,439.533768
29,vehicle0,969.579000,969.438000,26.991681,1,ok,26392,23760,1,0.370027,0.006990,0.000205,0.083491,6.631491,10.772687,0.000169,45.310420,11.561870,0.710928,356.172963,0.030539,8.193050,431.244019,439.467813,439.754244,0.286431,440.131261
30,vehicle0,969.800000,969.638000,27.826513,1,ok,26490,23865,1,0.276146,0.008343,0.000307,0.093573,6.443161,10.619614,0.000126,41.268488,10.807917,0.923177,365.220913,0.004199,6.850345,435.376969,442.231820,442.454457,0.222637,442.738946
31,vehicle0,969.989000,969.837000,28.647877,1,ok,26427,23819,1,0.354917,0.006311,0.000299,0.050045,5.954950,10.958223,0.000088,43.013380,9.187054,0.714093,367.435095,0.018152,7.919994,437.312928,445.251373,445.437705,0.186332,445.798933
32,vehicle0,970.188000,970.037000,29.456705,1,ok,26434,23833,1,0.450239,1.515415,0.000514,0.083906,7.687294,10.876291,0.000099,39.639192,11.912159,0.717606,353.231107,0.003928,8.582474,424.147654,432.734570,433.106004,0.371434,435.071658
33,vehicle0,970.389000,970.238000,30.270911,1,ok,26409,23821,1,0.331879,0.011988,0.000395,0.092675,5.823685,10.993879,0.000081,44.744662,9.888712,0.718667,356.119885,0.003363,7.605336,428.382246,435.991340,436.272410,0.281070,436.616277
34,vehicle0,970.558000,970.437000,31.075080,1,ok,26409,23818,1,0.303071,0.004526,0.000268,0.045986,5.572840,10.525713,0.000223,41.151042,9.527385,2.092041,350.920751,0.026224,7.391628,419.835981,427.254101,427.581881,0.327780,427.889478
35,vehicle0,970.787000,970.637000,31.925877,1,ok,26390,23808,1,0.317293,0.372882,0.000191,0.051367,5.980981,10.750997,0.000108,40.274364,9.405358,0.742482,367.003093,0.003636,8.543595,434.208750,442.756172,442.959956,0.203784,443.650131
36,vehicle0,970.966000,970.838000,32.718756,1,ok,26386,23803,1,0.241289,0.007458,0.000286,0.085279,6.210153,11.916858,0.000101,37.435435,7.396563,0.709502,335.906963,0.003596,8.149479,399.660854,407.814215,408.020711,0.206496,408.269458
37,vehicle0,971.181000,971.037000,33.553975,1,ok,26379,23816,1,0.368642,0.027185,0.000331,0.066839,4.285038,10.905214,0.000073,38.820994,10.962690,0.705920,355.480468,0.004508,8.479081,421.227236,429.711156,429.911329,0.200173,430.307156
38,vehicle0,971.393000,971.240000,34.375224,1,ok,26393,23827,1,0.300723,0.006184,0.000224,0.085635,5.161688,9.711482,0.000089,38.624689,10.246732,0.727346,345.795788,0.005554,6.844355,410.353449,417.203582,417.620309,0.416727,417.927216
39,vehicle0,971.619000,971.437000,35.227936,1,ok,26349,23794,1,0.534897,0.006856,0.000241,0.080635,6.471642,9.869327,0.000287,42.753379,10.312013,0.719712,387.612285,0.014914,6.457747,457.819280,464.292182,464.526780,0.234598,465.068533
40,vehicle0,971.772000,971.638000,36.002440,1,ok,26361,23807,1,0.334218,0.010623,0.000305,0.085529,5.464727,10.449713,0.000075,37.324817,8.478730,0.723678,362.059866,0.002849,7.766626,424.587135,432.356915,432.570316,0.213401,432.915157
41,vehicle0,972.024000,971.838000,36.858248,1,ok,26424,23861,1,0.316167,0.007159,0.000257,0.084290,6.719709,9.370209,0.000106,40.781357,8.765810,0.702260,387.797228,0.004220,7.616256,454.220969,461.841702,462.050336,0.208634,462.373662
42,vehicle0,972.204000,972.038000,37.652046,1,ok,26414,23859,1,0.251320,0.004151,0.000244,0.048184,5.892479,11.532656,0.000226,37.969615,8.759144,0.704673,377.991075,0.013721,8.893077,442.898052,451.805094,452.052685,0.247591,452.308156
43,vehicle0,972.410000,972.238000,38.478930,1,ok,26387,23833,1,0.381536,0.007155,0.000195,0.083610,7.039308,13.261307,0.000099,39.961100,10.227319,0.874967,378.963860,0.007273,7.152789,450.411570,457.571827,457.962591,0.390764,458.351282
44,vehicle0,972.588000,972.438000,39.265431,1,ok,26324,23775,1,0.368028,0.005091,0.000376,0.049003,4.972466,9.494041,0.000126,40.055193,9.852047,0.700750,361.789049,0.003739,7.906356,426.912675,434.823146,435.016973,0.193827,435.390092
45,vehicle0,972.776000,972.637000,40.066550,1,ok,26268,23720,1,0.366748,0.004295,0.000428,0.044918,5.568750,11.016392,0.000078,39.915523,8.438505,0.748267,353.869362,0.017337,7.535524,419.601795,427.155084,427.408511,0.253427,427.779554
46,vehicle0,972.977000,972.838000,40.901418,1,ok,26312,23763,1,0.376332,0.005062,0.000277,0.049847,5.291210,9.355345,0.000078,39.591544,9.069820,0.861905,340.052520,0.004034,7.244366,404.272269,411.520946,411.806771,0.285825,412.188165
47,vehicle0,973.154000,973.037000,41.694480,1,ok,26387,23838,1,0.306119,0.009021,0.000230,0.197855,6.562432,9.492733,0.000234,37.951583,8.849663,0.749584,336.841059,0.008638,7.247571,400.645143,407.901582,408.278569,0.376987,408.593709
48,vehicle0,973.352000,973.237000,42.511358,1,ok,26396,23844,1,0.388868,0.008933,0.000352,0.083579,6.501363,9.470818,0.000083,37.603275,7.332290,0.738573,320.494888,0.004681,8.708113,382.224869,390.938015,391.231949,0.293934,391.629750
49,vehicle0,973.555000,973.436000,43.361584,1,ok,26385,23833,1,0.407526,0.008085,0.000354,0.061170,4.877515,12.643730,0.000076,37.717839,9.092484,0.966964,335.626649,0.007145,7.211967,400.986427,408.205893,408.539448,0.333555,408.955059
50,vehicle0,973.755000,973.637000,44.113546,1,ok,26361,23828,1,0.264459,0.007038,0.000376,0.093982,3.763644,10.192841,0.000145,35.630428,6.213686,0.822576,268.165584,0.002680,8.809049,324.882886,333.694991,334.044188,0.349197,334.315685
51,vehicle0,973.949000,973.837000,44.894039,1,ok,26367,23826,1,0.278422,0.005453,0.000248,0.048813,4.410332,10.028042,0.000106,34.279815,5.595445,0.719654,226.735254,0.018416,8.155458,281.817461,289.991583,290.204272,0.212689,290.488147
52,vehicle0,974.152000,974.039000,45.796627,1,ok,26370,23825,1,0.244498,0.007626,0.000269,0.125003,5.825920,11.513331,0.000113,35.518105,7.082163,0.726999,280.586357,0.013199,7.195665,341.377991,348.587124,348.895340,0.308216,349.147464
53,vehicle0,974.352000,974.235000,46.665485,1,ok,26382,23839,1,0.370522,0.006351,0.000265,0.085307,4.676175,10.948963,0.000150,36.348005,8.521443,0.902902,324.910645,0.004745,7.921392,386.393590,394.319992,394.731966,0.411974,395.108839
54,vehicle0,974.552000,974.440000,47.457163,1,ok,26415,23881,1,0.418719,0.007549,0.000166,0.088575,6.614881,9.142884,0.000140,35.514589,6.953153,0.719958,276.377307,0.003803,7.856003,335.411487,343.271459,343.477122,0.205663,343.903390
55,vehicle0,974.753000,974.638000,48.245903,1,ok,26389,23877,1,0.331039,0.005202,0.000279,0.050006,3.453262,10.176745,0.000117,34.162879,6.103855,0.815690,261.885489,0.004161,6.143692,316.648043,322.796175,323.084421,0.288246,323.420662
56,vehicle0,974.952000,974.837000,49.124672,1,ok,26437,23930,1,0.311742,0.008198,0.000359,0.095201,4.612616,10.378492,0.000097,37.047162,6.679047,0.864021,255.577315,0.016610,7.753824,315.253951,323.024744,323.362366,0.337622,323.682306
57,vehicle0,975.154000,975.039000,50.045853,1,ok,26372,23869,1,0.289452,0.008511,0.000481,0.099374,5.086053,10.496915,0.000106,41.816295,8.424882,0.876075,314.280980,0.008184,7.022264,381.080680,388.111609,388.393220,0.281611,388.691183
58,vehicle0,975.369000,975.236000,50.938287,1,ok,26269,23808,1,0.419372,0.523003,0.000327,0.091325,8.757759,10.580215,0.000098,43.501474,12.371002,0.838070,349.092068,0.003034,7.460214,425.232011,432.695586,433.105935,0.410349,434.048310
59,vehicle0,975.598000,975.438000,51.828385,1,ok,26168,23727,1,0.406871,0.006792,0.000191,0.048745,9.162302,9.810360,0.000114,45.642557,11.819412,0.705030,380.580026,0.022896,9.222632,457.768546,467.014265,467.244183,0.229918,467.657846
60,vehicle0,975.818000,975.638000,52.680111,1,ok,25996,23550,1,0.253795,0.004165,0.000255,0.053664,13.370711,9.806841,0.000086,45.002723,10.750004,0.713474,395.812599,0.004192,8.202191,475.510102,483.716740,483.961137,0.244397,484.219097
61,vehicle0,976.037000,975.838000,53.574081,1,ok,25823,23365,1,0.236697,0.005306,0.000272,0.055775,10.040981,9.919461,0.000112,50.276712,11.452132,0.824649,420.993086,0.058497,6.981713,503.562908,510.603390,510.943481,0.340091,511.185484
62,vehicle0,976.207000,976.037000,54.372645,1,ok,25657,23215,1,0.369820,0.009183,0.000384,0.086383,6.957531,9.989093,0.000078,44.753972,10.048066,0.868835,406.312221,0.009463,7.134459,479.016179,486.160485,486.563508,0.403023,486.942511
63,vehicle0,976.394000,976.240000,55.201118,1,ok,25477,23070,1,0.336913,0.012730,0.000302,0.105006,6.511767,10.174935,0.000113,40.608659,10.603990,0.812679,365.455660,0.003157,7.208991,434.272809,441.485259,441.692414,0.207155,442.042057
64,vehicle0,976.622000,976.439000,56.095804,1,ok,25320,22943,1,0.344018,0.006120,0.000266,0.078038,9.551789,11.259464,0.000110,42.943719,11.767272,0.719601,403.149648,0.003803,7.857720,479.469641,487.331430,487.632557,0.301127,487.982695
65,vehicle0,976.801000,976.637000,56.933753,1,ok,25238,22903,1,0.391960,0.006879,0.000198,0.080152,4.727539,9.465052,0.000224,45.320710,11.304294,0.882232,393.161781,0.003070,7.168219,464.941984,472.113471,472.321001,0.207530,472.719840
66,vehicle0,977.014000,976.838000,57.776929,1,ok,25179,22871,1,0.295591,0.005118,0.000300,0.092513,6.818934,10.596543,0.000210,41.791893,9.716103,0.881259,394.225646,0.027743,6.877332,464.123101,471.028476,471.630869,0.602393,471.931578
67,vehicle0,977.221000,977.039000,58.644734,1,ok,25024,22754,1,0.447916,0.007724,0.000315,0.049800,6.697848,10.008093,0.000075,45.526603,11.077095,0.706762,399.933107,0.021485,7.549497,473.999383,481.570680,481.763391,0.192711,482.219031
68,vehicle0,977.438000,977.238000,59.505524,1,ok,24851,22619,1,0.321399,0.026284,0.000559,0.101934,7.568929,10.616478,0.000142,43.687225,12.663319,0.702186,403.149351,0.003551,7.695700,478.489564,486.189374,486.457449,0.268075,486.805132
69,vehicle0,977.616000,977.439000,60.353191,1,ok,24656,22463,1,0.618805,0.010600,0.000154,0.079399,6.938711,11.153569,0.000079,43.725221,12.008192,0.796105,399.534835,0.004141,7.606146,474.236111,481.846552,482.097067,0.250515,482.726472
70,vehicle0,977.801000,977.639000,61.183845,1,ok,24492,22324,1,0.352121,0.014168,0.000368,0.095259,8.532503,10.917749,0.000104,40.847886,10.422325,0.927527,366.664853,0.003928,7.178670,438.408206,445.591172,445.838173,0.247001,446.204462
71,vehicle0,978.001000,977.839000,62.046332,1,ok,24352,22209,1,0.358436,0.007679,0.000265,0.074036,6.448450,9.589088,0.000086,40.417098,11.218267,0.868803,378.677037,0.011295,7.781514,447.292865,455.085939,455.593933,0.507994,455.960048
72,vehicle0,978.236000,978.039000,62.909509,1,ok,24211,22085,1,0.357556,0.009928,0.000426,0.090303,7.561410,10.688354,0.000340,41.954900,9.439704,0.758646,381.555772,0.021893,7.405711,452.049429,459.477459,459.781577,0.304118,460.149061
73,vehicle0,978.427000,978.239000,63.768020,1,ok,24110,21993,1,0.264999,0.006406,0.000277,0.074026,17.582609,10.744765,0.000091,41.806713,11.761160,0.905285,396.063274,0.042664,8.884124,478.937923,487.864988,488.222720,0.357732,488.494125
74,vehicle0,978.633000,978.439000,64.629237,1,ok,24025,21913,1,0.252362,0.004882,0.000249,0.050742,12.938075,10.251256,0.000080,40.833556,12.055171,0.708380,411.562308,0.025289,8.267979,488.399568,496.693085,496.952253,0.259168,497.209497
75,vehicle0,978.797000,978.638000,65.454255,1,ok,23912,21782,1,0.386044,0.005455,0.000188,0.044618,10.199652,11.190086,0.000227,42.843456,11.011485,0.958453,392.024303,0.004933,7.034919,468.272280,475.312320,475.570233,0.257913,475.961732
76,vehicle0,979.031000,978.838000,66.326425,1,ok,23940,21766,1,0.251915,0.003846,0.000256,0.043566,8.360601,8.843459,0.000078,43.201507,10.632386,0.769076,413.608001,0.004472,8.291292,485.458674,493.754694,494.089632,0.334938,494.345393
77,vehicle0,979.240000,979.039000,67.205599,1,ok,24051,21851,1,0.222559,0.006963,0.000364,0.096488,9.351495,11.183848,0.000095,42.977223,10.738954,0.858203,416.950027,0.016723,7.160271,492.156333,499.333691,499.612147,0.278456,499.841669
78,vehicle0,979.427000,979.240000,68.016573,1,ok,24140,21945,1,0.416732,0.074883,0.000282,0.105982,6.605054,9.262935,0.000079,39.039578,10.017272,0.718404,382.282540,0.003044,7.080146,448.031844,455.115316,455.330407,0.215091,455.822022
79,vehicle0,979.558000,979.438000,68.826561,1,ok,24169,21994,1,0.226092,0.005175,0.000411,0.047184,6.618229,8.972033,0.000076,42.552196,9.919692,0.878730,372.365237,0.005724,6.918536,441.353377,448.278048,448.736269,0.458221,448.967536
80,vehicle0,979.753000,979.638000,69.686876,1,ok,24189,22010,1,0.260682,0.005259,0.000289,0.114020,5.528603,9.549552,0.000085,36.112427,9.259667,0.955003,344.725713,0.003914,8.758254,406.245070,415.007527,415.340098,0.332571,415.606039
81,vehicle0,979.970000,979.839000,70.582811,1,ok,24223,22041,1,0.353769,0.007162,0.000304,0.091121,7.929187,11.689299,0.000098,35.054197,6.685305,0.700876,345.186062,0.003959,7.462772,407.336145,414.803180,414.984535,0.181355,415.345466
82,vehicle0,980.166000,980.038000,71.460145,1,ok,24239,22058,1,0.342977,0.006716,0.000305,0.080854,7.096856,9.030792,0.000078,38.081498,10.608954,0.998155,364.882640,0.025424,9.977968,430.779827,440.783524,441.091827,0.308303,441.441520
83,vehicle0,980.371000,980.238000,72.324038,1,ok,24276,22098,1,0.351493,0.006235,0.000165,0.046701,6.108258,9.157376,0.000074,36.860456,9.623302,0.996798,377.582080,0.025879,8.586974,440.375045,448.988063,449.346793,0.358730,449.704521
84,vehicle0,980.574000,980.438000,73.177964,1,ok,24338,22174,1,0.311104,0.006809,0.000234,0.087877,7.477940,10.270054,0.000209,36.965336,10.346786,0.744058,377.831167,0.005134,7.869757,443.723427,451.598552,451.908316,0.309764,452.226229
85,vehicle0,980.785000,980.639000,74.061314,1,ok,24401,22236,1,0.259051,0.008722,0.000142,0.065891,5.895925,10.312111,0.000139,36.237435,8.947924,0.716826,371.960879,0.003926,7.690972,434.137130,441.832170,442.029742,0.197572,442.297515
86,vehicle0,980.998000,980.841000,74.936321,1,ok,24550,22358,1,0.231959,0.008192,0.000375,0.093445,7.074375,9.478016,0.000154,37.688301,9.376885,0.700919,363.241344,0.003299,7.006335,427.653439,434.663448,434.931466,0.268018,435.171617
87,vehicle0,981.156000,981.038000,75.743157,1,ok,24748,22480,1,0.327865,0.004827,0.000183,0.065937,6.341530,9.448559,0.000144,38.875820,7.852771,0.828441,357.088755,0.003183,6.754517,420.501957,427.259840,427.518602,0.258762,427.851294
88,vehicle0,981.432000,981.239000,76.645339,1,ok,24969,22528,1,0.236752,0.005376,0.000320,0.047667,9.518922,8.927798,0.000074,36.951443,8.910335,0.704919,387.368176,0.022402,7.894394,452.429334,460.346450,460.588824,0.242374,460.830952
89,vehicle0,981.637000,981.440000,77.504802,1,ok,25149,22468,1,0.382813,0.005026,0.000181,0.128031,11.542272,8.985434,0.000079,44.667887,12.524136,0.711166,405.413011,0.004425,6.351382,483.972016,490.328004,490.533432,0.205428,490.921271
90,vehicle0,981.837000,981.637000,78.317330,1,ok,25347,22471,1,0.319861,0.004808,0.000292,0.066863,12.325032,9.267148,0.000131,39.553190,9.993300,0.708531,426.105732,0.008997,9.010957,498.019927,507.040173,507.276938,0.236765,507.601607
91,vehicle0,982.039000,981.837000,79.105762,1,ok,25550,22573,1,0.453775,0.012078,0.000315,0.096129,15.824933,9.080985,0.000174,39.897910,12.011071,0.716739,419.314174,0.004555,6.489202,496.942115,503.436187,503.815396,0.379209,504.281249
92,vehicle0,982.236000,982.039000,79.920799,1,ok,25743,22701,1,0.301824,0.010045,0.000320,0.176020,13.575993,9.244224,0.000088,40.568813,11.195247,0.699357,404.215259,0.003651,7.613124,479.675001,487.292096,487.503160,0.211064,487.815029
93,vehicle0,982.420000,982.236000,80.661517,1,ok,25940,22781,1,0.354330,0.006548,0.000255,0.100351,7.866438,9.401908,0.000133,36.386375,9.574089,0.819557,384.002426,0.002908,7.050635,448.151277,455.205075,455.527862,0.322787,455.888740
94,vehicle0,982.591000,982.438000,81.467243,1,ok,26055,22748,1,0.341500,0.007163,0.000277,0.084253,7.846672,8.737140,0.000100,38.028591,9.847253,0.709689,385.948712,0.017008,6.621888,451.202410,457.841583,458.129325,0.287742,458.477988
95,vehicle0,982.806000,982.638000,82.282393,1,ok,26150,22711,1,0.228590,0.006156,0.000279,0.065208,5.915000,8.952406,0.000092,38.753479,10.847387,0.737753,376.836235,0.002699,7.104212,442.107560,449.214750,449.408482,0.193732,449.643228
96,vehicle0,982.984000,982.837000,83.076807,1,ok,26140,22630,1,0.233114,0.008787,0.000269,0.144604,6.865551,9.114054,0.000086,37.725840,9.646811,0.711437,360.638086,0.002839,6.502526,424.846469,431.352103,431.768940,0.416837,432.010841
97,vehicle0,983.178000,983.037000,83.870508,1,ok,26099,22593,1,0.296847,0.004577,0.000299,0.068420,5.899384,8.149463,0.000083,35.215515,9.405773,0.701441,356.449403,0.005593,9.180423,415.889482,425.075797,425.332876,0.257079,425.634300
98,vehicle0,983.358000,983.238000,84.664029,1,ok,26024,22536,1,0.285847,0.005452,0.000355,0.064754,5.769898,8.808506,0.000102,33.764156,8.572894,0.810483,340.330252,0.004510,6.891485,398.121045,405.017395,405.275864,0.258469,405.567163
99,vehicle0,983.617000,983.439000,85.545802,1,ok,26019,22547,1,0.308281,0.007892,0.000338,0.097469,7.270301,8.198042,0.000107,39.945637,11.620097,0.723145,377.600812,0.015786,7.405833,445.455610,452.877567,453.107315,0.229748,453.423488
100,vehicle0,983.764000,983.638000,86.298802,1,ok,25954,22480,1,0.243921,0.004927,0.000307,0.043855,6.982042,9.165007,0.000086,38.902390,8.827818,0.711456,341.840089,0.004049,7.731380,406.472743,414.208479,414.437647,0.229168,414.686495
101,vehicle0,983.974000,983.838000,87.140887,1,ok,26009,22541,1,0.106686,0.005287,0.000245,0.139027,5.711512,8.440767,0.000077,37.282952,10.537926,0.708279,359.684140,0.002678,7.489740,422.504680,429.997343,430.276664,0.279321,430.388637
102,vehicle0,984.211000,984.038000,88.014712,1,ok,26019,22560,1,0.291725,0.007672,0.000445,0.067207,7.578163,8.713537,0.000084,36.002154,9.499358,0.910301,387.653671,0.002969,7.766213,450.424475,458.194102,458.504482,0.310380,458.803879
103,vehicle0,984.401000,984.238000,88.802022,1,ok,26053,22607,1,0.196566,0.006046,0.000301,0.050942,6.031466,7.993258,0.000096,38.719734,10.524041,0.693467,362.303953,0.009459,6.546218,426.316957,432.872935,433.084379,0.211444,433.286991
104,vehicle0,984.620000,984.437000,89.678222,1,ok,25978,22530,1,0.093303,0.006882,0.000369,0.087557,11.026268,8.514241,0.000089,40.850571,12.032029,0.781943,411.461644,0.023065,8.316172,484.754342,493.093948,493.411481,0.317533,493.511666
105,vehicle0,984.836000,984.637000,90.491887,1,ok,25941,22495,1,0.091930,0.004468,0.000552,0.053838,9.827337,7.748621,0.000208,40.030930,10.760628,0.713436,389.054940,0.004645,6.979919,458.189938,465.175054,465.377964,0.202910,465.474362
106,vehicle0,985.001000,984.837000,91.273095,1,ok,25930,22475,1,0.135762,0.008974,0.000424,0.097557,12.682383,8.272017,0.000076,38.213099,12.734865,0.762714,376.950046,0.004835,6.934103,449.712757,456.652119,456.903168,0.251049,457.047904
107,vehicle0,985.194000,985.037000,92.082903,1,ok,25930,22492,1,0.132450,0.009224,0.000283,0.094498,9.879838,8.671866,0.000111,40.125757,10.813888,0.741518,371.514365,0.003312,6.298707,441.841841,448.144143,448.383606,0.239463,448.525280
108,vehicle0,985.436000,985.239000,92.939707,1,ok,25977,22523,1,0.196983,0.006714,0.000273,0.053828,9.598446,12.353265,0.000127,38.821832,10.437563,0.720593,386.100186,0.059339,8.642142,458.085840,466.787594,467.003355,0.215761,467.207052
109,vehicle0,985.585000,985.436000,93.728014,1,ok,26009,22541,1,0.094242,0.004685,0.000245,0.132119,10.845356,10.595507,0.000227,40.366702,12.186425,0.810674,371.781306,0.003573,7.480591,446.718316,454.202725,454.449766,0.247041,454.548693
110,vehicle0,985.791000,985.638000,94.551642,1,ok,25985,22482,1,0.188694,0.010062,0.000591,0.101276,10.024184,9.694834,0.000089,39.393970,10.604641,0.733903,367.889206,0.014174,7.953637,438.442103,446.410505,446.731410,0.320905,446.930166
111,vehicle0,986.011000,985.837000,95.388366,1,ok,25853,22307,1,0.121993,0.010267,0.000201,0.077980,8.069371,7.833886,0.000195,38.315456,13.038193,0.771132,384.599708,0.004262,7.768645,452.705921,460.479029,460.826131,0.347102,460.958391
112,vehicle0,986.182000,986.037000,96.148268,1,ok,25827,22284,1,0.214505,0.005203,0.000253,0.047774,5.931794,7.603387,0.000175,36.565469,9.579165,0.684156,349.949657,0.004827,7.193107,410.361577,417.559764,417.776101,0.216337,417.995809
113,vehicle0,986.381000,986.238000,96.938622,1,ok,25773,22270,1,0.136269,0.004184,0.000373,0.049293,5.759046,7.833511,0.000103,34.552941,10.537961,0.767620,346.686490,0.002986,7.220759,406.186965,413.411083,413.612130,0.201047,413.752583
114,vehicle0,986.560000,986.437000,97.745350,1,ok,25810,22340,1,0.162220,0.004962,0.000233,0.047727,5.888376,7.248417,0.000082,37.075323,12.346156,0.705752,346.035775,0.004786,7.878143,409.347608,417.230770,417.654924,0.424154,417.822106
115,vehicle0,986.778000,986.638000,98.549017,1,ok,25818,22347,1,0.152575,0.007226,0.000428,0.171221,8.351662,8.107493,0.000082,34.611732,8.192521,0.683904,336.230705,0.002786,6.845319,396.349320,403.197853,403.421957,0.224104,403.581758
116,vehicle0,987.001000,986.838000,99.378806,1,ok,25803,22294,1,0.240491,0.008944,0.000349,0.094330,12.101567,7.490059,0.000082,38.462534,10.283301,0.859379,352.578351,0.014056,7.272860,421.869603,429.156868,429.485616,0.328748,429.735051
117,vehicle0,987.158000,987.038000,100.149013,1,ok,25714,22143,1,0.097249,0.004002,0.000213,0.048765,7.436432,8.132170,0.000090,34.303841,10.095648,0.702915,347.159273,0.003698,8.024134,407.879134,415.907179,416.088447,0.181268,416.189698
118,vehicle0,987.391000,987.238000,100.979791,1,ok,25576,21957,1,2.029494,0.013387,0.000494,0.110403,9.935360,8.371772,0.000081,35.016224,9.388204,0.950645,355.233341,0.002489,7.206537,419.006030,426.215550,426.699077,0.483527,428.741958
119,vehicle0,987.556000,987.438000,101.750693,1,ok,25415,21786,1,0.103536,0.008428,0.000446,0.106169,6.750705,8.253941,0.000085,35.913964,12.684598,0.872755,332.119761,0.003745,6.626387,396.701978,403.332556,403.585243,0.252687,403.697207
120,vehicle0,987.773000,987.639000,102.551676,1,ok,25253,21657,1,0.111104,0.016209,0.000312,0.116646,5.305792,9.703262,0.000071,32.477539,9.447878,0.710144,314.217088,0.002912,7.436170,371.978420,379.417814,379.651888,0.234074,379.779201
121,vehicle0,987.983000,987.837000,103.399431,1,ok,25079,21547,1,0.093566,0.006304,0.000302,0.090125,7.367419,8.043405,0.000099,39.453442,13.014644,0.724215,361.356757,0.003988,8.987442,430.050106,439.041838,439.362781,0.320943,439.462651
122,vehicle0,988.190000,988.039000,104.203578,1,ok,24921,21400,1,0.212765,0.004740,0.000313,0.076805,9.773641,8.657437,0.000134,39.397268,9.027400,0.699235,331.582065,0.018787,7.654169,399.213985,406.887254,407.305830,0.418576,407.523335
123,vehicle0,988.372000,988.237000,104.972582,1,ok,24923,21284,1,0.091267,0.004893,0.000234,0.049278,7.512942,9.032993,0.000094,37.610200,9.090438,0.946625,331.599342,0.003993,8.595888,395.841912,404.442027,404.725408,0.283381,404.821568
124,vehicle0,988.552000,988.438000,105.762373,1,ok,24935,21101,1,0.113379,0.440807,0.000306,0.081174,6.196031,10.236944,0.000081,35.333312,9.378779,0.760069,306.207033,0.004794,6.661144,368.193423,374.859667,375.140803,0.281136,375.694989
125,vehicle0,988.751000,988.638000,106.553217,1,ok,24882,20943,1,0.176153,0.004733,0.000319,0.050990,5.609784,8.376928,0.000082,34.096368,8.583906,0.884674,295.589291,0.005055,6.807268,353.192023,360.004665,360.230492,0.225827,360.411378
126,vehicle0,988.953000,988.838000,107.336063,1,ok,24702,20774,1,0.156309,0.007148,0.000225,0.088275,6.193282,8.032368,0.000087,33.914762,6.985447,0.707920,283.539124,0.007590,6.883274,339.461265,346.352354,346.538652,0.186298,346.702109
127,vehicle0,989.153000,989.038000,108.149455,1,ok,24504,20606,1,0.115036,0.008327,0.000459,0.091329,6.315725,8.313245,0.000079,36.605326,8.891747,0.936505,294.003662,0.003919,6.725965,355.157618,361.887961,362.202778,0.314817,362.326141
128,vehicle0,989.354000,989.238000,108.981061,1,ok,24367,20490,1,0.122612,0.004133,0.000272,0.054974,4.958614,8.529514,0.000105,34.514723,10.974248,0.717362,284.968785,0.011670,6.838716,344.718325,351.568983,351.780186,0.211203,351.906931
129,vehicle0,989.555000,989.437000,109.793167,1,ok,24302,20426,1,0.074966,0.006987,0.000415,0.085470,5.743437,9.649118,0.000077,35.378716,7.955177,0.700506,283.098171,0.004312,6.319863,342.610672,348.935262,349.233084,0.297822,349.315037
130,vehicle0,989.755000,989.637000,110.585044,1,ok,24235,20374,1,0.124623,0.005218,0.000202,0.056295,5.592263,8.983569,0.000088,35.799471,8.112667,0.685345,280.996559,0.004443,7.078269,340.226257,347.309171,347.531179,0.222008,347.661020
131,vehicle0,989.952000,989.838000,111.397509,1,ok,24200,20323,1,0.105368,0.006506,0.000318,0.051996,9.066655,9.092479,0.000087,35.792681,8.269597,0.826242,279.246446,0.003727,6.966716,342.346183,349.316944,349.684603,0.367659,349.796477
132,vehicle0,990.149000,990.038000,112.236418,1,ok,24057,20184,1,0.081178,0.008104,0.000282,0.093620,7.128305,9.934622,0.000228,36.318086,8.173617,0.701107,291.877752,0.004728,6.112379,354.227337,360.344726,360.636875,0.292149,360.726157
133,vehicle0,990.351000,990.238000,113.079753,1,ok,24000,20094,1,0.282173,0.017433,0.000362,0.079273,9.331443,10.193840,0.000075,36.014169,10.049800,0.858118,291.346900,0.004299,6.303634,357.873618,364.181913,364.483556,0.301643,364.783162
134,vehicle0,990.551000,990.438000,113.882742,1,ok,23985,20058,1,0.106988,0.007195,0.000388,0.052177,7.203927,7.968245,0.000071,39.419508,10.444478,0.758024,289.972535,0.017306,7.280837,355.818965,363.117496,363.409043,0.291547,363.523226
135,vehicle0,990.753000,990.638000,114.678638,1,ok,23996,20055,1,0.188289,0.006024,0.000150,0.049976,6.799914,9.012751,0.000076,35.929739,10.096242,0.773264,285.654423,0.003520,6.245842,348.316385,354.565897,354.783869,0.217972,354.978182
136,vehicle0,990.955000,990.838000,115.481574,1,ok,23943,20053,1,0.117623,0.011156,0.000520,0.083452,9.808455,7.902687,0.000150,41.082592,8.211259,0.797999,291.617666,0.004533,6.463483,359.504260,365.972796,366.186837,0.214041,366.315616
137,vehicle0,991.153000,991.038000,116.307293,1,ok,23906,20084,1,0.091492,0.006040,0.000449,0.082730,9.865798,11.093978,0.000113,52.292525,10.494616,0.707580,276.904134,0.004585,6.818288,361.441474,368.264796,368.458378,0.193582,368.555910
138,vehicle0,991.353000,991.239000,117.093228,1,ok,23876,20064,1,0.147377,0.009123,0.000270,0.084188,7.181836,8.204816,0.000077,35.378580,10.965097,0.715180,259.368146,0.004923,8.563803,321.897920,330.466916,330.718064,0.251148,330.874564
139,vehicle0,991.547000,991.440000,117.920046,1,ok,23914,20094,1,0.119185,0.009914,0.000282,0.093011,5.204637,8.369555,0.000093,34.889657,9.505610,0.927501,266.684876,0.003641,7.266782,325.674940,332.945645,333.202081,0.256436,333.331180
140,vehicle0,991.756000,991.640000,118.733469,1,ok,23987,20143,1,0.190568,0.008612,0.000362,0.136261,7.724402,8.626497,0.000094,35.419607,7.846653,0.711011,281.053320,0.011660,7.705352,341.517845,349.235219,349.515743,0.280524,349.714923
141,vehicle0,991.954000,991.837000,119.541930,1,ok,24053,20119,1,0.179498,0.007888,0.000328,0.101788,8.243009,9.532171,0.000103,38.705258,11.037121,0.854726,279.394006,0.004822,5.998846,347.868182,353.872178,354.246842,0.374664,354.434228
142,vehicle0,992.149000,992.038000,120.347511,1,ok,24085,20066,1,0.214596,0.004926,0.000322,0.047565,6.380763,13.785967,0.000204,35.590598,9.800508,0.922836,274.768541,0.005852,6.443128,341.296982,347.746284,348.030951,0.284667,348.250473
143,vehicle0,992.354000,992.237000,121.206406,1,ok,24142,20051,1,0.123494,0.005523,0.000233,0.050239,6.429158,9.271566,0.000117,35.320468,8.359320,0.723189,267.517370,0.016703,6.612046,327.671427,334.300409,334.537077,0.236668,334.666094
144,vehicle0,992.551000,992.439000,122.058868,1,ok,24195,20059,1,0.071186,0.011246,0.000410,0.068216,6.254041,8.570394,0.000074,39.983615,8.654222,0.707680,267.322641,0.009326,7.334121,331.560883,338.904740,339.147469,0.242729,339.229901
145,vehicle0,992.753000,992.638000,122.867394,1,ok,24231,20035,1,0.189078,0.004978,0.000261,0.072575,7.927865,8.108140,0.000090,35.230472,11.318586,0.803257,277.962664,0.004064,8.918954,341.423649,350.346928,350.564783,0.217855,350.758839
146,vehicle0,992.952000,992.838000,123.687581,1,ok,24237,20025,1,0.082615,0.047972,0.000295,0.066830,7.314175,9.623015,0.000092,37.349384,14.602079,0.854306,281.905002,0.016554,8.261100,351.714883,359.992832,360.437359,0.444527,360.567946
147,vehicle0,993.154000,993.037000,124.503867,1,ok,24253,20015,1,0.199533,0.005146,0.000243,0.128925,8.280851,8.954924,0.000109,37.468963,8.429321,0.715403,269.680620,0.004299,6.710124,333.659116,340.373782,340.613226,0.239444,340.817905
148,vehicle0,993.350000,993.237000,125.323336,1,ok,24252,19953,1,0.131117,0.005674,0.000270,0.088090,6.946524,8.434269,0.000098,33.727688,8.171405,0.951440,251.291656,0.002754,7.196192,309.611170,316.810386,317.141869,0.331483,317.278660
149,vehicle0,993.551000,993.438000,126.154870,1,ok,24368,19954,1,0.118600,0.008698,0.000340,0.086145,7.540575,8.528855,0.000113,37.734573,9.504977,0.793036,245.709162,0.005043,8.581871,309.897436,318.484690,318.724048,0.239358,318.851346
150,vehicle0,993.752000,993.638000,126.996039,1,ok,24487,19980,1,0.214502,0.005343,0.000500,0.071140,8.754933,8.020305,0.000082,33.777349,8.959161,0.710008,231.650442,0.006240,8.023604,291.943420,299.973764,300.240201,0.266437,300.460046
151,vehicle0,993.948000,993.838000,127.826276,1,ok,24638,20075,1,0.129676,0.007329,0.000257,0.058539,5.707848,9.773436,0.000087,36.344331,7.236965,0.695911,218.420031,0.005517,7.630692,278.237148,285.873614,286.141141,0.267527,286.278146
152,vehicle0,994.152000,994.038000,128.661588,1,ok,24769,20163,1,0.129988,0.005201,0.000324,0.097157,6.847701,12.173906,0.000108,34.644647,7.936017,0.727063,248.591752,0.016219,6.175306,311.018351,317.210200,317.570798,0.360598,317.705987
153,vehicle0,994.355000,994.239000,129.474408,1,ok,24951,20285,1,0.121855,0.007089,0.000362,0.088879,6.578487,7.802981,0.000087,33.737251,8.564680,0.692774,210.801363,0.003695,6.446111,268.266502,274.716670,275.186726,0.470056,275.315670
154,vehicle0,994.553000,994.439000,130.360765,1,ok,25080,20349,1,0.128541,0.004804,0.000234,0.124328,7.468043,7.791818,0.000081,40.653005,8.550811,0.686975,258.561019,0.003974,6.187510,323.836080,330.027798,330.200830,0.173032,330.334175
155,vehicle0,994.745000,994.638000,131.092081,1,ok,25237,20406,1,0.099873,0.010674,0.000343,0.092064,7.746425,9.905191,0.000093,31.826920,7.161562,0.718055,212.860823,0.064919,7.054330,270.311133,277.430725,277.632748,0.202023,277.743295
156,vehicle0,994.952000,994.839000,131.969326,1,ok,25634,20679,1,0.192695,0.008731,0.000322,0.109700,11.557817,9.048493,0.000073,34.871254,7.734425,0.958485,214.031240,0.004515,8.399815,278.311487,286.716139,287.164220,0.448081,287.365646
157,vehicle0,995.152000,995.038000,132.766516,1,ok,26025,20912,1,0.207874,0.004396,0.000356,0.113152,8.468336,10.560208,0.000100,35.819411,8.256955,0.927597,223.789101,0.003656,7.165566,287.934860,295.104438,295.397762,0.293324,295.610032
158,vehicle0,995.353000,995.242000,133.595855,1,ok,26266,21061,1,0.126723,0.005710,0.000376,0.132548,10.700367,11.719583,0.000218,36.264226,8.279089,0.711835,221.807103,0.014769,6.306528,289.614969,295.936642,296.189134,0.252492,296.321567
159,vehicle0,995.551000,995.439000,134.398425,1,ok,26511,21204,1,0.123153,0.006684,0.000328,0.101049,10.709089,8.956271,0.000076,35.561581,8.897863,0.708112,211.941743,0.004404,6.849156,276.875784,283.729672,283.980351,0.250679,284.110188
160,vehicle0,995.742000,995.638000,135.238197,1,ok,26869,21480,1,0.127239,0.084972,0.000298,0.072643,8.875098,8.106460,0.000075,35.770638,9.212654,0.721473,208.927193,0.003402,6.141576,271.686234,277.831510,278.073897,0.242387,278.286108
161,vehicle0,995.948000,995.838000,136.046577,1,ok,27210,21710,1,0.231911,0.005162,0.000207,0.152124,9.893611,8.403810,0.000078,37.565582,8.680940,0.878291,197.562507,0.003356,7.437803,263.136943,270.578309,270.856319,0.278010,271.093392
162,vehicle0,996.149000,996.037000,136.879333,1,ok,27461,21851,1,0.203463,0.004992,0.000413,0.059755,8.473912,8.409142,0.000244,35.475496,9.579181,0.883271,210.103462,0.017207,6.860818,272.984463,279.862901,280.236301,0.373400,280.444756
163,vehicle0,996.345000,996.237000,137.700944,1,ok,27634,21923,1,0.111554,0.009177,0.000263,0.094336,6.797941,8.157983,0.000086,36.030192,9.144478,0.725411,205.198224,0.003908,6.262759,266.148651,272.415581,272.619138,0.203557,272.739869
164,vehicle0,996.546000,996.438000,138.507945,1,ok,27758,21976,1,0.139295,0.005292,0.000397,0.053946,8.556916,8.377220,0.000106,33.240742,7.534302,0.704191,196.538748,0.012117,7.520813,255.006171,262.539498,262.741226,0.201728,262.885813
165,vehicle0,996.743000,996.638000,139.325819,1,ok,27868,22010,1,0.171156,0.013639,0.000238,0.113775,6.816864,7.652533,0.000088,33.139637,7.998630,0.746265,208.168292,0.003786,6.826375,264.636084,271.466483,271.729953,0.263470,271.914748
166,vehicle0,996.945000,996.838000,140.168801,1,ok,27975,22026,1,0.269617,0.005240,0.000345,0.124153,7.492084,7.743649,0.000144,35.339720,10.107480,0.961185,211.360308,0.004466,7.387610,273.128723,280.521144,281.091522,0.570378,281.366379
167,vehicle0,997.146000,997.037000,140.961240,1,ok,28131,22090,1,0.100883,0.005602,0.000246,0.061915,7.751385,8.149977,0.000076,36.887545,9.166915,0.880199,200.768185,0.004317,6.420458,263.666197,270.091218,270.426351,0.335133,270.532836
168,vehicle0,997.345000,997.237000,141.787071,1,ok,28373,22198,1,0.273084,0.007960,0.000559,0.094072,9.846377,8.828347,0.000108,34.236433,8.379009,0.737140,210.366413,0.004063,7.278685,272.487899,279.771206,279.996994,0.225788,280.278038
169,vehicle0,997.545000,997.438000,142.597984,1,ok,28476,22251,1,0.111180,0.006779,0.000326,0.192972,10.563471,8.408542,0.000132,35.469770,9.497920,0.708037,196.191480,0.004202,8.464605,261.032324,269.501457,269.749934,0.248477,269.867893
170,vehicle0,997.745000,997.638000,143.399538,1,ok,28510,22284,1,0.221332,0.007512,0.000435,0.093434,8.329357,9.282040,0.000165,33.460014,8.092349,0.702537,194.614358,0.017161,6.764205,254.574254,261.356055,261.585685,0.229630,261.814529
171,vehicle0,997.946000,997.838000,144.227504,1,ok,28607,22357,1,0.244905,0.008352,0.000345,0.109654,10.024349,9.181277,0.000175,33.068093,8.528025,0.698312,189.455287,0.004577,6.880878,251.065172,257.950972,258.193073,0.242101,258.446330
172,vehicle0,998.145000,998.038000,145.069702,1,ok,28827,22495,1,0.150909,0.007029,0.000411,0.115086,8.216363,7.713360,0.000108,35.831743,8.056120,0.705604,186.238506,0.003342,7.516519,246.876890,254.397162,255.063381,0.666219,255.221319
173,vehicle0,998.354000,998.239000,145.934563,1,ok,29191,22786,1,0.096190,0.005123,0.000337,0.109012,8.607963,9.058863,0.000077,34.600858,9.861375,0.694110,202.122924,0.004688,7.438163,265.055182,272.498370,272.857074,0.358704,272.958387
174,vehicle0,998.552000,998.439000,146.758976,1,ok,29534,23020,1,0.229056,0.008007,0.000267,0.191443,10.162011,8.325302,0.000146,31.809899,7.525734,0.692566,225.753501,0.005085,7.102686,284.460602,291.568640,291.818763,0.250123,292.055826
175,vehicle0,998.751000,998.638000,147.595752,1,ok,29921,23335,1,0.119482,0.008589,0.000219,0.110860,10.718438,8.038598,0.000106,36.962639,10.903380,0.794988,233.766217,0.030647,6.840393,301.295226,308.166485,308.355787,0.189302,308.483858
176,vehicle0,998.953000,998.838000,148.390832,1,ok,29635,23501,1,1.029363,0.140956,0.000400,0.124789,11.090724,8.534196,0.000082,32.364305,7.896918,0.923757,213.164193,0.007272,7.313969,274.098964,281.420605,281.719153,0.298548,282.889472
177,vehicle0,999.152000,999.038000,149.219420,1,ok,28975,23543,1,0.153662,0.007499,0.000335,0.101641,8.051346,8.902627,0.000113,35.379373,11.329377,0.800919,226.766767,0.002989,7.093362,291.332163,298.428849,298.683404,0.254555,298.844565
178,vehicle0,999.353000,999.240000,150.057372,1,ok,28423,23447,1,0.136110,0.007336,0.000376,0.112322,8.927801,8.267020,0.000090,32.178630,7.597215,0.736534,231.267236,0.004491,6.772176,289.086848,295.863891,296.236208,0.372317,296.379654
179,vehicle0,999.558000,999.439000,150.877599,1,ok,28328,23402,1,0.139916,0.008004,0.000304,0.068909,8.242503,7.844038,0.000073,34.719470,9.058404,1.006870,236.158184,0.002921,7.164656,297.098451,304.266332,304.550255,0.283923,304.698175
180,vehicle0,999.745000,999.638000,151.686281,1,ok,28333,23449,1,0.097786,0.009304,0.000369,0.106826,7.560512,7.848183,0.000120,29.972100,6.787111,0.762775,212.527686,0.005035,7.101887,265.565313,272.672604,272.888948,0.216344,272.996038
181,vehicle0,999.951000,999.839000,152.536069,1,ok,28247,23383,1,0.250842,0.006414,0.000311,0.053507,7.028935,9.701021,0.000254,30.636530,9.691212,0.804873,213.592858,0.013071,7.297157,271.509190,278.819729,279.119213,0.299484,279.376469
182,vehicle0,1000.151000,1000.039000,153.393515,1,ok,28226,23373,1,0.157339,0.008058,0.000400,0.114161,7.827023,8.950586,0.000115,31.547049,7.508783,0.904003,230.271119,0.003510,7.433734,287.122839,294.560483,295.037981,0.477498,295.203378
183,vehicle0,1000.345000,1000.239000,154.210465,1,ok,27994,23341,1,0.148936,0.008548,0.000217,0.093819,8.635065,7.922976,0.000112,31.374239,7.621380,0.914277,213.927038,0.004563,6.840024,270.488906,277.333710,277.598797,0.265087,277.756281
184,vehicle0,1000.545000,1000.437000,155.027869,1,ok,27796,23315,1,0.116058,0.004720,0.000352,0.053855,8.572211,8.215027,0.000111,32.311070,7.228987,0.708010,207.712448,0.004274,7.104136,264.801719,271.910481,272.113156,0.202675,272.233934
185,vehicle0,1000.744000,1000.638000,155.868491,1,ok,27668,23331,1,0.140491,0.009791,0.000397,0.143148,9.497633,8.821693,0.000194,33.263200,7.358774,0.759786,214.659712,0.003771,6.661522,274.504140,281.169830,281.446576,0.276746,281.596858
186,vehicle0,1000.949000,1000.837000,156.722528,1,ok,27521,23275,1,0.333497,0.008151,0.000301,0.091562,8.948799,7.638496,0.000089,33.549088,11.069979,1.007163,223.643052,0.025040,8.048975,285.948228,294.022544,294.476565,0.454021,294.818213
187,vehicle0,1001.148000,1001.037000,157.553577,1,ok,27270,23186,1,0.137816,0.010306,0.000206,0.087444,9.122278,10.001157,0.000124,33.032364,8.270837,0.902865,215.500832,0.003300,9.029281,276.917901,285.950688,286.357776,0.407088,286.505898
188,vehicle0,1001.346000,1001.238000,158.367830,1,ok,27056,23160,1,0.221795,0.007365,0.000484,0.103360,7.641471,8.459584,0.000114,32.152087,7.010454,0.677916,219.387967,0.006358,6.578342,275.432953,282.018137,282.375844,0.357707,282.605004
189,vehicle0,1001.544000,1001.438000,159.183251,1,ok,26714,23057,1,0.110316,0.004637,0.000340,0.061264,5.433057,7.726025,0.000112,33.661381,8.275636,0.961836,214.634971,0.027676,7.957452,270.754282,278.739750,278.961230,0.221480,279.076183
190,vehicle0,1001.747000,1001.639000,160.063467,1,ok,26682,23042,1,0.156565,0.006779,0.000328,0.109675,4.441503,7.549241,0.000147,31.769020,6.474657,0.893643,205.899628,0.004303,6.129873,257.137514,263.272018,263.551924,0.279906,263.715268
191,vehicle0,1001.944000,1001.839000,160.917310,1,ok,26675,23053,1,0.115791,0.013195,0.000408,0.202640,7.142290,8.427420,0.000074,29.956357,6.348834,0.841232,211.253597,0.005668,6.951175,264.172444,271.129695,271.558207,0.428512,271.687193
192,vehicle0,1002.147000,1002.038000,161.765484,1,ok,26647,23052,1,0.121183,0.004193,0.000290,0.052683,4.069951,8.677902,0.000100,28.842343,7.374040,0.699898,217.341864,0.015757,6.806247,267.058781,273.881075,274.124834,0.243759,274.250210
193,vehicle0,1002.345000,1002.240000,162.663986,1,ok,26626,23055,1,0.213780,0.006398,0.000261,0.087800,5.643574,9.627731,0.000150,30.096030,8.030714,0.708793,214.357286,0.006534,8.958397,268.552078,277.517270,277.753789,0.236519,277.973967
194,vehicle0,1002.546000,1002.437000,163.512925,1,ok,26505,22955,1,0.093769,0.005343,0.000200,0.050652,5.081888,7.988135,0.000129,29.591533,7.788864,1.055806,229.971468,0.004845,6.882976,281.528475,288.416496,288.674525,0.258029,288.773637
195,vehicle0,1002.752000,1002.639000,164.418595,1,ok,26363,22836,1,0.263485,0.125647,0.000276,0.086425,6.706176,8.123171,0.000090,31.372183,7.972510,0.706783,215.288763,0.004479,6.891893,270.256101,277.152749,277.380900,0.228151,277.770032
196,vehicle0,1002.947000,1002.838000,165.263488,1,ok,26253,22775,1,0.270634,0.133150,0.000603,0.087497,7.176399,10.058098,0.000097,29.811660,8.388503,0.702763,205.574676,0.003558,7.692467,261.799693,269.496321,269.873414,0.377093,270.277198
197,vehicle0,1003.146000,1003.038000,166.128276,1,ok,26228,22796,1,0.164823,0.007455,0.000253,0.087775,4.929833,8.312599,0.000100,31.058858,6.180766,0.928324,207.347960,0.003519,6.462947,258.846215,265.312934,265.681542,0.368608,265.853820
198,vehicle0,1003.347000,1003.239000,166.984792,1,ok,26206,22825,1,0.070873,0.007524,0.000460,0.074043,6.123636,8.500900,0.000074,33.026689,6.173488,0.697138,191.209159,0.011537,7.155175,245.805127,252.972299,253.348338,0.376039,253.426735
199,vehicle0,1003.545000,1003.438000,167.854871,1,ok,26111,22783,1,0.303945,0.009608,0.000280,0.099290,8.154316,14.091222,0.000143,33.981823,8.422231,0.742198,219.491905,0.008412,6.791815,284.983128,291.783635,292.077815,0.294180,292.391368
200,vehicle0,1003.746000,1003.637000,168.676420,1,ok,25970,22686,1,0.125182,0.020804,0.000220,0.079016,5.300087,8.143417,0.000183,30.291061,7.271016,0.681334,201.689847,0.004483,6.916303,253.455961,260.376967,260.626520,0.249553,260.772506
201,vehicle0,1003.943000,1003.837000,169.536217,1,ok,25862,22603,1,0.205613,0.006005,0.000204,0.055916,5.816320,7.640534,0.000077,31.523364,6.495383,0.717273,216.785040,0.004523,6.572489,269.033907,275.611123,275.859347,0.248224,276.070965
202,vehicle0,1004.146000,1004.038000,170.377429,1,ok,25814,22574,1,0.218742,0.005664,0.000258,0.079678,4.624003,8.731798,0.000147,30.027837,6.036518,0.787211,208.670294,0.005057,8.969176,258.957486,267.931977,268.216938,0.284961,268.441344
203,vehicle0,1004.348000,1004.238000,171.262758,1,ok,25783,22561,1,0.083918,0.007625,0.000260,0.094827,4.187624,8.027225,0.000146,30.658606,8.393366,0.835342,205.498031,0.019681,6.673342,257.695167,264.388450,264.617629,0.229179,264.709172
204,vehicle0,1004.550000,1004.439000,172.159880,1,ok,25749,22540,1,0.230353,0.006301,0.000171,0.084234,5.884877,8.346412,0.000104,32.486195,8.368344,0.686252,224.552176,0.003715,6.367346,280.408594,286.779826,287.227180,0.447354,287.463834
205,vehicle0,1004.746000,1004.638000,172.985198,1,ok,25717,22509,1,0.257450,0.007107,0.000258,0.080908,5.731050,7.504809,0.000229,34.492401,7.622379,0.846039,204.464898,0.004990,7.535017,260.742713,268.282978,268.718269,0.435291,268.982826
206,vehicle0,1004.955000,1004.839000,173.919927,1,ok,25458,22396,1,0.214721,0.007049,0.000259,0.088913,7.729034,7.972434,0.000073,34.766045,10.218043,0.950374,225.549573,0.003605,8.680510,287.274489,295.958863,296.230503,0.271640,296.452273
207,vehicle0,1005.151000,1005.039000,174.768489,1,ok,24678,21917,1,0.271593,0.007845,0.000482,0.083919,7.869093,8.686764,0.000120,32.818462,8.843070,0.925316,231.392262,0.003544,7.032913,290.619006,297.655945,298.222375,0.566430,298.501813
208,vehicle0,1005.347000,1005.238000,175.564467,1,ok,23801,21276,1,0.094238,0.010376,0.000294,0.065015,6.012818,8.775201,0.000122,29.449895,7.952913,0.862806,209.050722,0.004308,7.476779,262.169492,269.650873,269.898067,0.247194,270.002681
209,vehicle0,1005.545000,1005.437000,176.443075,1,ok,23268,20787,1,0.137912,0.006850,0.000506,0.069490,6.665630,9.110028,0.000074,31.837601,9.265652,0.711316,223.677983,0.033444,9.144919,281.337774,290.516643,290.899005,0.382362,291.043767
210,vehicle0,1005.746000,1005.639000,177.277205,1,ok,22894,20422,1,0.096402,0.006480,0.000293,0.084418,5.507932,8.310242,0.000176,29.328655,6.428058,0.688977,205.825356,0.004713,7.551945,256.173814,263.730765,264.041341,0.310576,264.144223
211,vehicle0,1005.946000,1005.838000,178.115493,1,ok,22450,20023,1,0.074694,0.008041,0.000301,0.088694,4.994679,7.800094,0.000081,31.191190,7.178260,0.721642,212.248491,0.013498,8.729492,264.223131,272.966422,273.241498,0.275076,273.324233
212,vehicle0,1006.151000,1006.039000,178.975333,1,ok,21975,19549,1,0.101990,0.004784,0.000235,0.043707,5.284309,10.901343,0.000097,30.147325,7.313301,0.724884,221.058259,0.004953,7.941114,275.473225,283.419527,283.750654,0.331127,283.857428
213,vehicle0,1006.344000,1006.237000,179.769856,1,ok,21627,19187,1,0.218764,0.005512,0.000342,0.045193,6.196390,7.412525,0.000073,32.114064,7.648118,0.752005,207.725085,0.004450,7.479767,261.893453,269.378012,269.611447,0.233435,269.835723
214,vehicle0,1006.545000,1006.438000,180.632716,1,ok,21204,18794,1,0.187293,0.007586,0.000245,0.054664,6.197559,8.832539,0.000217,31.342056,7.360334,0.798237,219.740411,0.012027,6.741075,274.326017,281.079364,281.319386,0.240022,281.514265
215,vehicle0,1006.744000,1006.638000,181.446524,1,ok,20826,18439,1,0.168790,0.006843,0.000268,0.053760,5.321171,8.074463,0.000088,32.076921,7.654286,0.687881,208.899715,0.011804,6.698780,262.768285,269.479137,269.712652,0.233515,269.888285
216,vehicle0,1006.945000,1006.839000,182.299305,1,ok,20380,18009,1,0.167174,0.005819,0.000335,0.064524,7.253842,11.692367,0.000134,34.203441,6.675861,0.756177,211.832998,0.005593,6.665819,272.479344,279.151091,279.408513,0.257422,279.581506
217,vehicle0,1007.143000,1007.039000,183.152152,1,ok,20021,17654,1,0.130761,0.006781,0.000231,0.059771,5.150738,9.166382,0.000110,30.594449,8.174477,0.754360,214.542218,0.006105,8.164749,268.442505,276.613590,276.850795,0.237205,276.988337
218,vehicle0,1007.346000,1007.239000,183.988639,1,ok,19816,17437,1,0.108939,0.005801,0.000274,0.073446,5.020578,8.067521,0.000091,30.130806,6.801896,0.703085,193.633119,0.006936,6.735358,244.430542,251.173110,251.436462,0.263352,251.551202
219,vehicle0,1007.545000,1007.438000,184.826953,1,ok,19668,17310,1,0.192488,0.009878,0.000241,0.062327,4.762626,7.720335,0.000112,31.586310,6.582130,0.704241,211.393004,0.013732,6.621727,262.811085,269.446785,269.629345,0.182560,269.831711
220,vehicle0,1007.744000,1007.638000,185.647746,1,ok,19486,17142,1,0.073783,0.004413,0.000196,0.040888,4.796470,7.963739,0.000075,30.657987,6.624421,0.788096,201.131208,0.011941,7.185584,252.002884,259.200605,259.501351,0.300746,259.579547
221,vehicle0,1007.945000,1007.837000,186.478800,1,ok,19245,16937,1,0.158005,0.004119,0.000456,0.040866,6.383130,11.876323,0.000106,29.372417,7.698842,0.728063,209.067641,0.004065,7.305003,265.167388,272.476912,272.720606,0.243694,272.882730
222,vehicle0,1008.143000,1008.038000,187.312854,1,ok,19187,16861,1,0.102197,0.004697,0.000232,0.040876,4.740558,7.478868,0.000113,29.439347,6.491933,0.720479,201.965225,0.003723,6.485030,250.877399,257.366384,257.789894,0.423510,257.896788
223,vehicle0,1008.346000,1008.237000,188.157739,1,ok,19117,16786,1,0.142094,0.004694,0.000244,0.040625,4.135980,7.577491,0.000098,29.676521,7.263848,0.717076,208.076247,0.003293,6.534875,257.487886,264.026298,264.237753,0.211455,264.384541
224,vehicle0,1008.544000,1008.438000,188.977193,1,ok,18969,16665,1,0.076508,0.006323,0.000456,0.046769,5.210505,7.578178,0.000170,32.009487,10.189955,0.675590,214.543857,0.004447,7.540184,270.254511,277.799598,278.016606,0.217008,278.099437
225,vehicle0,1008.745000,1008.638000,189.797319,1,ok,18870,16585,1,0.064197,0.004257,0.000241,0.044703,4.796419,10.066232,0.000218,30.368679,6.466747,0.870317,213.514654,0.016349,6.687627,266.127969,272.832186,273.283275,0.451089,273.351729
226,vehicle0,1008.946000,1008.837000,190.610710,1,ok,18706,16428,1,0.109950,0.007469,0.000451,0.066936,6.668193,9.348424,0.000074,30.160596,6.460106,0.682548,207.194165,0.005689,7.807488,260.581042,268.394670,268.683149,0.288479,268.800568
227,vehicle0,1009.145000,1009.038000,191.472387,1,ok,18412,16169,1,0.093097,0.004902,0.000182,0.037625,5.412446,8.234689,0.000170,36.285277,9.003465,0.734236,211.468081,0.003901,7.887711,271.175989,279.067783,279.307435,0.239652,279.405434
228,vehicle0,1009.346000,1009.238000,192.314042,1,ok,17920,15740,1,0.064008,0.005099,0.000331,0.062176,6.254935,9.149082,0.000085,34.694072,6.936560,0.850161,210.316732,0.004502,7.675299,268.263803,275.943935,276.244993,0.301058,276.314100
229,vehicle0,1009.545000,1009.438000,193.133986,1,ok,17342,15179,1,0.088865,0.005505,0.000328,0.038399,4.858886,8.179935,0.000075,32.367211,7.467465,0.782169,221.738292,0.005405,6.913008,275.432432,282.351173,282.585318,0.234145,282.679688
230,vehicle0,1009.746000,1009.639000,193.979979,1,ok,17001,14753,1,0.087800,0.007191,0.000251,0.059881,6.199685,8.172601,0.000188,36.842833,7.919326,0.721419,206.200712,0.012725,6.244981,266.116645,272.374602,272.610371,0.235769,272.705362
231,vehicle0,1009.945000,1009.837000,194.768206,1,ok,17397,14629,1,0.132351,0.008049,0.000359,0.165163,6.893164,9.398855,0.000107,33.947894,7.396186,0.718684,201.211900,0.005308,8.271555,259.731953,268.009175,268.376057,0.366882,268.516457
232,vehicle0,1010.146000,1010.038000,195.587409,1,ok,18129,14735,1,0.060089,0.003676,0.000210,0.056563,4.389138,9.465217,0.000117,31.972270,7.699328,1.048392,196.465745,0.005443,7.885344,251.096770,258.987767,259.420979,0.433212,259.484744
233,vehicle0,1010.346000,1010.237000,196.407420,1,ok,18404,14723,1,0.063823,0.006642,0.000439,0.069038,6.346081,8.220677,0.000090,35.049074,7.246567,0.929020,194.559408,0.004560,6.437470,252.419955,258.862424,259.256075,0.393651,259.326540
234,vehicle0,1010.546000,1010.439000,197.214693,1,ok,18356,14629,1,0.196855,0.010344,0.000373,0.066200,5.933560,8.801006,0.000097,33.964255,8.164599,0.753423,190.815472,0.004571,7.720972,248.498612,256.224528,256.480451,0.255923,256.687650
235,vehicle0,1010.745000,1010.638000,198.055230,1,ok,18343,14525,1,0.064147,0.005670,0.000317,0.035538,4.723016,8.331932,0.000024,34.898708,13.684413,0.781415,195.538859,0.005215,7.560575,257.993905,265.560012,265.925748,0.365736,265.995565
236,vehicle0,1010.947000,1010.837000,198.870027,1,ok,18351,14375,1,0.093303,0.007111,0.000261,0.049989,5.336330,9.964931,0.000098,32.846839,7.718930,0.750272,204.551221,0.029510,6.675084,261.218610,267.923465,268.267017,0.343552,268.367431
237,vehicle0,1011.146000,1011.038000,199.694662,1,ok,18501,14338,1,0.089239,0.004982,0.000176,0.091960,4.670900,8.885382,0.000122,38.353777,8.124619,0.847589,205.667413,0.003681,7.802580,266.641762,274.448199,274.701413,0.253214,274.795634
238,vehicle0,1011.344000,1011.238000,200.514228,1,ok,18619,14338,1,0.214491,0.009890,0.000359,0.085073,5.946498,9.506723,0.000166,35.644400,9.262519,0.738843,210.886525,0.018736,6.125805,272.070747,278.215647,278.509305,0.293658,278.733686
239,vehicle0,1011.561000,1011.439000,201.365995,1,ok,18665,14303,1,0.090587,0.012169,0.000287,0.067790,5.458000,9.411632,0.000163,37.494608,8.773451,0.714535,220.800006,0.012006,9.217377,282.720185,291.949855,292.231037,0.281182,292.333793
240,vehicle0,1011.747000,1011.637000,202.196895,1,ok,18625,14205,1,0.242656,0.011918,0.000579,0.076716,6.699261,8.024758,0.000087,34.077353,7.238172,0.737323,223.815710,0.004342,6.052676,280.669380,286.726977,286.952826,0.225849,287.207400
241,vehicle0,1011.955000,1011.844000,203.025162,1,ok,18624,14164,1,0.070925,0.025692,0.000439,0.072795,5.126917,9.174670,0.000105,33.689150,7.345092,0.854630,222.642078,0.020054,7.294354,278.905437,286.220284,286.608073,0.387789,286.704690
242,vehicle0,1012.155000,1012.038000,203.838137,1,ok,18565,14074,1,0.152757,0.005082,0.000408,0.036733,4.405343,9.619913,0.000092,32.735832,6.978126,0.955774,234.377667,0.004963,6.852170,289.109480,295.967021,296.195910,0.228889,296.353749
243,vehicle0,1012.353000,1012.239000,204.648978,1,ok,18480,13946,1,0.084416,0.006465,0.000254,0.044363,5.356255,8.878183,0.000090,32.367412,7.126171,0.876973,240.121313,0.004952,6.753652,294.770760,301.529618,301.829796,0.300178,301.920677
244,vehicle0,1012.556000,1012.438000,205.432677,1,ok,18404,13808,1,0.090962,0.004539,0.000460,0.038879,4.201934,9.067362,0.000082,34.659759,8.369609,0.948513,258.172514,0.004448,6.047990,315.458652,321.511550,321.786016,0.274466,321.881517
245,vehicle0,1012.752000,1012.638000,206.223808,1,ok,18311,13639,1,0.091088,0.012751,0.000301,0.055921,5.287211,8.975386,0.000074,33.114615,8.021775,0.771563,240.605577,0.004261,8.774388,296.832122,305.611072,306.558325,0.947253,306.662164
246,vehicle0,1012.951000,1012.838000,207.044189,1,ok,18432,13524,1,0.136099,0.005336,0.000318,0.089144,8.662565,9.733104,0.000149,34.039776,9.839649,0.802396,246.336496,0.003924,6.612952,309.503279,316.120473,316.986049,0.865576,317.127484
247,vehicle0,1013.153000,1013.038000,207.847396,1,ok,18716,13440,1,0.093363,0.008101,0.000260,0.095851,6.413164,8.011191,0.000089,36.945258,7.724410,0.698062,244.389573,0.013152,7.498885,304.277598,311.789895,312.000397,0.210502,312.101861
248,vehicle0,1013.353000,1013.238000,208.645598,1,ok,19073,13499,1,0.157520,0.004440,0.000215,0.052240,7.606806,8.857894,0.000091,35.168795,8.586576,0.733698,231.423854,0.004232,6.679558,292.429954,299.113959,299.493127,0.379168,299.655087
249,vehicle0,1013.551000,1013.439000,209.472596,1,ok,19251,13538,1,0.078043,0.006748,0.000271,0.141801,8.229617,12.653850,0.000073,38.523117,10.049066,0.706040,224.857497,0.007976,6.838136,295.161061,302.007444,302.282380,0.274936,302.367171
250,vehicle0,1013.744000,1013.638000,210.193641,1,ok,19320,13541,1,0.088482,0.004864,0.000321,0.043769,7.064551,9.917325,0.000076,31.681734,6.601901,0.719010,209.225358,0.008327,7.358578,265.253724,272.620950,272.847985,0.227035,272.941331
251,vehicle0,1013.946000,1013.838000,211.032644,1,ok,19452,13589,1,0.169624,0.007605,0.000280,0.106123,8.606209,11.084099,0.000143,31.731879,7.037751,0.722793,208.016605,0.005467,6.537868,267.305602,273.849217,274.186385,0.337168,274.363614
252,vehicle0,1014.145000,1014.039000,211.912699,1,ok,19632,13643,1,0.176120,0.010421,0.000222,0.139132,6.959270,13.827448,0.000108,33.634032,7.994521,1.549371,223.229279,0.006623,6.831947,287.333161,294.171953,294.450900,0.278947,294.637441
253,vehicle0,1014.353000,1014.238000,212.741762,1,ok,19908,13773,1,0.111581,0.005050,0.000237,0.081378,6.021257,8.018036,0.000088,33.988016,7.529496,1.700191,216.241537,0.028785,6.581439,273.579999,280.190460,280.404541,0.214081,280.521172
254,vehicle0,1014.551000,1014.439000,213.576487,1,ok,20160,13831,1,0.171042,0.007752,0.000368,0.098030,10.154994,8.659897,0.000079,34.859327,8.123685,0.705823,232.897391,0.004370,6.270463,295.499226,301.774427,301.981095,0.206668,302.159889
255,vehicle0,1014.754000,1014.639000,214.366413,1,ok,20473,14026,1,0.171907,0.018739,0.000181,0.064550,9.579218,8.399726,0.000074,36.738710,11.237858,0.713540,237.386924,0.003638,7.153523,304.120600,311.277942,311.488941,0.210999,311.679587
256,vehicle0,1014.952000,1014.839000,215.182890,1,ok,20875,14281,1,0.123463,0.007390,0.000246,0.160524,14.367081,9.056709,0.000080,37.929657,10.111107,0.719219,230.571496,0.003144,7.775492,302.915873,310.694755,310.900968,0.206213,311.031821
257,vehicle0,1015.151000,1015.041000,215.998253,1,ok,21405,14511,1,0.090850,0.007298,0.000409,0.155043,12.254205,9.742413,0.000188,33.472669,8.719630,0.694108,251.335648,0.005264,6.828799,316.373904,323.208376,323.441123,0.232747,323.539271
258,vehicle0,1015.349000,1015.238000,216.801444,1,ok,21909,14634,1,0.196923,0.004718,0.000213,0.060812,6.520595,8.682426,0.000088,32.556739,8.561131,0.838420,260.780554,0.051361,7.171907,318.000765,325.224246,325.586423,0.362177,325.788064
259,vehicle0,1015.557000,1015.438000,217.710631,1,ok,22385,14880,1,0.109627,0.009092,0.000337,0.111998,6.476731,8.327786,0.000080,35.006688,10.367407,0.860572,280.600638,0.003587,7.729098,341.751900,349.484922,349.812272,0.327350,349.930991
260,vehicle0,1015.753000,1015.639000,218.614500,1,ok,22794,15135,1,0.175581,0.005172,0.000241,0.065706,8.830169,8.463530,0.000105,38.093534,11.327086,0.872296,277.090123,0.003913,7.799704,344.742549,352.546407,353.131062,0.584655,353.311815
261,vehicle0,1015.956000,1015.837000,219.438984,1,ok,23258,15353,1,0.108697,0.008972,0.000303,0.161700,12.738827,8.634066,0.000135,39.093341,14.355267,1.129777,271.098615,0.003123,7.702614,347.211728,354.917768,355.829668,0.911900,355.947337
262,vehicle0,1016.155000,1016.040000,220.308303,1,ok,23704,15518,1,0.110180,0.048071,0.000236,0.100447,12.728919,8.934997,0.000089,36.651726,9.834901,0.741616,241.736125,0.027768,6.888743,310.728820,317.645567,317.986468,0.340901,318.144719
263,vehicle0,1016.353000,1016.238000,221.141735,1,ok,24039,15702,1,0.121784,0.010765,0.000288,0.113191,15.550032,8.056137,0.000169,35.145189,13.282399,1.885911,247.543893,0.029097,7.026860,321.576921,328.633166,329.004384,0.371218,329.136933
264,vehicle0,1016.550000,1016.438000,221.927381,1,ok,24336,16020,1,0.235225,0.008636,0.000477,0.096876,8.564043,7.299476,0.000160,32.734201,9.132935,0.732053,244.364898,0.004441,6.138798,302.924642,309.068358,309.266813,0.198455,309.510674
265,vehicle0,1016.752000,1016.639000,222.758353,1,ok,24744,16503,1,0.192187,0.006228,0.000364,0.160829,7.453071,7.571453,0.000078,31.473807,10.176800,0.687777,253.510476,0.010109,9.432269,311.034291,320.477033,320.793455,0.316422,320.991870
266,vehicle0,1016.952000,1016.838000,223.566751,1,ok,25153,16873,1,0.105166,0.009314,0.000348,0.127847,11.200510,8.305516,0.000131,34.292695,11.717421,0.703923,268.924409,0.002971,6.903630,335.272452,342.179401,342.501014,0.321613,342.615494
267,vehicle0,1017.150000,1017.038000,224.379169,1,ok,25541,17204,1,0.091044,0.008273,0.000293,0.114292,12.024019,9.102319,0.000076,36.690977,12.522683,0.708925,272.956049,0.007215,7.020555,344.119340,351.147403,351.680531,0.533128,351.779848
268,vehicle0,1017.355000,1017.239000,225.212472,1,ok,25887,17501,1,0.128373,3.887750,0.000411,0.099708,16.776965,8.390014,0.000156,41.730072,12.376399,0.881704,279.895170,0.013048,6.525459,360.150188,366.689106,367.359867,0.670761,371.375990
269,vehicle0,1017.552000,1017.440000,226.031341,1,ok,26094,17655,1,0.120745,0.011586,0.000440,0.196770,10.788073,10.284386,0.000102,39.648536,13.698383,0.883255,278.620216,0.004450,7.480155,354.119721,361.604766,361.933220,0.328454,362.065551
270,vehicle0,1017.753000,1017.638000,226.821540,1,ok,26287,17797,1,0.132847,0.017382,0.000208,0.102974,7.433534,8.095612,0.000099,34.904442,12.210895,0.712306,258.874052,0.004257,8.211741,322.333914,330.550120,330.778344,0.228224,330.928573
271,vehicle0,1017.951000,1017.839000,227.623077,1,ok,26465,17939,1,0.107517,0.011879,0.000326,0.120968,7.650181,8.040248,0.000076,32.317803,9.284175,0.719840,250.002138,0.009652,9.302985,308.135429,317.448392,317.775015,0.326623,317.894411
272,vehicle0,1018.150000,1018.038000,228.396119,1,ok,26576,18059,1,0.232545,0.008375,0.000297,0.154385,6.077175,6.391187,0.000075,36.817421,8.221893,0.709982,250.780756,0.003126,6.358964,309.152874,315.515261,315.787975,0.272714,316.028895
273,vehicle0,1018.353000,1018.240000,229.214122,1,ok,26687,18172,1,0.235769,0.009984,0.000376,0.108274,5.822618,6.378666,0.000119,27.100106,7.848934,0.850599,233.076092,0.004648,7.171426,281.185408,288.361858,288.797731,0.435873,289.043484
274,vehicle0,1018.545000,1018.438000,230.018397,1,ok,26736,18211,1,0.233959,0.006853,0.000206,0.110592,4.137969,6.123858,0.000072,26.288316,7.898438,0.851185,237.847578,0.012979,8.541271,283.258008,291.812464,292.166950,0.354486,292.407762
275,vehicle0,1018.757000,1018.638000,230.932030,1,ok,26797,18253,1,0.098167,0.006555,0.000211,0.063965,4.675884,6.663390,0.000077,26.893981,8.531017,0.812370,251.357318,0.003638,10.460856,298.998002,309.462707,309.844460,0.381753,309.949182
276,vehicle0,1018.952000,1018.837000,231.792662,1,ok,26812,18277,1,0.148565,0.005611,0.000248,0.083031,5.210848,8.573237,0.000229,36.227763,5.631839,0.680424,249.695512,0.003503,8.428181,306.102883,314.534815,314.869160,0.334345,315.023336
277,vehicle0,1019.160000,1019.038000,232.642354,1,ok,26810,18248,1,0.100816,0.004061,0.000389,0.065466,4.766382,7.216738,0.000222,26.646989,7.180897,0.702612,268.120799,0.004971,6.967908,314.700105,321.673373,322.006590,0.333217,322.111467
278,vehicle0,1019.355000,1019.236000,233.498574,1,ok,26781,18205,1,0.104710,0.006884,0.000274,0.114258,4.520942,6.182009,0.000095,24.626921,7.792887,0.739440,242.963080,0.002999,8.070490,286.939632,295.013395,295.515856,0.502461,295.627450
279,vehicle0,1019.554000,1019.441000,234.375315,1,ok,26755,18179,1,0.277677,0.008650,0.000343,0.105849,6.049702,9.579472,0.000107,38.648688,12.610732,1.134714,242.849147,0.016256,6.998453,310.978411,317.993463,318.401610,0.408147,318.687937
280,vehicle0,1019.746000,1019.638000,235.147691,1,ok,26727,18149,1,0.247797,0.004781,0.000252,0.063542,4.035426,7.615514,0.000089,24.890183,7.401682,0.710688,236.418783,0.004766,6.901715,281.135907,288.042640,288.380773,0.338133,288.633351
281,vehicle0,1019.956000,1019.840000,236.059577,1,ok,26718,18151,1,0.253289,0.008799,0.000733,0.092664,4.593627,7.703553,0.000113,28.674818,7.927752,0.949792,248.937886,0.003224,7.234204,298.880205,306.118366,306.849527,0.731161,307.111615
282,vehicle0,1020.147000,1020.039000,236.876731,1,ok,26690,18135,1,0.097784,0.005948,0.000351,0.104726,5.512254,6.049399,0.000096,24.415790,9.274161,0.917260,223.667525,0.003297,7.634834,269.941211,277.579693,278.089340,0.509647,278.193072
283,vehicle0,1020.345000,1020.236000,237.742255,1,ok,26725,18171,1,0.096134,0.005145,0.000211,0.081486,4.794819,7.387366,0.000095,24.580093,6.305384,0.898797,248.759552,0.003147,6.824748,292.807592,299.635698,299.909637,0.273939,300.010916
284,vehicle0,1020.555000,1020.440000,238.616969,1,ok,26786,18197,1,0.118136,0.008243,0.000382,0.097262,5.316531,5.937521,0.000107,24.946779,5.674845,1.073967,263.470569,0.115225,8.111485,306.517581,314.744673,315.101750,0.357077,315.228129
285,vehicle0,1020.748000,1020.638000,239.421752,1,ok,26716,18173,1,0.094570,0.008484,0.000291,0.129550,5.191897,8.244397,0.000189,26.486802,8.063671,0.687268,250.747416,0.003984,6.825841,299.551190,306.381306,306.710442,0.329136,306.813496
286,vehicle0,1020.954000,1020.840000,240.353845,1,ok,26645,18105,1,0.111936,0.031262,0.000189,0.103807,6.603331,8.146549,0.000096,29.780564,9.355357,0.811014,249.074520,0.006405,7.077550,303.875238,310.959382,311.291313,0.331931,311.434511
287,vehicle0,1021.147000,1021.038000,241.138698,1,ok,26579,18005,1,0.098066,0.008412,0.000370,0.118509,8.928527,6.552648,0.000147,33.088223,11.007405,0.722190,221.783499,0.003325,6.860745,282.201148,289.065588,289.385600,0.320012,289.492078
288,vehicle0,1021.352000,1021.238000,242.002147,1,ok,26465,17902,1,0.222568,0.007724,0.000272,0.114144,7.082475,6.679827,0.000182,31.841896,11.310824,0.862356,243.243428,0.007731,7.430525,301.135132,308.573660,308.926847,0.353187,309.157139
289,vehicle0,1021.553000,1021.435000,242.917479,1,ok,26353,17817,1,0.243110,0.005561,0.000223,0.070108,7.475219,7.263900,0.000102,36.523472,13.110132,1.195110,260.025597,0.006262,6.844498,325.663640,332.514623,332.890148,0.375525,333.138819
290,vehicle0,1021.752000,1021.638000,243.805890,1,ok,26147,17629,1,0.134303,0.005625,0.000224,0.073504,7.989330,7.606183,0.000086,33.034996,12.671570,0.713833,271.031001,0.017085,7.323483,333.120503,340.461295,340.938046,0.476751,341.077974
291,vehicle0,1021.955000,1021.840000,244.626280,1,ok,25892,17422,1,0.106185,0.136043,0.000404,0.119272,8.930772,17.636104,0.000096,32.314255,10.886367,0.970309,237.519141,0.003832,7.174282,308.376316,315.554834,316.237359,0.682525,316.479587
292,vehicle0,1022.154000,1022.037000,245.468799,1,ok,25625,17169,1,0.382890,0.008541,0.000404,0.113675,15.267794,7.716571,0.000199,32.615038,10.951991,0.869135,252.478064,0.007694,6.886256,320.012467,326.906821,327.274756,0.367935,327.666187
293,vehicle0,1022.352000,1022.241000,246.358534,1,ok,25423,17055,1,0.188920,0.005451,0.000143,0.070063,8.781631,9.056683,0.000094,35.553045,12.939468,0.871448,259.505852,0.005770,9.358597,326.778284,336.142794,336.636726,0.493932,336.831097
294,vehicle0,1022.554000,1022.439000,247.215421,1,ok,25224,17009,1,0.259110,0.009488,0.000373,0.091176,12.733394,7.006866,0.000076,35.982492,15.077901,1.023302,276.785256,0.004868,7.861237,348.700463,356.566941,357.134923,0.567982,357.403521
295,vehicle0,1022.757000,1022.640000,248.051055,1,ok,24919,16881,1,0.088422,0.010797,0.000389,0.119854,14.542325,7.058782,0.000098,34.111496,11.358539,0.876107,268.198040,0.013943,9.266818,336.265241,345.546391,346.084807,0.538416,346.184026
296,vehicle0,1022.955000,1022.838000,248.887583,1,ok,24566,16652,1,0.248843,0.007976,0.000394,0.116585,11.936326,8.090583,0.000104,34.372902,12.862321,0.731159,273.904832,0.011437,7.602512,342.014812,349.629155,350.742563,1.113408,350.999382
297,vehicle0,1023.153000,1023.038000,249.714104,1,ok,24320,16486,1,0.571518,0.032287,0.000326,0.130092,9.132694,6.109747,0.000095,29.267785,10.650621,0.747957,282.627992,0.004820,6.930338,338.666983,345.602467,346.020222,0.417755,346.624027
298,vehicle0,1023.351000,1023.238000,250.537128,1,ok,24180,16423,1,0.199411,0.007938,0.000281,0.092685,6.207983,6.435606,0.000105,31.641531,9.493829,0.775105,241.950528,0.003975,6.171393,296.597372,302.773021,303.087266,0.314245,303.294615
299,vehicle0,1023.553000,1023.438000,251.397947,1,ok,24102,16347,1,0.116574,0.007940,0.000274,0.084230,10.674367,6.567309,0.000077,29.537383,8.820130,0.762934,246.120517,0.004721,7.457637,302.566947,310.029579,310.347421,0.317842,310.471935
300,vehicle0,1023.750000,1023.641000,252.281427,1,ok,23992,16279,1,0.102060,0.032907,0.000225,0.062557,5.906780,7.483640,0.000103,25.112225,8.707764,0.872484,211.069286,0.003368,6.979639,259.214839,266.198071,266.489351,0.291280,266.624318
301,vehicle0,1023.949000,1023.841000,253.171305,1,ok,23939,16261,1,0.170840,0.007917,0.000414,0.091879,9.005908,7.243626,0.000118,26.112456,8.787514,0.771369,205.928550,0.014229,6.928256,257.941420,264.884319,265.301366,0.417047,265.480123
302,vehicle0,1024.155000,1024.042000,254.043093,1,ok,23957,16234,1,0.112530,0.007500,0.000410,0.097861,6.716289,6.149015,0.000145,29.481973,7.732691,0.803593,227.785770,0.004455,8.053463,278.767337,286.825665,287.162857,0.337192,287.282887
303,vehicle0,1024.356000,1024.242000,254.911897,1,ok,23962,16222,1,0.193031,0.007144,0.000215,0.091773,8.996630,7.739693,0.000110,30.629719,11.214894,0.836878,251.903009,0.004792,6.119073,311.412706,317.536786,317.891742,0.354956,318.091917
304,vehicle0,1024.557000,1024.440000,255.732004,1,ok,23839,16135,1,0.121351,0.006840,0.000310,0.086550,6.894351,6.999065,0.000144,25.211209,7.780800,0.712330,242.509045,0.003630,6.384154,290.193494,296.581588,296.864395,0.282807,296.992586
305,vehicle0,1024.755000,1024.640000,256.522597,1,ok,23729,16093,1,0.106283,0.006681,0.000402,0.107402,7.114332,8.693742,0.000114,30.070178,8.425499,1.008060,231.236088,0.004779,6.459775,286.655415,293.120371,293.393212,0.272841,293.506176
306,vehicle0,1024.951000,1024.842000,257.343694,1,ok,23633,16078,1,0.124008,0.008051,0.000201,0.070384,5.297850,6.805710,0.000091,27.218004,9.667177,0.965072,231.440074,0.003946,6.463050,281.464362,287.931559,288.607456,0.675897,288.739515
307,vehicle0,1025.159000,1025.038000,258.193964,1,ok,23569,16085,1,0.092822,0.004838,0.000245,0.050404,7.850814,7.008960,0.000089,30.016674,9.081582,0.816833,259.682147,0.013223,8.390982,314.507503,322.911953,323.279318,0.367365,323.376978
308,vehicle0,1025.358000,1025.244000,259.096224,1,ok,23408,16030,1,0.070539,0.010196,0.000534,0.103948,9.826543,7.267883,0.000086,27.970689,8.013093,0.686870,266.233994,0.003549,6.123181,320.103106,326.230370,326.455446,0.225076,326.536181
309,vehicle0,1025.555000,1025.442000,259.890143,1,ok,23223,15966,1,0.099212,0.004309,0.000305,0.049204,6.965561,6.675805,0.000124,29.825790,9.152591,0.873765,237.504992,0.012963,7.970917,291.047832,299.032017,299.667955,0.635938,299.771476
310,vehicle0,1025.749000,1025.642000,260.722609,1,ok,23183,16063,1,0.122382,0.006345,0.000354,0.089121,7.690808,8.722245,0.000165,28.899489,8.863912,0.691018,220.044573,0.004073,6.511563,275.001331,281.517321,281.816559,0.299238,281.945286
311,vehicle0,1025.947000,1025.841000,261.575670,1,ok,23217,16223,1,0.203501,0.010015,0.000276,0.063209,9.091306,6.451210,0.000101,28.799283,8.338590,0.843209,196.719896,0.004540,6.923188,250.306804,257.234808,257.461496,0.226688,257.675012
312,vehicle0,1026.151000,1026.041000,262.375795,1,ok,23242,16391,1,0.126277,0.005318,0.000283,0.051137,5.745714,6.909195,0.000307,30.569650,8.791475,0.902824,191.817007,0.003688,8.388697,244.787309,253.179977,253.526300,0.346323,253.657895
313,vehicle0,1026.346000,1026.243000,263.198969,1,ok,23293,16474,1,0.090843,0.010226,0.000375,0.085643,6.390179,7.542675,0.000195,24.475524,6.726111,0.691267,171.340906,0.014067,8.124118,217.252500,225.391060,225.669675,0.278615,225.770744
314,vehicle0,1026.551000,1026.444000,264.017815,1,ok,23395,16577,1,0.154634,0.007668,0.000493,0.079577,4.769164,7.188321,0.000144,25.582916,7.058194,1.334791,162.777651,0.011168,11.164715,208.790758,219.967134,220.363621,0.396487,220.525923
315,vehicle0,1026.752000,1026.642000,264.872405,1,ok,23483,16671,1,0.096730,0.009035,0.000444,0.094635,6.892663,8.669676,0.000151,27.462600,6.681041,0.747189,177.222773,0.004599,6.311216,227.770728,234.086987,234.410729,0.323742,234.516494
316,vehicle0,1026.958000,1026.841000,265.763558,1,ok,23710,17179,1,0.436986,0.008635,0.000410,0.084907,9.075107,7.148730,0.000121,37.920815,7.304207,0.723966,210.848545,0.011737,7.411967,273.106398,280.530512,280.880925,0.350413,281.326546
317,vehicle0,1027.157000,1027.043000,266.633089,1,ok,23908,17724,1,0.190494,2.560912,0.000213,0.084640,11.589584,8.793757,0.000101,33.309508,11.691803,0.734313,255.531027,0.004118,6.346015,321.734733,328.085079,328.453919,0.368840,331.205325
318,vehicle0,1027.358000,1027.243000,267.458508,1,ok,24018,17988,1,0.100921,0.007410,0.000258,0.092704,10.109640,9.798041,0.000200,31.269983,8.989735,0.863393,244.300637,0.015317,6.458253,305.424333,311.898161,312.303350,0.405189,312.411681
319,vehicle0,1027.561000,1027.442000,268.290576,1,ok,24093,18480,1,0.236347,3.629020,0.000468,0.102865,10.120767,8.091227,0.000101,32.120083,10.452002,0.702106,237.301848,0.003393,7.254003,298.890999,306.148863,306.493912,0.345049,310.359279
320,vehicle0,1027.756000,1027.641000,269.122806,1,ok,24110,19076,1,0.241261,0.007837,0.000345,0.105026,16.378557,8.872202,0.000094,29.055373,9.980814,0.981815,250.458070,0.004800,6.488212,315.831951,322.325308,322.638986,0.313678,322.888084
321,vehicle0,1027.962000,1027.841000,269.967195,1,ok,24179,19662,1,0.318646,0.007653,0.000204,0.102974,11.582972,8.098422,0.000098,29.780399,9.611099,0.752692,228.761308,0.003162,7.955022,288.689964,296.648352,296.920091,0.271739,297.246390
322,vehicle0,1028.153000,1028.041000,270.761015,1,ok,24362,20050,1,0.236405,0.011233,0.000313,0.103521,8.030364,8.442834,0.000159,26.752796,8.794712,0.852288,187.728219,0.005140,7.027215,240.704893,247.737561,248.150901,0.413340,248.398539
323,vehicle0,1028.349000,1028.242000,271.560580,1,ok,24655,20384,1,0.213835,0.005862,0.000261,0.123227,5.812049,6.554994,0.000100,28.063037,7.591080,0.864685,164.249846,0.003332,6.677992,213.259018,219.940603,220.452966,0.512363,220.672663
324,vehicle0,1028.552000,1028.443000,272.400822,1,ok,25050,20747,1,0.104288,0.009255,0.000283,0.126964,8.478154,7.394986,0.000123,27.949983,8.665581,0.926809,175.598366,0.034241,7.188072,229.140966,236.363562,236.832710,0.469148,236.946253
325,vehicle0,1028.760000,1028.643000,273.352971,1,ok,25361,20927,1,0.198650,0.005771,0.000184,0.097243,9.237329,9.170488,0.000090,31.657540,9.761013,0.777011,258.940809,0.049788,8.175901,319.641523,327.867396,328.192068,0.324672,328.396489
326,vehicle0,1028.957000,1028.842000,274.212561,1,ok,25813,21223,1,0.086341,0.007523,0.000247,0.105918,10.771193,8.058737,0.000108,31.407274,10.400787,0.861835,274.484415,0.005323,6.986446,336.090267,343.082283,343.345991,0.263708,343.439855
327,vehicle0,1029.158000,1029.044000,275.035181,1,ok,26013,21432,1,0.241506,0.007185,0.000250,0.128040,15.240523,10.074171,0.000092,29.267382,9.524151,0.806605,265.598761,0.004262,7.319012,330.639725,337.963249,338.449684,0.486435,338.698375
328,vehicle0,1029.357000,1029.242000,275.868096,1,ok,26063,21703,1,0.117455,0.666990,0.000319,0.143797,9.951780,6.896623,0.000118,31.177549,9.462063,0.754810,269.423844,0.004597,6.843110,327.810584,334.658610,334.931019,0.272409,335.715464
329,vehicle0,1029.561000,1029.443000,276.707528,1,ok,26062,21716,1,0.133080,0.005874,0.000452,0.065537,8.666716,7.339601,0.000102,33.401362,10.392289,0.871927,285.496952,0.014633,8.074967,346.234486,354.324538,354.622500,0.297962,354.761454
330,vehicle0,1029.757000,1029.642000,277.610322,1,ok,26076,21737,1,0.239090,0.306013,0.000323,0.095560,16.599600,7.178261,0.000117,32.997441,8.807717,0.692037,296.780108,0.003592,7.135539,363.150841,370.290295,370.548621,0.258326,371.093724
331,vehicle0,1029.960000,1029.842000,278.438238,1,ok,26210,21817,1,0.240663,0.007303,0.000263,0.087520,11.553634,10.401660,0.000087,31.228589,10.260803,0.711446,309.318690,0.005066,8.056846,373.562429,381.624604,381.957265,0.332661,382.205231
332,vehicle0,1030.157000,1030.042000,279.290987,1,ok,26377,21806,1,0.117031,0.007333,0.000317,0.113896,12.770622,8.856528,0.000129,36.238764,8.584669,0.966149,310.965707,0.017854,6.628896,378.496464,385.143531,385.625801,0.482270,385.750165
333,vehicle0,1030.358000,1030.243000,280.120431,1,ok,26386,21832,1,0.256416,0.209651,0.000194,0.096474,10.125691,7.990651,0.000091,28.812643,11.519798,0.876425,288.433300,0.025813,6.321636,347.855073,354.202716,354.635378,0.432662,355.101445
334,vehicle0,1030.557000,1030.443000,280.971913,1,ok,26408,21890,1,0.217521,0.007822,0.000347,0.105772,10.959403,7.320215,0.000076,28.721754,11.656566,0.720537,302.248195,0.022629,8.048343,361.732518,369.803837,370.188001,0.384164,370.413344
335,vehicle0,1030.755000,1030.643000,281.793607,1,ok,26505,22018,1,0.095356,0.009339,0.000359,0.112653,10.444379,6.531397,0.000083,30.827224,12.755098,0.977304,275.803691,0.022502,7.983980,337.451829,345.458670,346.983850,1.525180,347.088545
336,vehicle0,1030.961000,1030.843000,282.683103,1,ok,26692,21854,1,0.264815,0.007124,0.000296,0.099028,11.430759,8.088983,0.000189,30.527871,10.368317,0.862932,313.682361,0.006348,6.699524,375.060440,381.766608,382.289542,0.522934,382.561481
337,vehicle0,1031.157000,1031.043000,283.489496,1,ok,26983,21810,1,0.199736,0.006943,0.000296,0.111783,12.802470,9.245296,0.000136,27.692673,10.230164,0.682912,283.298984,0.013546,7.396498,344.064418,351.474758,352.082220,0.607462,352.288899
338,vehicle0,1031.355000,1031.243000,284.379740,1,ok,27498,21655,1,0.136230,0.007149,0.000412,0.143271,15.711367,6.622677,0.000114,30.800285,12.736561,0.977020,311.936975,0.004222,6.799146,378.928270,385.732050,386.309568,0.577518,386.452947
339,vehicle0,1031.558000,1031.443000,285.199908,1,ok,27869,21605,1,0.181748,0.011275,0.000331,0.119075,8.202552,6.249414,0.003875,32.529086,14.522233,0.801802,302.403167,0.005263,8.837884,364.831204,373.674682,374.048061,0.373379,374.241084
340,vehicle0,1031.774000,1031.643000,286.047719,1,ok,27779,21474,1,0.201144,0.007964,0.000508,0.101191,18.105332,7.966275,0.000133,42.117051,16.152737,1.033265,315.324469,0.019529,7.315731,400.800453,408.136221,408.689780,0.553559,408.898888
341,vehicle0,1031.962000,1031.844000,286.880072,1,ok,27599,21501,1,0.259536,0.006868,0.000369,0.102113,13.763573,5.426179,0.000085,29.011419,10.435758,0.771114,303.764789,0.004801,8.015689,363.275030,371.295889,371.680588,0.384699,371.946992
342,vehicle0,1032.157000,1032.042000,287.738635,1,ok,27452,21559,1,0.134243,0.008292,0.000269,0.066182,8.982229,5.642984,0.000092,39.355695,8.061576,0.750871,285.934634,0.004340,6.355866,348.794263,355.154738,355.668500,0.513762,355.811035
343,vehicle0,1032.354000,1032.242000,288.576719,1,ok,27395,21556,1,0.241349,0.007787,0.000284,0.092485,9.843367,5.620808,0.000085,31.978765,11.868431,0.885952,276.938854,0.016247,8.406649,337.228747,345.651927,346.078948,0.427021,346.328084
344,vehicle0,1032.558000,1032.441000,289.406444,1,ok,27310,21414,1,0.103003,0.006439,0.000302,0.059601,8.562504,5.570176,0.000122,27.568766,10.175868,0.872374,284.979642,0.003598,7.365629,337.789053,345.158582,345.517754,0.359172,345.627196
345,vehicle0,1032.773000,1032.644000,290.333075,1,ok,27330,21381,1,0.273237,0.380057,0.000368,0.076406,9.477221,7.352632,0.000171,27.148116,10.230444,0.691653,323.452406,0.004094,6.962578,378.429049,385.396089,385.837195,0.441106,386.490489
346,vehicle0,1032.961000,1032.844000,291.167393,1,ok,27263,21480,1,0.122997,0.006916,0.000355,0.094490,12.435585,6.232367,0.000179,29.660767,12.427954,0.869416,324.075351,0.012212,7.359263,385.796109,393.167939,393.504424,0.336485,393.634337
347,vehicle0,1033.163000,1033.042000,292.013338,1,ok,27160,21432,1,0.112400,0.006873,0.000185,0.091885,9.205041,5.656122,0.000136,31.580053,10.520361,0.724834,321.143491,0.004589,6.685416,378.921923,385.612113,385.975905,0.363792,386.095178
348,vehicle0,1033.357000,1033.243000,292.782909,1,ok,27169,21577,1,0.226952,0.006779,0.000375,0.092422,9.768365,6.600981,0.000118,28.237488,9.326906,0.820435,255.735665,0.003156,7.234202,310.582380,317.820113,318.284417,0.464304,318.518148
349,vehicle0,1033.548000,1033.442000,293.574139,1,ok,27300,21774,1,0.154645,0.009137,0.000198,0.179281,6.631478,6.034037,0.000129,25.813424,9.525591,0.873772,215.624623,0.003090,8.880862,264.682335,273.566485,274.162986,0.596501,274.326768
350,vehicle0,1033.751000,1033.641000,294.433181,1,ok,27457,21972,1,0.117580,0.005730,0.000381,0.079075,6.044419,4.686282,0.000099,24.302505,8.132443,0.935346,201.597370,0.028223,8.127336,245.777539,253.933479,254.241783,0.308304,254.365093
351,vehicle0,1033.952000,1033.842000,295.313988,1,ok,27578,22136,1,0.142452,0.005989,0.000297,0.070844,7.667829,5.313255,0.000082,27.652828,10.897264,1.026740,221.211778,0.004969,7.486272,273.840620,281.332158,281.900078,0.567920,282.048519
352,vehicle0,1034.153000,1034.043000,296.146009,1,ok,27629,22226,1,0.237449,0.006495,0.000267,0.079679,10.271858,5.986269,0.000098,27.621377,9.429752,0.781383,208.794479,0.015745,6.593832,262.964895,269.574739,270.038083,0.463344,270.282027
353,vehicle0,1034.359000,1034.244000,297.035221,1,ok,27683,22303,1,0.420212,0.008298,0.005864,0.063594,8.024421,7.109257,0.000107,25.747178,8.773681,0.698964,206.981390,0.003792,6.990531,257.398592,264.398779,264.658577,0.259798,265.087087
354,vehicle0,1034.551000,1034.442000,297.824713,1,ok,27787,22445,1,0.143400,0.009045,0.000283,0.083907,7.219674,6.468199,0.000077,24.338225,9.608602,0.683490,191.975981,0.004009,9.890264,240.378155,250.272711,250.693146,0.420435,250.845591
355,vehicle0,1034.751000,1034.644000,298.663084,1,ok,27843,22523,1,0.111552,0.006821,0.000292,0.071032,5.810430,6.472402,0.000165,24.542796,9.099600,0.953073,201.713577,0.012005,7.286919,248.663075,255.962291,256.360873,0.398582,256.479246
356,vehicle0,1034.951000,1034.844000,299.489531,1,ok,27909,22595,1,0.093533,0.011267,0.000396,0.111385,6.171546,6.586019,0.000102,23.354960,8.393108,0.878424,186.316259,0.004579,7.620024,231.811803,239.436802,240.110934,0.674132,240.215734
357,vehicle0,1035.151000,1035.044000,300.402738,1,ok,27960,22665,1,0.340040,0.009537,0.000541,0.182221,9.129044,7.661983,0.000117,29.148730,6.770327,0.862478,189.584853,0.010947,8.952309,243.339753,252.303550,252.870906,0.567356,253.220483
358,vehicle0,1035.353000,1035.243000,301.278150,1,ok,28005,22713,1,0.112430,0.005658,0.000273,0.061714,5.688041,5.953785,0.000158,22.174069,7.120386,0.720248,197.942701,0.013848,8.095550,239.661102,247.770773,247.994315,0.223542,248.112403
359,vehicle0,1035.550000,1035.443000,302.143748,1,ok,27925,22645,1,0.118143,0.009986,0.000306,0.083349,7.062386,5.664642,0.000081,26.091683,9.500659,0.692978,193.269504,0.004966,6.798381,242.365282,249.168935,249.413464,0.244529,249.541593
360,vehicle0,1035.751000,1035.643000,302.986000,1,ok,27843,22570,1,0.229553,0.007522,0.000255,0.104698,7.950730,5.319911,0.000088,20.190787,8.276622,0.695617,188.677560,0.014380,9.595956,231.216013,240.826604,241.120263,0.293659,241.357338
361,vehicle0,1035.955000,1035.844000,303.847934,1,ok,27816,22546,1,0.116423,0.013757,0.000507,0.107544,6.901075,6.375466,0.000079,20.858725,6.474419,0.971519,213.897019,0.003080,6.967651,255.585846,262.557084,263.143457,0.586373,263.273637
362,vehicle0,1036.153000,1036.044000,304.663797,1,ok,27803,22523,1,0.260062,0.006589,0.000282,0.080888,5.746904,5.318196,0.000149,28.602468,6.917126,0.716935,186.400911,0.017676,7.819024,233.783577,241.620559,242.132893,0.512334,242.399544
363,vehicle0,1036.351000,1036.244000,305.530766,1,ok,27833,22535,1,0.224635,0.005775,0.000252,0.053442,4.509811,6.308861,0.000116,19.210375,6.261706,0.814479,164.914715,0.003629,7.867745,202.073505,209.945131,210.260200,0.315069,210.490610
364,vehicle0,1036.545000,1036.443000,306.427963,1,ok,27824,22520,1,0.308706,0.011752,0.000455,0.095442,5.723589,5.536454,0.000088,22.921089,4.965731,0.675218,177.750837,0.015129,7.120415,217.668448,224.804447,225.162600,0.358153,225.483058
365,vehicle0,1036.749000,1036.645000,307.272123,1,ok,27889,22554,1,0.138855,0.006557,0.000532,0.060605,5.214493,5.766128,0.000139,21.772211,8.093425,0.841640,173.731790,0.005804,8.078129,215.480431,223.564896,224.012719,0.447823,224.158131
366,vehicle0,1036.950000,1036.844000,308.120763,1,ok,27908,22573,1,0.250321,0.009580,0.000146,0.079151,5.908837,6.308536,0.000082,23.167069,6.431357,0.690504,176.105669,0.004321,6.962268,218.691205,225.657940,225.898727,0.240787,226.158628
367,vehicle0,1037.151000,1037.043000,308.991656,1,ok,27891,22563,1,0.103566,0.006467,0.000278,0.089452,5.146236,5.505764,0.000132,23.494713,7.134912,0.904120,188.263046,0.004004,8.441542,230.538375,238.984199,239.442780,0.458581,239.552813
368,vehicle0,1037.353000,1037.243000,309.791880,1,ok,27899,22567,1,0.152454,0.006684,0.000233,0.082783,4.562589,5.035498,0.000104,22.713193,6.353088,0.718718,153.426497,0.014242,7.811754,192.892470,200.718699,200.974049,0.255350,201.133187
369,vehicle0,1037.550000,1037.443000,310.699239,1,ok,27988,22653,1,0.177068,0.005038,0.000187,0.052249,5.305930,4.953979,0.000088,34.789844,9.059577,0.916307,185.662349,0.013850,7.587211,240.740323,248.341571,248.608414,0.266843,248.790520
370,vehicle0,1037.751000,1037.645000,311.488105,1,ok,28023,22678,1,0.093529,0.005882,0.000299,0.052975,7.184651,6.320552,0.000124,22.454406,6.205263,0.936074,133.157149,0.002871,7.551855,176.311194,183.866219,184.428927,0.562708,184.528338
371,vehicle0,1037.956000,1037.843000,312.419555,1,ok,28014,22707,1,0.113570,0.021709,0.000320,0.131381,8.231232,6.431187,0.000283,25.816759,9.503329,0.921532,209.389410,0.015524,7.511225,260.425113,267.952182,268.672156,0.719974,268.807435
372,vehicle0,1038.161000,1038.042000,313.376219,1,ok,27909,22821,1,0.405758,0.009968,0.000388,0.132659,11.464770,5.789206,0.000214,30.035241,9.173711,0.952575,309.408089,0.003936,7.464135,366.956465,374.424924,375.311591,0.886667,375.727317
373,vehicle0,1038.361000,1038.245000,314.232395,1,ok,27913,23000,1,0.271032,0.009097,0.000372,0.227261,8.520115,6.070911,0.000133,27.429322,7.964081,0.724627,297.309186,0.004015,6.153290,348.245636,354.403313,354.632983,0.229670,354.913112
374,vehicle0,1038.559000,1038.443000,315.028097,1,ok,27932,23044,1,0.131507,0.007329,0.000401,0.133265,8.656974,7.615660,0.000093,23.351901,8.980102,0.869320,237.351452,0.016951,7.292714,286.958767,294.268833,294.820799,0.551966,294.959635
375,vehicle0,1038.752000,1038.643000,315.828310,1,ok,27995,23079,1,0.398848,0.016234,0.000364,0.112387,10.159012,5.756129,0.000122,24.350035,7.287932,0.671005,191.106648,0.004900,8.667883,239.443270,248.116417,248.712352,0.595935,249.127434
376,vehicle0,1038.961000,1038.843000,316.753529,1,ok,27990,23053,1,0.311869,0.010293,0.000361,0.112537,9.928563,6.666068,0.000114,26.118780,8.814942,0.746715,266.198336,0.004295,8.058329,318.586055,326.649040,326.982256,0.333216,327.304418
377,vehicle0,1039.157000,1039.043000,317.605885,1,ok,28153,22944,1,0.092342,0.009989,0.000288,0.096665,8.904379,6.434811,0.000077,26.372726,10.521755,0.857350,268.297272,0.013774,6.871149,321.485035,328.370246,329.086646,0.716400,329.188977
378,vehicle0,1039.357000,1039.244000,318.415930,1,ok,28287,22871,1,0.222463,0.006016,0.000307,0.117228,7.913679,5.736085,0.000088,25.876210,9.070585,0.761867,234.361681,0.004770,8.214044,283.837423,292.056544,292.325031,0.268487,292.553510
379,vehicle0,1039.561000,1039.442000,319.259430,1,ok,28338,23032,1,0.142692,0.005882,0.000251,0.060012,8.121402,6.066002,0.000173,28.767297,10.004989,0.709771,239.980519,0.005062,7.736282,293.710165,301.451760,301.974393,0.522633,302.122967
380,vehicle0,1039.759000,1039.644000,320.182880,1,ok,28343,23156,1,0.216566,0.004745,0.000198,0.076085,10.854860,6.186312,0.000102,33.481466,15.068253,3.670657,271.352733,0.017815,9.671829,340.690468,350.380310,351.015065,0.634755,351.236376
381,vehicle0,1039.960000,1039.843000,321.032415,1,ok,28435,23331,1,0.364188,0.009472,0.000368,0.192364,8.011949,6.834357,0.000082,25.309810,8.911207,0.782829,256.630415,0.005143,6.328395,306.673013,313.006919,313.293815,0.286896,313.667475
382,vehicle0,1040.157000,1040.045000,321.885783,1,ok,28578,23554,1,0.114921,0.007581,0.000337,0.146012,7.184632,5.363932,0.000254,30.352122,8.051845,0.915141,269.651977,0.004695,7.060746,321.665915,328.731693,329.022846,0.291153,329.145348
383,vehicle0,1040.363000,1040.243000,322.719089,1,ok,28644,23760,1,0.242625,0.487394,0.000213,0.105876,7.439028,5.419076,0.000080,26.369605,8.115852,0.697172,272.083185,0.004952,6.692082,320.229874,326.927121,327.170616,0.243495,327.900635
384,vehicle0,1040.566000,1040.445000,323.535606,1,ok,28662,23779,1,0.198462,0.006723,0.000289,0.086197,6.666973,5.918215,0.000083,30.236152,9.484200,0.836898,291.351693,0.003788,8.198011,344.580411,352.782499,353.231320,0.448821,353.436505
385,vehicle0,1040.765000,1040.646000,324.381379,1,ok,28693,23839,1,0.201642,0.006813,0.000330,0.100599,10.539290,5.969526,0.000129,34.824731,10.881484,0.706571,285.681628,0.013430,6.932104,348.703958,355.649822,356.138514,0.488692,356.346969
386,vehicle0,1040.961000,1040.844000,325.200969,1,ok,28706,23917,1,0.229615,0.016169,0.000275,0.115490,9.352499,5.526884,0.000102,26.427108,8.693632,0.856952,270.689935,0.007410,6.974218,321.662602,328.644505,329.251130,0.606625,329.496914
387,vehicle0,1041.161000,1041.044000,326.041433,1,ok,28676,23929,1,0.235158,0.005109,0.000235,0.057447,7.410260,6.485516,0.000090,32.163096,9.296919,0.723049,293.496816,0.004902,6.761733,349.633193,356.400063,356.775574,0.375511,357.015841
388,vehicle0,1041.358000,1041.245000,326.851134,1,ok,28578,23876,1,0.281475,0.009597,0.000355,0.107680,8.331356,5.734099,0.000100,29.263637,8.835965,0.709302,277.815336,0.003759,8.185528,330.797475,338.987117,339.237034,0.249917,339.528106
389,vehicle0,1041.558000,1041.444000,327.688522,1,ok,28674,23865,1,0.141285,0.005105,0.000242,0.060421,11.464392,6.814979,0.000208,34.344507,11.018563,0.734824,267.587759,0.014873,7.667466,332.025653,339.708234,340.024160,0.315926,340.170550
390,vehicle0,1041.760000,1041.643000,328.473128,1,ok,28682,23855,1,0.267627,0.007257,0.000325,0.104578,7.322609,6.933053,0.000135,27.253811,9.813408,1.004999,245.111004,0.004408,6.219375,297.543597,303.767705,304.165137,0.397432,304.440021
391,vehicle0,1041.961000,1041.844000,329.319570,1,ok,28592,23860,1,0.139041,0.013099,0.000274,0.144787,6.977929,6.868805,0.000088,27.180270,8.051258,0.702080,241.462008,0.014358,7.378591,291.387225,298.780448,299.225154,0.444706,299.377294
392,vehicle0,1042.164000,1042.043000,330.146891,1,ok,28509,23899,1,1.143272,0.040993,0.000507,0.117450,8.351117,6.002840,0.000082,26.063544,7.674581,0.836557,247.756501,0.004504,6.593249,296.802672,303.400932,303.947561,0.546629,305.131826
393,vehicle0,1042.351000,1042.247000,330.946902,1,ok,28454,24036,1,0.097264,0.004498,0.000232,0.060907,5.845655,6.450447,0.000086,25.391260,7.484440,1.915723,219.738518,0.008275,6.282381,266.887036,273.177924,273.441825,0.263901,273.543587
394,vehicle0,1042.554000,1042.444000,331.781223,1,ok,28367,24117,1,0.206101,0.013619,0.000341,0.091644,7.245867,6.283374,0.000080,26.875694,10.499009,0.754518,210.645847,0.004243,9.115914,262.396033,271.516531,272.005813,0.489282,272.225533
395,vehicle0,1042.753000,1042.646000,332.622214,1,ok,28289,24219,1,0.214902,0.009187,0.000472,0.128406,8.294251,6.654676,0.000107,29.472926,7.939186,0.691078,199.648987,0.004516,8.423290,252.829617,261.257895,261.664527,0.406632,261.888616
396,vehicle0,1042.953000,1042.845000,333.487578,1,ok,28156,24221,1,0.145090,0.008084,0.000324,0.085081,6.374952,7.581558,0.000136,29.780474,7.753569,0.873006,197.823088,0.004184,8.334351,250.271864,258.610723,259.343924,0.733201,259.497098
397,vehicle0,1043.155000,1043.044000,334.338179,1,ok,28127,24278,1,0.146668,0.016235,0.000277,0.100841,5.766769,5.692667,0.000112,27.552784,7.462745,0.885488,218.103428,0.013507,7.100021,265.564834,272.678639,273.027677,0.349038,273.190580
398,vehicle0,1043.354000,1043.246000,335.196838,1,ok,28021,24224,1,0.107930,0.006016,0.000281,0.102501,7.115336,7.250386,0.000255,27.555247,7.288225,0.718568,207.207774,0.003788,6.598912,257.238292,263.841273,264.131729,0.290456,264.245675
399,vehicle0,1043.556000,1043.447000,336.040602,1,ok,27887,24123,1,0.444892,0.008460,0.000350,0.095862,10.364954,5.709057,0.000090,32.185971,9.809434,0.780804,207.992930,0.004313,6.245385,266.939102,273.189150,274.163609,0.974459,274.616961
400,vehicle0,1043.752000,1043.645000,336.869272,1,ok,27828,24071,1,0.123343,0.004950,0.000345,0.061679,4.620984,7.101522,0.000082,24.519939,7.786110,0.696474,206.665708,0.005114,6.769444,251.452498,258.227401,258.470801,0.243400,258.599094
401,vehicle0,1043.952000,1043.845000,337.687239,1,ok,27853,24091,1,0.097155,0.006647,0.000292,0.102661,5.682479,6.038494,0.000255,25.988265,6.582270,0.701036,202.207385,0.003819,8.189458,247.302845,255.496414,255.764802,0.268388,255.868604
402,vehicle0,1044.154000,1044.045000,338.519903,1,ok,27924,24150,1,0.137825,0.006553,0.000267,0.061767,5.034258,6.591227,0.000115,27.338331,7.382744,0.752869,205.794167,0.003014,7.462038,252.955478,260.420797,260.783416,0.362619,260.927794
403,vehicle0,1044.354000,1044.244000,339.329472,1,ok,27933,24157,1,0.280200,0.007087,0.000237,0.105596,5.946421,10.036341,0.000092,24.382845,7.323556,0.724482,163.197871,0.013435,8.030952,211.717204,219.761828,220.177556,0.415728,220.464843
404,vehicle0,1044.554000,1044.444000,340.132745,1,ok,27909,24137,1,0.319796,0.008275,0.000335,0.096679,5.823396,6.271985,0.000140,24.551728,6.347389,0.876954,155.929457,0.004587,6.490804,199.897728,206.393454,206.791091,0.397637,207.119162
405,vehicle0,1044.751000,1044.645000,340.971267,1,ok,27894,24124,1,0.143871,0.004572,0.000346,0.061679,4.021956,6.282559,0.000084,25.779517,7.645204,0.917474,181.445253,0.004704,7.224045,226.153726,233.382821,233.821517,0.438696,233.969960
406,vehicle0,1044.951000,1044.843000,341.842148,1,ok,27928,24156,1,0.155199,0.016881,0.000472,0.111774,6.152263,7.275315,0.000188,23.166317,7.469085,0.794073,193.681244,0.004523,6.858264,238.650259,245.513518,245.916084,0.402566,246.088164
407,vehicle0,1045.153000,1045.045000,342.673547,1,ok,27919,24144,1,0.098919,0.008013,0.000427,0.101314,5.718611,9.097803,0.000148,31.988899,6.859013,0.831051,189.430000,0.003354,6.892904,244.026839,250.923524,251.415246,0.491722,251.522178
408,vehicle0,1045.352000,1045.245000,343.518616,1,ok,27948,24168,1,0.225870,0.003955,0.000301,0.062197,5.142909,6.887515,0.000106,24.257790,6.661668,0.808071,162.519182,0.004585,8.178043,206.339438,214.522367,214.898861,0.376494,215.128686
409,vehicle0,1045.553000,1045.445000,344.339348,1,ok,27917,24145,1,0.132520,0.006956,0.000244,0.070952,5.190356,7.136619,0.000099,27.826772,8.055934,0.908396,137.688794,0.042910,7.689831,186.877922,194.610907,194.987760,0.376853,195.127236
410,vehicle0,1045.758000,1045.645000,345.227002,1,ok,27852,24074,1,0.105263,0.014303,0.000276,0.100886,4.961848,6.489898,0.000110,24.471673,8.422538,0.890624,193.904285,0.005805,7.026320,239.241862,246.274263,246.764647,0.490384,246.884213
411,vehicle0,1045.958000,1045.844000,346.096510,1,ok,27777,24000,1,0.312659,0.011204,0.000334,0.108302,6.139006,6.065729,0.000083,28.137113,6.770063,0.715488,198.211623,0.004860,6.146370,246.147407,252.298971,252.675832,0.376861,252.999695
412,vehicle0,1046.158000,1046.046000,346.956483,1,ok,27717,23928,1,0.180490,0.008752,0.000240,0.104022,5.453143,7.624232,0.000086,30.087856,8.100270,0.854318,212.206891,0.003420,6.916685,264.430818,271.351163,271.692940,0.341777,271.882182
413,vehicle0,1046.352000,1046.245000,347.805801,1,ok,27627,23815,1,0.128452,0.006147,0.000298,0.094198,6.436287,5.764525,0.000243,27.272988,6.998817,0.724019,219.288655,0.025396,7.907371,266.579732,274.512797,274.860750,0.347953,274.995349
414,vehicle0,1046.554000,1046.445000,348.644524,1,ok,27585,23772,1,0.128225,0.007178,0.000382,0.152857,4.713123,8.152775,0.000160,28.745976,6.112188,0.728835,196.770995,0.035522,6.584710,245.376909,251.997523,252.259142,0.261619,252.394545
415,vehicle0,1046.752000,1046.646000,349.468165,1,ok,27605,23786,1,0.127026,0.007504,0.000198,0.115798,3.558345,5.582602,0.000087,24.822761,7.479651,0.882841,192.164282,0.004008,7.217553,234.606367,241.828126,242.170816,0.342690,242.305346
416,vehicle0,1046.952000,1046.843000,350.304468,1,ok,27602,23765,1,0.237209,0.010379,0.000437,0.098934,5.908728,8.216101,0.000175,24.801855,6.892020,0.736365,207.294720,0.004282,8.532462,253.948898,262.486079,262.718538,0.232459,262.966126
417,vehicle0,1047.152000,1047.044000,351.151121,1,ok,27564,23703,1,0.232028,0.007033,0.000459,0.101333,5.228416,6.410382,0.000220,28.459014,7.381942,0.791084,195.062285,0.005548,7.826501,243.434676,251.267184,252.636468,1.369284,252.875529
418,vehicle0,1047.350000,1047.244000,352.025907,1,ok,27499,23593,1,0.231898,0.008755,0.000460,0.105588,5.555509,6.257288,0.000119,25.258479,7.443586,0.902226,185.701023,0.004314,6.344064,231.223818,237.572656,238.116784,0.544128,238.357437
419,vehicle0,1047.553000,1047.445000,352.917303,1,ok,27454,23503,1,0.116794,0.009460,0.000357,0.088017,6.695951,6.468424,0.000122,31.962359,13.131090,0.906837,194.945939,0.004613,6.531565,254.198739,260.735274,261.098582,0.363308,261.224836
420,vehicle0,1047.751000,1047.645000,353.788587,1,ok,27350,23307,1,0.269169,0.006852,0.000303,0.093367,8.503725,8.652382,0.000224,35.154408,7.137662,0.983069,184.371999,0.019003,7.929471,244.896836,252.845613,253.458186,0.612573,253.734207
421,vehicle0,1047.956000,1047.843000,354.673546,1,ok,27310,23130,1,0.089960,0.016786,0.000437,0.101050,7.597356,6.249178,0.000081,27.969694,8.130181,0.694783,187.742248,0.004619,7.344280,238.484571,245.833907,246.105415,0.271508,246.212161
422,vehicle0,1048.154000,1048.046000,355.503924,1,ok,27245,22944,1,0.219194,0.005434,0.000310,0.067679,9.762949,5.928811,0.000085,36.291950,14.585803,0.865371,187.239523,0.011684,6.286299,254.742171,261.040464,261.355033,0.314569,261.579661
423,vehicle0,1048.353000,1048.247000,356.321345,1,ok,27156,22857,1,0.131638,0.008433,0.000451,0.099665,6.743956,6.098214,0.000082,25.742729,8.424603,0.905597,171.770185,0.004123,7.497824,219.785031,227.287429,227.765599,0.478170,227.905670
424,vehicle0,1048.551000,1048.444000,357.190682,1,ok,27119,22740,1,0.107739,0.007214,0.000322,0.077672,6.396853,9.290264,0.000114,37.107893,9.704437,0.717557,193.355526,0.003790,7.041347,256.650316,263.695775,263.917650,0.221875,264.032603
425,vehicle0,1048.757000,1048.643000,358.067640,1,ok,27035,22524,1,0.135373,0.080667,0.000403,0.108466,7.972051,5.848507,0.000091,31.940160,11.595604,0.707612,216.061041,0.052775,7.356383,274.233532,281.643093,282.098381,0.455288,282.314421
426,vehicle0,1048.959000,1048.845000,358.912336,1,ok,26945,22323,1,0.146359,0.014002,0.000277,0.115004,8.096906,6.020953,0.000094,27.671447,9.700871,0.940044,210.547881,0.006519,7.114950,263.093200,270.214946,270.569110,0.354164,270.729471
427,vehicle0,1049.154000,1049.045000,359.735965,1,ok,26829,22215,1,0.107443,0.005667,0.000192,0.062368,7.465465,6.647996,0.000075,30.487968,9.457176,0.946477,207.842032,0.003216,7.438996,262.909557,270.351961,270.815946,0.463985,270.929056
428,vehicle0,1049.352000,1049.246000,360.585666,1,ok,26719,22170,1,0.122774,0.011353,0.000338,0.068519,5.865015,5.944338,0.000095,26.911006,8.396804,0.922377,204.718315,0.003723,7.694927,252.826469,260.525457,260.805401,0.279944,260.939528
429,vehicle0,1049.552000,1049.446000,361.453482,1,ok,26667,22192,1,0.119172,0.005692,0.000280,0.061811,5.067684,6.039379,0.000117,27.242601,10.766959,0.990137,196.653394,0.014553,8.190469,246.822082,255.027384,255.641438,0.614054,255.766302
430,vehicle0,1049.753000,1049.645000,362.306465,1,ok,26619,22150,1,0.131950,0.007104,0.000325,0.096703,6.052576,9.118035,0.000141,24.797523,8.996661,2.816872,196.235900,0.013458,6.344988,248.114411,254.473182,255.094772,0.621590,255.233826
431,vehicle0,1049.952000,1049.845000,363.083238,1,ok,26679,22204,1,0.098527,0.044167,0.000298,0.091864,6.512638,5.360431,0.000111,21.899871,6.280366,0.688304,142.313053,0.004922,6.996421,183.146638,190.148279,190.473604,0.325325,190.616298
432,vehicle0,1050.150000,1050.044000,363.920976,1,ok,26777,22295,1,0.110906,0.008825,0.000685,0.097097,6.596787,7.225444,0.000102,28.658628,6.296865,0.821710,138.731593,0.004045,7.486229,188.428226,195.919185,196.444391,0.525206,196.564122
433,vehicle0,1050.354000,1050.245000,364.819174,1,ok,26883,22385,1,0.095106,0.008808,0.000553,0.068796,5.391624,5.012512,0.000099,21.910023,8.040591,0.859622,180.880464,0.004506,8.102235,222.163731,230.271025,230.803061,0.532036,230.906975
434,vehicle0,1050.551000,1050.444000,365.647810,1,ok,26833,22329,1,0.124994,0.006134,0.000259,0.100790,11.768104,5.123917,0.000077,24.385770,7.843316,0.963038,171.781936,0.003672,8.338838,221.966948,230.309717,231.059481,0.749764,231.190609
435,vehicle0,1050.755000,1050.645000,366.485130,1,ok,26771,22264,1,0.226046,0.008573,0.000296,0.100193,6.392009,6.340571,0.000080,23.923981,9.042201,0.828961,182.528953,0.064427,7.375072,229.156949,236.596744,237.231893,0.635149,237.466512
436,vehicle0,1050.955000,1050.846000,367.350844,1,ok,26804,22290,1,0.255462,0.007793,0.000453,0.102236,6.572630,5.356733,0.000103,27.427708,7.697459,0.872204,192.235414,0.003829,7.667830,240.264487,247.936599,248.411517,0.474918,248.674772
437,vehicle0,1051.152000,1051.045000,368.150870,1,ok,26865,22342,1,0.122710,0.007416,0.000300,0.093051,3.920326,6.984925,0.000142,23.891366,8.757660,0.892996,201.136964,0.006014,11.754607,245.677430,257.438351,258.153974,0.715623,258.284100
438,vehicle0,1051.353000,1051.247000,369.006547,1,ok,26916,22408,1,0.095369,0.005311,0.000269,0.061426,4.587047,6.525746,0.000080,26.308148,7.607734,0.774317,195.761852,0.005162,6.849312,241.626350,248.481093,249.085205,0.604112,249.185885
439,vehicle0,1051.547000,1051.444000,369.876472,1,ok,26944,22433,1,0.248761,0.006363,0.000350,0.084040,8.245009,6.696987,0.000098,30.693113,10.386000,0.798647,197.305446,0.004053,6.629623,254.209340,260.843366,261.118616,0.275250,261.373740
440,vehicle0,1051.751000,1051.645000,370.730673,1,ok,27060,22547,1,0.089315,0.007107,0.000333,0.098410,6.244579,8.867768,0.000137,26.177927,8.463627,0.929237,198.455341,0.005278,8.495701,249.237026,257.738338,258.193385,0.455047,258.289807
441,vehicle0,1051.952000,1051.846000,371.618843,1,ok,27115,22573,1,0.238387,0.007650,0.000340,0.110086,9.319173,4.895974,0.000107,27.675559,7.048210,0.693368,212.916601,0.040027,7.618140,262.659078,270.317585,270.638697,0.321112,270.884734
442,vehicle0,1052.152000,1052.044000,372.452914,1,ok,27269,22724,1,0.139496,0.010005,0.000323,0.089481,5.835955,5.045994,0.000124,27.452931,8.113321,0.783606,191.072087,0.003540,12.760342,238.393499,251.157704,251.548204,0.390500,251.697705
443,vehicle0,1052.351000,1052.242000,373.313682,1,ok,27448,22836,1,0.138113,0.009027,0.000250,0.091391,5.270074,4.588153,0.000170,23.151309,9.339159,0.760616,169.362357,0.003367,7.348465,212.563229,219.915311,220.285782,0.370471,220.432922
444,vehicle0,1052.552000,1052.445000,374.138726,1,ok,27714,23014,1,0.102601,0.008006,0.000257,0.117490,5.622135,4.735579,0.000081,24.015227,6.741159,0.682873,173.225177,0.004463,6.641282,215.139721,221.785723,222.111847,0.326124,222.222454
445,vehicle0,1052.751000,1052.645000,375.013246,1,ok,27960,23088,1,0.148633,0.006556,0.000363,0.105198,8.077342,6.705281,0.000101,29.143897,8.531403,0.906653,200.939248,0.003531,7.097572,254.409123,261.510589,261.780254,0.269665,261.935443
446,vehicle0,1052.953000,1052.844000,375.833839,1,ok,28195,23185,1,0.129577,0.008367,0.000363,0.224629,7.383419,7.038673,0.000099,25.469211,6.657164,0.797082,186.270362,0.011645,6.921431,233.840639,240.774078,241.041922,0.267844,241.179866
447,vehicle0,1053.152000,1053.045000,376.683648,1,ok,28208,23273,1,0.118184,0.008109,0.000283,0.104910,7.709227,4.998327,0.000106,27.095785,9.792320,0.932662,210.316724,0.004740,6.441957,260.950061,267.397041,267.686716,0.289675,267.813009
448,vehicle0,1053.349000,1053.245000,377.535433,1,ok,28149,23271,1,0.136788,0.007147,0.000352,0.109819,9.335068,8.179805,0.000122,33.408479,8.774585,0.861876,199.268027,0.003974,6.233256,259.937781,266.175363,266.517262,0.341899,266.661197
449,vehicle0,1053.553000,1053.445000,378.351972,1,ok,28122,23191,1,0.241203,0.009461,0.000567,0.106489,6.915176,5.366437,0.000092,26.921493,8.808970,0.991643,179.791719,0.014444,7.190855,228.902019,236.107885,236.834543,0.726658,237.085207
450,vehicle0,1053.757000,1053.647000,379.193008,1,ok,28090,22973,1,0.462231,0.012039,0.000235,0.099200,7.035898,4.666717,0.000114,23.766999,8.222011,0.919549,184.871610,0.004796,6.640709,229.582098,236.227838,236.668387,0.440549,237.142657
451,vehicle0,1053.951000,1053.844000,379.990610,1,ok,28106,22943,1,0.177876,0.007746,0.000279,0.063072,5.160781,5.130499,0.000134,23.158491,7.949660,0.771564,170.768046,0.022249,6.994037,213.002247,220.018812,220.415469,0.396657,220.601091
452,vehicle0,1054.153000,1054.046000,380.854842,1,ok,28180,22971,1,0.362238,0.014686,0.000566,0.114241,6.856125,5.157351,0.000095,27.194217,6.911406,0.851651,177.829726,0.133264,9.625445,224.914812,234.674087,235.156450,0.482363,235.533374
453,vehicle0,1054.351000,1054.245000,381.697332,1,ok,28268,22962,1,0.121973,0.203131,0.000589,0.499892,5.937654,5.097646,0.000103,24.394142,8.438041,0.821840,185.483541,0.003374,9.047183,230.672859,239.724005,240.126606,0.402601,240.451710
454,vehicle0,1054.552000,1054.444000,382.563205,1,ok,28243,22934,1,0.130966,0.007517,0.000360,0.104691,5.596039,10.770557,0.000102,25.173426,10.068199,0.698898,194.758148,0.013931,8.222990,247.170060,255.407341,255.711502,0.304161,255.849985
455,vehicle0,1054.750000,1054.645000,383.369173,1,ok,28227,22952,1,0.193827,0.008265,0.000273,0.074311,7.583374,4.897451,0.000119,23.614710,8.960951,0.803211,184.812841,0.012796,6.654008,230.746968,237.414045,238.185990,0.771945,238.388082
456,vehicle0,1054.955000,1054.845000,384.260996,1,ok,28261,23112,1,0.150462,0.007549,0.000206,0.098450,7.517118,4.706601,0.000102,31.335643,8.458159,0.750334,213.131778,0.003577,6.272492,265.998185,272.274460,272.556319,0.281859,272.714330
457,vehicle0,1055.167000,1055.044000,385.117137,1,ok,28300,23247,1,0.301295,0.006085,0.000246,0.108147,7.489867,6.086630,0.000077,29.437364,9.675591,0.716208,223.370170,0.086136,8.914067,276.884054,285.884503,286.313406,0.428903,286.620786
458,vehicle0,1055.351000,1055.245000,385.907635,1,ok,28327,23278,1,0.245091,0.004258,0.000335,0.062659,5.546098,5.720568,0.000099,32.009271,6.784017,0.869471,180.869729,0.003967,6.800245,231.861912,238.666459,239.055985,0.389526,239.305334
459,vehicle0,1055.551000,1055.445000,386.734275,1,ok,28331,23210,1,0.231538,0.010367,0.000397,0.076547,5.347959,4.693537,0.000103,28.038113,9.431462,0.758172,185.166252,0.004154,6.570765,233.512145,240.087461,240.497740,0.410279,240.739645
460,vehicle0,1055.753000,1055.645000,387.560260,1,ok,28351,23240,1,0.168886,0.005320,0.000208,0.094910,5.911205,6.229332,0.000099,28.622622,8.594380,0.843599,197.353812,0.004987,8.329019,247.649959,255.984173,256.512115,0.527942,256.686321
461,vehicle0,1055.952000,1055.844000,388.404141,1,ok,28358,23287,1,0.107507,0.005389,0.000313,0.109416,7.197275,5.737091,0.000093,31.759492,9.485084,0.770209,202.067196,0.005902,7.834431,257.125856,264.966502,265.390900,0.424398,265.503796
462,vehicle0,1056.153000,1056.044000,389.264412,1,ok,28402,23378,1,0.199067,0.008405,0.000487,0.099714,7.408667,6.567966,0.000117,27.937213,9.796162,0.726680,206.905880,0.003201,8.035376,259.442399,267.481463,267.842643,0.361180,268.050115
463,vehicle0,1056.352000,1056.244000,390.119183,1,ok,28383,23363,1,0.265579,0.006186,0.000143,0.088117,6.224468,4.419290,0.000121,23.700590,8.494924,0.844537,208.322505,0.014466,6.618147,252.094552,258.727308,259.074782,0.347474,259.346547
464,vehicle0,1056.550000,1056.444000,390.945315,1,ok,28396,23380,1,0.249653,0.008035,0.000281,0.098819,6.053312,4.871448,0.000086,23.735188,9.960168,0.719230,200.961197,0.006775,6.707631,246.399448,253.114135,253.487205,0.373070,253.744893
465,vehicle0,1056.751000,1056.645000,391.829630,1,ok,28411,23398,1,0.116317,0.010000,0.000368,0.078715,7.406399,5.482930,0.000184,27.332465,16.489605,0.782050,212.721571,0.006108,6.999568,270.293919,277.299963,277.745416,0.445453,277.871733
466,vehicle0,1056.950000,1056.845000,392.671793,1,ok,28404,23361,1,0.120997,0.031280,0.000379,0.159711,7.831491,6.316539,0.000070,28.721182,7.780219,0.740662,228.252775,0.003651,6.620319,279.802649,286.426998,286.810943,0.383945,286.963220
467,vehicle0,1057.155000,1057.041000,393.516717,1,ok,28501,23377,1,0.113925,0.009643,0.000361,0.104083,8.317681,6.368681,0.000238,29.429789,9.019906,0.759514,229.857818,0.004252,7.980653,283.857710,291.842976,292.280332,0.437356,292.403900
468,vehicle0,1057.353000,1057.245000,394.286651,1,ok,28497,23236,1,0.137569,0.008137,0.000376,0.075834,7.052095,6.344747,0.000193,23.832636,7.676457,0.847707,190.024074,0.013927,7.971631,235.853743,243.839677,244.188705,0.349028,244.334411
469,vehicle0,1057.549000,1057.446000,395.144136,1,ok,28442,23154,1,0.243443,0.005693,0.000257,0.057810,9.622534,6.050510,0.000157,34.672428,12.217841,0.881274,198.787878,0.004924,6.395841,262.290432,268.691454,269.092380,0.400926,269.341516
470,vehicle0,1057.756000,1057.642000,396.004873,1,ok,28269,23044,1,0.258770,0.007910,0.000207,0.116233,8.603407,7.704725,0.000152,32.312162,10.269952,0.918553,201.489563,0.005205,7.220758,261.414747,268.640917,268.931946,0.291029,269.198626
471,vehicle0,1057.953000,1057.845000,396.801192,1,ok,28133,23001,1,0.083355,0.007952,0.000247,0.103842,12.839415,6.604764,0.000129,28.244988,10.155509,0.870487,186.586919,0.004400,8.591974,245.406053,254.002674,254.495151,0.492477,254.586458
472,vehicle0,1058.160000,1058.049000,397.632262,1,ok,27909,22997,1,0.237628,0.006089,0.000270,0.106144,9.020454,7.364076,0.000182,30.994057,9.078310,0.685498,204.207964,0.004958,6.499296,261.456685,267.961209,268.294832,0.333623,268.538549
473,vehicle0,1058.354000,1058.247000,398.431772,1,ok,27757,22985,1,0.083090,0.007364,0.000310,0.068213,6.606558,5.680578,0.000170,27.108409,10.391490,0.878028,191.468005,0.050960,9.095621,242.201451,251.348342,251.854878,0.506536,251.945332
474,vehicle0,1058.557000,1058.445000,399.317914,1,ok,27596,22939,1,0.216707,0.006593,0.000272,0.096738,10.055322,7.047052,0.000210,38.594675,12.150122,0.752061,204.727764,0.007938,6.386707,273.423944,279.818861,280.242426,0.423565,280.465726
475,vehicle0,1058.757000,1058.645000,400.141112,1,ok,27421,22727,1,0.235191,0.013960,0.000228,0.096017,10.001896,8.666867,0.000114,31.961365,8.071903,0.730363,190.682566,0.004675,7.149999,250.211091,257.365993,257.709556,0.343563,257.958707
476,vehicle0,1058.953000,1058.845000,400.990139,1,ok,27275,22562,1,0.307617,0.012039,0.000282,0.085273,9.458280,6.199584,0.000099,32.694982,12.352623,0.963575,185.970494,0.003056,7.147103,247.724910,254.875351,255.460714,0.585363,255.780370
477,vehicle0,1059.154000,1059.045000,401.837839,1,ok,27166,22428,1,0.177492,0.006318,0.000262,0.081359,7.235969,6.369256,0.000196,29.146056,11.044033,0.882744,210.032951,0.010299,7.629419,264.792564,272.432544,272.969038,0.536494,273.152848
478,vehicle0,1059.352000,1059.245000,402.629940,1,ok,27034,22203,1,0.109135,0.005699,0.000385,0.059716,7.923217,5.536599,0.000113,29.596554,9.181553,0.917318,168.950720,0.004500,6.132135,222.165790,228.302810,228.751991,0.449181,228.866825
479,vehicle0,1059.553000,1059.445000,403.449999,1,ok,26885,21950,1,0.149589,0.006794,0.000352,0.068313,8.039248,5.670992,0.000115,30.042793,11.587988,1.086997,153.846363,0.039883,6.830095,210.342809,217.213139,217.826939,0.613800,217.983322
480,vehicle0,1059.754000,1059.645000,404.326749,1,ok,26757,21835,1,0.286933,0.009027,0.000404,0.104094,7.749343,6.483662,0.000089,33.277050,10.912495,0.736706,199.166689,0.024178,7.091324,258.430128,265.546034,265.984907,0.438873,266.280867
481,vehicle0,1059.954000,1059.847000,405.172588,1,ok,26706,21853,1,0.126104,0.005133,0.000205,0.065784,6.481014,5.624583,0.000079,32.494545,9.454146,0.920310,185.526527,0.009792,6.550917,240.566988,247.127902,247.527514,0.399612,247.658751
482,vehicle0,1060.151000,1060.045000,406.031180,1,ok,26656,21874,1,0.236862,0.008859,0.000309,0.088718,7.105488,6.238679,0.000108,31.475319,7.465509,0.986168,175.541350,0.004862,7.600776,228.901339,236.507286,237.128862,0.621576,237.374583
483,vehicle0,1060.353000,1060.246000,406.891725,1,ok,26508,21748,1,0.155238,0.007604,0.000283,0.100713,7.452243,6.523370,0.000108,27.374837,8.869692,0.696044,180.769387,0.003385,7.107138,231.786394,238.897200,239.565200,0.668000,239.728042
484,vehicle0,1060.553000,1060.446000,407.740133,1,ok,26349,21585,1,0.119619,0.012101,0.000372,0.153975,7.142925,5.693649,0.000079,26.785269,6.294642,0.696866,170.981003,0.013480,7.969867,217.748408,225.732127,226.017500,0.285373,226.149220
485,vehicle0,1060.753000,1060.647000,408.576079,1,ok,26248,21487,1,0.190366,1.898853,0.000294,0.094206,5.422801,5.883481,0.000115,27.509537,7.066796,0.727558,171.426202,0.003868,6.452566,218.130696,224.587424,224.913727,0.326303,227.002946
486,vehicle0,1060.958000,1060.846000,409.409561,1,ok,26212,21454,1,0.299046,0.011016,0.000361,0.087058,4.637404,6.315561,0.000159,27.507949,7.097960,0.883717,156.603597,0.005704,6.479634,203.133405,209.619104,210.038595,0.419491,210.348657
487,vehicle0,1061.155000,1061.051000,410.266887,1,ok,26201,21451,1,0.098076,0.008161,0.000346,0.098743,5.351933,7.035983,0.000106,34.698687,8.425803,0.863699,173.268999,0.007148,7.567910,229.743953,237.319357,237.710455,0.391098,237.816692
488,vehicle0,1061.357000,1061.246000,411.091274,1,ok,26224,21449,1,0.147732,0.007448,0.000257,0.102736,6.499537,5.818039,0.000100,24.631213,8.279127,0.725784,159.285559,0.005101,6.528703,205.342095,211.876156,213.744322,1.868166,213.899502
489,vehicle0,1061.559000,1061.448000,411.914612,1,ok,26255,21455,1,0.110871,0.006123,0.000320,0.060975,4.554561,6.326028,0.000079,27.814971,7.945655,0.749481,169.627104,0.011971,7.201770,217.078854,224.292915,224.602245,0.309330,224.719239
490,vehicle0,1061.758000,1061.648000,412.794593,1,ok,26339,21521,1,0.103977,0.004838,0.000236,0.062014,5.657809,7.050882,0.000080,36.596036,6.797713,0.696165,179.706354,0.004944,6.875476,236.567053,243.447709,243.774998,0.327289,243.883813
491,vehicle0,1061.956000,1061.849000,413.622573,1,ok,26404,21551,1,0.106655,0.008870,0.005499,0.062572,5.825619,6.733452,0.000196,27.351991,6.108997,0.796996,184.152775,0.003550,7.957943,231.032598,238.999590,239.363144,0.363554,239.478669
492,vehicle0,1062.155000,1062.049000,414.454328,1,ok,26416,21543,1,0.118670,0.004789,0.000411,0.060506,5.446451,7.701721,0.000104,28.344818,7.538811,0.731064,190.500027,0.012275,9.833342,240.323502,250.169530,250.734460,0.564930,250.857919
493,vehicle0,1062.357000,1062.250000,415.257128,1,ok,26505,21622,1,0.092402,0.005229,0.000322,0.054069,4.345541,5.799878,0.000165,26.983206,7.775442,0.797009,184.628250,0.007712,7.273933,230.383560,237.665527,238.060047,0.394520,238.157678
494,vehicle0,1062.554000,1062.448000,416.092653,1,ok,26534,21662,1,0.143348,0.006993,0.000346,0.101029,4.574288,6.581505,0.000090,24.782609,8.168487,0.868066,187.270007,0.003827,7.551916,232.346081,239.902170,241.459323,1.557153,241.609664
495,vehicle0,1062.758000,1062.649000,416.916428,1,ok,26540,21663,1,0.116919,0.014627,0.000297,0.062266,3.992702,6.372065,0.000094,26.365132,7.393022,0.772495,176.737613,0.015549,7.750174,221.695389,229.461409,229.726704,0.265295,229.858250
496,vehicle0,1062.958000,1062.848000,417.798457,1,ok,26457,21572,1,0.127052,0.012363,0.000679,0.092389,5.413813,6.125119,0.000106,24.772239,5.942265,0.862640,189.834118,0.004606,7.630875,233.042689,240.678849,241.285529,0.606680,241.424944
497,vehicle0,1063.151000,1063.048000,418.612084,1,ok,26516,21640,1,0.265487,0.007720,0.000404,0.099250,5.224163,6.533987,0.000236,24.153155,6.402805,0.708712,166.465487,0.004322,6.731194,209.587795,216.323715,218.166392,1.842677,218.439599
498,vehicle0,1063.356000,1063.249000,419.466017,1,ok,26546,21686,1,0.321420,0.007491,0.000309,1.449655,5.374780,5.575853,0.000185,25.728595,5.998678,0.858657,183.263292,0.012114,6.653387,228.249695,234.915505,235.350349,0.434844,235.679260
499,vehicle0,1063.560000,1063.451000,420.315842,1,ok,26478,21615,1,0.095958,0.007798,0.000276,0.069211,7.302932,5.737848,0.000074,26.731442,7.878187,0.806860,181.124040,0.003609,7.077629,229.650594,236.732108,237.838465,1.106357,237.942221
500,vehicle0,1063.758000,1063.649000,421.081676,1,ok,26425,21549,1,0.170435,0.004792,0.000177,0.073997,4.047561,6.213343,0.000178,22.836496,4.691936,0.694307,148.397364,0.013808,6.806954,186.955182,193.776121,194.029725,0.253604,194.204952
501,vehicle0,1063.958000,1063.849000,421.943331,1,ok,26506,21650,1,0.237815,0.005833,0.000358,0.078795,3.880362,7.417027,0.000033,24.973931,6.686591,0.870570,166.404106,0.003192,6.529806,210.311415,216.844771,217.114646,0.269875,217.358294
502,vehicle0,1064.156000,1064.051000,422.810992,1,ok,26648,21813,1,0.214743,0.006052,0.000265,0.092311,5.594004,8.944190,0.000146,27.349812,7.856934,0.881900,184.292913,0.004656,8.089772,235.012210,243.106903,243.809127,0.702224,244.029922
503,vehicle0,1064.360000,1064.250000,423.672225,1,ok,26887,22054,1,0.108022,0.007143,0.000376,0.096725,7.896735,9.220940,0.000227,36.360195,7.451687,0.802898,196.669496,0.004608,7.084824,258.498903,265.588711,265.864344,0.275633,265.979509
504,vehicle0,1064.565000,1064.449000,424.507984,1,ok,27006,22159,1,0.098481,0.006112,0.000416,0.102650,7.484685,6.720331,0.000080,34.448703,10.714025,1.002415,224.606088,0.006729,6.597395,285.078977,291.683517,291.953494,0.269977,292.058087
505,vehicle0,1064.764000,1064.649000,425.330471,1,ok,27126,22092,1,0.174747,0.329670,0.000296,0.091998,7.198811,7.418443,0.000076,34.717160,10.809276,0.785095,237.905569,0.047553,7.165577,298.926428,306.139854,306.543583,0.403729,307.048000
506,vehicle0,1064.965000,1064.852000,426.165557,1,ok,27435,22260,1,0.160123,0.006274,0.000302,0.060588,9.854935,6.774001,0.000099,37.909429,11.153482,0.729418,211.840281,0.008971,6.717868,278.322233,285.049374,285.420420,0.371046,285.586817
507,vehicle0,1065.162000,1065.050000,426.995488,1,ok,27724,22545,1,0.417789,0.008053,0.000215,0.092573,6.873170,6.304542,0.000074,31.196125,8.191075,0.876026,216.563457,0.028904,6.765628,270.097042,276.891789,277.443814,0.552025,277.869656
508,vehicle0,1065.359000,1065.249000,427.837769,1,ok,28007,22933,1,0.278844,0.008392,0.000244,0.102352,6.256002,7.072781,0.000072,31.012072,7.176796,0.857405,217.131520,0.005384,7.222117,269.609000,276.836745,277.359624,0.522879,277.646860
509,vehicle0,1065.556000,1065.448000,428.628803,1,ok,28414,23415,1,0.290229,0.009533,0.000236,0.103648,6.118027,8.369088,0.000147,31.153207,9.174309,0.923534,190.752033,0.004909,6.702616,246.593993,253.301754,253.733997,0.432243,254.033759
510,vehicle0,1065.764000,1065.651000,429.538334,1,ok,28762,23806,1,0.145279,0.006508,0.000356,0.123212,12.789552,6.267929,0.000106,38.370250,12.877542,0.877501,236.661346,0.042429,6.808361,307.967438,314.818584,315.228697,0.410113,315.380484
511,vehicle0,1065.964000,1065.850000,430.377500,1,ok,29038,24173,1,0.100205,0.008954,0.000269,0.134478,10.101360,9.761277,0.000357,40.234733,17.550103,1.069899,230.417534,0.003696,8.535722,309.269741,317.809428,318.453485,0.644057,318.562644
512,vehicle0,1066.167000,1066.049000,431.220772,1,ok,29161,24575,1,0.151010,0.006127,0.000243,0.105528,10.122390,8.001984,0.000135,39.672481,12.109058,0.697735,243.315534,0.006857,7.573247,314.024845,321.605192,321.922254,0.317062,322.079391
513,vehicle0,1066.369000,1066.249000,432.053572,1,ok,29224,24877,1,0.147003,0.004486,0.000209,0.067011,9.930271,7.601142,0.000115,37.769542,11.103218,0.944993,238.659345,0.008742,7.281526,306.075637,313.366114,313.684782,0.318668,313.836271
514,vehicle0,1066.566000,1066.449000,432.925086,1,ok,29176,24994,1,0.174265,0.006861,0.000244,0.105821,14.736424,9.355335,0.000166,55.256257,17.668888,1.151190,258.113087,0.004722,8.679937,356.387168,365.072071,365.687942,0.615871,365.869068
515,vehicle0,1066.765000,1066.650000,433.704349,1,ok,29110,25056,1,0.137872,0.011221,0.000306,0.123656,8.213530,8.740680,0.000091,30.045753,8.634665,0.720373,232.562742,0.003924,6.992489,289.041490,296.038209,296.318017,0.279808,296.467110
516,vehicle0,1066.967000,1066.849000,434.529005,1,ok,29112,25171,1,0.182004,0.008146,0.000280,0.109708,7.671166,7.248620,0.000112,32.541355,8.408226,0.705694,210.749005,0.049625,6.118875,267.433886,273.602666,273.859715,0.257049,274.049865
517,vehicle0,1067.160000,1067.049000,435.322714,1,ok,29190,25296,1,0.099557,0.009027,0.000493,0.132553,8.062948,7.370522,0.000077,32.973774,9.223743,0.937915,212.473993,0.004416,6.440338,271.175525,277.620772,278.118049,0.497277,278.226633
518,vehicle0,1067.357000,1067.251000,436.163732,1,ok,29230,25386,1,0.143266,0.008271,0.000336,0.122446,7.625066,6.565288,0.000105,32.494773,7.488823,0.705452,214.905557,0.004614,6.151000,269.907510,276.063460,276.521867,0.458407,276.673404
519,vehicle0,1067.557000,1067.449000,437.021264,1,ok,29192,25425,1,0.257346,0.006119,0.000184,0.068605,7.710987,8.707242,0.000084,32.314190,9.079609,0.705836,217.130569,0.003581,7.190073,275.717122,282.910960,283.394967,0.484007,283.658432
520,vehicle0,1067.758000,1067.650000,437.880191,1,ok,29217,25512,1,0.111039,0.010227,0.000399,0.118618,8.685701,7.106975,0.000134,31.175783,7.511910,0.799861,208.443859,0.005375,6.312741,263.842841,270.161356,270.489972,0.328616,270.611238
521,vehicle0,1067.963000,1067.849000,438.739541,1,ok,29238,25603,1,0.233180,0.007225,0.000268,0.115202,9.791826,11.956576,0.000135,31.289463,9.085251,1.007021,236.742035,0.005149,6.954395,299.987509,306.947321,307.343319,0.395998,307.583724
522,vehicle0,1068.165000,1068.050000,439.569209,1,ok,29178,25604,1,0.281606,0.005318,0.000285,0.081560,6.865159,8.235151,0.000100,36.058949,8.501775,0.763122,220.070086,0.013328,8.746391,280.575902,289.335906,289.609062,0.273156,289.895986
523,vehicle0,1068.369000,1068.250000,440.391327,1,ok,29150,25598,1,0.236474,0.006407,0.000269,0.101083,6.717160,7.496818,0.000081,44.267654,6.780986,0.700490,213.913763,0.004098,8.637127,279.978035,288.619529,288.883999,0.264470,289.126880
524,vehicle0,1068.555000,1068.450000,441.201764,1,ok,28996,25527,1,0.207791,0.005866,0.000282,0.122512,7.207469,7.330955,0.000109,39.644620,8.105966,0.907521,212.316642,0.003611,6.629404,275.635794,282.269091,282.683857,0.414766,282.897514
525,vehicle0,1068.768000,1068.653000,442.067380,1,ok,28824,25396,1,0.167445,0.006603,0.000187,0.101546,7.199597,7.891138,0.000208,34.258881,7.747042,4.246831,225.110895,0.004138,7.922503,286.556138,294.482966,295.144752,0.661786,295.318800
526,vehicle0,1068.957000,1068.851000,442.914771,1,ok,28648,25240,1,0.263470,0.008662,0.000327,0.134007,8.618653,8.185304,0.000133,31.758301,9.413763,0.936197,204.577845,0.007372,6.662836,263.624203,270.294738,270.963553,0.668815,271.235685
527,vehicle0,1069.170000,1069.051000,443.774906,1,ok,28557,25132,1,0.279583,0.007724,0.000203,0.105953,9.326102,8.754184,0.000222,40.291917,12.591964,0.716766,229.010255,0.042502,6.738704,300.797363,307.578772,307.953381,0.374609,308.240688
528,vehicle0,1069.366000,1069.252000,444.584368,1,ok,28413,24991,1,0.161990,0.006739,0.000350,0.111572,6.856161,7.962023,0.000090,33.402725,8.035178,0.934002,212.521979,0.004065,7.502679,269.823730,277.330824,277.636978,0.306154,277.805707
529,vehicle0,1069.558000,1069.451000,445.370174,1,ok,28317,24923,1,0.254853,0.009285,0.000396,0.115932,6.716299,8.595918,0.000108,32.304694,8.350401,0.880968,180.120687,0.005143,6.366156,237.085007,243.456702,243.836844,0.380142,244.100982
530,vehicle0,1069.762000,1069.651000,446.260959,1,ok,28189,24845,1,0.144918,0.006357,0.000469,0.117216,9.223685,11.115854,0.000168,35.162950,7.519771,0.710521,200.393096,0.051427,8.151820,264.243261,272.446977,272.971125,0.524148,273.122400
531,vehicle0,1069.960000,1069.851000,447.084003,1,ok,28037,24732,1,0.272871,0.174773,0.000415,0.126504,7.855527,7.643668,0.000084,37.141619,8.023936,0.825465,190.776297,0.007271,7.875005,252.393100,260.275791,260.679438,0.403647,261.127082
532,vehicle0,1070.156000,1070.050000,447.887051,1,ok,27885,24595,1,0.140914,0.007409,0.000215,0.076746,8.166272,8.544556,0.000077,45.316747,10.935880,0.927014,182.728169,0.004589,8.491039,256.695461,265.191304,265.498347,0.307043,265.646670
533,vehicle0,1070.360000,1070.251000,448.705879,1,ok,27683,24401,1,0.112967,0.009203,0.001140,0.079093,8.684346,7.981922,0.000126,34.111657,8.791726,0.859635,187.002133,0.033996,6.893816,247.510638,254.439590,254.931553,0.491963,255.053723
534,vehicle0,1070.559000,1070.451000,449.495255,1,ok,27468,24182,1,0.133724,0.008007,0.000245,0.089832,8.434050,8.038054,0.000074,33.181669,8.776155,0.770743,180.467375,0.005411,6.401740,239.757952,246.165348,246.462345,0.296997,246.604076
535,vehicle0,1070.758000,1070.652000,450.320307,1,ok,27270,24014,1,0.213305,0.008103,0.000321,0.104611,8.443678,8.971092,0.000102,32.350247,8.902137,0.719794,182.104479,0.004893,7.933296,241.596140,249.534650,249.791936,0.257286,250.013344
536,vehicle0,1070.961000,1070.852000,451.153143,1,ok,27141,23884,1,0.139330,0.043893,0.000294,0.098769,9.044828,7.311042,0.000098,36.495749,8.244969,0.731303,169.908822,0.011407,7.665417,231.835580,239.512698,239.847337,0.334639,240.030560
537,vehicle0,1071.160000,1071.051000,452.003536,1,ok,27124,23883,1,0.128627,0.006708,0.000384,0.093708,11.008346,7.787559,0.000100,43.350101,12.257733,0.847626,190.061277,0.005636,8.652916,265.406450,274.065386,274.698022,0.632636,274.833357
538,vehicle0,1071.361000,1071.250000,452.838340,1,ok,27048,23831,1,0.161492,0.005826,0.000234,0.066142,7.894324,7.219203,0.000089,33.821297,10.922512,0.896249,186.706644,0.032853,6.112364,247.526460,253.671911,254.552779,0.880868,254.720097
539,vehicle0,1071.561000,1071.451000,453.669853,1,ok,26854,23672,1,0.124845,0.005678,0.000215,0.062643,8.526524,14.559033,0.000073,36.202273,10.336416,0.913085,195.640298,0.003110,6.468612,266.240345,272.712282,273.077166,0.364884,273.207689
540,vehicle0,1071.758000,1071.651000,454.521516,1,ok,26664,23528,1,0.122739,0.107988,0.000316,0.097093,8.513707,7.822283,0.000089,34.104041,9.634369,0.747186,195.229314,0.004018,6.437747,256.148082,262.590163,262.878147,0.287984,263.108874
541,vehicle0,1071.964000,1071.853000,455.351284,1,ok,26448,23350,1,0.088221,0.005692,0.000269,0.062790,8.861193,7.121942,0.000089,35.222469,8.873213,0.994401,195.296315,0.012482,7.294777,256.432412,263.739940,264.143040,0.403100,264.236953
542,vehicle0,1072.162000,1072.051000,456.167640,1,ok,26281,23532,1,0.268059,0.006224,0.000325,0.108629,13.663822,9.910916,0.000159,37.563252,9.938005,0.860173,193.149349,0.004877,6.874004,265.194305,272.073511,272.526126,0.452615,272.800409
543,vehicle0,1072.360000,1072.251000,456.999308,1,ok,26105,23712,1,0.255847,0.008543,0.000418,0.106670,12.320274,8.594211,0.000097,35.729547,9.654635,0.742133,191.164025,0.004053,7.294935,258.311592,265.610998,266.087606,0.476608,266.351996
544,vehicle0,1072.557000,1072.452000,457.837229,1,ok,25978,23807,1,0.202948,0.004652,0.000339,0.067809,11.288743,7.763069,0.000091,34.229981,11.044684,0.733655,207.330592,0.014143,6.891004,272.458624,279.364110,279.610620,0.246510,279.818220
545,vehicle0,1072.755000,1072.651000,458.657156,1,ok,25889,23817,1,0.143394,0.007377,0.000393,0.104938,13.087402,7.042829,0.000153,36.259676,11.159397,0.717605,210.384783,0.004700,7.844501,278.756783,286.606377,286.956062,0.349685,287.106833
546,vehicle0,1072.959000,1072.851000,459.490757,1,ok,25836,23870,1,0.098074,0.011268,0.000364,0.102768,9.469777,7.618874,0.000203,35.308221,9.279763,0.713861,180.127346,0.004515,7.141314,242.620813,249.767006,250.285543,0.518537,250.394885
547,vehicle0,1073.163000,1073.052000,460.326079,1,ok,25876,24039,1,0.219897,0.007736,0.000206,0.101134,12.373467,7.619115,0.000092,35.684132,8.612032,0.732336,179.523001,0.003837,7.562118,244.645309,252.211470,252.510691,0.299221,252.738324
548,vehicle0,1073.360000,1073.252000,461.143300,1,ok,26026,24231,1,0.248087,0.010327,0.000301,0.090410,12.811811,9.251818,0.000115,42.780838,11.755905,0.896876,144.370767,0.004585,6.851483,221.958540,228.814909,229.533534,0.718625,229.791948
549,vehicle0,1073.562000,1073.451000,461.981618,1,ok,25939,24184,1,0.135241,0.009794,0.000424,0.068884,14.590668,8.006356,0.000131,43.757257,14.347016,0.712302,144.881100,0.045254,6.765543,226.363714,233.174935,233.440966,0.266031,233.586001
550,vehicle0,1073.761000,1073.651000,462.775561,1,ok,25624,23950,1,0.199476,0.003978,0.000193,0.061496,10.935234,7.651383,0.000126,34.753689,8.605888,0.934382,153.900191,0.003851,6.213030,216.842389,223.059463,223.397153,0.337690,223.600607
551,vehicle0,1073.963000,1073.853000,463.603554,1,ok,25326,23789,1,0.130136,0.026135,0.000209,0.096384,12.636357,7.559534,0.000164,33.406472,10.685523,0.741974,152.410865,0.003834,6.690006,217.537273,224.231322,224.589009,0.357687,224.745280
552,vehicle0,1074.163000,1074.052000,464.416509,1,ok,25032,23585,1,0.211721,0.005200,0.000295,0.063976,9.553766,7.610517,0.000205,36.788057,10.740812,0.736662,147.470179,0.004915,6.885410,212.964174,219.854794,220.111441,0.256647,220.328362
553,vehicle0,1074.362000,1074.251000,465.256797,1,ok,24828,23450,1,0.149474,0.424697,0.000250,0.085844,10.478696,6.807782,0.000134,35.203440,9.144879,0.970774,154.384222,0.004681,8.868610,217.075771,225.949312,226.434603,0.485291,227.008774
554,vehicle0,1074.555000,1074.452000,466.091974,1,ok,24696,23368,1,0.086989,0.008797,0.000451,0.106937,9.261273,8.453354,0.000077,41.826824,11.352777,1.009409,158.125040,0.018884,6.842491,230.135691,236.997517,237.565562,0.568045,237.661348
555,vehicle0,1074.760000,1074.651000,466.901758,1,ok,24526,23274,1,0.087221,0.006216,0.000293,0.062549,9.799186,6.790436,0.000090,39.844235,11.823926,0.739651,165.085288,0.013638,6.313718,234.145361,240.473010,240.781249,0.308239,240.874686
556,vehicle0,1074.959000,1074.851000,467.712767,1,ok,24330,23110,1,0.218445,0.007234,0.000213,0.089963,8.979828,7.760282,0.000094,36.501369,11.245748,0.858775,150.519387,0.003633,8.947420,215.955446,224.906712,225.631941,0.725229,225.857620
557,vehicle0,1075.158000,1075.050000,468.538512,1,ok,24141,22960,1,0.106011,0.005450,0.000319,0.064276,8.313034,7.193538,0.000122,32.547234,9.731532,0.843016,164.230391,0.003871,6.671170,222.923143,229.598503,229.985398,0.386895,230.096859
558,vehicle0,1075.359000,1075.253000,469.375355,1,ok,24025,22822,1,0.230527,0.007848,0.000421,0.096929,13.781929,10.383922,0.000096,34.887034,13.101220,1.088828,167.430804,0.005348,6.278324,240.770762,247.054855,247.541012,0.486157,247.779387
559,vehicle0,1075.559000,1075.451000,470.217663,1,ok,23980,22792,1,0.245165,0.006838,0.000333,0.058106,10.145094,8.290775,0.000080,43.085300,12.547424,0.885798,188.647127,0.005077,8.030138,263.659704,271.695252,272.327148,0.631896,272.579151
560,vehicle0,1075.760000,1075.650000,470.997174,1,ok,24038,22823,1,0.105522,0.007590,0.000433,0.079293,10.345578,8.022570,0.000086,35.402231,10.847866,0.916526,178.882661,0.011247,6.966149,244.496811,251.474640,251.870811,0.396171,251.983923
561,vehicle0,1075.959000,1075.852000,471.799957,1,ok,24096,22826,1,0.215566,0.846745,0.000283,0.072749,7.764361,7.012859,0.000085,37.935917,9.310163,0.739645,192.632774,0.015583,9.283366,255.468553,264.767785,265.286433,0.518648,266.348744
562,vehicle0,1076.160000,1076.054000,472.614769,1,ok,24134,22761,1,0.140784,0.004504,0.000258,0.053854,5.332078,8.002835,0.000081,39.467109,9.435640,0.843251,187.054696,0.004387,7.401854,250.189544,257.596043,257.891550,0.295507,258.036838
563,vehicle0,1076.359000,1076.251000,473.424074,1,ok,24190,22759,1,0.096585,0.006478,0.000228,0.053912,6.173621,8.428975,0.000096,32.716907,8.349972,0.732762,185.209752,0.005739,7.745117,241.665997,249.417081,249.703050,0.285969,249.806113
564,vehicle0,1076.560000,1076.450000,474.252466,1,ok,24220,22643,1,0.210176,0.004373,0.000233,0.050896,6.742165,8.512453,0.000077,35.880246,9.879805,0.862731,185.096873,0.004491,7.611741,247.025246,254.641711,254.939007,0.297296,255.153556
565,vehicle0,1076.762000,1076.652000,475.050732,1,ok,24288,22425,1,0.117731,0.006072,0.000293,0.095318,9.307184,8.338548,0.000078,34.435608,10.290822,0.771647,180.256521,0.062093,7.444102,243.495726,251.002214,251.325812,0.323598,251.449615
566,vehicle0,1076.961000,1076.852000,475.848770,1,ok,24376,22482,1,0.204051,0.006941,0.000358,0.093649,6.227478,7.848268,0.000080,34.281918,10.094943,0.703413,157.209160,0.005393,7.799713,216.458909,224.264373,224.517355,0.252982,224.728347
567,vehicle0,1077.160000,1077.053000,476.649222,1,ok,24516,22579,1,0.220032,0.006247,0.000218,0.052734,6.127281,7.888351,0.000092,33.969551,10.069160,1.105008,153.825281,0.004420,6.083971,213.037458,219.126067,219.524821,0.398754,219.751100
568,vehicle0,1077.359000,1077.251000,477.474366,1,ok,24706,22717,1,0.122887,0.006037,0.000209,0.084471,6.781246,7.087226,0.000211,35.500660,9.486244,0.928674,171.566376,0.012085,7.027652,231.435108,238.475054,238.952611,0.477557,239.081535
569,vehicle0,1077.559000,1077.452000,478.261430,1,ok,24984,22903,1,0.136952,0.006523,0.000431,0.076191,7.796430,7.938375,0.000120,35.855633,9.191730,0.716652,168.945372,0.005203,7.366880,230.520503,237.893017,238.181015,0.287998,238.324490
570,vehicle0,1077.758000,1077.651000,479.173532,1,ok,25243,23077,1,0.155635,0.014444,0.000296,0.098859,10.050766,10.345653,0.000323,37.619318,11.144599,0.804728,203.268743,0.003146,6.344656,273.332989,279.681087,280.001404,0.320317,280.171483
571,vehicle0,1077.959000,1077.852000,479.965583,1,ok,25480,23266,1,0.137599,0.008087,0.000235,0.098644,7.849808,9.340371,0.000189,37.319678,8.660753,0.899221,148.489477,0.044219,6.625395,212.658141,219.327990,219.881782,0.553792,220.027468
572,vehicle0,1078.158000,1078.053000,480.794382,1,ok,25534,23296,1,0.114394,0.004408,0.000352,0.057048,7.440034,7.784837,0.000076,34.010769,7.769067,0.701308,178.107294,0.003721,7.242574,235.870433,243.117080,243.497168,0.380088,243.615970
573,vehicle0,1078.361000,1078.251000,481.639528,1,ok,25561,23316,1,0.222213,0.006548,0.000340,0.752131,8.403805,7.652790,0.000077,33.156872,9.155297,0.705410,191.246683,0.005135,6.116506,251.073065,257.195046,257.437938,0.242892,257.666699
574,vehicle0,1078.562000,1078.458000,482.451875,1,ok,25702,23417,1,0.125238,0.008753,0.000415,0.084578,7.111017,8.249209,0.000138,37.799655,10.500082,0.714627,205.410202,0.014504,7.324367,269.869508,277.208794,277.508401,0.299607,277.642392
575,vehicle0,1078.764000,1078.653000,483.251797,1,ok,25918,23611,1,0.106222,0.015833,0.000277,0.073718,6.538995,9.384167,0.000105,40.109849,9.659792,0.704649,201.617315,0.004150,8.482198,268.088590,276.575215,276.929971,0.354756,277.052026
576,vehicle0,1078.963000,1078.852000,484.074127,1,ok,26129,23768,1,0.138791,0.004653,0.000197,0.055857,6.211475,8.319814,0.000125,36.384110,10.216976,0.979631,196.041851,0.048390,8.254345,258.209839,266.512771,267.050435,0.537664,267.193879
577,vehicle0,1079.160000,1079.052000,484.894808,1,ok,26292,23898,1,0.222481,0.020498,0.000223,0.093286,6.299403,10.312481,0.000076,40.228953,9.092075,0.986288,220.861854,0.002808,7.589452,287.874416,295.466899,295.779141,0.312242,296.022120
578,vehicle0,1079.368000,1079.251000,485.725189,1,ok,26394,23949,1,0.236078,0.006545,0.000238,0.095807,6.641421,7.901530,0.000083,36.333753,8.696096,0.765917,205.063677,0.004361,8.756937,265.498284,274.259820,274.638208,0.378388,274.880831
579,vehicle0,1079.566000,1079.451000,486.506671,1,ok,26527,23983,1,0.230603,0.008819,0.000430,0.094772,7.617619,8.235560,0.000160,37.881039,9.680963,0.743042,204.901699,0.003602,7.175929,269.154854,276.334815,276.641953,0.307138,276.881375
580,vehicle0,1079.767000,1079.653000,487.307589,1,ok,26794,24131,1,0.201594,0.004794,0.000214,0.055233,7.676458,7.195735,0.000085,38.393955,10.187314,0.740647,214.306618,0.003549,7.280103,278.556045,285.839911,286.062058,0.222147,286.268446
581,vehicle0,1079.965000,1079.852000,488.094581,1,ok,27047,24318,1,0.234874,0.425432,0.000525,0.097083,10.086044,8.517085,0.000199,35.175799,7.974223,0.835684,213.506229,0.010168,8.076236,276.192346,284.279275,284.664102,0.384827,285.324408
582,vehicle0,1080.169000,1080.051000,488.918654,1,ok,27229,24556,1,0.371547,0.005453,0.000332,0.101077,7.212063,8.054687,0.000081,34.806961,7.924739,0.825162,234.012034,0.036093,7.260180,292.936804,300.233409,300.538086,0.304677,300.915086
583,vehicle0,1080.367000,1080.251000,489.731661,1,ok,27285,24665,1,0.224704,0.017644,0.000271,0.082591,7.844290,8.632690,0.000136,36.252746,7.803178,0.715701,245.400862,0.003865,6.624179,306.732194,313.360509,313.787269,0.426760,314.029617
584,vehicle0,1080.566000,1080.452000,490.526286,1,ok,27281,24676,1,0.252022,0.004906,0.000256,0.057225,6.154955,7.883054,0.000106,32.281718,9.558624,0.807802,250.656593,0.005093,7.646315,307.400077,315.051741,315.512852,0.461111,315.769780
585,vehicle0,1080.769000,1080.652000,491.334934,1,ok,27329,24720,1,0.227778,0.006740,0.000386,0.097506,7.534407,10.636984,0.000104,33.026553,8.516984,0.757732,261.803055,0.004728,7.235507,322.373325,329.613946,329.863758,0.249812,330.098276
586,vehicle0,1080.968000,1080.853000,492.079335,1,ok,27350,24742,1,0.213608,0.005066,0.000318,0.068989,5.847870,9.146173,0.000132,37.520062,10.049664,0.814276,228.413324,0.008881,6.951496,291.860490,298.821185,299.194583,0.373398,299.413257
587,vehicle0,1081.171000,1081.051000,492.889085,1,ok,27385,24773,1,0.241514,0.015601,0.000265,0.109237,8.402044,10.068597,0.000124,34.018305,8.949131,0.948557,259.249800,0.017599,7.261141,321.745795,329.024800,329.381009,0.356209,329.638124
588,vehicle0,1081.364000,1081.252000,493.666669,1,ok,27423,24803,1,0.266092,0.005353,0.000219,0.102691,5.996847,8.238787,0.000085,34.829598,8.116095,0.715808,245.717968,0.009568,7.084222,303.717879,310.811888,311.190914,0.379026,311.462359
589,vehicle0,1081.568000,1081.452000,494.430897,1,ok,27456,24831,1,0.155204,0.017926,0.000312,0.119901,5.809761,7.755990,0.000076,37.132792,8.451996,0.861132,245.305374,0.003139,9.554460,305.437022,314.994933,315.390757,0.395824,315.563887
590,vehicle0,1081.768000,1081.653000,495.235123,1,ok,27484,24864,1,0.136204,0.007475,0.000352,0.063588,6.595323,7.582583,0.000110,33.121748,9.626785,0.941057,255.408449,0.012498,9.102603,313.339643,322.455096,322.987225,0.532129,323.130904
591,vehicle0,1081.965000,1081.851000,496.019496,1,ok,27550,24925,1,0.208836,0.007997,0.000300,0.094232,4.777732,8.186182,0.000087,42.223068,8.166508,0.863473,249.564680,0.006468,6.741726,313.875962,320.624456,320.971902,0.347446,321.188735
592,vehicle0,1082.169000,1082.051000,496.849567,1,ok,27578,24957,1,0.263096,0.006855,0.000483,0.071931,4.635099,7.820935,0.000075,31.549013,8.504126,0.867074,272.765619,0.012305,9.166302,326.213872,335.392962,335.898927,0.505965,336.168878
593,vehicle0,1082.365000,1082.252000,497.632253,1,ok,27574,24959,1,0.257656,0.479651,0.000351,0.092873,6.552630,7.412034,0.000081,34.613825,6.726377,0.712972,258.051391,0.067238,6.790754,314.162183,321.020526,321.286318,0.265792,322.023625
594,vehicle0,1082.565000,1082.452000,498.408412,1,ok,27543,24936,1,0.301835,0.013747,0.000364,0.101740,7.711289,9.218950,0.000074,35.621584,7.136013,0.742842,267.177542,0.003568,6.436085,327.710034,334.150051,334.415895,0.265844,334.731477
595,vehicle0,1082.767000,1082.651000,499.211128,1,ok,27545,24935,1,0.114166,0.008018,0.000300,0.094681,5.580046,7.541544,0.000081,34.018200,8.605745,0.756025,291.861870,0.004457,7.634119,348.458192,356.097068,356.386330,0.289262,356.508514
596,vehicle0,1082.965000,1082.851000,500.023354,1,ok,27518,24906,1,0.390410,0.008075,0.000382,0.064480,7.580067,8.431475,0.000307,32.819546,8.201615,0.763876,273.605419,0.005046,9.009314,331.466785,340.481527,340.762164,0.280637,341.160649
597,vehicle0,1083.163000,1083.052000,500.790230,1,ok,27547,24942,1,0.198480,0.008365,0.000319,0.102351,4.933068,7.552487,0.000087,31.113230,8.127461,0.813438,255.507943,0.004753,6.736397,308.150065,314.891534,315.222952,0.331418,315.429797
598,vehicle0,1083.369000,1083.251000,501.589940,1,ok,27604,25003,1,0.192780,0.009985,0.000421,0.158655,4.838688,6.847831,0.000120,32.230265,8.316106,0.754589,250.482279,0.035665,6.780032,303.628533,310.444651,310.839711,0.395060,311.042476
599,vehicle0,1083.568000,1083.451000,502.423853,1,ok,27654,25029,1,0.146925,0.008273,0.000324,0.098489,8.732556,11.598090,0.000140,33.766159,10.499153,0.856756,289.753916,0.005268,7.915849,355.305259,363.226700,363.762421,0.535721,363.917619
600,vehicle0,1083.765000,1083.652000,503.240634,1,ok,27593,24945,1,0.087526,0.008172,0.000254,0.117037,5.488934,8.576166,0.000092,34.119563,8.359601,0.787207,292.926824,0.004348,8.408668,350.375424,358.788694,359.268891,0.480197,359.364589
601,vehicle0,1083.977000,1083.850000,504.056253,1,ok,27506,24838,1,0.094086,0.006493,0.000516,0.160069,8.830969,9.599584,0.000192,37.737383,8.197028,0.718695,306.810675,0.004624,6.967544,372.054595,379.027279,379.644243,0.616964,379.744822
602,vehicle0,1084.174000,1084.051000,504.829605,1,ok,27597,24911,1,0.234202,0.005479,0.000448,0.122043,6.246723,8.896351,0.000129,38.486960,9.550546,1.973134,305.678913,0.005547,6.199226,370.954799,377.160020,377.593969,0.433949,377.833650
603,vehicle0,1084.380000,1084.252000,505.595848,1,ok,27782,25030,1,0.259602,0.012731,0.000208,0.068782,6.679441,9.001703,0.000104,38.420270,8.976541,0.903303,304.470432,0.055102,6.662127,368.520576,375.238013,376.527897,1.289884,376.800230
604,vehicle0,1084.584000,1084.452000,506.391774,1,ok,27956,25132,1,0.163185,0.004309,0.000249,0.063542,8.788291,9.512335,0.000072,38.705782,9.042649,0.757298,310.077841,0.012303,9.288423,376.947810,386.248785,386.751785,0.503000,386.919279
605,vehicle0,1084.790000,1084.652000,507.169869,1,ok,27924,25015,1,0.134166,0.014911,0.000346,0.128565,6.226910,8.223332,0.000082,39.345858,9.788574,2.030964,311.701809,0.004160,8.358078,377.446094,385.808678,386.277967,0.469289,386.427044
606,vehicle0,1084.996000,1084.852000,507.965016,1,ok,27855,24903,1,0.124851,0.007581,0.000221,0.094671,6.835638,9.271572,0.000073,40.713127,9.418865,0.727533,329.592961,0.004824,7.413327,396.654440,404.072812,404.386651,0.313839,404.519083
607,vehicle0,1085.224000,1085.051000,508.759757,1,ok,27829,24867,1,0.134466,0.007635,0.000291,0.098468,9.230884,9.400575,0.000126,38.996514,11.213690,0.865373,356.674201,0.004414,7.898800,426.479831,434.383336,434.863668,0.480332,435.005769
608,vehicle0,1085.392000,1085.251000,509.511783,1,ok,27806,24783,1,0.097337,0.006699,0.000291,0.093328,7.111644,9.327325,0.000243,40.781643,9.421841,0.721851,337.131727,0.029087,8.343395,404.589602,412.962375,413.476078,0.513703,413.580114
609,vehicle0,1085.580000,1085.451000,510.288908,1,ok,27687,24565,1,0.134776,0.004656,0.000223,0.053983,6.775440,8.063388,0.000098,40.698792,10.254319,0.853214,319.166747,0.003620,8.882398,385.865981,394.752222,395.174499,0.422277,395.313931
610,vehicle0,1085.787000,1085.652000,511.082244,1,ok,27634,24409,1,0.229635,0.011210,0.000297,0.098071,5.328783,7.648248,0.000099,39.342502,10.410664,0.926876,324.108163,0.003593,7.015703,387.863406,394.882999,395.457802,0.574803,395.698647
611,vehicle0,1085.985000,1085.851000,511.853165,1,ok,27669,24341,1,0.248105,0.021655,0.000372,0.099396,7.268060,10.953204,0.000211,36.808648,7.598400,0.711662,305.504786,0.015578,11.359481,368.944367,380.319798,380.652996,0.333198,380.922756
612,vehicle0,1086.171000,1086.050000,512.584526,1,ok,27624,24238,1,0.108968,0.006100,0.000305,0.098504,6.445358,8.075423,0.000079,35.782369,7.591724,0.818032,295.501438,0.003828,7.201732,354.312927,361.518792,361.814958,0.296166,361.930026
613,vehicle0,1086.400000,1086.251000,513.417445,1,ok,27356,23971,1,0.158754,0.005628,0.000331,0.095827,8.293842,9.333090,0.000103,35.924925,9.019374,0.870285,344.985843,0.076338,8.453722,408.523289,417.053680,417.540647,0.486967,417.705029
614,vehicle0,1086.608000,1086.451000,514.233580,1,ok,27056,23694,1,0.107186,0.007387,0.000312,0.061625,7.614920,8.234705,0.000134,37.216376,9.447314,0.952690,367.079325,0.006163,7.970659,430.607089,438.584223,438.972348,0.388125,439.086921
615,vehicle0,1086.846000,1086.651000,515.032017,1,ok,26891,23550,1,0.235823,0.006223,0.000323,0.055731,6.864726,9.812388,0.000122,37.914317,8.197521,0.739959,384.088346,0.003210,6.488875,447.673110,454.165518,454.388966,0.223448,454.631012
616,vehicle0,1087.046000,1086.850000,515.823340,1,ok,26688,23374,1,0.216168,0.007171,0.000325,0.089697,7.562738,11.158356,0.000177,40.286246,7.596915,0.739295,380.684607,0.005397,9.336449,448.118031,457.460202,457.792973,0.332771,458.016312
617,vehicle0,1087.239000,1087.051000,516.606248,1,ok,26475,23151,1,0.103800,0.011195,0.000439,0.094182,8.774494,9.615153,0.000346,39.861986,8.984537,0.901546,390.296670,0.003324,6.450491,458.528914,464.983168,465.351889,0.368721,465.466884
618,vehicle0,1087.421000,1087.251000,517.388748,1,ok,26239,22896,1,0.227689,0.007526,0.000276,0.074804,7.245237,9.649446,0.000118,39.834140,7.953497,0.767285,366.401385,0.036446,8.543105,431.925912,440.505739,440.855347,0.349608,441.090562
619,vehicle0,1087.628000,1087.452000,518.183510,1,ok,26038,22798,1,0.293807,0.006536,0.000273,0.096076,7.871368,9.291174,0.000094,42.250318,11.243212,0.731455,370.305790,0.003627,6.909134,441.789487,448.702521,449.098472,0.395951,449.398815
620,vehicle0,1087.852000,1087.651000,518.963618,1,ok,25957,22951,1,0.124189,0.008607,0.000292,0.086719,7.676679,8.999050,0.000079,42.217207,8.839502,0.894515,374.698829,0.003705,8.976315,443.412580,452.392892,453.023780,0.630888,453.156576
621,vehicle0,1088.043000,1087.852000,519.716623,1,ok,25884,23120,1,0.113801,0.007350,0.000289,0.098475,9.195636,13.137518,0.000109,45.236479,8.982126,0.831449,363.039462,0.004261,7.315089,440.521254,447.840893,448.213049,0.372156,448.334200
622,vehicle0,1088.180000,1088.051000,520.420778,1,ok,25846,23184,1,0.146422,0.005048,0.000230,0.058513,5.613365,9.558640,0.000101,37.685077,7.607904,0.720216,310.105650,0.013235,9.323384,371.349466,380.686315,381.171173,0.484858,381.322643
623,vehicle0,1088.363000,1088.252000,521.188628,1,ok,25864,23214,1,0.257110,0.008005,0.000261,0.089456,7.888994,9.973723,0.000145,37.688087,8.238033,1.069333,297.741725,0.005184,6.991780,362.689496,369.686721,370.250052,0.563331,370.515167
624,vehicle0,1088.615000,1088.451000,522.003500,1,ok,25846,23188,1,0.117357,0.006616,0.000336,0.089374,5.172658,8.739496,0.000078,39.727312,12.806716,1.073207,333.248384,0.037051,7.468815,400.857225,408.363427,408.985299,0.621872,409.109272
625,vehicle0,1088.779000,1088.651000,522.696318,1,ok,25856,23181,1,0.129263,0.004020,0.000262,0.051566,5.378783,9.249330,0.000094,37.392468,6.468653,0.832843,302.695597,0.004510,6.306519,362.069334,368.380625,368.661718,0.281093,368.795001
626,vehicle0,1088.989000,1088.851000,523.463757,1,ok,25846,23159,1,0.227049,0.006877,0.000345,0.056720,6.516243,11.150128,0.000080,38.142462,7.152585,0.810311,313.670898,0.003477,7.290742,377.499427,384.793991,385.276637,0.482646,385.510563
627,vehicle0,1089.171000,1089.050000,524.200156,1,ok,25880,23186,1,0.090493,0.006358,0.000260,0.052275,6.332609,9.986651,0.000095,39.712833,7.365803,1.121549,308.584529,0.004299,7.565242,373.156344,380.726145,381.201227,0.475082,381.298078
628,vehicle0,1089.397000,1089.250000,524.989148,1,ok,25884,23194,1,0.151630,0.007037,0.000292,0.063913,5.010686,13.000838,0.000146,35.073283,8.430706,0.709665,313.568657,0.012841,8.353206,375.857894,384.224233,384.768818,0.544585,384.927485
629,vehicle0,1089.574000,1089.453000,525.745681,1,ok,25785,23084,1,0.177778,0.006281,0.000307,0.087999,5.558053,8.818525,0.000110,38.945935,10.885156,0.894662,315.179290,0.003361,6.413888,380.369730,386.787286,387.111208,0.323922,387.295267
630,vehicle0,1089.781000,1089.652000,526.514516,1,ok,25742,23040,1,0.098350,0.006719,0.000259,0.093193,5.600878,13.067621,0.000135,37.052154,7.643354,0.734522,304.255878,0.079392,9.021138,368.447735,377.548524,377.902783,0.354259,378.007852
631,vehicle0,1089.993000,1089.851000,527.291450,1,ok,25722,22990,1,0.212831,0.008600,0.000229,0.096020,7.804987,10.425389,0.000125,39.409734,7.005394,0.720955,301.073019,0.004926,6.757481,366.535623,373.298259,373.622200,0.323941,373.843631
632,vehicle0,1090.172000,1090.050000,528.046653,1,ok,25754,22983,1,0.131457,0.004187,0.000255,0.054090,5.756265,9.537663,0.000111,36.507153,6.949020,0.881451,323.485451,0.004467,7.658462,383.171204,390.834388,391.236596,0.402208,391.372240
633,vehicle0,1090.383000,1090.251000,528.829835,1,ok,25807,22992,1,0.250710,0.007105,0.000330,0.099812,6.076443,9.318573,0.000082,37.183341,8.310109,0.782073,325.556551,0.004403,7.522685,387.326984,394.854402,395.165601,0.311199,395.423416
634,vehicle0,1090.595000,1090.451000,529.598093,1,ok,25716,22901,1,0.126913,0.006923,0.000384,0.090654,7.140747,10.178952,0.000077,37.888430,7.084897,0.761254,321.767948,0.004521,7.729429,384.912959,392.647293,392.931712,0.284419,393.065548
635,vehicle0,1090.852000,1090.654000,530.429905,1,ok,25574,22789,1,0.105145,0.012855,0.000303,0.090147,6.916968,8.819944,0.000105,38.248767,9.744151,0.804683,397.563849,0.014114,7.914572,462.188614,470.117603,470.400639,0.283036,470.518639
636,vehicle0,1091.050000,1090.852000,531.214118,1,ok,25448,22729,1,0.097753,0.013504,0.000343,0.063480,8.797787,10.713565,0.000105,41.238471,9.609133,0.720915,398.328070,0.004740,7.843697,469.471526,477.320306,477.700443,0.380137,477.811700
637,vehicle0,1091.252000,1091.050000,532.013432,1,ok,25391,22693,1,0.239134,0.813241,0.000353,0.089315,6.501095,9.524966,0.000074,39.508432,9.336882,0.756027,426.350064,0.005490,7.010459,492.066855,499.083157,499.570007,0.486850,500.622382
638,vehicle0,1091.451000,1091.252000,532.769431,1,ok,25298,22561,1,0.093493,0.006505,0.000321,0.093493,5.946324,9.178228,0.000123,42.175200,8.908063,0.796958,404.703937,0.005292,7.359672,471.802326,479.167611,479.598056,0.430445,479.698054
639,vehicle0,1091.652000,1091.451000,533.539669,1,ok,25289,22414,1,0.247551,0.007547,0.000425,0.060031,7.053966,8.774230,0.000158,42.260974,11.144615,0.847716,406.751744,0.003609,6.221924,476.893434,483.119392,483.617115,0.497723,483.872213
640,vehicle0,1091.852000,1091.652000,534.308116,1,ok,25271,22332,1,0.147579,0.007662,0.000242,0.107620,8.527086,11.560849,0.000074,42.517898,8.906388,0.747247,406.863994,0.018422,6.763509,479.231156,486.013329,486.404373,0.391044,486.559614
641,vehicle0,1092.051000,1091.852000,535.088323,1,ok,25184,22241,1,0.230095,0.007429,0.000374,0.086561,8.971843,12.339297,0.000104,41.058504,7.370393,0.719728,420.913530,0.004784,6.739494,491.459960,498.204612,498.485950,0.281338,498.723474
642,vehicle0,1092.227000,1092.051000,535.808244,1,ok,25185,22154,1,0.126848,0.005780,0.000256,0.092473,6.415198,9.232766,0.000110,48.748526,9.845557,0.809220,370.903743,0.003451,6.307958,446.047593,452.359258,452.638938,0.279680,452.771566
643,vehicle0,1092.453000,1092.248000,536.608762,1,ok,25179,21988,1,0.203451,0.008054,0.000320,0.085630,6.314195,10.563869,0.000197,40.305578,10.747508,0.869349,398.576457,0.004023,7.812019,467.462783,475.279145,475.911758,0.632613,476.123263
644,vehicle0,1092.622000,1092.453000,537.378900,1,ok,25395,22091,1,0.136453,0.006218,0.000251,0.087106,5.641542,8.731347,0.000210,38.738757,9.872143,0.920456,381.866331,0.005889,8.634538,445.857892,454.498570,455.256155,0.757585,455.398826
645,vehicle0,1092.789000,1092.649000,538.110384,1,ok,25664,22383,1,0.085699,0.004478,0.000339,0.053557,4.833119,9.124532,0.000101,37.165295,6.954302,0.909222,321.875423,0.003752,6.533752,380.915551,387.453394,387.775895,0.322501,387.866072
646,vehicle0,1093.014000,1092.851000,538.925291,1,ok,25959,22698,1,0.237723,0.006510,0.000202,0.054673,5.132511,8.845560,0.000389,36.364326,9.933500,1.060783,329.340192,0.013769,8.488331,390.731934,399.234236,399.714083,0.479847,399.958316
647,vehicle0,1093.252000,1093.051000,539.777205,1,ok,26117,22819,1,0.178064,0.007320,0.000297,0.083555,7.501379,8.406442,0.000082,40.754282,9.067557,0.887865,416.086986,0.004058,6.577697,482.788148,489.370200,489.780042,0.409842,489.965426
648,vehicle0,1093.451000,1093.252000,540.569293,1,ok,26274,22843,1,0.209770,0.006272,0.000274,0.086814,7.466890,9.133249,0.000086,48.691245,11.165845,0.850478,407.236082,0.016901,6.452249,484.630689,491.100113,491.714096,0.613983,491.930138
649,vehicle0,1093.640000,1093.451000,541.327429,1,ok,26531,22862,1,0.157225,0.004432,0.000218,0.056391,6.592120,9.272370,0.000092,40.682286,11.704728,0.942911,393.024148,0.015649,7.070129,462.275046,469.361042,469.883359,0.522317,470.045016
650,vehicle0,1093.853000,1093.654000,542.180077,1,ok,26732,22918,1,0.266095,0.018992,0.000308,0.110251,9.286050,11.508295,0.000158,42.132068,8.972188,0.952700,422.309441,0.005535,8.318869,495.271151,503.595863,504.128057,0.532194,504.413144
651,vehicle0,1094.041000,1093.853000,542.918862,1,ok,26928,23073,1,0.249944,0.007428,0.000290,0.099272,9.395726,9.987509,0.000116,44.718067,9.492710,0.786802,371.148427,0.044050,8.265493,445.628629,453.938462,454.289046,0.350584,454.546418
652,vehicle0,1094.227000,1094.053000,543.744593,1,ok,27139,23303,1,0.212461,0.009427,0.000299,0.086848,6.675186,10.518836,0.000141,36.849454,9.149226,0.888654,412.489682,0.018798,7.455990,476.658027,484.133114,484.812715,0.679601,485.034603
653,vehicle0,1094.453000,1094.255000,544.540705,1,ok,27455,23542,1,0.206049,0.009460,0.000346,0.092547,8.765759,9.248289,0.000098,38.407513,8.791430,0.903164,386.929443,0.004247,7.188795,453.138243,460.331631,460.729051,0.397420,460.944560
654,vehicle0,1094.650000,1094.453000,545.334269,1,ok,27696,23679,1,0.109735,0.005174,0.000421,0.077115,7.225176,8.454910,0.000114,36.511548,9.339983,0.751053,404.395025,0.003073,8.193985,466.754924,474.952403,475.288008,0.335605,475.402917
655,vehicle0,1094.840000,1094.653000,546.115486,1,ok,27925,23868,1,0.102065,0.011779,0.000270,0.070427,8.531119,7.833243,0.000094,39.933271,9.928456,1.929554,388.003649,0.004199,8.406740,456.229813,464.641022,465.035523,0.394501,465.149367
656,vehicle0,1095.038000,1094.853000,546.899611,1,ok,28163,24058,1,0.162422,0.008957,0.000277,0.080620,9.109824,8.650904,0.000117,36.877792,10.904796,0.716579,365.410419,0.003736,7.665571,431.751051,439.420635,439.802205,0.381570,439.973584
657,vehicle0,1095.201000,1095.054000,547.656033,1,ok,28314,24195,1,0.104139,0.007213,0.000348,0.071897,7.410500,7.866122,0.000231,37.491012,8.234751,0.865244,351.238138,0.015554,8.467481,413.177895,421.661278,422.011932,0.350654,422.123284
658,vehicle0,1095.369000,1095.253000,548.393783,1,ok,28478,24424,1,0.231438,0.005975,0.000269,0.100483,6.289540,8.632138,0.000184,36.497214,9.760173,0.900212,293.479733,0.004028,7.189927,355.659677,362.853901,363.479372,0.625471,363.716785
659,vehicle0,1095.635000,1095.453000,549.256775,1,ok,28605,24621,1,0.101593,0.008035,0.000367,0.066086,8.896115,8.189725,0.000108,36.459002,9.927970,0.895285,365.595985,0.015598,8.150022,430.030276,438.196263,438.735963,0.539700,438.845591
660,vehicle0,1095.808000,1095.654000,549.995092,1,ok,28748,24827,1,0.246772,0.006776,0.000305,0.093243,7.873069,9.733317,0.000104,35.468038,8.832967,0.856368,335.220814,0.004603,6.634635,398.077920,404.717463,405.134300,0.416837,405.387848
661,vehicle0,1095.988000,1095.855000,550.759015,1,ok,28810,24972,1,0.251018,0.008900,0.000299,0.098339,7.913543,8.681146,0.000233,36.039334,8.774372,0.721501,326.796696,0.006900,9.986367,389.025164,399.018730,399.451512,0.432782,399.711430
662,vehicle0,1096.178000,1096.053000,551.511804,1,ok,28953,25197,1,0.143075,0.753138,0.000558,0.090213,6.998247,10.917573,0.000075,35.450799,8.381386,0.881973,307.467960,0.003924,6.643418,370.188226,376.836126,377.249063,0.412937,378.145276
663,vehicle0,1096.425000,1096.253000,552.332367,1,ok,29012,25334,1,0.151904,0.011017,0.000277,0.085323,7.943353,9.034735,0.000238,36.651458,9.327013,0.719486,352.558609,0.098918,9.226952,416.320215,425.646362,425.955899,0.309537,426.118820
664,vehicle0,1096.632000,1096.451000,553.123789,1,ok,29127,25538,1,0.165106,0.009271,0.000467,0.123883,9.941718,7.892820,0.000135,36.241220,9.006781,0.712347,370.656465,0.016531,12.452541,434.575369,447.044908,447.586399,0.541491,447.760776
665,vehicle0,1096.839000,1096.654000,553.898147,1,ok,29165,25624,1,0.168600,0.008170,0.000349,0.107840,8.445411,8.183536,0.000099,37.187285,9.860874,0.873012,372.794260,0.003424,6.286747,437.452317,443.742837,444.071817,0.328980,444.248587
666,vehicle0,1097.019000,1096.854000,554.675151,1,ok,29208,25668,1,0.305701,0.007948,0.000432,0.118169,8.417849,11.571047,0.000132,35.302825,8.796033,0.741980,346.807582,0.003606,6.396373,411.755617,418.156028,418.705901,0.549873,419.019550
667,vehicle0,1097.229000,1097.054000,555.470103,1,ok,29241,25729,1,0.256725,0.006155,0.000257,0.067116,9.132073,10.037884,0.000136,36.548840,11.096822,0.908678,361.106799,0.003387,8.474630,428.898348,437.376622,437.696976,0.320354,437.959856
668,vehicle0,1097.453000,1097.253000,556.288151,1,ok,29241,25844,1,0.201107,0.005354,0.000292,0.067756,10.730031,7.827401,0.000083,35.480135,8.266667,0.716840,402.455363,0.017664,7.692052,465.544276,473.254284,473.590280,0.335996,473.796741
669,vehicle0,1097.616000,1097.454000,556.908908,1,ok,29219,25969,1,0.140655,0.006810,0.000301,0.126929,9.882014,7.996313,0.000114,37.689453,10.701207,0.710648,353.346500,0.015952,8.710149,420.453178,429.179580,429.866025,0.686445,430.013490
670,vehicle0,1097.854000,1097.652000,557.774185,1,ok,29106,25990,1,0.111115,0.007682,0.000274,0.112109,9.150039,7.610434,0.000094,36.659746,10.819846,0.816065,413.218378,0.011352,9.027887,478.386711,487.426224,487.873565,0.447341,487.992362
671,vehicle0,1098.030000,1097.854000,558.509320,1,ok,28997,25969,1,0.250227,0.008531,0.000171,0.086030,8.024943,8.411473,0.000094,34.109140,9.792061,0.735119,370.600099,0.026006,8.245184,431.758959,440.030320,440.380156,0.349836,440.638914
672,vehicle0,1098.197000,1098.052000,559.273858,1,ok,28884,25907,1,0.138678,0.007252,0.000390,0.117335,8.307581,8.095419,0.000108,36.095850,9.629788,0.936363,335.807706,0.018631,8.462212,398.990150,407.471383,408.226895,0.755512,408.372825
673,vehicle0,1098.416000,1098.254000,560.052607,1,ok,28801,25832,1,0.342847,0.006883,0.000176,0.091570,8.612616,7.666048,0.000148,33.377469,8.558897,0.970496,344.415906,0.004153,7.903392,403.693150,411.600871,411.930916,0.330045,412.280646
674,vehicle0,1098.566000,1098.456000,560.779883,1,ok,28686,25761,1,0.287078,0.012624,0.000194,0.115591,8.046307,6.976882,0.000107,33.212987,9.084865,0.712258,380.596294,0.020063,11.102704,438.745291,449.868252,450.121219,0.252967,450.420921
675,vehicle0,1098.854000,1098.653000,561.698721,1,ok,28581,25787,1,0.258820,0.006933,0.000148,0.091672,14.751889,7.248833,0.000158,35.472932,9.681278,0.849586,406.808499,0.004443,10.936367,474.904847,485.845805,486.362715,0.516910,486.628468
676,vehicle0,1099.051000,1098.854000,562.509787,1,ok,28436,25754,1,0.263778,0.007108,0.000238,0.099475,10.194896,7.038120,0.000141,40.116875,10.368755,0.735308,434.730117,0.003682,6.652275,503.283687,509.939882,510.310138,0.370256,510.581024
677,vehicle0,1099.254000,1099.051000,563.272878,1,ok,28306,25672,1,0.233044,0.007878,0.000265,0.094750,8.670524,8.542161,0.000114,36.893325,10.155472,0.726410,395.265229,0.003845,6.197904,460.347985,466.549999,466.909346,0.359347,467.150268
678,vehicle0,1099.454000,1099.254000,564.058631,1,ok,28223,25585,1,0.109022,0.008798,0.000399,0.078665,10.211592,10.132060,0.000105,40.547866,10.980978,1.371512,393.013794,0.006741,11.412528,466.336572,477.756240,479.027620,1.271380,479.145440
679,vehicle0,1099.654000,1099.454000,564.891258,1,ok,28201,25571,1,0.281175,0.009657,0.000265,0.109849,10.225753,6.472682,0.000152,39.188583,14.701814,0.943468,429.159717,0.018002,7.697184,500.802018,508.517469,508.920426,0.402957,509.211258
680,vehicle0,1099.851000,1099.654000,565.671655,1,ok,28115,25556,1,0.271907,0.007683,0.000314,0.098587,8.718457,7.027314,0.000102,35.748607,10.470772,0.716025,405.819988,0.004292,6.161328,468.599852,474.765786,475.101053,0.335267,475.380643
681,vehicle0,1100.054000,1099.851000,566.488606,1,ok,27974,25477,1,0.159657,0.006692,0.000309,0.100947,11.152926,8.824763,0.000130,44.765762,13.329906,0.882983,401.794201,0.003842,8.863065,480.851618,489.718834,490.318687,0.599853,490.485036
682,vehicle0,1100.253000,1100.054000,567.275973,1,ok,27847,25338,1,0.118063,0.010971,0.000332,0.095777,8.813742,7.169821,0.000103,34.606659,10.116178,0.697387,436.093835,0.004698,7.560515,497.593502,505.159047,505.465085,0.306038,505.594119
683,vehicle0,1100.453000,1100.253000,568.047147,1,ok,27751,25114,1,0.238293,0.008164,0.000198,0.060954,7.374288,7.755142,0.000088,36.932863,11.367977,0.875534,425.807866,0.003404,7.349743,490.174712,497.528057,497.968685,0.440628,498.215142
684,vehicle0,1100.654000,1100.453000,568.884249,1,ok,27620,24855,1,0.270235,0.009586,0.000440,0.087049,8.497924,6.909834,0.000158,33.806183,10.993459,0.859546,477.064421,0.015389,7.901617,538.218574,546.136020,546.690018,0.553998,546.969839
685,vehicle0,1100.855000,1100.654000,569.651820,1,ok,27487,24611,1,0.149864,0.008499,0.000161,0.088698,9.321557,7.439250,0.000082,33.740439,11.665690,0.722467,454.514014,0.004500,8.934034,517.492197,526.430892,526.743313,0.312421,526.901676
686,vehicle0,1101.058000,1100.855000,570.466268,1,ok,27354,24294,1,0.282894,0.109573,0.000288,0.115454,12.614050,6.755401,0.000075,36.884353,11.310832,0.777696,479.795891,0.004775,7.336647,548.253752,555.595462,556.151052,0.555590,556.543519
687,vehicle0,1101.254000,1101.053000,571.241864,1,ok,27189,23645,1,0.111870,0.007716,0.000161,0.116621,8.567103,6.693828,0.000132,34.779600,10.256757,1.014629,479.929039,0.008760,7.780904,541.357709,549.147534,549.528868,0.381334,549.648454
688,vehicle0,1101.453000,1101.254000,572.045324,1,ok,26995,23497,1,0.260934,0.011546,0.000268,0.114727,10.768209,8.125828,0.000134,41.303012,11.458298,0.705142,458.450427,0.004602,7.282454,530.925777,538.213101,538.644110,0.431009,538.916590
689,vehicle0,1101.661000,1101.453000,572.863267,1,ok,26858,23398,1,0.221776,0.007260,0.000260,0.094457,7.765101,6.558078,0.000135,39.260173,12.798810,0.995116,499.820476,0.025526,9.803280,567.292346,577.121412,577.764522,0.643110,577.993558
690,vehicle0,1101.862000,1101.653000,573.677114,1,ok,26814,23313,1,0.128435,0.005935,0.000243,0.114971,11.225111,6.069897,0.000078,39.258932,12.123820,0.742630,518.526566,0.007238,6.298471,588.062005,594.367957,594.759400,0.391443,594.893770
691,vehicle0,1102.059000,1101.854000,574.467358,1,ok,26693,23223,1,0.238579,0.007929,0.000235,0.098912,10.060513,6.743628,0.000118,34.115280,10.677588,0.786723,513.779890,0.003527,6.090558,576.262652,582.356972,582.649810,0.292838,582.896318
692,vehicle0,1102.254000,1102.051000,575.241526,1,ok,26543,23098,1,0.082757,0.007861,0.000282,0.121407,10.221654,8.637298,0.000192,40.457733,12.220517,0.972831,481.930990,0.003997,8.283845,554.562622,562.850746,563.232836,0.382090,563.323454
693,vehicle0,1102.452000,1102.254000,576.054775,1,ok,26473,23021,1,0.126738,0.007030,0.000527,0.128485,11.373464,8.921027,0.000156,45.587283,14.974488,1.034435,467.581651,0.078962,8.988972,549.600989,558.669450,559.169294,0.499844,559.303062
694,vehicle0,1102.654000,1102.452000,576.852982,1,ok,26454,22972,1,0.256565,0.005223,0.000228,0.085301,9.193312,6.646047,0.000182,34.352329,10.774698,0.803374,476.439292,0.004064,7.196959,538.294535,545.495786,546.037469,0.541683,546.299257
695,vehicle0,1102.852000,1102.654000,577.680392,1,ok,26418,22906,1,0.117001,0.005955,0.000170,0.099342,9.026955,6.296848,0.000125,34.986069,10.730965,0.965751,480.305618,0.080821,9.074219,542.411673,551.566883,552.160670,0.593787,552.283626
696,vehicle0,1103.060000,1102.852000,578.550995,1,ok,26425,22881,1,0.315849,0.008533,0.000413,0.094344,9.437080,6.199430,0.000108,43.399631,10.765303,0.805933,503.780723,0.003174,7.617850,574.482552,582.103989,582.500899,0.396910,582.825281
697,vehicle0,1103.253000,1103.051000,579.318623,1,ok,26407,22855,1,0.251312,0.007913,0.000275,0.105881,14.042899,6.808075,0.000104,38.238377,9.400156,1.030215,465.713276,0.013372,8.744707,535.338983,544.097337,544.705604,0.608267,544.964829
698,vehicle0,1103.463000,1103.253000,580.151583,1,ok,26338,22805,1,0.167504,0.042007,0.000278,0.106032,9.297493,6.041879,0.000075,35.094079,9.539569,0.949032,488.266382,0.009326,9.485679,549.294541,558.789824,559.277038,0.487214,559.486549
699,vehicle0,1103.655000,1103.454000,580.897981,1,ok,26276,22744,1,0.227169,0.007363,0.000294,0.079494,13.032201,6.585433,0.000190,39.474712,15.800567,0.698786,454.686944,0.004686,6.502952,530.358327,536.866259,537.189783,0.323524,537.424315
700,vehicle0,1103.853000,1103.655000,581.731600,1,ok,26294,22743,1,0.218636,0.004920,0.000141,0.066191,9.009680,5.779812,0.000128,35.262117,11.966399,0.699816,475.904822,0.020511,6.763601,538.688965,545.473218,545.749305,0.276087,545.972861
701,vehicle0,1104.054000,1103.853000,582.552708,1,ok,26333,22755,1,0.187449,0.005843,0.000262,0.085612,8.586770,7.735597,0.000150,33.977546,14.956368,0.719812,447.189303,0.004151,7.567926,513.251158,520.823497,521.164041,0.340544,521.357333
702,vehicle0,1104.255000,1104.054000,583.353541,1,ok,26379,22782,1,0.153556,0.005200,0.000180,0.072289,8.216821,6.739111,0.000101,35.036916,12.362062,0.855462,438.887479,0.006425,8.633647,502.170241,510.810493,511.151513,0.341020,511.310269
703,vehicle0,1104.458000,1104.255000,584.220882,1,ok,26365,22702,1,0.136731,0.008565,0.000304,0.101178,8.479992,5.935397,0.000091,32.741221,11.772479,0.913735,480.901745,0.004749,7.971374,540.845838,548.822265,549.383873,0.561608,549.529169
704,vehicle0,1104.654000,1104.453000,584.992180,1,ok,26467,22756,1,0.208648,0.005255,0.000190,0.071944,7.936964,5.587342,0.000109,34.387341,9.125106,1.006700,472.767522,0.004838,6.873178,530.883028,537.761234,538.131772,0.370538,538.345675
705,vehicle0,1104.854000,1104.654000,585.799066,1,ok,26459,22683,1,0.256519,0.007437,0.000265,0.102814,10.308873,6.063902,0.000080,35.584662,11.131227,0.999852,477.719047,0.109469,8.058422,541.910457,550.078613,550.790236,0.711623,551.054192
706,vehicle0,1105.053000,1104.854000,586.601104,1,ok,26409,22677,1,0.110710,0.006265,0.000189,0.095687,8.920557,6.360614,0.000095,35.197190,11.817975,0.982370,474.041730,0.003902,6.193506,537.416218,543.613815,544.051729,0.437914,544.168704
707,vehicle0,1105.255000,1105.053000,587.393431,1,ok,26443,22677,1,0.276249,0.006929,0.000176,0.087046,8.189646,7.113464,0.000080,34.944852,12.026384,0.720213,447.435222,0.018098,8.403648,510.516907,518.938829,519.355406,0.416577,519.638584
708,vehicle0,1105.454000,1105.255000,588.270776,1,ok,26528,22731,1,0.105000,0.007922,0.000364,0.110155,10.664524,6.356569,0.000075,33.473621,11.728203,0.971249,470.650548,0.004491,7.101811,533.954944,541.061610,541.441285,0.379675,541.554207
709,vehicle0,1105.657000,1105.456000,588.983163,1,ok,26597,22831,1,0.230966,0.007272,0.000282,0.106806,12.207236,7.367707,0.000115,37.542480,12.912771,0.989057,496.751909,0.006703,8.056306,567.878081,575.941372,576.283180,0.341808,576.521418
710,vehicle0,1105.855000,1105.657000,589.829078,1,ok,26743,23012,1,0.130981,0.006812,0.000238,0.119994,12.983553,7.596503,0.000173,36.983729,11.248776,0.707030,460.974037,0.058568,6.624030,530.613795,537.296631,537.695205,0.398574,537.832998
711,vehicle0,1106.053000,1105.855000,590.653637,1,ok,26921,23254,1,0.139895,0.007018,0.000243,0.109038,10.934503,8.044830,0.000122,46.228062,15.198178,1.040141,464.982499,0.004187,6.616462,546.537373,553.158265,553.657272,0.499007,553.804185
712,vehicle0,1106.255000,1106.053000,591.476236,1,ok,27120,23507,1,0.091292,0.016383,0.000195,0.115379,11.143304,6.200538,0.000113,37.004081,9.427010,0.865365,490.574618,0.003496,6.584994,555.330408,561.919093,562.309989,0.390896,562.417664
713,vehicle0,1106.454000,1106.255000,592.277338,1,ok,27324,23699,1,0.101701,0.007192,0.000341,0.110231,9.170451,8.495742,0.000104,31.419323,12.622033,0.916471,431.081253,0.002866,19.972279,493.815608,513.791094,514.227266,0.436172,514.336159
714,vehicle0,1106.655000,1106.455000,593.066495,1,ok,27473,23770,1,0.187544,0.014959,0.000178,0.104145,7.813002,5.930621,0.000225,33.863788,12.939092,0.988556,435.640636,0.003916,6.450705,497.280065,503.734864,504.137782,0.402918,504.340285
715,vehicle0,1106.854000,1106.655000,593.862512,1,ok,27622,23819,1,0.246377,0.009594,0.000225,0.105008,9.369747,7.013924,0.000086,35.062830,11.711244,0.871280,416.189905,0.004834,6.339360,480.324024,486.668443,487.350074,0.681631,487.606045
716,vehicle0,1107.055000,1106.854000,594.683140,1,ok,27670,23880,1,0.339430,0.008793,0.000309,0.103048,8.348786,6.911490,0.000083,36.455121,14.190297,1.048906,459.893640,0.017077,7.592390,526.951371,534.561147,535.231999,0.670852,535.580222
717,vehicle0,1107.256000,1107.055000,595.433138,1,ok,27671,23883,1,0.289327,0.009191,0.000275,0.207713,10.789051,7.771962,0.000320,36.063714,9.867498,0.906246,415.212248,0.021004,6.185241,480.818752,487.025272,487.521757,0.496485,487.820275
718,vehicle0,1107.454000,1107.256000,596.228710,1,ok,27641,23841,1,0.127134,0.009422,0.000228,0.101053,8.187979,7.264064,0.000107,34.616201,10.409830,0.726098,410.060960,0.005211,6.206297,471.366292,477.578028,478.029705,0.451677,478.166261
719,vehicle0,1107.656000,1107.454000,597.023396,1,ok,27603,23787,1,0.126302,0.005602,0.000205,0.061923,7.737449,7.100559,0.000098,37.405901,13.204742,0.800854,409.809998,0.003327,7.419485,476.121524,483.544541,483.844669,0.300128,483.976573
720,vehicle0,1107.853000,1107.656000,597.864785,1,ok,27592,23769,1,0.213397,0.007666,0.000193,0.106141,9.577808,7.195243,0.000076,37.455860,11.728235,0.983752,432.940477,0.006763,7.312077,499.987592,507.306625,507.821146,0.514521,508.042209
721,vehicle0,1108.054000,1107.853000,598.644675,1,ok,27626,23818,1,0.133800,0.006737,0.000340,0.107488,9.826842,8.060462,0.000123,36.936699,9.546784,0.962842,426.809042,0.005040,6.933901,492.250282,499.189563,499.759806,0.570243,499.900343
722,vehicle0,1108.240000,1108.054000,599.379773,1,ok,27591,23821,1,0.251341,0.007558,0.000173,0.112800,8.914586,6.781354,0.000092,35.911777,9.239736,0.773080,395.113946,0.021722,7.808380,456.847371,464.677646,465.132679,0.455033,465.391578
723,vehicle0,1108.452000,1108.255000,600.166116,1,ok,27417,23656,1,0.319012,0.015850,0.000120,0.105709,8.469293,10.699577,0.000118,34.441778,11.585377,0.712678,376.342285,0.003702,7.769733,442.356815,450.130370,450.604245,0.473875,450.939107
724,vehicle0,1108.642000,1108.452000,600.951757,1,ok,27328,23541,1,0.107214,0.008337,0.000488,0.108116,9.675294,6.687745,0.000077,36.489945,10.007476,0.985826,398.887677,0.003715,8.561315,462.842156,471.407674,471.798026,0.390352,471.913577
725,vehicle0,1108.818000,1108.655000,601.756860,1,ok,27261,23462,1,1.350557,1.680359,0.000237,0.092455,7.213915,7.400444,0.000085,38.700427,11.068074,0.819972,364.879014,0.005511,8.960377,430.174386,439.140511,439.724642,0.584131,442.755558
726,vehicle0,1109.015000,1108.854000,602.533092,1,ok,27222,23438,1,0.248689,0.005820,0.000274,0.064351,7.417264,8.162626,0.000102,35.264882,9.034240,1.012541,361.538427,0.005302,7.626217,422.494433,430.126226,430.843770,0.717544,431.098279
727,vehicle0,1109.172000,1109.055000,603.224511,1,ok,27118,23324,1,0.112314,0.007662,0.000226,0.109174,9.456855,10.678722,0.000144,32.726855,9.490373,0.702264,358.661834,0.005864,7.557659,421.826221,429.389970,429.752235,0.362265,429.872211
728,vehicle0,1109.454000,1109.255000,604.150932,1,ok,27000,23214,1,0.219807,0.057076,0.000223,0.100356,8.198939,6.546422,0.000099,41.922560,14.302569,1.083563,376.891363,0.030846,9.087268,449.045871,458.164208,458.600941,0.436733,458.877824
729,vehicle0,1109.637000,1109.454000,604.887596,1,ok,26815,22953,1,0.099642,0.007968,0.000285,0.075361,8.295937,7.296111,0.000140,38.485553,9.887669,1.003823,353.474712,0.011800,7.045180,418.519306,425.576571,426.049177,0.472606,426.156787
730,vehicle0,1109.823000,1109.654000,605.640073,1,ok,26699,22741,1,0.101210,0.011229,0.000342,0.133572,8.054898,7.476029,0.000103,32.986915,10.397282,1.092076,355.736327,0.002732,9.455801,415.877202,425.336077,425.942248,0.606171,426.054687
731,vehicle0,1110.000000,1109.854000,606.411484,1,ok,26629,22616,1,0.236594,0.007766,0.000232,0.099295,9.761266,8.178790,0.000119,35.146089,11.416437,0.877180,347.971562,0.003676,6.616904,413.450738,420.071550,420.727539,0.655989,420.971899
732,vehicle0,1110.222000,1110.054000,607.194431,1,ok,26587,22635,1,0.095436,0.006849,0.000344,0.067235,7.495916,8.230490,0.000122,35.476397,8.726317,0.746436,342.521181,0.003938,7.284471,403.264094,410.552847,410.902679,0.349832,411.004964
733,vehicle0,1110.432000,1110.255000,607.977678,1,ok,26405,22540,1,0.128459,0.007324,0.000253,0.113993,7.543410,7.380816,0.000087,34.280232,9.731386,0.999573,356.628294,0.004459,7.653188,416.677791,424.335691,424.692670,0.356979,424.828453
734,vehicle0,1110.611000,1110.454000,608.719944,1,ok,26157,22347,1,0.223819,0.008082,0.000329,0.098269,13.434854,6.954551,0.000100,35.407705,9.579039,0.799973,328.677235,0.014084,8.195588,394.951726,403.161727,403.535272,0.373545,403.767173
735,vehicle0,1110.832000,1110.658000,609.485141,1,ok,25915,22119,1,0.127115,0.007205,0.000263,0.097496,9.559431,9.593773,0.000142,44.261295,11.121814,0.971727,334.679607,0.005657,9.053772,410.285285,419.344977,419.772485,0.427508,419.906805
736,vehicle0,1111.000000,1110.855000,610.216959,1,ok,25816,21974,1,0.229765,0.010394,0.000462,0.129620,7.935727,7.253733,0.000115,34.595739,11.248465,0.945711,317.592838,0.013549,7.739759,379.701948,387.455718,387.985711,0.529993,388.225870
737,vehicle0,1111.203000,1111.055000,610.993085,1,ok,25711,21839,1,0.107085,0.006315,0.000225,0.096438,7.820074,6.941982,0.000078,36.921337,7.950016,0.710189,341.530718,0.005764,8.263440,401.970832,410.240261,410.669067,0.428806,410.782467
738,vehicle0,1111.405000,1111.255000,611.766293,1,ok,25663,21807,1,0.129785,0.019513,0.000145,0.098992,8.025301,7.576942,0.000110,34.900052,8.878237,0.709385,343.645659,0.006436,8.527652,403.834678,412.368911,412.826893,0.457982,412.976191
739,vehicle0,1111.639000,1111.455000,612.589207,1,ok,25747,21903,1,0.241720,0.010016,0.000175,0.106818,9.467623,9.518497,0.000114,40.277956,11.120123,0.949945,374.628137,0.014175,8.596666,446.069213,454.680229,455.036291,0.356062,455.288027
740,vehicle0,1111.856000,1111.654000,613.368716,1,ok,25895,22040,1,0.157040,0.009267,0.000253,0.088462,10.853758,8.042273,0.000141,37.225536,8.639186,0.879094,393.138899,0.015359,9.642319,458.867349,468.525280,469.094568,0.569288,469.260875
741,vehicle0,1112.055000,1111.856000,614.158535,1,ok,25989,22094,1,0.230513,0.007861,0.000270,0.102557,15.664962,11.738768,0.000234,38.354903,11.791937,0.685884,414.484672,0.004326,8.273324,492.823917,501.101837,501.460395,0.358558,501.698769
742,vehicle0,1112.254000,1112.055000,614.973461,1,ok,26084,22236,1,0.220728,0.007609,0.000273,0.102579,14.945446,7.328171,0.000092,37.449678,9.659781,0.735930,456.819031,0.013877,7.813545,527.040708,534.868403,535.307475,0.439072,535.535812
743,vehicle0,1112.455000,1112.254000,615.712908,1,ok,26172,22328,1,0.120333,0.006758,0.000254,0.101385,11.911223,10.492633,0.000113,41.924929,9.857203,0.717092,426.048817,0.012504,10.320685,501.053395,511.386838,512.043338,0.656500,512.170429
744,vehicle0,1112.660000,1112.455000,616.519449,1,ok,26139,22219,1,0.224784,0.007547,0.000337,0.104766,12.731882,9.263609,0.000140,39.739901,10.380167,0.812325,481.328471,0.013556,7.707322,554.361261,562.082476,563.882430,1.799954,564.114761
745,vehicle0,1112.854000,1112.654000,617.261342,1,ok,26154,22180,1,0.115979,0.005638,0.000171,0.109412,7.815195,8.829734,0.000109,41.238644,10.716433,0.857156,447.702820,0.003523,6.711300,517.269503,523.984497,524.643017,0.658520,524.764634
746,vehicle0,1113.056000,1112.854000,618.016167,1,ok,26128,22209,1,0.208971,0.007198,0.000246,0.100662,10.293696,10.996489,0.000175,46.104684,12.317870,0.718358,435.706457,0.003754,7.492042,516.238391,523.734433,524.249899,0.515466,524.466068
747,vehicle0,1113.256000,1113.054000,618.728915,1,ok,26051,22208,1,0.121194,0.013310,0.000338,0.111857,6.895015,8.866852,0.000084,37.083596,11.434932,1.018198,421.594829,0.003975,6.545337,487.005363,493.555013,494.024651,0.469638,494.159155
748,vehicle0,1113.454000,1113.256000,619.553939,1,ok,25939,22179,1,0.096335,0.006785,0.000283,0.100300,10.066017,8.626962,0.000089,37.773152,11.790519,0.744435,433.669766,0.035148,8.830101,502.771240,511.636772,512.156246,0.519474,512.259366
749,vehicle0,1113.573000,1113.455000,620.126861,1,ok,25862,22159,1,0.195005,0.007575,0.000332,0.098896,9.169075,6.839546,0.000025,38.878359,10.578860,0.881547,463.567641,0.005034,6.568945,530.013949,536.588260,537.043846,0.455586,537.246426
750,vehicle0,1113.854000,1113.656000,621.117451,1,ok,25920,22188,1,0.233216,0.008451,0.000320,0.100222,10.697814,7.833142,0.000091,41.486955,13.147063,0.851181,477.899958,0.052340,7.157070,552.016426,559.226156,559.647228,0.421072,559.888895
751,vehicle0,1114.064000,1113.854000,621.955281,1,ok,25931,22058,1,0.096905,0.007639,0.000254,0.098549,12.257552,8.528770,0.000159,43.240271,14.044717,1.128990,494.930787,0.009035,11.448799,574.229795,585.687883,586.373781,0.685898,586.478325
752,vehicle0,1114.261000,1114.055000,622.673954,1,ok,25850,21790,1,0.117270,0.007040,0.000181,0.083412,10.178478,8.368180,0.000096,37.978914,9.902913,0.728843,463.352784,0.004649,6.565029,530.593620,537.163479,537.611500,0.448021,537.735810
753,vehicle0,1114.462000,1114.256000,623.444724,1,ok,25695,21545,1,0.110701,0.009164,0.000188,0.093948,11.679765,8.624284,0.000178,40.465937,13.164125,0.977784,464.069173,0.003852,6.660873,539.075194,545.740107,546.109337,0.369230,546.229202
754,vehicle0,1114.655000,1114.455000,624.202183,1,ok,25564,21403,1,0.120887,0.005626,0.000240,0.096522,11.720353,8.093645,0.000229,40.004030,10.730242,0.927714,449.316565,0.003830,7.213682,520.889300,528.107052,529.287313,1.180261,529.413826
755,vehicle0,1114.859000,1114.655000,624.979493,1,ok,25419,21335,1,0.098152,0.006161,0.000164,0.094970,11.753831,9.112539,0.000075,39.398860,9.796309,0.769239,457.609715,0.126619,8.952916,528.535538,537.615237,538.154475,0.539238,538.258788
756,vehicle0,1115.062000,1114.854000,625.755539,1,ok,25204,21204,1,0.166293,0.005724,0.000191,0.104354,12.021231,11.252075,0.000110,50.143502,14.003675,0.739390,458.629090,0.018038,7.972171,546.893427,554.883827,555.270847,0.387020,555.442864
757,vehicle0,1115.264000,1115.056000,626.522145,1,ok,25019,21101,1,0.185097,0.005784,0.000249,0.086764,13.035672,8.624377,0.000223,40.240621,11.953430,0.822945,473.461064,0.004549,7.183842,548.225096,555.413736,555.927793,0.514057,556.118674
758,vehicle0,1115.463000,1115.256000,627.264500,1,ok,24949,21030,1,0.242050,0.013914,0.000118,0.092518,12.210820,8.617284,0.000278,41.666425,10.468318,2.069320,470.696847,0.004157,7.921642,545.821810,553.747727,554.490941,0.743214,554.746905
759,vehicle0,1115.663000,1115.454000,628.053662,1,ok,24859,20832,1,0.245673,0.009905,0.000165,0.107858,10.797254,9.716882,0.000096,43.484549,11.894031,0.746000,498.302684,0.006106,6.546184,575.049354,581.601809,582.217676,0.615867,582.473254
760,vehicle0,1115.858000,1115.655000,628.819815,1,ok,24879,20604,1,0.113367,0.007319,0.000193,0.111642,13.196655,9.189613,0.000158,38.643294,11.122303,0.879503,481.831416,0.043111,8.514690,554.974584,563.532578,564.415655,0.883077,564.536341
761,vehicle0,1116.061000,1115.854000,629.550240,1,ok,24774,20366,1,0.080798,0.008096,0.000139,0.072112,8.269845,9.631597,0.000108,36.349621,9.516345,0.717984,466.657914,0.004894,7.578605,531.215526,538.799164,539.071372,0.272208,539.160266
762,vehicle0,1116.262000,1116.056000,630.318710,1,ok,24688,20248,1,0.124809,0.014584,0.000388,0.133788,7.142431,8.186941,0.000120,39.205283,9.598295,0.887354,496.005869,0.005619,7.423932,561.160081,568.590020,569.114417,0.524397,569.253810
763,vehicle0,1116.462000,1116.253000,631.045797,1,ok,24461,20114,1,0.121894,0.009510,0.000241,0.090866,10.057170,7.750240,0.000242,38.476722,13.582992,0.914396,480.748853,0.004682,6.801372,551.621481,558.427776,559.102126,0.674350,559.233530
764,vehicle0,1116.664000,1116.454000,631.810900,1,ok,24317,20067,1,0.100884,0.008920,0.000278,0.077267,10.658855,9.319587,0.000073,38.851800,14.128225,1.113698,485.353444,0.003575,6.131530,559.502949,565.638332,566.326178,0.687846,566.435982
765,vehicle0,1116.857000,1116.655000,632.585812,1,ok,24085,19929,1,0.102040,0.018566,0.000240,0.077622,11.408018,8.498472,0.000089,39.371154,11.599136,0.794323,504.767163,0.003379,7.404102,576.515977,583.923698,584.513944,0.590246,584.634550
766,vehicle0,1117.067000,1116.856000,633.389903,1,ok,23950,19841,1,0.086164,0.006282,0.000279,0.096964,12.763223,9.922780,0.000143,38.849897,13.136581,0.928839,507.770641,0.018824,6.899628,583.469068,590.387799,591.037518,0.649719,591.129964
767,vehicle0,1117.262000,1117.057000,634.144493,1,ok,23962,19896,1,0.085300,0.008861,0.000334,0.100142,13.386962,8.297433,0.000159,41.665113,11.002198,1.074476,525.131117,0.012177,8.021927,600.657600,608.692038,609.195821,0.503783,609.289982
768,vehicle0,1117.463000,1117.254000,634.896733,1,ok,23961,19930,1,0.085177,0.005053,0.000291,0.060844,9.818034,9.500826,0.000110,38.949535,12.028799,0.743799,530.207147,0.003396,6.111083,601.309094,607.423864,607.716422,0.292558,607.806652
769,vehicle0,1117.663000,1117.455000,635.619144,1,ok,23972,19974,1,0.095715,0.006703,0.000236,0.070221,8.185224,8.936117,0.000075,40.544957,10.284674,0.871892,497.036996,0.013947,8.453690,565.930156,574.398029,575.232749,0.834720,575.335167
770,vehicle0,1117.862000,1117.655000,636.400536,1,ok,23978,19988,1,0.184415,0.006963,0.000279,0.074680,7.083467,10.138372,0.000098,40.171336,11.169903,0.757456,503.905033,0.002996,9.390627,573.300345,582.694247,583.016404,0.322157,583.207782
771,vehicle0,1118.061000,1117.855000,637.137507,1,ok,23965,20051,1,0.123798,0.010135,0.000146,0.078122,9.679672,8.485417,0.000107,40.746950,10.029520,0.708429,507.143979,0.004298,6.203482,576.872196,583.080122,583.371260,0.291138,583.505193
772,vehicle0,1118.264000,1118.054000,637.897012,1,ok,23910,20138,1,0.138687,0.009471,0.000173,0.093385,9.675217,8.207145,0.000129,40.676025,12.300470,0.873556,503.918106,0.013109,6.594521,575.744033,582.351836,582.874777,0.522941,583.022935
773,vehicle0,1118.463000,1118.255000,638.633046,1,ok,23802,20191,1,0.116122,0.005786,0.000205,0.075507,8.503214,7.714283,0.000097,42.469577,11.503256,0.811045,495.112755,0.004588,6.338365,566.189734,572.532892,572.830960,0.298068,572.952868
774,vehicle0,1118.662000,1118.454000,639.396299,1,ok,23708,20173,1,0.204839,0.007593,0.000196,0.096256,8.395353,8.243368,0.000097,48.248293,10.710165,0.762325,511.909057,0.003921,8.544835,588.364914,596.913866,597.243080,0.329214,597.455512
775,vehicle0,1118.863000,1118.656000,640.134630,1,ok,23669,20115,1,0.100499,0.009084,0.000347,0.091424,10.384084,9.531010,0.000190,38.970615,9.862279,0.759490,507.037717,0.014871,7.024592,576.636809,583.676619,584.323761,0.647142,584.433344
776,vehicle0,1119.065000,1118.852000,640.870191,1,ok,23633,20060,1,0.122415,0.009794,0.000263,0.152691,9.462471,9.468456,0.000090,41.924645,13.555790,1.083797,500.853376,0.004148,6.955905,576.501316,583.461632,584.029571,0.567939,584.161780
777,vehicle0,1119.264000,1119.056000,641.636678,1,ok,23562,20058,1,0.114621,0.007938,0.000237,0.094460,8.713906,10.150626,0.000121,40.291056,12.712972,0.895240,516.253604,0.012581,6.319309,589.111985,595.444112,595.892960,0.448848,596.015519
778,vehicle0,1119.462000,1119.256000,642.368533,1,ok,23503,20039,1,0.106078,0.006217,0.000271,0.096082,10.313200,8.647325,0.000124,42.856187,8.984793,0.717892,496.750687,0.003633,7.298253,568.366290,575.668447,575.947297,0.278850,576.059592
779,vehicle0,1119.662000,1119.454000,643.115719,1,ok,23406,19944,1,0.190582,0.011511,0.000405,0.084263,9.659552,9.530078,0.000074,41.942907,12.326503,0.877154,513.048170,0.004907,6.320399,587.468701,593.794412,594.373832,0.579420,594.575925
780,vehicle0,1119.863000,1119.654000,643.938906,1,ok,23343,19869,1,0.221583,0.015597,0.000328,0.142155,7.738576,8.740533,0.000120,45.065406,11.483732,0.750296,538.580348,0.004922,6.405630,612.501166,618.912046,619.171471,0.259425,619.408651
781,vehicle0,1120.062000,1119.855000,644.666046,1,ok,23301,19847,1,0.107455,0.010846,0.000345,0.095261,10.146623,9.195578,0.000091,55.046708,10.661423,0.722909,509.071805,0.006216,6.877680,594.940398,601.824639,602.215286,0.390647,602.333587
782,vehicle0,1120.264000,1120.054000,645.402312,1,ok,23306,19892,1,0.117945,0.006001,0.000353,0.059153,8.337890,9.279623,0.000103,39.618933,10.820897,0.908865,505.479611,0.012912,6.554418,574.505075,581.072758,581.617449,0.544691,581.741395
783,vehicle0,1120.462000,1120.255000,646.127673,1,ok,23351,19980,1,0.222415,0.008267,0.000204,0.087769,7.417227,9.240432,0.000086,42.923728,8.953708,0.857990,476.530240,0.003304,7.607008,546.011180,553.621696,554.130493,0.508797,554.361175
784,vehicle0,1120.664000,1120.455000,646.907149,1,ok,23338,19982,1,0.078425,0.004977,0.000277,0.089042,9.021306,9.964111,0.000074,40.729387,10.659209,0.796798,516.393071,0.005032,7.753567,587.652998,595.411874,595.802277,0.390403,595.885679
785,vehicle0,1120.861000,1120.655000,647.647238,1,ok,23304,19937,1,0.170728,0.006583,0.000255,0.091349,9.244483,11.679233,0.000135,43.559198,10.726391,0.812738,504.849462,0.013810,7.860651,580.962989,588.837705,589.256361,0.418656,589.433672
786,vehicle0,1121.064000,1120.855000,648.341828,1,ok,23282,19897,1,0.221806,0.005736,0.000256,0.078670,6.775802,9.257184,0.000239,45.594137,10.178888,0.994840,473.770150,0.009426,6.735642,546.649910,553.395234,554.220802,0.825568,554.448344
787,vehicle0,1121.264000,1121.055000,649.154086,1,ok,23302,19928,1,0.187333,0.009011,0.000217,0.089061,8.713362,9.740427,0.000077,49.357352,12.796800,0.927066,522.758747,0.020008,7.195558,604.382892,611.598675,612.080805,0.482130,612.277149
788,vehicle0,1121.463000,1121.255000,649.895799,1,ok,23303,19918,1,0.086081,0.006759,0.000315,0.095203,10.273796,9.543253,0.000082,49.573281,10.083949,0.958180,519.146045,0.004009,7.190009,599.673789,606.868122,607.189447,0.321325,607.282287
789,vehicle0,1121.654000,1121.455000,650.521176,1,ok,23225,19850,1,0.109070,0.005428,0.000234,0.053393,9.116966,11.088618,0.000090,39.713621,9.800063,0.727912,512.423373,0.007378,8.956786,582.924036,591.888434,592.341104,0.452670,592.455602
790,vehicle0,1121.864000,1121.655000,651.348777,1,ok,23306,19744,1,0.095798,0.008465,0.000305,0.094058,11.958106,12.292548,0.000215,55.276465,11.226984,0.925996,493.275829,0.003841,7.564770,585.050201,592.619117,592.930814,0.311697,593.035077
791,vehicle0,1122.059000,1121.855000,652.074734,1,ok,23389,19708,1,0.116938,0.009936,0.000244,0.092153,10.442972,8.721014,0.000146,44.492866,11.505296,0.733744,509.438097,0.004368,6.610671,585.426288,592.041571,592.692819,0.651248,592.819693
792,vehicle0,1122.263000,1122.055000,652.844089,1,ok,23446,19661,1,0.089131,0.007232,0.000286,0.095508,10.123508,9.276419,0.000101,43.035422,12.802713,1.201047,508.981973,0.003911,6.736069,585.516691,592.256957,592.777346,0.520389,592.873709
793,vehicle0,1122.462000,1122.255000,653.570874,1,ok,23381,19559,1,0.125102,0.019798,0.000229,0.083378,7.810218,9.497061,0.000140,44.452123,11.177229,0.806040,499.936404,0.014148,7.050473,573.762593,580.827443,581.402059,0.574616,581.546959
794,vehicle0,1122.662000,1122.455000,654.289866,1,ok,23319,19512,1,0.202104,0.007494,0.000484,0.098066,9.185814,12.438193,0.000082,40.880988,10.899640,1.026978,492.438381,0.026419,7.172781,566.968142,574.167826,574.888010,0.720184,575.097608
795,vehicle0,1122.863000,1122.657000,655.050019,1,ok,23289,19494,1,0.191077,0.006703,0.000233,0.087868,6.624068,9.397910,0.000153,46.514214,11.444645,0.729671,510.457669,0.003954,7.366950,585.256198,592.627335,593.053846,0.426511,593.251626
796,vehicle0,1123.062000,1122.855000,655.766059,1,ok,23235,19444,1,0.089607,0.008226,0.000375,0.098134,8.588498,10.593125,0.000085,41.865180,13.353322,0.944164,509.933629,0.005234,8.579560,585.376137,593.961306,594.458758,0.497452,594.556591
797,vehicle0,1123.264000,1123.055000,656.516504,1,ok,23117,19335,1,0.078689,0.006900,0.000316,0.087367,11.740946,10.791940,0.000088,44.261641,9.693257,0.755835,528.882668,0.018726,7.130674,606.213742,613.363458,614.073326,0.709868,614.158915
798,vehicle0,1123.464000,1123.256000,657.256080,1,ok,23017,19274,1,0.089424,0.006758,0.000413,0.089289,8.125037,10.611022,0.000207,42.649779,10.718945,0.925089,522.763731,0.013005,6.906452,595.883099,602.802969,603.163213,0.360244,603.259395
799,vehicle0,1123.662000,1123.456000,657.965140,1,ok,22969,19209,1,0.113676,0.007563,0.000212,0.079242,12.298507,17.556881,0.000072,42.037632,9.296614,0.991371,509.522715,0.014251,6.840886,591.783034,598.638383,598.932030,0.293647,599.053269
800,vehicle0,1123.864000,1123.655000,658.686607,1,ok,23087,19320,1,0.194720,0.008502,0.000183,0.073306,8.944921,11.366735,0.000105,47.277344,11.776644,1.044345,495.105487,0.006307,8.312073,575.588887,583.907450,584.491224,0.583774,584.694446
801,vehicle0,1124.065000,1123.854000,659.426061,1,ok,23109,19409,1,0.205649,0.005985,0.000204,0.078542,9.568235,10.221827,0.000073,50.817200,12.269277,0.744636,517.273930,0.004713,8.048370,600.973720,609.027007,609.374312,0.347305,609.585946
802,vehicle0,1124.262000,1124.055000,660.109103,1,ok,23102,19526,1,0.117112,0.006620,0.000269,0.088226,11.712516,13.891645,0.000129,54.121004,13.501758,0.887028,535.330191,0.007844,7.229913,629.532497,636.770523,637.137978,0.367455,637.261710
803,vehicle0,1124.462000,1124.255000,660.848082,1,ok,23015,19559,1,0.198770,0.005882,0.000216,0.064838,9.567046,10.742967,0.000076,42.550497,11.065965,0.770355,492.689553,0.013674,7.261324,567.451297,574.726511,575.032922,0.306411,575.237574
804,vehicle0,1124.666000,1124.454000,661.585641,1,ok,22934,19546,1,0.100113,3.062780,0.000596,0.073054,8.780260,8.900245,0.000095,41.603490,11.030176,0.938972,512.575563,0.040778,7.567307,583.901855,591.510536,591.810071,0.299535,594.972964
805,vehicle0,1124.859000,1124.656000,662.288290,1,ok,22905,19531,1,0.182114,0.004473,0.000237,0.057998,9.777763,11.256941,0.000101,43.344045,11.079681,0.795079,463.688282,0.003557,6.862033,539.999890,546.865717,547.184871,0.319154,547.371458
806,vehicle0,1125.062000,1124.853000,663.030637,1,ok,22936,19539,1,0.116152,0.005533,0.000216,0.097659,8.191291,11.174320,0.000247,42.922953,11.711270,0.842581,463.262291,0.014815,7.867964,538.202612,546.085607,546.604316,0.518709,546.726001
807,vehicle0,1125.265000,1125.054000,663.754214,1,ok,23005,19532,1,0.170251,0.006677,0.000205,0.081733,7.878496,9.434811,0.000132,39.885899,8.285756,0.761193,469.735616,0.004652,7.483423,536.063636,543.551916,543.981351,0.429435,544.158279
808,vehicle0,1125.460000,1125.257000,664.501839,1,ok,23000,19470,1,0.193468,0.009889,0.000233,0.088555,9.479519,10.694072,0.000098,42.384028,9.953636,0.752414,472.664727,0.004674,8.565434,546.017049,554.587390,555.074856,0.487466,555.278213
809,vehicle0,1125.664000,1125.453000,665.213163,1,ok,23012,19459,1,0.110743,0.005252,0.000275,0.088388,8.399740,10.218275,0.000104,42.146618,17.192595,0.734477,456.685217,0.004004,6.233606,535.465414,541.703299,542.243852,0.540553,542.359847
810,vehicle0,1125.866000,1125.655000,665.945704,1,ok,23000,19434,1,0.115699,0.006105,0.000237,0.088002,6.260626,9.131201,0.000160,44.548024,9.706136,0.743285,471.064332,0.039716,6.195568,541.541766,547.777287,548.029382,0.252095,548.151186
811,vehicle0,1126.061000,1125.857000,666.643627,1,ok,22998,19443,1,0.100486,0.006191,0.000325,0.083797,6.799449,10.263443,0.000083,49.022382,15.212245,1.048669,451.126919,0.004646,7.535817,533.556987,541.097775,541.382336,0.284561,541.489013
812,vehicle0,1126.266000,1126.054000,667.388104,1,ok,22965,19437,1,0.166157,0.006841,0.000192,0.084444,7.369320,10.808420,0.000174,42.284138,11.392672,0.949612,474.773037,0.005378,6.496167,547.661817,554.163554,554.623191,0.459637,554.796189
813,vehicle0,1126.455000,1126.257000,668.059675,1,ok,22895,19397,1,0.201199,0.006564,0.000291,0.084734,6.525273,11.971217,0.000102,45.238750,9.858219,0.736424,413.811172,0.005207,6.848395,488.225891,495.079784,495.344741,0.264957,495.552504
814,vehicle0,1126.655000,1126.455000,668.797215,1,ok,22882,19451,1,0.124729,0.011035,0.000180,0.077866,9.023742,10.217511,0.000104,49.029494,10.196528,0.827349,432.759703,0.013016,8.502559,512.132297,520.648052,521.355112,0.707060,521.490876
815,vehicle0,1126.862000,1126.655000,669.554588,1,ok,22887,19472,1,1.353040,0.009797,0.000239,0.185392,8.285747,9.970474,0.000228,47.995687,10.636358,0.746683,445.551075,0.003797,8.512850,523.371644,531.888530,532.255952,0.367422,533.618789
816,vehicle0,1127.063000,1126.855000,670.262597,1,ok,22891,19536,1,0.189897,0.007921,0.000255,0.063627,9.437510,11.377547,0.000101,42.746780,12.111101,0.877441,438.184432,0.012133,7.949872,514.798539,522.760799,523.316549,0.555750,523.514367
817,vehicle0,1127.255000,1127.055000,671.002598,1,ok,22836,19506,1,0.113098,0.007455,0.000298,0.060532,9.613256,10.360231,0.000152,42.585557,11.011808,0.849424,450.863254,0.010780,6.881643,525.344214,532.236935,532.797346,0.560411,532.917899
818,vehicle0,1127.464000,1127.255000,671.778248,1,ok,22755,19522,1,0.180935,0.013233,0.000241,0.083270,9.735868,9.346565,0.000087,46.939844,12.196316,0.721539,438.099528,0.002881,7.520968,517.123017,524.647107,525.144153,0.497046,525.338321
819,vehicle0,1127.663000,1127.455000,672.492712,1,ok,22749,19544,1,0.114069,0.007576,0.000187,0.060643,9.928781,10.544441,0.000096,46.658885,10.193032,0.818674,449.466347,0.005009,6.851194,527.670899,534.527289,534.859389,0.332100,534.981034
820,vehicle0,1127.855000,1127.654000,673.195426,1,ok,22788,19590,1,0.090732,0.013533,0.000246,0.104000,11.538028,11.071250,0.000090,42.499466,10.318624,1.261971,438.258148,0.004635,6.124470,515.051577,521.180928,521.501436,0.320508,521.605701
821,vehicle0,1128.058000,1127.855000,673.923426,1,ok,22885,19607,1,0.114485,0.003852,0.000221,0.054747,9.718749,11.087291,0.000113,45.341038,12.534684,0.929111,435.055824,0.019803,6.159146,514.721557,520.900727,521.236409,0.335682,521.354746
822,vehicle0,1128.264000,1128.058000,674.670175,1,ok,22996,19685,1,0.235460,0.006401,0.000240,0.089238,10.281551,10.675255,0.000090,45.710251,12.299169,0.985808,453.387625,0.004381,6.184104,533.428987,539.617712,539.956487,0.338775,540.198348
823,vehicle0,1128.462000,1128.256000,675.338944,1,ok,23087,19748,1,0.079895,0.004221,0.000211,0.054780,9.807488,10.063113,0.000165,45.946896,11.632810,0.716954,431.396036,0.005428,7.380673,509.618242,517.004554,517.264937,0.260383,517.349053
824,vehicle0,1128.661000,1128.457000,676.054659,1,ok,23436,20154,1,0.111402,0.006865,0.000248,0.163822,10.405800,15.472134,0.000089,45.032172,10.382075,0.972168,433.315552,0.007462,7.943381,515.743812,523.694903,524.078456,0.383553,524.196723
825,vehicle0,1128.864000,1128.657000,676.747453,1,ok,23772,20545,1,0.123849,0.005166,0.000218,0.085647,10.365364,10.274741,0.000162,45.904477,10.115387,0.728963,426.834734,0.015431,9.148757,504.309475,513.473881,513.885511,0.411630,514.014526
826,vehicle0,1129.065000,1128.857000,677.461065,1,ok,24012,20774,1,0.244015,0.009195,0.000271,0.087358,11.449028,14.145511,0.000115,45.965666,11.503899,0.726228,425.823713,0.012245,6.503410,509.701518,516.217444,516.544300,0.326856,516.797510
827,vehicle0,1129.264000,1129.056000,678.134476,1,ok,24033,20689,1,0.282944,0.008565,0.000244,0.082664,10.249716,10.133402,0.000156,45.108162,9.513137,0.797278,418.783230,0.014837,9.544500,494.667745,504.227326,504.871093,0.643767,505.162602
828,vehicle0,1129.456000,1129.256000,678.762494,1,ok,23906,20472,1,0.078578,0.006696,0.000331,0.088539,12.119139,11.276842,0.000086,44.203647,11.125040,0.723253,381.740332,0.004606,7.115436,461.276878,468.397251,468.647798,0.250547,468.733072
829,vehicle0,1129.658000,1129.456000,679.490245,1,ok,23917,20490,1,0.111637,0.007679,0.007096,0.064664,7.824575,10.967088,0.000078,45.329028,11.700597,0.802774,413.680219,0.005168,7.845409,490.369023,498.226696,498.709043,0.482347,498.828359
830,vehicle0,1129.855000,1129.658000,680.177564,1,ok,23999,20571,1,0.088327,0.006230,0.000275,0.066345,10.706551,11.332429,0.000104,43.694758,11.525688,0.939195,384.746193,0.003336,6.155022,463.011263,469.169896,469.537334,0.367438,469.631891
831,vehicle0,1130.059000,1129.856000,680.909728,1,ok,23943,20531,1,0.209539,0.009860,0.000292,0.097189,8.470129,9.725640,0.000089,44.964245,11.945688,0.973029,403.856253,0.004276,7.484361,480.032262,487.521191,487.893476,0.372285,488.112875
832,vehicle0,1130.254000,1130.059000,681.601110,1,ok,23796,20370,1,0.084337,0.005851,0.000217,0.055395,7.564076,10.164493,0.000124,42.543747,11.501243,0.881417,388.814092,0.024782,7.118514,461.524587,468.668100,469.278796,0.610696,469.368984
833,vehicle0,1130.465000,1130.254000,682.291706,1,ok,23827,20389,1,0.205076,0.007442,0.000258,0.112012,9.422314,11.131773,0.000221,46.119124,10.302620,0.894387,401.565392,0.003927,8.310448,479.547843,487.862476,488.242920,0.380444,488.455438
834,vehicle0,1130.640000,1130.457000,682.911525,1,ok,23816,20375,1,0.087870,0.006151,0.000292,0.093629,10.316840,11.613686,0.000196,40.761858,12.381677,0.929154,424.374912,0.003810,7.665708,500.471952,508.141762,508.718853,0.577091,508.812874
835,vehicle0,1130.857000,1130.657000,683.704735,1,ok,23794,20341,1,0.199255,0.006742,0.000238,0.055887,9.298180,9.957306,0.000124,46.628868,10.265095,0.915679,395.128545,0.006494,6.983828,472.249684,479.240244,479.695049,0.454805,479.901046
836,vehicle0,1131.057000,1130.857000,684.372730,1,ok,23739,20286,1,0.221680,0.007894,0.000171,0.092688,10.836939,9.666649,0.000188,43.836202,11.616352,0.751146,377.204932,0.003279,6.938303,454.005096,460.946849,461.366094,0.419245,461.595668
837,vehicle0,1131.258000,1131.057000,685.096335,1,ok,23782,20317,1,0.198973,0.007684,0.000326,0.089817,8.073299,8.756139,0.000081,40.620816,17.255170,1.023095,403.234734,0.013190,7.179023,479.053151,486.245690,486.785934,0.540244,486.992591
838,vehicle0,1131.456000,1131.258000,685.815627,1,ok,23838,20377,1,0.261764,0.005517,0.000229,0.058914,7.651002,9.710155,0.000126,40.669154,10.548397,0.813640,393.645365,0.003953,7.171729,463.096753,470.272664,470.554369,0.281705,470.821650
839,vehicle0,1131.657000,1131.456000,686.511374,1,ok,23774,20381,1,0.209913,0.006827,0.000212,0.057063,8.774502,9.013564,0.000136,46.568220,13.642612,0.877432,404.109993,0.003772,8.017915,483.043522,491.065421,491.410836,0.345415,491.627576
840,vehicle0,1131.856000,1131.657000,687.249440,1,ok,23738,20400,1,0.253372,0.008699,0.000477,0.099246,12.167288,8.629638,0.000140,42.709446,11.765770,0.928803,426.130290,0.003685,6.290332,502.430621,508.725115,509.387994,0.662879,509.650065
841,vehicle0,1132.056000,1131.856000,687.940840,1,ok,23766,20461,1,0.115878,0.007995,0.000421,0.092447,12.979001,9.772499,0.000090,43.183379,11.077264,0.744186,410.938070,0.003373,6.595571,488.786936,495.386301,495.673833,0.287532,495.797706
842,vehicle0,1132.256000,1132.056000,688.698170,1,ok,23825,20430,1,0.121638,0.007524,0.000326,0.091340,11.164670,10.776564,0.000165,54.245224,14.597585,1.021271,436.782640,0.005939,7.729985,528.679459,536.415709,537.130940,0.715231,537.260102
843,vehicle0,1132.456000,1132.256000,689.434077,1,ok,23740,20306,1,0.292661,0.091184,0.000256,0.073634,10.087045,8.344362,0.000111,47.661315,12.798045,0.721652,433.540640,0.012768,8.096035,513.226804,521.335863,521.657330,0.321467,522.041175
844,vehicle0,1132.662000,1132.456000,690.161997,1,ok,23717,20242,1,0.082274,0.004554,0.000165,0.055962,8.377403,10.407384,0.000071,43.902031,11.207644,0.770041,435.652336,0.005153,10.019647,510.372872,520.397837,520.722667,0.324830,520.809495
845,vehicle0,1132.863000,1132.655000,690.840873,1,ok,23596,20141,1,0.354034,0.039031,0.000236,0.084899,8.856403,10.944746,0.000101,42.561087,9.016313,0.758602,422.128780,0.003719,8.995851,494.350931,503.350737,503.839037,0.488300,504.232102
846,vehicle0,1133.055000,1132.857000,691.514658,1,ok,23479,19999,1,0.105014,0.006061,0.000292,0.090745,7.275528,9.917445,0.000093,41.723257,10.151821,0.753193,396.409003,0.003615,8.745184,466.321085,475.070176,475.372397,0.302221,475.483472
847,vehicle0,1133.257000,1133.055000,692.228251,1,ok,23291,19865,1,0.125734,0.007570,0.000234,0.085158,8.006691,8.243420,0.000176,46.130798,10.779656,1.041367,403.547550,0.004171,6.980872,477.834816,484.820093,485.515267,0.695174,485.648571
848,vehicle0,1133.456000,1133.257000,692.936822,1,ok,23142,19770,1,0.080320,0.005381,0.000170,0.057423,5.844639,10.650542,0.000078,40.949087,10.735819,0.711452,387.811688,0.026151,7.163355,456.760728,463.950404,464.470771,0.520367,464.556472
849,vehicle0,1133.658000,1133.456000,693.658402,1,ok,23052,19726,1,0.189550,0.006887,0.000231,0.089660,8.535010,9.323151,0.000113,42.218821,12.686663,0.891094,377.486107,0.003404,6.795542,451.230619,458.029796,458.795254,0.765458,458.991691
850,vehicle0,1133.854000,1133.658000,694.405761,1,ok,22987,19699,1,0.185768,0.004382,0.000213,0.055551,6.915245,9.355289,0.000093,40.771661,11.874998,0.802758,409.641667,0.004665,7.432564,479.417262,486.854704,487.130795,0.276091,487.320945
851,vehicle0,1134.057000,1133.854000,695.142875,1,ok,22922,19656,1,0.219557,0.010502,0.000361,0.083762,7.652522,9.153864,0.000098,41.056607,11.705603,0.911319,398.560901,0.003920,6.102289,469.124676,475.231246,475.537949,0.306703,475.768008
852,vehicle0,1134.257000,1134.057000,695.845746,1,ok,22627,19352,1,0.183475,0.004970,0.000220,0.054702,7.267620,8.401585,0.000075,40.687285,10.134351,0.892015,401.924168,0.012211,8.439623,469.361801,477.813855,478.307738,0.493883,478.496183
853,vehicle0,1134.456000,1134.257000,696.598399,1,ok,22368,19088,1,0.095131,0.006995,0.000336,0.085342,8.238200,9.060245,0.000113,46.531656,12.451348,0.879744,408.076242,0.037385,7.841165,485.322890,493.201776,493.641065,0.439289,493.743191
854,vehicle0,1134.657000,1134.457000,697.315812,1,ok,22145,18908,1,0.166575,0.005088,0.000270,0.053806,6.931168,8.472687,0.000114,43.636917,13.052116,0.875484,410.252908,0.014968,6.827115,483.275200,490.117553,490.554127,0.436574,490.725790
855,vehicle0,1134.858000,1134.657000,698.044956,1,ok,21864,18714,1,0.075079,0.005233,0.000200,0.062992,9.907462,9.555809,0.000114,41.364995,12.065226,0.926503,417.137080,0.003353,8.066569,491.020181,499.090303,499.550506,0.460203,499.630818
856,vehicle0,1135.057000,1134.858000,698.725537,1,ok,21594,18492,1,0.182427,0.007471,0.000250,0.085663,9.338350,11.780324,0.000119,39.488239,11.899554,0.860791,406.050771,0.028687,7.724551,479.503811,487.257299,487.716513,0.459214,487.906411
857,vehicle0,1135.258000,1135.057000,699.427017,1,ok,21430,18322,1,0.163627,0.004279,0.000197,0.051672,6.655032,9.760776,0.000091,38.773783,10.199152,0.777078,414.970023,0.003889,8.679513,481.187607,489.871206,490.281335,0.410129,490.449241
858,vehicle0,1135.458000,1135.258000,700.144308,1,ok,21447,18252,1,0.196954,0.014437,0.000244,0.086090,10.925875,10.073865,0.000084,41.012665,11.566766,0.733565,418.306068,0.026924,6.207849,492.704978,498.939995,499.374418,0.434423,499.585809
859,vehicle0,1135.659000,1135.458000,700.847647,1,ok,21419,18083,1,0.203028,0.203927,0.000131,0.078715,7.981425,8.584618,0.000099,40.284452,10.683477,0.905108,433.620587,0.004780,7.869234,502.138481,510.012626,510.767568,0.754942,511.174523
860,vehicle0,1135.858000,1135.659000,701.554341,1,ok,21294,17897,1,0.178640,0.008045,0.000316,0.101143,6.603742,8.690113,0.000098,35.842784,9.403901,0.857721,409.513956,0.017728,8.901470,471.013458,479.932972,480.926081,0.993109,481.112766
861,vehicle0,1136.058000,1135.860000,702.302878,1,ok,21064,17685,1,0.178836,0.008223,0.000215,0.097820,7.245173,10.068888,0.000081,40.625268,13.093479,0.897196,423.815632,0.004248,7.277341,495.843537,503.125341,503.547235,0.421894,503.734294
862,vehicle0,1136.258000,1136.058000,703.010342,1,ok,21017,17636,1,0.191879,0.005199,0.000223,0.076536,8.547842,8.082135,0.000089,38.285639,9.421570,0.984877,416.031510,0.005760,8.109371,481.430198,489.545552,489.910763,0.365211,490.107841
863,vehicle0,1136.469000,1136.259000,703.788924,1,ok,21107,17631,1,0.153340,0.008436,0.000328,0.072996,7.538266,9.521193,0.000092,42.952579,8.580064,0.755274,442.416952,0.014485,8.604205,511.837416,520.456434,520.749082,0.292648,520.910858
864,vehicle0,1136.658000,1136.461000,704.483416,1,ok,21194,17554,1,0.116472,0.134386,0.000313,0.069205,7.901164,9.893279,0.000084,40.230600,9.415654,0.764378,434.765641,0.004798,8.024296,503.040005,511.069412,511.614678,0.545266,511.865536
865,vehicle0,1136.860000,1136.658000,705.227050,1,ok,21153,17376,1,0.083928,0.005354,0.000199,0.051541,6.757586,8.741177,0.000093,41.634699,10.645070,0.778085,452.795708,0.002983,8.618365,521.403959,530.025506,530.559748,0.534242,530.649030
866,vehicle0,1137.057000,1136.857000,705.933295,1,ok,21177,17315,1,0.084209,0.009637,0.000132,0.073189,6.335552,8.644368,0.000084,38.473108,8.806850,0.758434,427.434965,0.003446,6.687409,490.526550,497.217537,497.525094,0.307557,497.618940
867,vehicle0,1137.258000,1137.057000,706.665069,1,ok,21230,17371,1,0.100846,0.007767,0.000192,0.077061,5.431351,8.326459,0.000116,37.783575,9.061150,1.066587,442.434406,0.013289,6.233635,504.180705,510.427821,510.807984,0.380163,510.916597
868,vehicle0,1137.458000,1137.258000,707.412513,1,ok,21217,17374,1,0.164749,0.006276,0.000311,0.082977,5.603094,8.212600,0.000089,37.512338,8.856687,0.867401,386.682842,0.003589,8.969817,447.818028,456.791745,457.344740,0.552995,457.515765
869,vehicle0,1137.658000,1137.458000,708.142649,1,ok,21095,17284,1,0.103149,0.005676,0.000137,0.048953,5.608079,10.312768,0.000093,42.846049,9.910925,0.768708,421.113267,0.012753,6.790807,490.608842,497.412539,497.796485,0.383946,497.905310
870,vehicle0,1137.856000,1137.658000,708.859742,1,ok,21033,17233,1,0.096497,0.006873,0.000195,0.067303,4.994439,8.440737,0.000090,40.625105,8.789757,1.069820,403.692218,0.005433,7.328695,467.679469,475.013792,475.338448,0.324656,475.441818
871,vehicle0,1138.059000,1137.856000,709.640459,1,ok,21071,17294,1,0.155217,0.015106,0.000272,0.084207,8.880052,12.824612,0.000101,52.955557,12.938881,1.087311,412.229034,0.004620,6.775617,500.999755,507.780264,508.590850,0.810586,508.761173
872,vehicle0,1138.265000,1138.060000,710.405434,1,ok,21158,17419,1,0.084130,0.004545,0.000170,0.052749,5.588614,8.825975,0.000087,38.103364,9.847844,1.720842,438.606985,0.013502,8.849925,502.746460,511.610057,512.290764,0.680707,512.379439
873,vehicle0,1138.458000,1138.258000,711.063220,1,ok,21333,17621,1,0.075444,0.006307,0.000262,0.061641,7.167723,8.651848,0.000074,38.319928,11.565898,0.863191,405.338894,0.006181,7.028459,471.969197,479.004099,479.405103,0.401004,479.486854
874,vehicle0,1138.634000,1138.458000,711.747387,1,ok,21472,17805,1,0.172358,0.006808,0.000274,0.079665,7.099390,8.883778,0.000195,37.698272,11.166413,0.873961,445.224426,0.004178,7.994951,511.026100,519.025503,519.758595,0.733092,519.937761
875,vehicle0,1138.864000,1138.657000,712.637641,1,ok,21583,17991,1,0.081222,0.013677,0.000261,0.080808,7.430151,8.626997,0.000102,41.105561,9.894484,0.815007,457.421582,0.055968,11.003350,525.374692,536.434271,537.126415,0.692144,537.221314
876,vehicle0,1139.065000,1138.858000,713.385849,1,ok,21638,18111,1,0.211302,0.007787,0.000289,0.056214,7.342790,9.191538,0.000081,37.412855,9.398868,0.705089,471.025776,0.004509,7.073662,535.133211,542.211671,542.507349,0.295678,542.726438
877,vehicle0,1139.258000,1139.057000,714.045103,1,ok,21694,18244,1,0.080322,0.005261,0.000211,0.053784,6.827517,8.248201,0.000083,38.226389,8.225089,0.797092,431.640619,0.015079,6.343621,494.018774,500.377685,500.634102,0.256417,500.719685
878,vehicle0,1139.460000,1139.258000,714.834313,1,ok,21750,18338,1,0.114267,0.007465,0.000225,0.080192,6.295679,8.241556,0.000163,41.632326,9.139684,0.762168,461.550799,0.005792,10.188803,527.702567,537.897387,538.159727,0.262340,538.281459
879,vehicle0,1139.664000,1139.460000,715.639997,1,ok,21920,18530,1,0.220186,3.756532,0.000295,0.076001,9.086882,9.190077,0.000127,40.727965,10.375309,0.868453,481.838914,0.003141,7.403603,552.163728,559.570767,559.908918,0.338151,563.885636
880,vehicle0,1139.866000,1139.657000,716.340694,1,ok,22095,18705,1,0.117804,0.004507,0.000269,0.053700,7.080698,8.345973,0.000155,40.044962,11.207789,0.764485,496.424201,0.013395,7.541984,563.921963,571.477611,571.744967,0.267356,571.867278
881,vehicle0,1140.067000,1139.859000,717.081853,1,ok,22278,18839,1,0.096079,0.008287,0.000312,0.080582,9.516152,10.613338,0.000093,44.384452,10.306115,0.782013,496.752062,0.003536,7.445245,572.434807,579.883900,580.359836,0.475936,580.464202
882,vehicle0,1140.266000,1140.059000,717.834972,1,ok,22374,18796,1,0.099475,0.009729,0.000620,0.129086,7.772943,10.958918,0.000073,44.282160,9.724483,0.923851,505.836330,0.004853,6.562359,579.627844,586.195676,586.562033,0.366357,586.671237
883,vehicle0,1140.467000,1140.257000,718.526320,1,ok,22554,18781,1,0.126991,0.010015,0.000436,0.095155,9.434732,9.933708,0.000077,37.255915,12.337440,1.055202,502.502993,0.004613,9.085951,572.615222,581.706222,582.118153,0.411931,582.255159
884,vehicle0,1140.666000,1140.457000,719.238485,1,ok,22755,18864,1,0.107718,0.030836,0.000440,0.090723,7.344284,8.562196,0.000110,37.527690,10.304497,1.046763,512.238356,0.004653,6.025157,577.114619,583.144869,583.468695,0.323826,583.607249
885,vehicle0,1140.864000,1140.660000,719.977914,1,ok,22861,18916,1,0.093839,0.007404,0.000299,0.109264,7.072331,8.309507,0.000104,38.996847,9.164887,0.791179,473.850934,0.006792,6.368093,538.295053,544.670237,545.178157,0.507920,545.279400
886,vehicle0,1141.060000,1140.857000,720.711527,1,ok,22890,18973,1,0.194457,0.007326,0.000334,0.075895,7.745356,8.607861,0.000338,45.126097,9.117352,0.794453,466.031088,0.015202,6.482940,537.498440,543.996916,544.301461,0.304545,544.503244
887,vehicle0,1141.264000,1141.059000,721.549863,1,ok,22749,18908,1,0.095711,0.287005,0.000605,0.141748,7.734118,9.420971,0.000112,39.398837,10.137542,0.750597,522.651586,0.003823,10.043905,590.235511,600.283844,601.219803,0.935959,601.602519
888,vehicle0,1141.474000,1141.257000,722.306666,1,ok,22569,18837,1,0.124667,1.453272,0.000284,0.073844,7.341874,8.302959,0.000136,37.802747,11.051524,0.768735,536.470040,0.003904,9.322212,601.811859,611.138259,611.484107,0.345848,613.062046
889,vehicle0,1141.669000,1141.458000,722.996846,1,ok,22509,18788,1,0.180605,0.005915,0.000306,0.078855,8.090359,8.024448,0.000084,42.013839,13.358286,0.890693,527.282981,0.013142,7.015079,599.739545,606.768072,607.213225,0.445153,607.399745
890,vehicle0,1141.864000,1141.659000,723.765089,1,ok,22517,18795,1,0.192389,0.007031,0.000349,0.077151,6.983120,8.174438,0.000114,38.422260,10.134713,0.731007,532.065699,0.003515,6.593459,596.588502,603.185825,603.570301,0.384476,603.769721
891,vehicle0,1142.065000,1141.856000,724.470672,1,ok,22503,18793,1,0.241458,0.011764,0.000317,0.098651,8.458386,7.499227,0.000086,38.947545,9.682573,0.758687,506.859187,0.013167,6.606258,572.304342,578.924084,579.271804,0.347720,579.525026
892,vehicle0,1142.265000,1142.058000,725.251597,1,ok,22566,18819,1,0.113039,0.009021,0.000259,0.084804,11.888580,9.489414,0.000095,38.981160,9.129785,0.816374,527.848985,0.003519,7.522354,598.239197,605.765329,606.217198,0.451869,606.339258
893,vehicle0,1142.468000,1142.257000,725.965243,1,ok,22685,18908,1,0.105075,0.006618,0.000403,0.079224,6.226541,9.072548,0.000076,38.783251,10.341273,0.771291,497.159827,0.004739,6.627949,562.434031,569.067122,569.349068,0.281946,569.460761
894,vehicle0,1142.665000,1142.458000,726.748295,1,ok,22734,18935,1,0.227025,0.009283,0.000373,0.095632,6.256571,8.944071,0.000086,45.491583,13.585922,1.082606,513.698020,0.003295,8.081156,589.154491,597.239315,597.939565,0.700250,598.175873
895,vehicle0,1142.856000,1142.658000,727.401171,1,ok,22815,19082,1,0.080480,0.005454,0.000278,0.054339,5.515665,9.395504,0.000114,36.888952,8.882421,1.409348,435.826034,0.005682,11.039434,497.972377,509.017771,509.551387,0.533616,509.637321
896,vehicle0,1143.058000,1142.856000,728.132264,1,ok,23004,19339,1,0.122162,0.008426,0.000319,0.106648,6.382133,8.792041,0.000092,42.035690,8.645645,0.715118,423.264359,0.021104,6.441831,489.941726,496.404980,496.740485,0.335505,496.871073
897,vehicle0,1143.267000,1143.058000,728.974068,1,ok,23231,19633,1,0.183710,0.006881,0.000448,0.085132,9.239977,8.272838,0.000089,39.689833,9.028630,0.712520,514.968598,0.014638,7.869061,581.997617,589.881764,590.180099,0.298335,590.370690
898,vehicle0,1143.469000,1143.259000,729.706019,1,ok,23409,19830,1,0.181902,0.005032,0.000302,0.050805,5.956341,7.469838,0.000107,39.169764,11.867390,0.745727,509.512343,0.005072,6.233993,574.772315,581.011682,581.302394,0.290712,581.489328
899,vehicle0,1143.664000,1143.459000,730.435466,1,ok,23584,20017,1,0.200925,0.008815,0.000448,0.088892,11.185497,8.620654,0.000095,38.491989,12.073250,0.980126,509.984695,0.030879,7.761534,581.425198,589.218059,589.770102,0.552043,589.979842
900,vehicle0,1143.865000,1143.657000,731.171699,1,ok,23779,20217,1,0.070557,0.011461,0.000351,0.058374,7.408512,9.425321,0.000098,38.067204,11.664868,0.961889,509.024883,0.004430,6.151383,576.611149,582.767313,583.187048,0.419735,583.269066
901,vehicle0,1144.075000,1143.858000,731.866842,1,ok,23960,20416,1,0.111771,0.005709,0.000196,0.057457,7.859161,9.308894,0.000119,42.123542,12.391356,0.923829,472.097766,0.012935,9.107378,544.762124,553.882633,554.499289,0.616656,554.616769
902,vehicle0,1144.281000,1144.075000,732.670414,1,ok,24152,20702,1,0.122787,0.004556,0.000233,0.054384,7.544889,7.595635,0.000086,40.111000,10.448602,0.916432,510.066632,0.053083,7.023696,576.737660,583.814672,584.171707,0.357035,584.299050
903,vehicle0,1144.481000,1144.271000,733.387183,1,ok,24299,20945,1,0.096287,0.007091,0.000310,0.093843,8.607785,12.726886,0.000120,43.508089,10.493183,0.755295,478.451141,0.004837,8.593986,554.636342,563.235475,563.701446,0.465971,563.804824
904,vehicle0,1144.682000,1144.473000,734.136502,1,ok,24444,21160,1,0.121510,0.019517,0.000226,0.105426,6.901213,7.679747,0.000077,39.777878,11.340361,0.967234,501.324457,0.004234,8.080459,568.096393,576.181312,576.607763,0.426451,576.748790
905,vehicle0,1144.881000,1144.674000,734.876399,1,ok,24556,21302,1,0.103771,0.006087,0.000174,0.061840,7.375922,8.414301,0.000094,41.095899,10.784731,0.793778,480.794315,0.005237,6.608500,549.320880,555.934791,556.695007,0.760216,556.804865
906,vehicle0,1145.083000,1144.872000,735.552730,1,ok,24511,21287,1,0.122967,0.008598,0.000301,0.090514,7.023229,9.221734,0.000244,36.850220,10.764766,0.742280,452.961359,0.012452,11.050790,517.654346,528.717889,529.305718,0.587829,529.437283
907,vehicle0,1145.274000,1145.075000,736.285694,1,ok,24537,21288,1,0.198327,0.750658,0.000198,0.077422,6.617853,8.302541,0.000157,36.565797,8.227100,0.752235,468.248535,0.007495,7.435997,528.791640,536.235330,536.598934,0.363604,537.547919
908,vehicle0,1145.481000,1145.274000,737.024035,1,ok,24617,21305,1,0.154466,0.004729,0.000269,0.054641,6.965582,8.340350,0.000170,37.445680,10.210091,0.714087,441.046319,0.060810,8.585152,504.776920,513.423151,513.803386,0.380235,513.962581
909,vehicle0,1145.679000,1145.473000,737.764000,1,ok,24734,21417,1,0.109776,0.006657,0.000332,0.089748,8.106409,8.906144,0.000086,41.864071,9.253410,0.922213,461.844940,0.018975,8.965781,530.987021,539.972109,544.478195,4.506086,544.594628
910,vehicle0,1145.880000,1145.673000,738.408773,1,ok,24819,21532,1,0.113142,3.215504,0.000436,0.092208,8.218561,8.940522,0.000121,37.963053,9.012335,0.736866,468.301205,0.004017,7.112331,533.264871,540.381655,541.008810,0.627155,544.337456
911,vehicle0,1146.082000,1145.873000,739.127627,1,ok,24890,21644,1,0.218984,0.007049,0.000339,0.090527,8.336143,8.449732,0.000187,42.131701,10.954055,0.788932,454.552107,0.004625,7.173726,525.303384,532.482074,532.821032,0.338958,533.047065
912,vehicle0,1146.283000,1146.074000,739.854797,1,ok,24927,21698,1,0.192983,0.008131,0.000310,0.090835,7.237594,9.572114,0.000093,41.607081,10.033554,0.825282,453.120014,0.005382,8.359070,522.486567,530.851329,531.303775,0.452446,531.504889
913,vehicle0,1146.479000,1146.276000,740.596738,1,ok,24893,21624,1,0.140042,0.423053,0.000595,0.087059,7.803799,7.819887,0.000113,38.715414,10.434551,0.785695,464.208741,0.006512,6.734483,529.855259,536.596849,536.882381,0.285532,537.445476
914,vehicle0,1146.679000,1146.476000,741.309873,1,ok,24807,21516,1,0.117677,0.005156,0.000232,0.056518,8.904333,11.298442,0.000086,42.728505,12.242241,0.908595,445.181524,0.013742,7.376565,521.320244,528.710783,534.463502,5.752719,534.586335
915,vehicle0,1146.885000,1146.675000,742.073037,1,ok,24785,21470,1,0.208533,0.005374,0.000179,0.057741,7.525042,7.633984,0.000095,42.776581,9.616829,0.915608,468.360119,0.046368,8.659056,536.885999,545.591602,545.978836,0.387234,546.192743
916,vehicle0,1147.080000,1146.877000,742.847916,1,ok,24889,21540,1,0.226323,0.006598,0.000279,0.096194,13.643031,11.025501,0.000104,55.810923,15.632107,1.108002,486.124120,0.003916,7.106972,583.439982,590.551149,591.200593,0.649444,591.433514
917,vehicle0,1147.284000,1147.072000,743.443928,1,ok,24904,21518,1,0.098456,0.006131,0.000276,0.062302,7.344078,11.798071,0.000087,42.641747,10.332190,0.740427,460.004960,0.017488,8.664588,532.923862,541.606214,542.035154,0.428940,542.139741
918,vehicle0,1147.484000,1147.276000,744.153268,1,ok,24925,21513,1,0.087498,0.004624,0.000289,0.058186,8.470894,8.212418,0.000086,38.290459,12.640558,0.953379,441.075438,0.014026,7.910426,509.701418,517.626159,518.089683,0.463524,518.181805
919,vehicle0,1147.685000,1147.476000,744.823277,1,ok,25110,21706,1,0.100106,0.008172,0.000292,0.124061,7.872221,8.454886,0.000077,47.959010,10.777063,0.727275,446.689346,0.034119,8.353805,522.603939,530.992155,531.319425,0.327270,531.427703
920,vehicle0,1147.874000,1147.677000,745.392936,1,ok,25098,21712,1,0.230710,0.007649,0.000180,0.101293,9.499244,8.149609,0.000132,38.951917,9.675000,0.955055,450.603542,0.004326,6.993271,517.935792,524.933569,525.533133,0.599564,525.771492
921,vehicle0,1148.073000,1147.874000,746.161953,1,ok,25161,21787,1,0.283383,0.237605,0.000435,0.105793,10.349905,10.582263,0.000091,41.245161,9.058172,0.742934,441.245314,0.003149,8.560081,513.329633,521.893298,522.333886,0.440588,522.854874
922,vehicle0,1148.274000,1148.073000,746.902152,1,ok,25247,21862,1,0.124910,0.006936,0.000348,0.106209,7.769384,8.732538,0.000145,44.778820,11.831606,0.782023,429.945637,0.004302,7.126505,503.946362,511.077517,511.369737,0.292220,511.501583
923,vehicle0,1148.476000,1148.274000,747.605877,1,ok,25274,21905,1,0.095856,0.005071,0.000190,0.073556,5.577508,7.817538,0.000080,43.971854,9.569807,0.995946,402.011023,0.004860,6.387603,470.017312,476.409965,476.816683,0.406718,476.917610
924,vehicle0,1148.673000,1148.476000,748.334463,1,ok,25374,21991,1,0.241339,0.008584,0.000365,0.110156,6.074913,10.205069,0.000216,37.686659,10.910230,0.975910,415.294660,0.003714,6.927263,481.257813,488.189155,488.545756,0.356601,488.795679
925,vehicle0,1148.876000,1148.673000,749.076293,1,ok,25446,22047,1,0.080995,0.006417,0.000322,0.108166,6.099943,9.692418,0.000075,37.064110,9.739321,0.746372,391.840012,0.052666,10.245582,455.290417,465.588987,465.946593,0.357606,466.034005
926,vehicle0,1149.078000,1148.876000,749.877171,1,ok,25438,22027,1,0.206058,0.006499,0.000241,0.096583,7.996722,10.860215,0.000117,50.838033,13.494399,1.061739,432.035729,0.004662,6.822226,516.383537,523.210666,523.499573,0.288907,523.712130
927,vehicle0,1149.270000,1149.075000,750.464834,1,ok,25443,22019,1,0.100938,0.006801,0.000306,0.070060,5.906138,9.263845,0.000318,36.956200,8.024866,0.728994,383.081851,0.010296,9.226377,444.032272,453.269251,453.656645,0.387394,453.764384
928,vehicle0,1149.472000,1149.275000,751.241142,1,ok,25441,22005,1,0.115819,4.064813,0.000408,0.081618,6.859927,7.775322,0.000206,41.129154,9.018466,0.803582,397.683773,0.004952,7.476209,463.352048,470.833617,471.363239,0.529622,475.543871
929,vehicle0,1149.676000,1149.472000,751.989235,1,ok,25510,22039,1,0.116795,0.005757,0.000619,0.095234,7.538759,7.787350,0.000128,41.755401,9.279230,0.743933,429.882504,0.006132,8.564266,497.082539,505.653556,505.965531,0.311975,506.088083
930,vehicle0,1149.876000,1149.676000,752.742909,1,ok,25564,22069,1,0.141581,0.007418,0.000275,0.091765,7.881383,7.941988,0.000183,39.946583,10.660714,1.166801,424.938659,0.016809,7.926631,492.628076,500.571791,501.023979,0.452188,501.172978
931,vehicle0,1150.075000,1149.876000,753.418906,1,ok,25670,22180,1,0.126348,0.007776,0.000209,0.078173,7.017835,7.954891,0.000081,37.889583,9.480035,0.986690,380.950278,0.004086,7.357878,444.357566,451.719739,452.089021,0.369282,452.223145
932,vehicle0,1150.275000,1150.075000,754.073028,1,ok,25734,22266,1,0.127862,0.007448,0.000287,0.096740,8.106952,10.220433,0.000109,38.009498,9.706648,0.796195,393.348375,0.005939,6.613723,460.284950,466.904899,467.285497,0.380598,467.420807
933,vehicle0,1150.476000,1150.275000,754.822889,1,ok,25781,22329,1,0.131319,0.098146,0.000301,0.094153,8.288816,7.769289,0.000104,46.206237,11.703330,0.871560,390.843347,0.007491,7.787196,465.776836,473.571824,474.035070,0.463246,474.264535
934,vehicle0,1150.674000,1150.476000,755.571874,1,ok,25839,22510,1,0.086330,0.007782,0.000299,0.107370,9.517097,9.511452,0.000082,42.523039,13.841574,0.923953,408.810663,0.003501,6.639504,485.235230,491.878534,492.284916,0.406382,492.379028
935,vehicle0,1150.873000,1150.674000,756.308669,1,ok,25863,22624,1,0.098864,0.005845,0.000438,0.057845,9.720907,8.052989,0.000154,45.036574,11.507229,0.721892,398.666373,0.003361,7.011110,473.763963,480.778872,481.067783,0.288911,481.172492
936,vehicle0,1151.074000,1150.874000,757.087286,1,ok,25891,22615,1,0.221417,0.006285,0.000218,0.096093,10.929855,19.082327,0.000112,43.979395,11.327541,0.781605,402.895872,0.012350,8.198995,489.092800,497.304363,497.603195,0.298832,497.830897
937,vehicle0,1151.263000,1151.074000,757.799586,1,ok,25874,22531,1,0.137735,0.005679,0.000635,0.112827,7.811849,9.907235,0.000138,42.327887,10.934916,1.130279,391.352968,0.004565,6.754758,463.578099,470.338057,470.741434,0.403377,470.884848
938,vehicle0,1151.478000,1151.275000,758.597091,1,ok,25962,22507,1,0.121639,0.008794,0.000314,0.079844,9.591794,16.072318,0.000082,42.023839,11.051549,0.959280,407.362705,0.003355,6.115013,487.141411,493.260093,493.773952,0.513859,493.904385
939,vehicle0,1151.685000,1151.478000,759.363241,1,ok,26029,22500,1,0.141307,0.007976,0.000306,0.103074,8.780074,8.765850,0.000101,44.744376,13.134399,1.096895,424.745870,0.006125,7.123850,501.370639,508.500920,509.090557,0.589637,509.239840
940,vehicle0,1151.886000,1151.678000,760.028438,1,ok,26110,22568,1,0.096190,0.004579,0.000296,0.094341,9.458137,10.634286,0.000250,43.757530,11.245017,0.991930,416.442912,0.011509,9.245891,492.624403,501.882099,502.325919,0.443820,502.426688
941,vehicle0,1152.084000,1151.879000,760.673849,1,ok,26169,22691,1,0.324215,0.012213,0.000597,0.127601,11.776615,9.878816,0.000089,40.938967,10.899006,0.715866,391.557129,0.130433,8.802910,465.894089,474.828029,475.375308,0.547279,475.711736
942,vehicle0,1152.276000,1152.076000,761.310400,1,ok,26240,22846,1,0.094482,0.004691,0.000346,0.057653,11.028255,8.165265,0.000078,43.014834,10.147277,0.900788,418.612966,0.002970,9.293954,491.927116,501.224386,501.544063,0.319677,501.643236
943,vehicle0,1152.476000,1152.276000,762.078577,1,ok,26276,22908,1,0.121427,0.005638,0.000143,0.087219,13.937604,9.591849,0.000096,42.785816,11.040765,0.773295,403.051344,0.016979,7.762672,481.267988,489.047782,489.438121,0.390339,489.565186
944,vehicle0,1152.676000,1152.476000,762.828260,1,ok,26399,23037,1,0.073706,0.006414,0.000344,0.095429,10.340419,10.720825,0.000124,42.412252,12.004513,0.809540,398.942351,0.004358,8.150409,475.325453,483.480564,483.748215,0.267651,483.828335
945,vehicle0,1152.875000,1152.676000,763.555020,1,ok,26565,23184,1,0.221045,0.008092,0.000259,0.087186,8.053132,8.818399,0.000097,40.454295,11.076296,0.710232,385.660553,0.003491,9.313399,454.860190,464.177339,464.565339,0.388000,464.794476
946,vehicle0,1153.071000,1152.877000,764.270451,1,ok,26671,23278,1,0.133929,0.005771,0.000155,0.070635,8.124205,7.963730,0.000088,43.192810,10.318628,0.768305,367.474565,0.003083,8.334932,437.912966,446.251136,446.553544,0.302408,446.693244
947,vehicle0,1153.271000,1153.076000,765.020815,1,ok,26672,23291,1,0.126650,0.009238,0.000406,0.118811,9.106842,9.968164,0.000287,38.097366,10.066918,0.886051,364.162928,0.040895,8.206339,432.407367,440.655007,440.961926,0.306919,441.097814
948,vehicle0,1153.476000,1153.276000,765.763854,1,ok,26667,23319,1,0.241642,0.006761,0.000308,0.102176,9.306691,12.222904,0.000127,41.195826,9.905884,0.897075,364.993361,0.003902,7.080016,438.624044,445.708270,446.100893,0.392623,446.349296
949,vehicle0,1153.677000,1153.476000,766.520139,1,ok,26681,23296,1,0.087669,0.008613,0.000378,0.104123,8.900923,8.308607,0.000089,42.521061,10.555268,0.732524,396.347887,0.005212,8.006601,467.470482,475.482673,475.816726,0.334053,475.913008
950,vehicle0,1153.875000,1153.677000,767.188284,1,ok,26746,23334,1,0.133239,0.008072,0.000276,0.115756,7.263843,8.487303,0.000111,40.961324,11.719852,0.742312,388.994369,0.012212,11.988632,458.284870,470.285990,470.781411,0.495421,470.922722
951,vehicle0,1154.064000,1153.875000,767.853005,1,ok,26784,23347,1,0.098608,0.006957,0.000446,0.095304,6.044793,10.066621,0.000099,40.005474,10.089914,0.930494,380.083018,0.002934,8.325508,447.315717,455.644605,456.013210,0.368605,456.118775
952,vehicle0,1154.275000,1154.079000,768.616309,1,ok,26795,23351,1,0.230311,0.006027,0.000307,0.103793,6.202069,12.403796,0.000113,38.321174,8.796433,0.726868,374.720774,0.027469,6.173111,441.275020,447.475907,447.723065,0.247158,447.959403
953,vehicle0,1154.477000,1154.275000,769.329051,1,ok,26822,23404,1,0.229460,0.005381,0.000261,0.060025,7.021100,10.847521,0.000079,38.902833,8.172155,0.771548,383.346729,0.004875,6.911300,449.121990,456.038426,456.404435,0.366009,456.639276
954,vehicle0,1154.675000,1154.477000,770.087006,1,ok,26797,23378,1,0.130967,0.007119,0.000221,0.104286,8.664015,9.746341,0.000086,42.830058,17.445194,0.896015,392.470475,0.006705,8.756273,472.156470,480.919669,481.382295,0.462626,481.520381
955,vehicle0,1154.875000,1154.675000,770.738630,1,ok,26840,23415,1,0.179118,0.005597,0.000148,0.059555,7.056973,8.731476,0.000166,41.675466,10.612742,0.986067,397.643514,0.012119,8.431554,466.765959,475.209780,475.755798,0.546018,475.940513
956,vehicle0,1155.076000,1154.875000,771.459119,1,ok,26894,23445,1,0.302036,0.006091,0.000471,0.109298,11.945663,11.144437,0.000081,40.265772,12.363997,0.771902,396.925134,0.005829,7.163720,473.526284,480.696304,481.153206,0.456902,481.461333
957,vehicle0,1155.274000,1155.076000,772.193395,1,ok,26887,23379,1,0.384747,0.009344,0.000459,0.115840,10.056322,10.346578,0.000196,40.486987,10.466827,0.904398,377.443868,0.004185,8.048147,449.821016,457.873807,458.336804,0.462997,458.730895
958,vehicle0,1155.477000,1155.276000,772.935166,1,ok,26916,23344,1,0.223245,0.007349,0.000408,0.093994,9.661030,10.029688,0.000079,42.265107,11.013198,0.723020,365.102023,0.023184,12.515900,438.888139,451.427631,451.923985,0.496354,452.154579
959,vehicle0,1155.641000,1155.477000,773.660468,1,ok,26964,23366,1,0.148517,0.011423,0.000318,0.103468,7.293587,9.967424,0.000107,42.795408,10.357816,0.929450,360.610133,0.018842,7.488258,432.057393,439.564811,439.883262,0.318451,440.043202
960,vehicle0,1155.810000,1155.675000,774.431876,1,ok,26998,23392,1,0.281244,0.005535,0.000328,0.102776,9.459305,11.977110,0.000175,41.273717,14.864807,0.900293,331.781049,0.031704,8.147414,410.359232,418.538678,419.065859,0.527181,419.352638
961,vehicle0,1156.016000,1155.877000,775.205891,1,ok,27070,23447,1,0.318493,0.008536,0.000331,0.094605,8.250834,9.066879,0.000091,38.429009,9.697538,0.901828,321.876826,0.005837,7.806892,388.317610,396.130670,396.607649,0.476979,396.934678
962,vehicle0,1156.207000,1156.077000,775.856511,1,ok,27112,23479,1,0.241119,0.008014,0.000319,0.118232,8.490356,10.268825,0.000077,39.262616,8.488274,0.923671,316.791941,0.004459,7.804367,384.343992,392.153137,392.506791,0.353654,392.755924
963,vehicle0,1156.440000,1156.279000,776.631412,1,ok,27183,23549,1,0.123337,0.009832,0.000156,0.079149,8.452963,9.084542,0.000085,38.640738,9.880042,0.870840,316.297678,0.004656,8.074685,383.306037,391.385534,392.006592,0.621058,392.139761
964,vehicle0,1156.691000,1156.478000,777.453811,1,ok,27240,23591,1,0.186566,0.063230,0.000249,0.264250,8.575654,9.024047,0.000089,41.330271,10.711479,0.974263,359.488850,0.014176,7.518153,430.368903,437.901481,438.416455,0.514974,438.666251
965,vehicle0,1156.885000,1156.681000,778.137491,1,ok,27371,23713,1,0.099000,0.006280,0.000279,0.061895,8.967064,9.162418,0.000178,42.213829,8.089223,0.945756,366.543550,0.003599,6.042183,435.983913,442.029974,442.527756,0.497782,442.633036
966,vehicle0,1157.036000,1156.876000,778.778269,1,ok,27437,23740,1,0.227864,0.005324,0.000320,0.102456,13.178160,8.934363,0.000078,40.328389,12.618239,0.973013,350.927714,0.004105,7.580306,427.062412,434.647143,435.897541,1.250398,436.130729
967,vehicle0,1157.268000,1157.079000,779.586545,1,ok,27542,23852,1,0.238097,0.008336,0.000232,0.096779,13.972600,10.754456,0.000075,45.156474,9.238333,0.708163,356.907587,0.012555,9.778467,436.834467,446.625721,447.027824,0.402103,447.274257
968,vehicle0,1157.479000,1157.279000,780.261512,1,ok,27554,23860,1,0.142988,0.006674,0.000206,0.091365,7.485090,10.422639,0.000077,38.002027,9.794763,0.876491,365.398699,0.003204,7.007163,432.071151,439.081724,439.689927,0.608203,439.839589
969,vehicle0,1157.669000,1157.479000,781.008475,1,ok,27490,23823,1,0.210402,0.007238,0.000359,0.101224,8.314379,11.317273,0.000096,43.131808,11.303268,0.892867,362.131671,0.003473,8.254548,437.192586,445.450966,445.805006,0.354040,446.022646
970,vehicle0,1157.874000,1157.679000,781.764256,1,ok,27494,23817,1,0.118447,0.009599,0.000404,0.144173,6.152973,8.472491,0.000081,35.943042,9.870099,0.866455,359.974204,0.012962,6.691668,421.423518,428.128552,428.523149,0.394597,428.651195
971,vehicle0,1158.077000,1157.879000,782.578799,1,ok,27493,23794,1,0.155024,0.007762,0.000296,0.105627,9.066885,9.404070,0.000102,40.196460,11.676565,0.750817,369.037486,0.003595,6.796659,440.238012,447.038562,447.598727,0.560165,447.761513
972,vehicle0,1158.204000,1158.077000,783.316000,1,ok,27484,23716,1,0.209020,0.006751,0.000288,0.091863,7.714821,9.081636,0.000232,40.177207,9.832938,0.939777,352.733812,0.005012,7.799611,420.572286,428.377197,428.718707,0.341510,428.934478
973,vehicle0,1158.465000,1158.278000,784.153329,1,ok,27456,23693,1,0.139407,0.006742,0.000336,0.485952,11.402495,7.732740,0.000111,39.321399,9.928623,0.714217,365.575644,0.003789,8.403660,435.161181,443.568966,443.965073,0.396107,444.111222
974,vehicle0,1158.646000,1158.478000,784.926111,1,ok,27502,23779,1,0.092542,0.005126,0.000263,0.063974,8.085903,14.143191,0.000130,39.731397,11.628058,0.959734,369.069190,0.014827,9.936759,443.681577,453.633426,454.044153,0.410727,454.141821
975,vehicle0,1158.878000,1158.678000,785.717166,1,ok,27572,23772,1,0.243052,0.016955,0.000267,0.199834,7.390787,9.777815,0.000118,41.981777,10.281834,0.876403,369.947521,0.041326,8.635710,440.456089,449.133392,449.750206,0.616814,450.010213
976,vehicle0,1159.046000,1158.878000,786.466532,1,ok,27584,23737,1,0.120531,0.005584,0.000179,0.080588,8.964401,8.901766,0.000134,41.489461,9.512811,1.035287,357.803292,0.013755,7.652027,427.787740,435.453701,436.269968,0.816267,436.396083
977,vehicle0,1159.242000,1159.078000,787.232329,1,ok,27517,23625,1,0.238923,0.005340,0.000272,0.064164,8.120294,9.410651,0.000097,36.759213,9.784999,0.938450,349.274412,0.060899,8.573834,414.352280,422.987285,423.347746,0.360461,423.592009
978,vehicle0,1159.473000,1159.277000,788.036438,1,ok,27507,23627,1,0.432102,0.157914,0.000441,0.353680,11.410745,8.419785,0.000098,40.940741,9.395217,0.721806,371.568453,0.003587,6.979999,442.810525,449.794552,450.176012,0.381460,450.766028
979,vehicle0,1159.668000,1159.479000,788.857301,1,ok,27585,23725,1,0.249127,0.007429,0.000247,0.110384,10.469878,9.502159,0.000128,44.767975,11.502744,0.734855,377.254173,0.007153,7.825607,454.342296,462.175303,462.455320,0.280017,462.711876
980,vehicle0,1159.880000,1159.679000,789.640001,1,ok,27606,23785,1,0.265186,0.007370,0.000230,0.093477,8.564055,9.171951,0.000130,41.058716,11.647897,0.873835,364.200718,0.041117,7.030471,435.610779,442.682597,443.096350,0.413753,443.368906
981,vehicle0,1160.080000,1159.880000,790.413289,1,ok,27586,23764,1,0.121870,0.005909,0.000299,0.084421,8.437998,8.948627,0.000110,42.740473,10.206392,0.729608,374.989346,0.004494,6.867884,446.136975,453.009652,453.260655,0.251003,453.388434
982,vehicle0,1160.283000,1160.080000,791.187819,1,ok,27598,23736,1,0.284564,0.010653,0.000549,0.117388,7.938309,8.152157,0.000097,41.570452,11.732671,0.966676,384.412245,0.004956,8.423759,454.889995,463.319259,464.154695,0.835436,464.449912
983,vehicle0,1160.481000,1160.283000,791.830219,1,ok,27619,23723,1,0.121328,0.005922,0.000245,0.060005,5.491858,9.879242,0.000112,35.547564,9.694729,0.721760,359.691383,0.011936,8.835122,421.086653,429.933956,430.340422,0.406466,430.467672
984,vehicle0,1160.639000,1160.482000,792.566740,1,ok,27663,23764,1,0.098121,0.008667,0.000228,0.098713,5.591793,10.587558,0.000089,39.623133,9.451516,0.876954,328.628775,0.003285,8.429014,394.858531,403.291058,403.618164,0.327106,403.724952
985,vehicle0,1160.875000,1160.683000,793.370077,1,ok,27656,23762,1,0.257008,0.007251,0.000243,0.095154,7.055017,7.877301,0.000074,38.732556,8.601024,0.828925,349.244012,0.003778,8.889992,412.434063,421.328076,421.761948,0.433872,422.026207
986,vehicle0,1161.059000,1160.881000,794.127075,1,ok,27595,23725,1,0.134027,0.023166,0.000248,0.102172,7.849886,10.368216,0.000090,34.567402,8.256303,0.713252,345.450605,0.018789,8.082694,407.307926,415.409657,415.828478,0.418821,415.985671
987,vehicle0,1161.243000,1161.082000,794.906702,1,ok,27571,23727,1,0.254453,0.006260,0.000129,0.062955,7.007862,14.952820,0.000076,38.165170,9.562389,0.978536,360.335704,0.014373,9.455068,431.065512,440.535082,441.125036,0.589954,441.385749
988,vehicle0,1161.447000,1161.279000,795.692136,1,ok,27578,23735,1,0.116472,0.010345,0.000245,0.081662,6.722029,8.489078,0.000086,36.888081,8.815656,0.774384,329.117888,0.005941,9.741905,390.888864,400.636955,401.126539,0.489584,401.253356
989,vehicle0,1161.682000,1161.483000,796.526939,1,ok,27568,23732,1,0.236741,0.008448,0.000292,0.104510,8.364173,11.284037,0.000286,51.220087,15.825635,1.048581,365.702266,0.003387,8.482333,453.549575,462.035587,463.631227,1.595640,463.876416
990,vehicle0,1161.832000,1161.684000,797.245610,1,ok,27468,23620,1,0.100330,0.007247,0.000191,0.101222,8.800484,11.176228,0.000187,36.568625,7.824590,0.738072,329.345016,0.004504,7.018832,394.554424,401.577951,402.181233,0.603282,402.288810
991,vehicle0,1162.067000,1161.884000,798.072818,1,ok,27504,23668,1,0.244604,0.007827,0.000331,0.101066,6.964979,8.296772,0.000115,37.332104,8.844564,0.767504,345.565323,0.048745,10.021122,407.872427,417.942625,418.576836,0.634211,418.829267
992,vehicle0,1162.247000,1162.081000,798.853539,1,ok,27545,23704,1,0.247325,0.006117,0.000181,0.103071,7.879744,13.542587,0.000109,49.995058,11.732740,0.747317,341.326092,0.003605,10.387336,425.326718,435.717840,436.313290,0.595450,436.566732
993,vehicle0,1162.420000,1162.281000,799.591487,1,ok,27607,23768,1,0.131044,0.008253,0.000296,0.106593,7.452379,10.344465,0.000140,37.258080,8.067440,0.720927,293.718269,0.003502,6.534172,357.668293,364.206263,364.482950,0.276687,364.622247
994,vehicle0,1162.593000,1162.482000,800.370672,1,ok,27605,23747,1,0.256239,0.006786,0.000181,0.086120,6.983107,9.111261,0.000099,37.499781,8.126555,1.178771,314.587864,0.004396,7.377130,377.573558,384.955265,385.338577,0.383312,385.601602
995,vehicle0,1162.839000,1162.683000,801.194140,1,ok,27655,23771,1,0.299693,0.010322,0.000331,0.087832,6.859571,8.748432,0.000074,36.732153,8.623563,0.725686,322.994593,0.003433,8.153654,384.771904,392.929322,393.177964,0.248642,393.487979
996,vehicle0,1163.037000,1162.883000,801.969954,1,ok,27658,23781,1,0.276492,0.032388,0.000319,0.107000,7.526262,9.012764,0.000099,36.853148,8.793249,0.718071,336.934575,0.004892,8.696322,399.945168,408.646701,408.954643,0.307942,409.263523
997,vehicle0,1163.200000,1163.082000,802.715969,1,ok,27650,23774,1,0.145806,0.011568,0.000237,0.096168,7.982224,8.187567,0.000152,34.261564,7.617727,0.773701,295.171204,0.023561,7.885702,354.090307,361.999807,362.595163,0.595356,362.752537
998,vehicle0,1163.411000,1163.282000,803.500019,1,ok,27662,23784,1,0.124436,0.012460,0.000220,0.099712,5.649645,8.041462,0.000081,36.674031,7.217355,0.838809,300.973251,0.003502,6.679617,359.494346,366.177685,366.705427,0.527742,366.842323
999,vehicle0,1163.692000,1163.485000,804.327338,1,ok,27602,23738,1,0.259135,0.007115,0.000226,0.059140,8.027226,9.108043,0.000076,42.677174,9.109624,0.758273,348.247637,0.003157,6.907722,417.987193,424.898298,425.205760,0.307462,425.472010
1000,vehicle0,1163.846000,1163.682000,804.972571,1,ok,27452,23629,1,0.231273,0.010294,0.000381,0.105542,8.803090,11.131895,0.000111,38.293605,10.463587,1.026410,329.292149,0.002871,6.867949,399.116389,405.987590,406.641793,0.654203,406.883360
1001,vehicle0,1164.071000,1163.880000,805.735577,1,ok,27453,23618,1,0.103384,0.005697,0.000291,0.099888,8.458675,13.784054,0.000491,39.660248,8.362356,0.767314,326.291160,0.003718,6.287839,397.424186,403.716034,404.085971,0.369937,404.195052
1002,vehicle0,1164.230000,1164.083000,806.473911,1,ok,27435,23599,1,0.240013,0.010001,0.000234,0.084820,7.847297,8.944575,0.000143,41.605934,9.108967,0.826465,330.692647,0.027308,8.111162,399.110848,407.249552,407.651490,0.401938,407.901504
1003,vehicle0,1164.435000,1164.283000,807.235406,1,ok,27445,23612,1,0.325973,0.011333,0.000203,0.094901,7.431842,9.957373,0.000104,39.841804,8.624932,0.702889,323.431308,0.002531,7.526901,390.085153,397.614788,398.125745,0.510957,398.463051
1004,vehicle0,1164.614000,1164.482000,807.887286,1,ok,27402,23579,1,0.153382,0.009038,0.000364,0.153470,6.769541,8.860070,0.000100,36.595978,10.593938,0.943003,314.777227,0.003412,8.455663,378.693327,387.152766,387.500347,0.347581,387.662767
1005,vehicle0,1164.886000,1164.688000,808.704997,1,ok,27340,23514,1,0.274897,0.012239,0.000358,0.111200,6.089773,8.555918,0.000140,37.169039,7.196289,1.096345,351.055968,0.003073,7.064365,411.274672,418.342468,418.820603,0.478135,419.107739
1006,vehicle0,1165.054000,1164.881000,809.369623,1,ok,27259,23487,1,0.222479,0.004425,0.000175,0.059949,7.977896,9.391507,0.000149,38.155071,8.139398,0.709350,331.557625,0.004598,7.256717,395.990945,403.252435,403.538106,0.285671,403.765010
1007,vehicle0,1165.212000,1165.079000,810.112038,1,ok,27227,23532,1,0.204155,0.010266,0.000317,0.116375,9.204814,10.767336,0.000086,37.036457,8.383569,0.733070,313.235836,0.013382,11.364261,379.477543,390.855503,391.500402,0.644899,391.714823
1008,vehicle0,1165.433000,1165.282000,810.930055,1,ok,27270,23565,1,0.256393,1.903137,0.000288,0.094508,8.890896,8.289481,0.000290,38.868623,9.231387,0.907871,322.709841,0.093078,9.940379,388.992897,399.026642,400.067842,1.041200,402.227372
1009,vehicle0,1165.674000,1165.479000,811.752566,1,ok,27316,23629,1,0.111015,0.008533,0.000597,0.096139,8.878863,9.465932,0.000094,43.423728,12.819593,0.702477,350.204780,0.004639,8.660137,425.591606,434.256979,434.642324,0.385345,434.761872
1010,vehicle0,1165.869000,1165.683000,812.532731,1,ok,27432,23758,1,0.291720,0.195597,0.000410,0.118541,11.226476,10.882265,0.000124,39.251567,8.995572,0.754866,346.062005,0.003714,7.567135,417.291416,424.862675,425.320400,0.457725,425.807717
1011,vehicle0,1166.078000,1165.882000,813.345460,1,ok,27525,23851,1,0.143927,0.009858,0.000222,0.114707,8.990991,11.030833,0.000093,40.140342,8.185836,0.747990,368.130938,0.003096,6.702567,437.341730,444.047615,444.510165,0.462550,444.663950
1012,vehicle0,1166.282000,1166.082000,814.141454,1,ok,27639,23973,1,0.277361,0.010174,0.000321,0.103365,11.406766,9.479097,0.000087,43.141973,8.390208,0.698145,392.828236,0.005435,8.248532,466.047877,474.302165,474.625889,0.323724,474.913424
1013,vehicle0,1166.485000,1166.282000,814.874785,1,ok,27726,24057,1,0.134446,0.005512,0.000238,0.062518,9.175471,11.695457,0.000074,39.805125,11.844045,0.850899,372.369739,0.024887,6.700341,445.803328,452.528794,453.039856,0.511062,453.179814
1014,vehicle0,1166.661000,1166.485000,815.629892,1,ok,27829,24182,1,0.138046,0.014276,0.000403,0.112195,9.815710,9.228645,0.000099,37.265690,10.913395,0.853061,367.300561,0.020994,11.686167,435.489356,447.196920,447.477210,0.280290,447.629532
1015,vehicle0,1166.885000,1166.683000,816.411832,1,ok,27862,24273,1,0.265637,0.013127,0.000228,0.103115,11.694884,8.552392,0.000082,41.628192,9.333492,0.785218,371.223475,0.003657,7.452938,443.320850,450.777673,451.201721,0.424048,451.480485
1016,vehicle0,1167.080000,1166.885000,817.150916,1,ok,27871,24315,1,0.242803,0.007190,0.000302,0.095029,10.206043,11.192619,0.000114,40.696940,8.496331,0.939371,347.587451,0.003355,6.922585,419.213898,426.140140,426.432446,0.292306,426.682439
1017,vehicle0,1167.229000,1167.085000,817.896179,1,ok,27732,24140,1,0.112476,0.037256,0.000288,0.085632,8.298471,13.338878,0.000252,46.900024,10.620591,0.915994,338.958839,0.004470,8.251534,419.118681,427.374973,427.821714,0.446741,427.971446
1018,vehicle0,1167.450000,1167.285000,818.677423,1,ok,27753,24155,1,0.108654,0.005087,0.000263,0.061703,8.057104,10.919384,0.000087,37.134376,10.092387,0.834570,338.954905,0.003677,7.536504,406.054516,413.594960,414.023656,0.428696,414.137397
1019,vehicle0,1167.662000,1167.485000,819.499437,1,ok,27752,24170,1,0.108389,0.008179,0.000386,0.066650,8.634353,8.844080,0.000099,39.766315,13.206329,0.892385,368.649870,0.024544,7.927157,440.060081,448.012168,448.452379,0.440211,448.568947
1020,vehicle0,1167.856000,1167.684000,820.272474,1,ok,27781,24190,1,0.131931,0.008200,0.000330,0.120681,13.084412,9.653361,0.000079,36.966075,9.667205,0.875080,348.002234,0.003414,7.967633,418.369127,426.340504,427.217688,0.877184,427.357819
1021,vehicle0,1168.086000,1167.885000,821.030934,1,ok,27693,24022,1,0.255782,0.006045,0.000509,0.100562,11.631149,9.126032,0.000100,37.749104,8.802708,0.927692,343.308508,0.017917,7.767158,411.645855,419.431439,419.974622,0.543183,420.236449
1022,vehicle0,1168.270000,1168.086000,821.803736,1,ok,27612,23757,1,0.125006,0.007595,0.000591,0.130828,9.890376,8.099192,0.000080,39.455159,10.669290,0.708717,381.591194,0.005202,7.566760,450.544836,458.117389,458.455991,0.338602,458.588592
1023,vehicle0,1168.484000,1168.285000,822.591246,1,ok,27501,23590,1,0.119824,0.008678,0.000266,0.126359,10.905111,8.974109,0.000156,36.434947,10.553461,0.873692,351.260458,0.014872,10.320586,419.128293,429.464017,429.891628,0.427611,430.020130
1024,vehicle0,1168.684000,1168.484000,823.352970,1,ok,27466,23547,1,0.265103,0.008728,0.000409,0.100635,8.749424,9.192300,0.000173,40.326266,8.850316,0.726748,359.860635,0.019176,8.588135,427.806497,436.414217,436.717995,0.303778,436.991826
1025,vehicle0,1168.825000,1168.684000,824.083256,1,ok,27370,23489,1,0.145360,0.009226,0.000672,0.134180,9.190370,10.446549,0.000129,39.020790,10.661886,0.867516,319.014337,0.004758,8.592003,389.335757,397.933190,398.590509,0.657319,398.745095
1026,vehicle0,1169.014000,1168.885000,824.878037,1,ok,27299,23498,1,0.240151,0.008591,0.000335,0.108541,8.974292,12.309468,0.000076,36.721447,8.985425,0.908829,335.401723,0.006454,7.331376,403.409801,410.747966,411.434829,0.686863,411.683571
1027,vehicle0,1169.232000,1169.084000,825.697263,1,ok,27264,23579,1,0.221294,0.008744,0.000218,0.094550,7.348471,12.083031,0.000130,36.849421,8.699659,0.757683,334.377079,0.002855,8.259886,400.210024,408.472983,408.946320,0.473337,409.176358
1028,vehicle0,1169.465000,1169.284000,826.398079,1,ok,27240,23507,1,0.240761,0.006393,0.000240,0.100914,8.509449,7.256282,0.000092,36.875833,8.915293,0.723763,336.003673,0.011416,9.685431,398.385299,408.082386,408.520484,0.438098,408.767638
1029,vehicle0,1169.658000,1169.486000,827.215620,1,ok,27151,23267,1,0.205171,0.008255,0.000255,0.083863,8.426017,9.298321,0.000073,41.041987,11.659831,0.891397,368.269084,0.003064,7.450809,439.670573,447.124701,447.630234,0.505533,447.843660
1030,vehicle0,1169.856000,1169.685000,828.014154,1,ok,27168,23136,1,1.849855,0.215623,0.000402,0.075365,7.330003,8.165692,0.000135,40.857933,10.011419,0.709064,342.890609,0.017748,6.694839,410.040220,416.753209,417.178236,0.425027,419.243714
1031,vehicle0,1170.018000,1169.884000,828.793430,1,ok,27116,23262,1,0.145922,0.013196,0.000211,0.090067,8.355361,8.194400,0.000084,37.528604,9.659765,0.751689,324.498785,0.003718,6.507893,389.078755,395.590577,395.951795,0.361218,396.110913
1032,vehicle0,1170.261000,1170.083000,829.622407,1,ok,27058,23412,1,0.179949,0.005266,0.000212,0.091427,8.267137,7.746944,0.000131,38.093829,9.340937,0.727204,357.705916,0.007172,7.426665,421.973525,429.407574,429.679101,0.271527,429.864316
1033,vehicle0,1170.483000,1170.283000,830.425213,1,ok,26982,23366,1,0.114319,0.008250,0.000309,0.084623,8.712859,12.014722,0.000227,38.967245,9.258294,0.848633,359.092833,0.004668,8.767325,428.979436,437.751738,438.109849,0.358111,438.232418
1034,vehicle0,1170.684000,1170.487000,831.220078,1,ok,26869,23108,1,0.124879,0.007282,0.000299,0.094453,9.880158,9.389244,0.000098,41.896174,10.392320,0.711115,370.826276,0.003473,7.610413,443.189838,450.804023,451.041637,0.237614,451.173798
1035,vehicle0,1170.863000,1170.685000,831.992018,1,ok,26646,22728,1,0.226381,0.012105,0.000176,0.092737,8.939401,9.164800,0.000237,37.578468,9.130957,0.709147,351.964373,0.015733,7.464817,417.580120,425.060846,425.436451,0.375605,425.674937
1036,vehicle0,1171.056000,1170.885000,832.816093,1,ok,26560,22466,1,0.271262,0.009643,0.000202,0.094121,9.723330,10.352767,0.000209,46.935986,11.623128,0.831603,358.507884,0.003995,7.419246,438.069028,445.492471,445.932753,0.440282,446.213658
1037,vehicle0,1171.282000,1171.087000,833.622434,1,ok,26548,22543,1,0.131788,0.006351,0.000212,0.088275,12.716870,9.498191,0.000094,42.822863,9.351406,0.711738,372.353087,0.006475,8.739592,447.542524,456.288803,456.540617,0.251814,456.678756
1038,vehicle0,1171.485000,1171.282000,834.455691,1,ok,26639,22720,1,0.120243,0.006571,0.000200,0.097966,11.267489,15.744338,0.000116,53.583099,14.979927,1.057362,384.372107,0.009152,7.908025,481.102404,489.019781,489.645928,0.626147,489.772742
1039,vehicle0,1171.686000,1171.485000,835.214743,1,ok,26708,22855,1,0.122626,0.009502,0.000160,0.099054,9.984972,8.239191,0.000114,39.092568,9.197739,0.714581,377.945252,0.005014,8.028868,445.273471,453.307513,453.516828,0.209315,453.648956
1040,vehicle0,1171.864000,1171.687000,835.953450,1,ok,26802,23012,1,0.097648,0.010560,0.000333,0.087479,8.309314,9.201684,0.000076,38.887815,11.869494,0.931399,365.140238,0.034510,7.985302,434.427499,442.447644,442.958996,0.511352,443.067204
1041,vehicle0,1172.039000,1171.884000,836.771565,1,ok,26720,22986,1,0.265651,0.010074,0.000233,0.093391,8.944172,9.041488,0.000104,38.410799,9.554830,0.761215,342.883376,0.011883,8.154088,409.689375,417.855579,418.332507,0.476928,418.608232
1042,vehicle0,1172.259000,1172.087000,837.595759,1,ok,26723,22917,1,0.091435,0.007699,0.000330,0.134820,9.331440,7.938944,0.000164,38.782700,11.609983,0.896030,358.540962,0.003316,6.926289,427.235043,434.164978,434.464781,0.299803,434.563915
1043,vehicle0,1172.443000,1172.286000,838.360631,1,ok,26744,22820,1,0.113739,0.013343,0.000119,0.086135,9.118318,7.742606,0.000102,37.235455,10.379705,0.719328,338.178111,0.007932,11.188028,403.459760,414.655839,414.961448,0.305609,415.088530
1044,vehicle0,1172.684000,1172.486000,839.228663,1,ok,26732,22664,1,0.212057,0.006814,0.000198,0.093938,14.224429,12.060595,0.000132,63.741617,18.011092,1.099709,385.269420,0.002752,7.155435,494.500932,501.659317,502.669416,1.010099,502.888287
1045,vehicle0,1172.835000,1172.684000,839.923322,1,ok,26690,22555,1,0.285591,0.009006,0.000380,0.134660,9.932379,7.768369,0.000119,37.697757,9.351400,1.016260,332.656917,0.003375,8.033371,398.557861,406.594987,406.933944,0.338957,407.228541
1046,vehicle0,1173.066000,1172.884000,840.746212,1,ok,26715,22580,1,0.247369,0.008230,0.000245,0.110339,13.221731,7.834728,0.000119,44.764697,9.693652,0.868449,338.682172,0.017911,7.786289,415.175887,422.980332,423.630369,0.650037,423.885968
1047,vehicle0,1173.228000,1173.083000,841.530298,1,ok,26748,22603,1,0.184235,0.007881,0.000152,0.102590,12.069952,10.240315,0.000088,39.743305,9.958625,0.878912,333.774502,0.002746,7.867748,406.768289,414.638935,415.421713,0.782778,415.613829
1048,vehicle0,1173.410000,1173.286000,842.305318,1,ok,26802,22658,1,0.101608,0.008872,0.000328,0.119774,7.780078,10.755918,0.000118,35.665372,10.114128,0.887320,318.951113,0.003668,6.544681,384.273821,390.822498,391.398187,0.575689,391.508667
1049,vehicle0,1173.646000,1173.482000,843.144272,1,ok,26780,22648,1,0.312639,0.006894,0.000278,0.100963,8.341025,8.577511,0.000101,41.066082,8.921277,0.960873,331.670722,0.011065,7.315092,399.638554,406.964989,407.409184,0.444195,407.728717
1050,vehicle0,1173.832000,1173.688000,843.909298,1,ok,26750,22657,1,0.108385,0.032971,0.000161,0.106213,6.860235,7.980197,0.000208,34.260976,7.139544,0.701195,313.641807,0.003537,7.712425,370.690375,378.406498,378.842089,0.435591,378.983445
1051,vehicle0,1173.997000,1173.885000,844.658256,1,ok,26728,22662,1,0.166817,0.008411,0.000321,0.103156,8.427588,13.187396,0.000132,33.238847,7.751977,0.840409,280.665116,0.003812,7.297263,344.214621,351.516017,352.511486,0.995469,352.686714
1052,vehicle0,1174.213000,1174.083000,845.490609,1,ok,26724,22679,1,0.265263,0.005707,0.000295,0.092054,8.929185,12.072462,0.000106,39.171276,6.109798,0.702761,311.784307,0.062633,9.822100,378.861949,388.746977,389.022985,0.276008,389.293955
1053,vehicle0,1174.423000,1174.284000,846.294225,1,ok,26730,22692,1,0.216782,0.007672,0.000270,0.093746,7.918103,8.255540,0.000179,37.472844,8.611152,0.951107,324.149220,0.010829,7.995976,387.451891,395.458966,395.729352,0.270386,395.953806
1054,vehicle0,1174.600000,1174.485000,847.026534,1,ok,26774,22699,1,0.276170,0.007079,0.000239,0.107063,5.605732,8.926842,0.000107,35.197596,7.022124,0.972377,275.373678,0.004088,6.603294,333.205519,339.813140,340.326751,0.513611,340.610000
1055,vehicle0,1174.815000,1174.686000,847.900436,1,ok,26745,22642,1,0.271853,0.008784,0.000308,0.100011,6.660517,11.020260,0.000106,48.555670,7.552205,0.712376,297.346303,0.004416,6.877966,371.947448,378.830138,379.139464,0.309326,379.420101
1056,vehicle0,1174.999000,1174.882000,848.652624,1,ok,26725,22608,1,0.242213,0.009560,0.000164,0.084592,6.815821,9.615091,0.000103,33.403010,7.320223,0.866210,281.577415,0.003886,7.455684,339.682465,347.142199,347.595056,0.452857,347.846829
1057,vehicle0,1175.203000,1175.084000,849.438556,1,ok,26651,22559,1,0.115541,0.009356,0.000276,0.099083,6.321319,7.697842,0.000087,34.118201,8.170404,0.768149,285.842726,0.005169,6.848542,343.017811,349.871798,350.163184,0.291386,350.288081
1058,vehicle0,1175.406000,1175.284000,850.259161,1,ok,26574,22499,1,0.249376,0.007443,0.000307,0.122421,6.329832,8.127162,0.000085,33.339540,9.206946,0.878134,300.486997,0.012773,7.616518,358.491117,366.120715,366.486175,0.365460,366.742994
1059,vehicle0,1175.644000,1175.486000,851.102774,1,ok,26454,22405,1,0.108007,0.007863,0.000206,0.103139,7.318195,7.802007,0.000092,41.954412,8.323721,1.011108,339.702566,0.005392,8.703704,406.215240,414.924542,415.288821,0.364279,415.404691
1060,vehicle0,1175.845000,1175.687000,851.897539,1,ok,26353,22310,1,0.211187,0.006873,0.000228,0.101899,9.377032,11.312270,0.000145,39.241420,7.884073,0.704033,328.397331,0.003688,7.401433,397.018203,404.423552,404.908147,0.484595,405.126207
1061,vehicle0,1176.029000,1175.884000,852.673517,1,ok,26269,22212,1,0.130035,0.008330,0.000246,0.080755,6.324312,9.125399,0.000083,38.599827,9.161716,0.757758,319.901761,0.009065,6.900549,383.951611,390.861471,391.170021,0.308550,391.308386
1062,vehicle0,1176.201000,1176.084000,853.455079,1,ok,26165,22103,1,0.134133,0.008323,0.000225,0.085500,6.146405,9.276375,0.000088,37.705610,8.918629,0.760171,302.366591,0.003334,7.890050,365.259369,373.152978,373.619711,0.466733,373.762167
1063,vehicle0,1176.399000,1176.284000,854.243195,1,ok,26092,22048,1,0.229852,0.006015,0.000178,0.061981,4.941387,7.950016,0.000081,38.631277,6.823693,0.860340,277.532769,0.005197,6.488140,336.801544,343.295059,343.883283,0.588224,344.119150
1064,vehicle0,1176.599000,1176.484000,855.036882,1,ok,26002,21966,1,0.124751,0.006953,0.000305,0.096395,6.132014,8.932729,0.000090,36.369950,6.501398,0.701816,259.155613,0.071402,9.836161,317.890005,327.797873,328.264325,0.466452,328.396029
1065,vehicle0,1176.797000,1176.685000,855.842654,1,ok,25963,21926,1,0.241903,0.013460,0.000181,0.086646,4.854144,8.212239,0.000136,43.197314,7.192857,0.700777,241.101095,0.004630,6.794887,305.345208,312.144906,312.534244,0.389338,312.789607
1066,vehicle0,1176.994000,1176.885000,856.672504,1,ok,25889,21863,1,0.230902,0.007403,0.000203,0.091483,6.336843,9.474485,0.000105,36.076735,15.170479,0.764621,276.139602,0.012669,6.345740,344.054353,350.412965,350.750367,0.337402,350.988672
1067,vehicle0,1177.199000,1177.084000,857.484291,1,ok,25860,21844,1,0.113293,0.009224,0.000154,0.095536,6.142982,7.842073,0.000091,37.131984,7.940520,0.702407,279.130475,0.003724,6.446971,338.986068,345.436917,345.826819,0.389902,345.949336
1068,vehicle0,1177.402000,1177.284000,858.300834,1,ok,25806,21805,1,0.219718,0.005316,0.000243,0.062437,4.810648,8.680276,0.000089,37.507364,7.245606,0.757794,282.349886,0.003950,6.451608,341.414100,347.869901,348.148180,0.278279,348.373214
1069,vehicle0,1177.602000,1177.483000,859.119826,1,ok,25815,21827,1,0.230085,0.005704,0.000154,0.080117,4.502152,7.288734,0.000094,36.809459,8.535215,0.799558,267.000119,0.016675,7.471222,325.015448,332.503499,332.949352,0.445853,333.185141
1070,vehicle0,1177.797000,1177.683000,859.972692,1,ok,25873,21910,1,0.117062,0.007387,0.000204,0.105361,8.570311,8.556582,0.000130,36.966921,6.509218,0.688740,272.074802,0.003507,6.003343,333.472065,339.479119,339.771972,0.292853,339.896421
1071,vehicle0,1178.000000,1177.884000,860.750561,1,ok,25936,21987,1,0.218003,0.010454,0.000214,0.114776,6.557455,11.755671,0.000120,34.989545,6.799339,0.755623,222.021799,0.003510,6.531475,282.994328,289.529527,289.890348,0.360821,290.118805
1072,vehicle0,1178.202000,1178.085000,861.573056,1,ok,25964,22024,1,0.152070,0.006802,0.000375,0.079012,4.657939,8.906347,0.000131,31.966603,7.121609,0.884458,232.800304,0.004199,6.477335,286.416403,292.898312,293.311561,0.413249,293.470433
1073,vehicle0,1178.397000,1178.284000,862.401604,1,ok,25920,21999,1,0.253369,0.010236,0.000330,0.096006,6.265446,9.165337,0.000086,34.760719,6.668440,0.692757,227.854536,0.003034,6.804073,285.503327,292.310764,292.628199,0.317435,292.891804
1074,vehicle0,1178.597000,1178.486000,863.280863,1,ok,25942,22012,1,0.212700,0.007344,0.000313,0.098387,5.871043,7.547420,0.000074,32.896062,8.381108,0.969907,283.034271,0.003650,6.143046,338.798272,344.945281,345.383820,0.438539,345.603864
1075,vehicle0,1178.801000,1178.685000,864.055341,1,ok,25963,22032,1,0.244200,0.008372,0.000230,0.069936,5.404518,7.937810,0.000117,32.704691,7.036446,0.751471,249.964373,0.013571,7.382186,303.869362,311.265349,311.530335,0.264986,311.782907
1076,vehicle0,1179.001000,1178.885000,864.970961,1,ok,25995,22053,1,0.108844,0.009550,0.000377,0.145381,7.282527,16.572037,0.000113,41.428075,8.756273,0.844107,278.167347,0.004885,6.797807,353.195860,359.998929,360.517785,0.518856,360.636179
1077,vehicle0,1179.198000,1179.086000,865.719494,1,ok,26012,22062,1,0.172118,0.006535,0.000290,0.101819,4.706677,8.229284,0.000102,33.051482,6.585092,0.919659,221.334277,0.004556,8.502397,274.928392,283.435635,283.832724,0.397089,284.011377
1078,vehicle0,1179.404000,1179.285000,866.573374,1,ok,26047,22092,1,0.134436,0.004703,0.000280,0.067709,4.968421,8.697188,0.000092,31.264786,7.785032,1.026054,224.519822,0.034392,6.411357,278.329104,284.775133,285.308927,0.533794,285.448066
1079,vehicle0,1179.599000,1179.485000,867.404236,1,ok,26024,22109,1,0.194513,0.006985,0.000242,0.110478,4.843220,10.202485,0.000194,34.166892,7.565748,0.804953,252.853015,0.004083,6.050715,310.546985,316.602025,316.878248,0.276223,317.079746
1080,vehicle0,1179.796000,1179.684000,868.195684,1,ok,26003,22136,1,0.260395,0.010303,0.000339,0.106722,5.835415,10.170730,0.000090,38.272717,6.616145,0.724631,202.275923,0.004571,7.711076,264.002373,271.718359,272.296709,0.578350,272.567407
1081,vehicle0,1180.003000,1179.886000,869.022940,1,ok,25960,22121,1,0.274261,0.007279,0.000350,0.099808,5.898750,12.215456,0.000122,39.977099,6.269300,1.002195,207.883566,0.018495,8.411432,273.346296,281.776573,284.680907,2.904334,284.962447
1082,vehicle0,1180.200000,1180.084000,869.880696,1,ok,25897,22065,1,0.135051,2.099847,0.000450,0.170502,6.671352,7.901372,0.000101,34.440018,7.247702,0.706307,280.663437,0.003587,7.742452,337.800791,345.547280,345.862128,0.314848,348.097026
1083,vehicle0,1180.402000,1180.283000,870.693548,1,ok,25858,21992,1,0.100052,0.006772,0.000306,0.077505,5.536053,8.438920,0.000093,36.696808,6.921031,0.720913,286.813182,0.003994,7.211120,345.204505,352.419925,352.642126,0.222201,352.748950
1084,vehicle0,1180.598000,1180.486000,871.484651,1,ok,25827,21914,1,0.106538,0.011503,0.000353,0.129999,6.995931,9.744268,0.000137,33.937658,9.077378,0.912812,280.240607,0.004978,7.551072,341.038790,348.595193,349.030289,0.435096,349.148330
1085,vehicle0,1180.800000,1180.684000,872.271374,1,ok,25918,21954,1,0.233152,0.007306,0.000257,0.101353,7.448808,9.477333,0.000092,34.938468,8.435027,0.869280,287.620150,0.003645,8.525023,348.890511,357.419436,358.044045,0.624609,358.284503
1086,vehicle0,1180.999000,1180.884000,873.048080,1,ok,26088,22111,1,0.120597,0.010815,0.000513,0.152216,8.686333,20.275930,0.000112,37.477819,7.132572,0.871832,252.033056,0.004528,8.333591,326.629870,334.968502,335.518822,0.550320,335.650234
1087,vehicle0,1181.214000,1181.084000,873.921707,1,ok,26266,22268,1,0.267029,0.007505,0.000194,0.119648,8.480268,7.974857,0.000157,37.352178,7.705866,0.826630,308.222662,0.015150,7.713558,370.682266,378.411168,378.736850,0.325682,379.011384
1088,vehicle0,1181.414000,1181.284000,874.747363,1,ok,26482,22427,1,0.261110,0.007493,0.000344,0.102770,10.354086,9.270570,0.000075,36.401024,10.495537,0.934749,317.708531,0.003739,6.603275,385.267342,391.874700,392.384278,0.509578,392.652881
1089,vehicle0,1181.632000,1181.487000,875.596958,1,ok,26616,22533,1,0.120737,0.008945,0.000344,0.102781,10.012503,7.896828,0.000081,37.238048,20.369416,0.734033,331.310013,0.003461,6.727099,407.663703,414.394607,414.637156,0.242549,414.766838
1090,vehicle0,1181.799000,1181.685000,876.356602,1,ok,26712,22605,1,0.236296,0.008715,0.000327,0.098446,11.927248,8.657197,0.000090,35.065724,9.437539,0.848400,297.161694,0.004096,8.415772,363.196338,371.616533,371.875486,0.258953,372.120497
1091,vehicle0,1182.016000,1181.885000,877.166202,1,ok,26786,22600,1,0.117178,0.008250,0.000303,0.099320,9.349667,8.014769,0.000108,44.023567,7.319332,0.698933,298.348105,0.003686,6.765873,367.853801,374.623663,374.869614,0.245951,374.995042
1092,vehicle0,1182.203000,1182.085000,877.945659,1,ok,26930,22663,1,0.080153,0.008627,0.000346,0.116785,8.064823,9.550706,0.000238,37.681855,7.873524,0.690841,306.780511,0.004951,7.277592,370.759283,378.042172,378.419684,0.377512,378.508464
1093,vehicle0,1182.412000,1182.285000,878.742819,1,ok,27023,22769,1,0.282455,0.007706,0.000237,3.771289,9.084243,8.202620,0.000075,37.306232,10.507390,0.985533,308.386057,0.024687,7.805650,378.243439,386.074013,386.582384,0.508371,386.872545
1094,vehicle0,1182.601000,1182.487000,879.515813,1,ok,27074,22822,1,0.131176,0.006451,0.000266,0.086799,8.551802,8.057007,0.000127,36.698599,8.175172,0.711241,280.077607,0.003135,7.408513,342.358354,349.770268,350.030771,0.260503,350.168398
1095,vehicle0,1182.841000,1182.685000,880.343604,1,ok,27071,22778,1,0.124622,0.009927,0.000322,0.085811,13.036673,8.975134,0.000071,39.221916,12.846156,0.890103,309.391407,0.003214,7.979363,384.447271,392.430170,392.945374,0.515204,393.079923
1096,vehicle0,1183.019000,1182.886000,881.105922,1,ok,27219,22914,1,0.226629,0.006794,0.000272,0.065874,18.104711,7.533335,0.000096,41.956120,11.816639,0.709754,297.812360,0.003286,6.992252,377.998889,384.994699,385.185450,0.190751,385.418873
1097,vehicle0,1183.199000,1183.086000,881.816827,1,ok,27421,23147,1,0.169959,0.008344,0.000287,0.100243,10.532254,9.058203,0.000157,32.800461,8.892372,0.724124,256.659035,0.005093,7.741470,318.766849,326.513699,326.938467,0.424768,327.116770
1098,vehicle0,1183.398000,1183.285000,882.618522,1,ok,27494,23278,1,0.136309,0.008323,0.000532,0.155152,10.041864,8.725902,0.000080,33.382397,10.223221,0.736647,274.939205,0.004337,6.500232,338.204468,344.709569,344.982053,0.272484,345.126685
1099,vehicle0,1183.621000,1183.485000,883.442641,1,ok,27500,23298,1,0.247627,0.012069,0.000553,0.106663,15.295605,8.731397,0.000091,38.903772,11.110964,0.905994,308.556684,0.025849,7.422684,383.611170,391.060256,391.375764,0.315508,391.635460
1100,vehicle0,1183.801000,1183.685000,884.155060,1,ok,27553,23315,1,0.119677,0.008199,0.000328,0.113602,10.016173,7.718001,0.000095,33.446812,8.710317,0.715765,255.270599,0.006193,6.819348,315.991364,322.817233,323.103526,0.286293,323.231402
1101,vehicle0,1184.001000,1183.886000,884.903504,1,ok,27433,23169,1,0.265781,0.009740,0.000297,0.136573,10.675437,9.933523,0.000212,32.429383,7.105912,0.702318,209.265367,0.003475,6.181663,270.248725,276.434160,276.851777,0.417617,277.127298
1102,vehicle0,1184.200000,1184.085000,885.711057,1,ok,27295,23003,1,0.263583,0.009582,0.000722,0.128256,8.233870,7.702634,0.000125,33.864558,9.959421,0.993191,228.183833,0.003531,6.916346,289.065888,295.986487,296.682331,0.695844,296.955496
1103,vehicle0,1184.395000,1184.285000,886.483648,1,ok,27273,22965,1,0.225586,0.008396,0.000210,0.100168,8.907455,7.889001,0.000075,31.833234,8.615247,0.857095,225.369586,0.004530,7.035887,283.571861,290.612488,290.852062,0.239574,291.086044
1104,vehicle0,1184.598000,1184.485000,887.254593,1,ok,27292,22960,1,0.107213,0.007143,0.000212,0.100101,6.523563,7.727761,0.000123,32.423459,6.812750,0.827405,202.782445,0.003268,8.584256,257.197607,265.785343,266.366320,0.580977,266.480676
1105,vehicle0,1184.796000,1184.685000,888.044014,1,ok,27170,22810,1,0.334157,0.005137,0.000183,0.071855,7.315521,7.365069,0.000226,29.619396,6.571084,0.741543,201.672706,0.027524,6.765276,253.357400,260.150383,260.442642,0.292259,260.781936
1106,vehicle0,1184.993000,1184.885000,888.809607,1,ok,26952,22599,1,0.255023,0.008031,0.000292,0.114812,6.689245,9.908665,0.000162,30.667975,6.888319,0.692469,193.664640,0.003687,6.185311,248.626287,254.815577,255.244539,0.428962,255.507593
1107,vehicle0,1185.198000,1185.085000,889.598019,1,ok,26867,22518,1,0.243116,0.008850,0.000125,0.076826,7.088158,9.399415,0.000149,36.379200,7.284014,0.806577,204.712703,0.004276,6.695243,265.747042,272.446686,272.743246,0.296560,272.995212
1108,vehicle0,1185.399000,1185.285000,890.377412,1,ok,26845,22511,1,0.236676,0.010829,0.000178,0.100154,5.387300,6.792016,0.000090,29.380405,6.900602,0.884838,207.237297,0.003325,6.582434,256.682702,263.268639,263.727546,0.458907,263.975051
1109,vehicle0,1185.592000,1185.486000,891.144269,1,ok,26924,22586,1,0.226957,0.007762,0.000333,0.109381,6.283141,9.064728,0.000179,30.371134,9.464448,0.897450,193.132146,0.004801,6.598363,249.322607,255.926104,256.272128,0.346024,256.506847
1110,vehicle0,1185.799000,1185.684000,891.928482,1,ok,26975,22632,1,0.115382,0.007825,0.000342,0.119509,6.019069,9.723718,0.000248,30.640155,6.096142,0.683739,179.636887,0.003411,7.115353,232.919467,240.038573,240.432291,0.393718,240.555498
1111,vehicle0,1186.003000,1185.883000,892.717688,1,ok,26981,22634,1,0.246372,0.007430,0.000399,0.099511,6.644480,10.363704,0.000096,31.745192,6.179578,0.768551,197.141138,0.029155,7.061754,252.942250,260.033558,260.338981,0.305423,260.592783
1112,vehicle0,1186.195000,1186.085000,893.457321,1,ok,26969,22632,1,0.262400,0.006396,0.000343,0.097259,6.547372,7.269917,0.000078,29.000838,7.558502,0.934448,187.441612,0.004242,7.822376,238.850026,246.676987,247.025585,0.348598,247.294381
1113,vehicle0,1186.397000,1186.285000,894.288866,1,ok,26937,22593,1,0.143982,0.008828,0.000308,0.091302,5.497843,6.830659,0.000072,33.175844,8.116186,0.704102,219.954398,0.003863,8.244433,274.370406,282.619010,282.935701,0.316691,283.088511
1114,vehicle0,1186.592000,1186.486000,895.017246,1,ok,27030,22682,1,0.115644,0.005424,0.000298,0.114006,5.930995,9.902740,0.000265,30.221065,6.883725,0.680815,179.130788,0.024092,6.904085,232.864399,239.792874,240.289153,0.496279,240.410221
1115,vehicle0,1186.798000,1186.685000,895.854024,1,ok,27132,22788,1,0.120174,0.006325,0.000275,0.101125,7.966134,9.937041,0.000121,34.938784,9.963577,0.925812,223.962216,0.003594,7.231273,287.794810,295.029952,295.501478,0.471526,295.627977
1116,vehicle0,1187.001000,1186.885000,896.680157,1,ok,27190,22824,1,0.112800,0.014177,0.000222,0.082693,7.634808,11.794022,0.000132,37.049757,9.957519,0.766629,247.358727,0.003769,6.173422,314.644287,320.821700,321.186147,0.364447,321.313124
1117,vehicle0,1187.199000,1187.084000,897.484730,1,ok,27287,22936,1,0.142595,0.006293,0.000220,0.110640,10.941323,8.108617,0.000130,40.231304,12.529501,0.938108,273.970102,0.026286,7.770769,346.829725,354.627000,355.036504,0.409504,355.185392
1118,vehicle0,1187.394000,1187.285000,898.250589,1,ok,27186,22889,1,0.242462,0.007135,0.000277,0.081171,12.130888,7.576652,0.000185,33.865827,12.052994,0.857343,254.332859,0.004236,7.030203,320.897919,327.932635,328.275308,0.342673,328.524905
1119,vehicle0,1187.601000,1187.485000,898.994648,1,ok,26930,22615,1,0.121075,0.047528,0.000286,0.112479,10.809978,6.335194,0.000202,35.208482,9.650904,0.857811,236.776606,0.003981,6.468643,299.751656,306.224566,306.519954,0.295388,306.688557
1120,vehicle0,1187.799000,1187.687000,899.758201,1,ok,26609,22228,1,0.091162,0.004429,0.000342,0.063580,9.660886,7.692402,0.000080,30.853831,9.342145,0.704491,222.220085,0.005061,6.734491,280.537500,287.277394,287.561398,0.284004,287.656989
1121,vehicle0,1188.000000,1187.885000,900.579175,1,ok,26538,22075,1,0.214910,0.006035,0.000182,0.106483,12.501651,7.478141,0.000238,37.371145,9.704623,0.716605,237.393214,0.004577,8.615587,305.272100,313.892446,314.229788,0.337342,314.450733
1122,vehicle0,1188.198000,1188.085000,901.363466,1,ok,26414,21896,1,0.297931,0.009589,0.000204,0.101856,14.468874,7.633953,0.000096,33.175091,10.131842,0.698776,232.778898,0.003249,7.778686,298.989386,306.771525,307.124108,0.352583,307.431628
1123,vehicle0,1188.402000,1188.286000,902.166649,1,ok,26234,21671,1,0.257227,0.010312,0.000252,0.116793,14.611528,8.757372,0.000221,40.708557,10.883429,0.898548,240.576059,0.015656,6.827656,316.552507,323.396071,323.744643,0.348572,324.012182
1124,vehicle0,1188.604000,1188.485000,902.991337,1,ok,26156,21527,1,0.252140,0.012174,0.000405,0.107310,12.748678,7.177795,0.000094,44.115841,12.714978,0.716227,278.471835,0.011198,7.693878,356.052758,363.758239,364.041312,0.283073,364.305626
1125,vehicle0,1188.800000,1188.685000,903.757797,1,ok,25991,21263,1,0.160651,0.005553,0.000264,0.100155,10.739366,7.237287,0.000099,36.747273,11.202788,0.783520,276.283845,0.004115,8.441185,343.094333,351.539897,351.909861,0.369964,352.076065
1126,vehicle0,1189.003000,1188.885000,904.531269,1,ok,25840,20975,1,0.128983,0.008112,0.000305,0.093852,13.604558,6.323865,0.000075,36.539023,14.496955,0.735312,267.876050,0.003851,8.044117,339.669690,347.717963,347.989264,0.271301,348.126359
1127,vehicle0,1189.204000,1189.085000,905.298378,1,ok,25869,20847,1,0.142763,0.994584,0.000155,0.099673,12.236243,5.882541,0.000095,34.126895,11.897708,0.707981,266.246346,0.003214,6.685737,331.197482,337.886588,342.010563,4.123975,343.147910
1128,vehicle0,1189.402000,1189.286000,906.068274,1,ok,25837,20708,1,0.220652,0.009467,0.000193,0.095478,10.731805,6.896985,0.000094,35.495000,13.950414,0.704576,261.714683,0.012416,6.783189,329.589035,336.384833,336.695234,0.310401,336.925353
1129,vehicle0,1189.602000,1189.485000,906.892227,1,ok,25876,20614,1,0.119168,0.006322,0.000283,0.112562,15.831444,7.699369,0.000187,38.805258,14.611128,0.851212,282.529451,0.005594,6.675913,360.440611,367.122401,367.602969,0.480568,367.728459
1130,vehicle0,1189.802000,1189.687000,907.714757,1,ok,26067,20610,1,0.200137,0.007118,0.000280,0.104432,12.936679,5.621015,0.000085,39.213717,12.767338,0.707658,274.504580,0.004323,7.137073,345.855504,352.997180,353.241448,0.244268,353.448703
1131,vehicle0,1190.004000,1189.886000,908.459060,1,ok,26194,20530,1,0.273638,0.009611,0.000249,0.120714,12.647523,8.839895,0.000091,33.712391,11.816726,0.941545,246.181821,0.003376,6.677168,314.260706,320.941499,321.238152,0.296653,321.521401
1132,vehicle0,1190.198000,1190.085000,909.255622,1,ok,26075,20294,1,0.102367,0.007590,0.000326,0.090854,15.724884,7.350138,0.000131,33.594001,11.336431,0.703338,270.604234,0.004348,7.452020,339.404011,346.860705,347.173185,0.312480,347.283142
1133,vehicle0,1190.400000,1190.285000,910.048503,1,ok,25963,20101,1,0.089521,0.007093,0.000380,0.108728,15.442835,5.680877,0.000142,35.099546,15.865320,0.705291,273.984821,0.004889,7.016863,346.887560,353.909692,354.722977,0.813285,354.819591
1134,vehicle0,1190.600000,1190.485000,910.818559,1,ok,25952,20023,1,0.132411,0.008140,0.000196,0.071401,9.875865,6.908585,0.000275,33.206071,14.574710,0.708853,248.182007,0.025134,6.704474,313.527767,320.257571,320.619636,0.362065,320.760187
1135,vehicle0,1190.799000,1190.686000,911.582447,1,ok,25952,19879,1,0.151287,0.008591,0.000266,0.121972,10.387682,7.717112,0.000121,30.394530,10.677409,0.689024,245.258649,0.003303,6.857429,305.246499,312.107497,312.520178,0.412681,312.680056
1136,vehicle0,1191.000000,1190.886000,912.382888,1,ok,25831,19599,1,0.279535,0.009729,0.000335,0.117522,7.897501,6.641651,0.000107,29.860767,10.478816,1.066779,251.376755,0.003211,6.867551,307.439898,314.310995,314.567988,0.256993,314.857252
1137,vehicle0,1191.200000,1191.085000,913.188375,1,ok,25669,19224,1,0.211660,0.007965,0.000424,0.085744,13.051362,5.309047,0.000099,34.191483,13.993615,0.999138,259.212379,0.005309,7.156755,326.842867,334.005355,334.374028,0.368673,334.593653
1138,vehicle0,1191.398000,1191.286000,913.947826,1,ok,25569,18633,1,0.201103,0.007518,0.000255,0.104509,12.399061,5.197600,0.000078,31.599324,15.787351,1.011942,219.231941,0.004247,6.172946,285.331806,291.509254,291.992060,0.482806,292.200681
1139,vehicle0,1191.601000,1191.486000,914.766079,1,ok,25816,18712,1,0.186256,0.051357,0.000100,0.126111,12.169125,5.895569,0.000088,37.452672,12.650799,0.695125,250.685981,0.012105,8.028590,319.675470,327.716265,328.130797,0.414532,328.368410
1140,vehicle0,1191.801000,1191.687000,915.557866,1,ok,26043,18742,1,0.127170,0.007705,0.000311,0.107953,13.579856,10.033285,0.000176,35.042152,11.706565,0.720492,245.927108,0.004429,6.742484,317.117587,323.864811,324.161709,0.296898,324.296584
1141,vehicle0,1192.002000,1191.886000,916.379680,1,ok,26209,18772,1,0.145393,0.006833,0.000321,0.069119,11.866818,5.774442,0.000095,33.637576,12.064785,0.709833,266.625377,0.019041,7.200963,330.748045,337.968370,338.355597,0.387227,338.507823
1142,vehicle0,1192.197000,1192.087000,917.135214,1,ok,26156,18678,1,0.129733,0.005246,0.000226,0.065233,11.558145,7.901179,0.000134,35.939035,12.407629,0.697025,255.026979,0.003412,7.639366,323.595359,331.238363,331.553228,0.314865,331.688207
1143,vehicle0,1192.396000,1192.286000,917.922592,1,ok,26173,18634,1,0.088022,0.008368,0.000265,0.094360,8.331269,6.457186,0.000093,30.719866,21.615458,0.681886,237.230119,0.002749,10.014567,305.130237,315.147818,315.455274,0.307456,315.551664
1144,vehicle0,1192.603000,1192.487000,918.714408,1,ok,26176,18519,1,0.092484,0.015391,0.000348,0.076533,11.223529,5.602087,0.000124,36.137852,12.724877,0.956262,248.949044,0.017525,8.387869,315.670308,324.076050,324.464191,0.388141,324.572066
1145,vehicle0,1192.800000,1192.686000,919.494822,1,ok,26251,18560,1,0.112818,0.005373,0.000212,0.092163,9.942264,6.125139,0.000084,35.456581,12.425595,0.694972,249.922976,0.003837,6.261329,314.659774,320.925152,321.166893,0.241741,321.285084
1146,vehicle0,1193.000000,1192.884000,920.315392,1,ok,26357,18588,1,0.277203,0.007157,0.000450,0.072342,10.723555,7.387156,0.000094,30.381168,13.450848,0.889841,249.074390,0.013847,6.204353,311.979394,318.198044,318.542374,0.344330,318.826734
1147,vehicle0,1193.203000,1193.084000,921.101052,1,ok,26607,18668,1,0.144914,0.007590,0.000239,0.100327,10.987429,7.044280,0.000096,33.549458,10.300070,0.913028,260.770645,0.003440,6.175458,323.665333,329.844470,330.241856,0.397386,330.394360
1148,vehicle0,1193.400000,1193.285000,921.904368,1,ok,26922,18838,1,0.113532,0.009925,0.000459,0.158358,11.180834,5.314843,0.000081,34.114443,12.350922,0.729798,268.423301,0.005455,7.138764,332.272580,339.417258,339.828750,0.411492,339.952207
1149,vehicle0,1193.599000,1193.486000,922.673268,1,ok,27050,18944,1,0.262203,0.006643,0.000151,0.103917,15.821766,6.032207,0.000105,31.630832,12.804933,0.923812,266.503920,0.004079,8.156338,333.821492,341.982060,342.695500,0.713440,342.964346
1150,vehicle0,1193.800000,1193.685000,923.459000,1,ok,27038,19029,1,0.129609,0.005827,0.000196,0.080375,10.546129,6.790642,0.000264,30.264310,10.117743,0.829213,266.156743,0.015670,6.325242,324.785419,331.126527,332.178861,1.052334,332.314297
1151,vehicle0,1193.997000,1193.884000,924.247319,1,ok,27097,19011,1,0.224892,0.009567,0.000278,0.120850,14.246249,5.672121,0.000097,30.671315,11.387771,0.696981,268.353973,0.004825,6.967538,331.149357,338.121998,338.505447,0.383449,338.739906
1152,vehicle0,1194.197000,1194.085000,925.059439,1,ok,27024,18976,1,0.135453,0.008022,0.000308,0.122962,14.666135,7.029235,0.000183,39.371144,13.598063,0.753736,278.565817,0.042065,10.116539,354.107275,364.266187,364.910233,0.644046,365.053708
1153,vehicle0,1194.401000,1194.286000,925.822262,1,ok,27078,19007,1,0.234892,0.007070,0.000324,0.110062,8.505457,5.294877,0.000085,38.737343,12.550283,0.702123,253.007851,0.004315,6.594021,318.908081,325.506741,325.743972,0.237231,325.985934
1154,vehicle0,1194.598000,1194.486000,926.634111,1,ok,27028,18936,1,0.313958,0.005627,0.000208,0.096138,8.463611,6.314369,0.000088,36.756110,10.667469,0.693190,260.757062,0.004207,6.131683,323.748037,329.884135,330.229415,0.345280,330.549000
1155,vehicle0,1194.801000,1194.686000,927.421222,1,ok,26851,18822,1,0.112258,0.011702,0.000299,0.092552,11.769474,6.406423,0.000140,28.556396,8.563403,0.712556,266.251251,0.015380,7.995091,322.352195,330.362965,330.716356,0.353391,330.840316
1156,vehicle0,1194.998000,1194.885000,928.220718,1,ok,26574,18602,1,0.081908,0.008763,0.000356,0.110746,7.081244,5.355455,0.000086,26.565569,8.886614,0.800097,267.363975,0.009976,7.621244,316.163786,323.795362,324.097357,0.301995,324.188028
1157,vehicle0,1195.200000,1195.086000,928.999311,1,ok,26381,18454,1,0.250537,0.007963,0.000383,0.097854,5.882797,4.848215,0.000080,25.150209,7.504224,0.696443,246.720424,0.003780,6.267847,290.900246,297.172256,297.469199,0.296943,297.727699
1158,vehicle0,1195.399000,1195.285000,929.792797,1,ok,26246,18318,1,0.079931,0.007044,0.000219,0.113212,7.064417,6.457976,0.000096,29.456484,8.414328,0.702538,246.294310,0.004843,6.255227,298.503361,304.763650,305.026450,0.262800,305.113425
1159,vehicle0,1195.600000,1195.484000,930.578445,1,ok,26173,18268,1,0.120163,0.029052,0.000234,0.110578,6.209303,6.182947,0.000114,28.475468,9.232043,0.696498,265.054308,0.004276,6.176548,315.961259,322.142317,322.489519,0.347202,322.638734
1160,vehicle0,1195.800000,1195.685000,931.383452,1,ok,26054,18178,1,0.212001,0.008008,0.000254,0.110847,5.261244,5.964344,0.000146,26.892536,8.371196,0.686282,256.324670,0.003265,6.831782,303.611265,310.446566,310.694285,0.247719,310.914294
1161,vehicle0,1196.002000,1195.885000,932.148713,1,ok,25985,18107,1,0.224527,0.008710,0.000244,0.109608,5.386421,5.168595,0.000096,29.663322,7.670630,0.863197,255.032933,0.017153,7.427012,303.894802,311.339211,311.579349,0.240138,311.812586
1162,vehicle0,1196.199000,1196.087000,932.991583,1,ok,25888,18089,1,0.134298,0.006501,0.000522,0.103507,5.801445,5.257595,0.000097,29.704865,8.760495,0.747888,265.918340,0.005381,7.930124,316.294232,324.230259,324.522573,0.292314,324.663372
1163,vehicle0,1196.395000,1196.285000,933.784692,1,ok,25665,17999,1,0.208943,0.008161,0.000192,0.112042,14.393385,7.783999,0.000121,30.079161,11.238525,0.725924,256.873327,0.003216,7.608157,321.206484,328.818049,329.079539,0.261490,329.296643
1164,vehicle0,1196.602000,1196.486000,934.593884,1,ok,25371,17871,1,0.207406,0.005926,0.000452,0.071854,10.495741,5.648132,0.000091,32.874741,9.720692,0.865961,281.986066,0.005193,7.813979,341.663278,349.482902,349.826923,0.344021,350.040255
1165,vehicle0,1196.799000,1196.685000,935.393751,1,ok,25009,17629,1,0.232537,0.557732,0.000217,0.094217,7.970885,6.202922,0.000131,27.985159,10.274790,0.783127,259.892050,0.002737,7.121042,313.203281,320.327277,320.637628,0.310351,321.427897
1166,vehicle0,1197.001000,1196.885000,936.210983,1,ok,24642,17547,1,0.079010,0.012059,0.000483,0.104076,10.341773,6.124679,0.000095,31.286261,10.681186,0.931559,275.583251,0.004119,7.365078,335.052880,342.422560,342.782990,0.360430,342.874059
1167,vehicle0,1197.200000,1197.088000,937.020396,1,ok,24394,17507,1,0.080592,0.008919,0.005488,0.066046,10.128660,6.020669,0.000086,29.000545,10.962360,0.995907,272.541083,0.021222,6.745574,329.715356,336.487640,337.244343,0.756703,337.333854
1168,vehicle0,1197.399000,1197.284000,937.840108,1,ok,24266,17577,1,0.214370,0.015841,0.000259,0.127066,11.040810,7.026169,0.000098,31.458759,11.231317,0.806435,266.286374,0.003892,7.956716,327.977028,335.937895,336.273587,0.335692,336.503798
1169,vehicle0,1197.633000,1197.485000,938.734742,1,ok,24178,17677,1,0.218663,0.008005,0.000306,0.097563,11.325574,6.761773,0.000166,30.365693,12.434299,0.710502,339.220872,0.009460,8.029183,400.916442,408.955391,409.391425,0.436034,409.618093
1170,vehicle0,1197.802000,1197.688000,939.497890,1,ok,24188,17917,1,0.190032,0.005362,0.000227,0.081783,10.530258,7.873167,0.000127,32.892663,10.126207,0.680987,292.703204,0.003712,6.520366,354.888396,361.412701,361.715691,0.302990,361.911085
1171,vehicle0,1198.003000,1197.884000,940.313972,1,ok,24260,18001,1,0.240833,0.012142,0.000256,0.085547,11.452507,6.031121,0.000124,29.047166,10.112523,0.844601,306.637766,0.004391,7.074317,364.211355,371.290319,371.695964,0.405645,371.948939
1172,vehicle0,1198.240000,1198.085000,941.208096,1,ok,24283,18197,1,0.174821,0.006282,0.000391,0.099214,12.042277,9.324225,0.000097,39.539324,12.779378,0.955833,327.912137,0.014745,9.386043,402.652485,412.053664,412.367946,0.314282,412.549049
1173,vehicle0,1198.402000,1198.286000,941.952720,1,ok,24201,18256,1,0.089105,0.007135,0.000376,0.095518,9.011261,5.149822,0.000125,34.453831,10.282567,0.831625,286.193826,0.009700,6.651577,346.018575,352.680228,352.975154,0.294926,353.071394
1174,vehicle0,1198.601000,1198.485000,942.762575,1,ok,24117,18271,1,0.166936,0.011046,0.000199,0.089154,8.065060,6.466192,0.000092,31.691835,8.032451,0.720614,294.314854,0.004113,7.715624,349.380252,357.100188,357.386807,0.286619,357.564789
1175,vehicle0,1198.800000,1198.686000,943.579755,1,ok,24127,18341,1,0.118016,0.009037,0.000246,0.097864,13.108272,7.818979,0.000102,28.219082,8.324632,0.897587,288.930270,0.004139,7.040616,347.396788,354.441789,354.867773,0.425984,354.994826
1176,vehicle0,1199.011000,1198.888000,944.425973,1,ok,24045,18320,1,0.209979,0.006076,0.000273,0.089177,8.936018,14.094971,0.000108,34.225012,8.046996,0.690926,313.535591,0.004462,7.904046,379.618799,387.527580,387.817845,0.290265,388.033900
1177,vehicle0,1199.223000,1199.085000,945.236090,1,ok,23862,18207,1,0.193916,0.010884,0.000423,0.081264,9.968148,7.010055,0.000089,30.463715,10.976656,0.953590,330.471804,0.002872,7.211374,389.925321,397.139990,397.523402,0.383412,397.728202
1178,vehicle0,1199.430000,1199.286000,946.050296,1,ok,23624,18110,1,0.107757,0.009436,0.000438,0.091900,8.661693,6.471594,0.000071,31.164884,8.323880,0.850142,325.647193,0.026616,8.914411,381.211357,390.152822,390.520049,0.367227,390.637242
1179,vehicle0,1199.611000,1199.487000,946.836124,1,ok,23486,18091,1,0.213406,0.006270,0.000126,0.060111,9.918985,6.551011,0.000187,34.277035,8.901479,0.779952,322.757375,0.004195,7.448862,383.246135,390.699318,390.974315,0.274997,391.193991
1180,vehicle0,1199.838000,1199.687000,947.659381,1,ok,23470,18153,1,0.226736,0.016546,0.000247,0.092889,8.879074,6.200855,0.000087,30.805446,9.022883,0.860170,339.251413,0.003884,7.362617,395.112817,402.479565,402.930284,0.450719,403.173566
1181,vehicle0,1200.042000,1199.887000,948.442940,1,ok,23333,18161,1,0.089591,0.011718,0.000292,0.090636,9.398442,7.160279,0.000086,31.688934,10.717860,0.822561,335.199487,0.003662,7.810251,395.078285,402.892490,403.251156,0.358666,403.352465
1182,vehicle0,1200.206000,1200.086000,949.213245,1,ok,23090,18020,1,0.265982,0.007699,0.000373,0.094475,9.252707,6.299082,0.000080,25.980931,9.715271,0.881310,316.803781,0.004318,7.119978,369.027637,376.152306,376.482565,0.330259,376.756246
1183,vehicle0,1200.404000,1200.287000,950.020136,1,ok,22956,17926,1,0.109082,0.016270,0.000208,0.524795,7.999801,6.073952,0.000077,29.805880,6.533397,0.698705,313.159089,0.003468,7.172373,364.795696,371.971745,372.211621,0.239876,372.336973
1184,vehicle0,1200.600000,1200.486000,950.805653,1,ok,22897,17917,1,0.219273,0.008656,0.000171,0.086306,5.129643,5.954097,0.000078,27.355321,6.267380,0.724293,324.549258,0.011127,8.053387,370.066376,378.131061,378.354469,0.223408,378.582398
1185,vehicle0,1200.820000,1200.687000,951.608845,1,ok,22782,17833,1,0.178100,0.005680,0.000424,0.090560,6.871961,8.083305,0.000149,26.761294,7.734090,0.896299,315.377184,0.002959,8.152414,365.814842,373.970639,374.269870,0.299231,374.453650
1186,vehicle0,1200.995000,1200.884000,952.396482,1,ok,22674,17757,1,0.096719,0.007240,0.000217,0.077571,5.707441,5.955439,0.000130,26.700243,7.231557,0.701216,318.245473,0.004911,7.365784,364.619070,371.989982,372.312529,0.322547,372.416488
1187,vehicle0,1201.204000,1201.088000,953.183102,1,ok,22595,17709,1,0.115779,0.006376,0.000190,0.058659,5.470089,6.038856,0.000085,24.916099,10.442431,0.957643,296.692200,0.003580,6.871009,344.576062,351.450841,351.828355,0.377514,351.950510
1188,vehicle0,1201.403000,1201.287000,953.987291,1,ok,22507,17700,1,0.189715,0.006734,0.000188,0.072491,5.421218,7.018057,0.000200,24.836206,6.374456,0.840879,308.149909,0.004576,6.493373,352.713416,359.211553,359.528583,0.317030,359.725032
1189,vehicle0,1201.602000,1201.487000,954.815473,1,ok,22351,17685,1,0.127540,0.008937,0.000175,0.081599,6.807499,6.446935,0.000122,29.289981,11.406573,0.701287,315.822303,0.013362,6.299274,370.556299,376.869110,377.121828,0.252718,377.258305
1190,vehicle0,1201.805000,1201.687000,955.622091,1,ok,22219,17714,1,0.081418,0.007351,0.000285,0.092937,6.851570,6.213445,0.000168,32.020325,7.894019,0.737937,301.098616,0.004269,7.377265,354.909017,362.290836,362.526811,0.235975,362.615580
1191,vehicle0,1202.001000,1201.889000,956.440046,1,ok,22001,17647,1,0.196653,0.009086,0.000160,0.126986,10.043969,7.139272,0.000117,27.699504,7.683579,0.843862,314.215580,0.004077,6.837129,367.752869,374.594235,375.048121,0.453886,375.253860
1192,vehicle0,1202.204000,1202.087000,957.242268,1,ok,21714,17505,1,0.179925,0.007281,0.000233,0.086995,6.379599,5.337590,0.000154,32.303998,9.034123,0.830619,320.342754,0.003453,6.251057,374.315832,380.570575,380.814770,0.244195,381.001976
1193,vehicle0,1202.401000,1202.286000,958.059633,1,ok,21455,17395,1,0.094248,0.006341,0.000164,0.059397,7.563116,5.813138,0.000111,31.532402,8.794785,0.940260,313.072822,0.003840,6.452826,367.776031,374.232861,374.488596,0.255735,374.589185
1194,vehicle0,1202.598000,1202.487000,958.845964,1,ok,21178,17201,1,0.101402,0.008227,0.000417,0.077218,9.523863,6.984683,0.000080,32.463583,10.810030,0.691666,306.767366,0.003733,6.173758,367.318489,373.496397,373.874274,0.377877,373.983903
1195,vehicle0,1202.804000,1202.687000,959.654831,1,ok,20854,16939,1,0.285092,0.013250,0.000239,0.110790,10.478462,5.683571,0.000089,29.529896,8.410848,0.677856,306.738079,0.014665,6.446509,361.629591,368.091004,368.341617,0.250613,368.639959
1196,vehicle0,1203.019000,1202.889000,960.477559,1,ok,20457,16751,1,0.179120,0.008140,0.000285,0.089441,11.133566,7.785632,0.000111,37.099366,11.167306,1.070927,291.468220,0.004486,7.333345,359.814569,367.152685,367.496578,0.343893,367.683838
1197,vehicle0,1203.204000,1203.087000,961.223955,1,ok,20162,16691,1,0.066758,0.005928,0.000239,0.083252,10.237902,8.116017,0.000088,29.364382,9.868764,0.928359,287.979046,0.005244,6.320527,346.577810,352.903820,353.381253,0.477433,353.453939
1198,vehicle0,1203.398000,1203.286000,962.050045,1,ok,19942,16531,1,0.072253,0.006045,0.000270,0.089831,11.437445,6.128990,0.000139,29.415295,9.611836,0.755849,297.091351,0.019205,6.745917,354.530736,361.296128,361.636616,0.340488,361.714914
1199,vehicle0,1203.602000,1203.490000,962.808122,1,ok,19731,16151,1,0.561860,0.016430,0.000422,0.092423,11.185098,5.988829,0.000196,28.437377,7.471873,0.939774,285.502801,0.003340,6.904733,339.618371,346.526866,347.102576,0.575710,347.680866
1200,vehicle0,1203.802000,1203.687000,963.575213,1,ok,19605,15909,1,0.152811,0.004665,0.000132,0.054935,6.732607,5.716727,0.000122,27.956222,9.479027,0.919299,272.182842,0.004846,7.616023,323.041781,330.662782,330.935109,0.272327,331.092585
1201,vehicle0,1204.003000,1203.889000,964.365251,1,ok,19615,15899,1,0.092724,0.006795,0.000245,0.088813,8.906854,6.453752,0.000118,38.982461,9.248090,0.933192,284.530665,0.012762,6.184493,349.143945,355.341445,355.670402,0.328957,355.769921
1202,vehicle0,1204.203000,1204.086000,965.130468,1,ok,19547,15953,1,0.086764,0.008922,0.000194,0.071589,10.025963,5.428834,0.000104,33.378824,9.249406,0.731830,282.194611,0.003054,7.947994,341.081161,349.032403,349.362406,0.330003,349.458092
1203,vehicle0,1204.402000,1204.287000,965.906193,1,ok,19400,15857,1,0.153513,0.005086,0.000233,0.073922,8.420521,5.846240,0.000162,32.405560,10.729906,0.714461,272.443782,0.003491,7.301997,330.634554,337.940275,338.158185,0.217910,338.316784
1204,vehicle0,1204.601000,1204.488000,966.661149,1,ok,19253,15821,1,0.097263,0.004320,0.000169,0.050903,7.007097,6.509585,0.000134,28.886180,7.906184,0.734488,270.324355,0.013259,8.754208,321.418926,330.186562,330.452137,0.265575,330.553720
1205,vehicle0,1204.801000,1204.686000,967.458386,1,ok,19289,15774,1,0.077919,0.003993,0.000217,0.052569,7.330130,6.055573,0.000088,28.045605,8.274051,0.766102,281.347976,0.004750,7.005710,331.872094,338.882771,339.144315,0.261544,339.226227
1206,vehicle0,1205.002000,1204.887000,968.249671,1,ok,19351,15853,1,0.111367,0.006613,0.000280,0.080223,9.213307,5.505322,0.000084,34.394145,10.293634,0.737536,265.846983,0.003384,6.345269,326.071234,332.420167,332.674648,0.254481,332.792628
1207,vehicle0,1205.202000,1205.087000,968.992088,1,ok,19573,16038,1,0.092452,0.009588,0.000142,0.076718,10.992758,6.686285,0.000111,29.595989,8.536540,0.703147,271.502941,0.012556,7.205837,328.094489,335.313024,335.706347,0.393323,335.808387
1208,vehicle0,1205.401000,1205.287000,969.757174,1,ok,19855,16253,1,0.178291,0.007134,0.000278,0.084275,9.016863,5.540309,0.000102,27.730266,8.900629,0.697732,268.639053,0.009602,7.033115,320.609229,327.652224,327.902131,0.249907,328.087556
1209,vehicle0,1205.604000,1205.488000,970.506969,1,ok,20126,16425,1,0.100723,0.012171,0.000533,0.104753,11.295343,6.306198,0.000087,26.159843,7.794043,0.682302,265.464480,0.004348,7.640474,317.807049,325.452404,325.675074,0.222670,325.787968
1210,vehicle0,1205.802000,1205.687000,971.289760,1,ok,20374,16600,1,0.164238,0.007839,0.000169,0.080545,7.617536,6.196817,0.000132,27.729809,7.306129,0.863712,287.040252,0.006325,6.969829,336.834932,343.811255,344.160587,0.349332,344.332664
1211,vehicle0,1206.002000,1205.887000,972.053310,1,ok,20583,16743,1,0.086930,0.009210,0.000219,0.083341,7.958059,6.179101,0.000081,25.870803,8.467159,0.856507,303.410966,0.004006,7.756703,352.826017,360.586945,360.925036,0.338091,361.021176
1212,vehicle0,1206.201000,1206.086000,972.817574,1,ok,20944,16998,1,0.212673,0.007125,0.000246,0.097917,7.998178,6.231187,0.000099,26.739008,8.340962,0.742763,312.909651,0.003578,6.663989,363.059765,369.727578,370.229773,0.502195,370.449571
1213,vehicle0,1206.449000,1206.287000,973.662864,1,ok,21482,17388,1,1.328332,0.007162,0.000209,0.090169,11.216246,6.402032,0.000078,34.169674,10.109906,0.702185,340.075968,0.025078,8.487665,402.766258,411.279210,411.590596,0.311386,412.926090
1214,vehicle0,1206.668000,1206.486000,974.473464,1,ok,22093,17835,1,0.110148,0.009067,0.000153,0.088068,14.804073,6.513375,0.000075,36.753628,11.089633,0.746034,353.642267,0.003452,7.021248,423.637153,430.662006,430.983274,0.321268,431.102489
1215,vehicle0,1206.866000,1206.688000,975.258958,1,ok,22613,18196,1,0.259324,0.008082,0.000311,0.093094,18.533139,7.345047,0.000109,32.078444,9.566403,0.938185,353.108338,0.010267,9.197764,421.662759,430.871101,431.461233,0.590132,431.728639
1216,vehicle0,1207.074000,1206.887000,976.062178,1,ok,22857,18442,1,0.203806,0.006104,0.000176,0.067989,19.365053,7.085874,0.000135,35.935600,11.067008,0.701719,366.561400,0.005266,6.490536,440.784778,447.280756,447.551876,0.271120,447.761786
1217,vehicle0,1207.248000,1207.088000,976.801353,1,ok,22933,18629,1,0.194628,0.006133,0.000240,0.064016,13.630359,5.582246,0.000222,34.171797,10.022380,1.070144,346.040942,0.003964,8.814005,410.582106,419.400315,419.888184,0.487869,420.088945
1218,vehicle0,1207.487000,1207.287000,977.636219,1,ok,23351,19013,1,0.171225,0.008988,0.000236,0.088905,25.629241,6.178445,0.000096,36.877010,12.202738,0.702333,389.000209,0.012085,6.340427,470.678977,477.031725,477.496827,0.465102,477.677040
1219,vehicle0,1207.685000,1207.487000,978.406377,1,ok,24197,19580,1,0.200182,0.006046,0.000148,0.063636,15.571761,6.257635,0.000096,38.618573,9.636189,0.723651,399.488784,0.004823,6.337974,470.360325,476.703270,476.937087,0.233817,477.143315
1220,vehicle0,1207.888000,1207.685000,979.175765,1,ok,24905,20091,1,0.131041,0.006015,0.000138,0.115801,13.706746,6.435551,0.000086,33.603632,10.176230,0.697900,377.509545,0.003522,6.656249,442.245491,448.905400,449.253115,0.347715,449.390171
1221,vehicle0,1208.086000,1207.888000,979.957801,1,ok,25092,20230,1,0.224744,0.004832,0.000189,0.072438,12.645719,6.355748,0.000081,34.426196,13.542699,0.899998,391.381010,0.004565,8.270812,459.323889,467.599455,467.934071,0.334616,468.163647
1222,vehicle0,1208.288000,1208.086000,980.768436,1,ok,25193,20311,1,0.217934,0.067996,0.000273,0.091942,14.357704,7.161264,0.000211,34.551224,12.731430,1.121954,408.546889,0.078141,6.520718,478.562618,485.161750,485.565314,0.403564,485.851244
1223,vehicle0,1208.487000,1208.288000,981.534916,1,ok,25331,20439,1,0.123878,0.007200,0.000300,0.117507,25.885199,7.912941,0.000077,31.830926,9.887698,0.890942,384.180948,0.019038,8.613651,460.706238,469.339227,469.671140,0.331913,469.802218
1224,vehicle0,1208.666000,1208.487000,982.340217,1,ok,25481,20566,1,0.109774,0.008754,0.000288,0.134233,21.751434,9.049800,0.000082,33.283443,10.743548,0.856905,417.753681,0.017731,7.258996,493.573126,500.850141,501.272088,0.421947,501.390616
1225,vehicle0,1208.886000,1208.688000,983.206115,1,ok,25489,20557,1,0.090697,0.005146,0.000176,0.067080,25.995217,7.135342,0.000112,38.668059,13.499010,0.725525,402.761530,0.003010,6.515543,488.851875,495.370604,495.745780,0.375176,495.841623
1226,vehicle0,1209.088000,1208.886000,983.987612,1,ok,25620,20600,1,0.318230,0.012107,0.000329,0.115949,22.849564,7.157196,0.000097,38.656360,16.045741,0.843528,418.083068,0.002888,8.138285,503.751503,511.893005,512.737172,0.844167,513.067509
1227,vehicle0,1209.288000,1209.089000,984.764738,1,ok,25748,20651,1,0.169896,0.007135,0.000217,0.085708,14.995539,5.792881,0.000390,34.315046,13.936356,0.846573,395.007290,0.004296,7.002485,464.979783,471.986781,472.514490,0.527709,472.691521
1228,vehicle0,1209.487000,1209.288000,985.564481,1,ok,25822,20611,1,0.121306,0.009212,0.000198,0.071555,12.224196,6.764828,0.000077,34.776894,10.193241,0.695104,390.223285,0.013664,7.503016,454.949180,462.466058,462.691142,0.225084,462.821660
1229,vehicle0,1209.688000,1209.487000,986.343251,1,ok,25867,20571,1,0.228880,0.004854,0.000193,0.065720,10.874047,6.353253,0.000087,37.692463,11.967111,0.690852,412.453809,0.003764,6.766915,480.097342,486.868214,487.129268,0.261054,487.363002
1230,vehicle0,1209.866000,1209.688000,987.087963,1,ok,25886,20545,1,0.366551,0.011952,0.000293,0.105177,9.543692,6.594024,0.000102,29.546697,9.555914,1.123856,375.126613,0.003844,7.090640,431.596075,438.690852,439.068895,0.378043,439.447398
1231,vehicle0,1210.088000,1209.887000,987.956006,1,ok,25888,20546,1,0.161419,0.007822,0.000201,0.110402,14.005889,8.077532,0.000106,42.378759,10.322056,0.690542,414.269169,0.003682,9.271030,489.854455,499.129368,499.410950,0.281582,499.580191
1232,vehicle0,1210.288000,1210.088000,988.737732,1,ok,25862,20552,1,0.262566,0.007010,0.000256,0.115937,10.254138,5.310495,0.000158,35.113194,14.042740,0.947986,408.474432,0.003793,7.558293,474.259080,481.821422,482.533118,0.711696,482.802694
1233,vehicle0,1210.487000,1210.288000,989.564522,1,ok,25893,20587,1,0.093163,0.004805,0.000251,0.079197,15.365211,6.231883,0.000139,37.575830,12.471384,0.927630,419.199277,0.011980,6.162753,491.850551,498.025535,498.286424,0.260889,498.384392
1234,vehicle0,1210.687000,1210.487000,990.347098,1,ok,25914,20615,1,0.200999,0.004449,0.000200,0.069531,15.526686,5.758759,0.000115,37.054457,14.288090,0.699909,406.949785,0.016263,6.552500,480.347332,486.916295,487.327053,0.410758,487.532501
1235,vehicle0,1210.887000,1210.687000,991.141873,1,ok,25863,20589,1,0.245987,0.010998,0.000209,0.118825,14.922229,6.047298,0.000110,38.158604,13.034448,0.854959,409.713237,0.003887,6.239450,482.849710,489.093256,489.382326,0.289070,489.639311
1236,vehicle0,1211.088000,1210.887000,991.959281,1,ok,25819,20496,1,0.119729,0.008334,0.000177,0.114210,17.798993,5.861588,0.000090,36.789110,14.685188,0.811552,399.401363,0.005718,10.108837,475.462094,485.576826,486.171673,0.594847,486.299736
1237,vehicle0,1211.288000,1211.088000,992.737725,1,ok,25873,20412,1,0.221717,0.009105,0.000210,0.097245,13.678228,6.740301,0.000167,38.884778,13.735477,0.693793,398.185825,0.005081,7.539999,472.015814,479.561104,480.046742,0.485638,480.277564
1238,vehicle0,1211.488000,1211.288000,993.537154,1,ok,25886,20557,1,0.230718,0.007473,0.000250,0.110449,19.897428,7.254018,0.000106,35.951571,12.239621,0.737264,391.000657,0.025817,9.291270,467.191114,476.508451,476.965463,0.457012,477.203654
1239,vehicle0,1211.689000,1211.488000,994.357782,1,ok,25869,20672,1,0.129583,0.005080,0.000197,0.066848,15.939382,5.588531,0.000099,38.111508,13.845124,0.953147,402.996147,0.003468,8.478577,477.500786,485.983028,486.570543,0.587515,486.705206
1240,vehicle0,1211.888000,1211.689000,995.167575,1,ok,25966,20766,1,0.113599,0.007268,0.000210,0.091200,12.556270,4.845161,0.000155,36.933261,14.772232,0.712426,402.285735,0.003890,8.269438,472.196440,480.469978,481.115318,0.645340,481.236185
1241,vehicle0,1212.088000,1211.888000,995.986047,1,ok,26020,20736,1,0.367410,0.007554,0.000265,0.097556,13.443889,5.106796,0.000130,36.449304,13.209969,1.045892,398.660341,0.003982,7.045755,468.013877,475.063879,475.393656,0.329777,475.768620
1242,vehicle0,1212.288000,1212.088000,996.788357,1,ok,26072,20773,1,0.213983,0.005383,0.000247,0.075108,10.172193,7.143168,0.000143,39.626503,14.233335,0.719214,410.928745,0.005304,9.645975,482.898409,492.549935,492.977808,0.427873,493.197174
1243,vehicle0,1212.482000,1212.288000,997.529024,1,ok,26113,20808,1,0.112580,0.007356,0.000177,0.106479,8.104127,5.565692,0.000082,35.855488,12.417950,0.943956,367.798237,0.005213,8.028498,430.792011,438.825899,439.456049,0.630150,439.575985
1244,vehicle0,1212.663000,1212.488000,998.326327,1,ok,26119,20877,1,0.252107,0.005170,0.000184,0.064349,11.652047,6.926913,0.000124,39.055786,15.977432,0.771444,366.301615,0.027554,7.838949,440.749710,448.616397,449.051414,0.435017,449.308691
1245,vehicle0,1212.888000,1212.688000,999.165771,1,ok,26232,21021,1,0.134706,0.007305,0.000331,0.115484,15.365467,5.762803,0.000137,39.323021,12.854060,0.825966,386.911074,0.004730,6.484529,461.158012,467.647602,468.020709,0.373107,468.162720
1246,vehicle0,1213.066000,1212.888000,999.946285,1,ok,26370,21145,1,0.197429,0.005646,0.000160,0.059379,16.577607,5.935464,0.000102,35.826479,12.476327,0.713797,365.465493,0.004167,6.441250,437.054648,443.500225,444.390723,0.890498,444.593798
1247,vehicle0,1213.255000,1213.087000,1000.764121,1,ok,26412,21132,1,0.151310,0.008199,0.000206,0.093402,16.397599,6.079437,0.000198,37.965946,15.636582,0.770545,373.334144,0.005971,9.238702,450.277853,459.522732,459.913118,0.390386,460.072627
1248,vehicle0,1213.489000,1213.285000,1001.614568,1,ok,26303,21019,1,0.146573,0.005178,0.000235,0.074669,15.117730,6.440494,0.000093,39.883022,15.556619,0.839918,403.062033,0.003938,6.206413,480.974578,487.185164,488.021185,0.836021,488.172936
1249,vehicle0,1213.687000,1213.489000,1002.405576,1,ok,26144,20899,1,0.252529,0.009384,0.000135,0.092827,18.487247,5.588399,0.000091,40.622942,15.550322,0.950564,402.074084,0.015111,7.683332,483.366476,491.065054,491.816279,0.751225,492.078192
1250,vehicle0,1213.888000,1213.687000,1003.202467,1,ok,26086,20861,1,0.219418,0.005335,0.000246,0.082281,15.856233,5.758161,0.000095,37.190493,15.880113,0.713075,397.666041,0.004699,7.494147,473.146492,480.645584,480.885911,0.240327,481.110664
1251,vehicle0,1214.089000,1213.888000,1003.990822,1,ok,25938,20733,1,0.251154,0.012031,0.000222,0.115502,16.471536,5.513990,0.000117,39.509400,16.960491,0.701968,389.222771,0.003597,8.110869,468.495775,476.610463,477.027755,0.417292,477.290940
1252,vehicle0,1214.288000,1214.089000,1004.816045,1,ok,25813,20598,1,0.082054,0.007176,0.000361,0.080033,21.284246,8.585102,0.000130,39.331490,15.241304,0.710637,401.593145,0.003551,6.169588,486.826087,492.999587,493.334987,0.335400,493.424217
1253,vehicle0,1214.487000,1214.288000,1005.593282,1,ok,25723,20437,1,0.132292,0.007759,0.000267,0.104034,25.226601,4.987230,0.000073,36.430601,13.289507,0.740594,405.850408,0.003986,6.377008,486.629048,493.010309,493.886486,0.876177,494.026537
1254,vehicle0,1214.689000,1214.487000,1006.395972,1,ok,25362,20212,1,0.234124,0.005262,0.005112,0.092031,23.577180,9.532355,0.000117,43.502010,13.911023,0.999490,409.981067,0.020122,6.523979,501.595273,508.144486,508.704254,0.559768,508.943640
1255,vehicle0,1214.889000,1214.689000,1007.210427,1,ok,24891,19997,1,0.244581,0.009385,0.000320,0.096776,15.846835,6.943747,0.000109,37.620851,12.794972,0.720775,411.955627,0.003252,7.362097,485.979692,493.345361,493.687740,0.342379,493.941706
1256,vehicle0,1215.086000,1214.889000,1008.009993,1,ok,24780,19962,1,0.241792,0.006949,0.000179,0.058417,14.742760,6.461484,0.000087,37.854497,14.155696,0.896641,406.247770,0.003348,6.485523,480.417352,486.906402,487.627741,0.721339,487.876482
1257,vehicle0,1215.270000,1215.086000,1008.803998,1,ok,24652,19977,1,0.101411,0.009055,0.000232,0.085062,11.245191,6.839202,0.000123,34.871704,13.190277,0.763410,403.013825,0.012302,8.192470,470.008794,478.213798,478.514019,0.300221,478.624485
1258,vehicle0,1215.487000,1215.289000,1009.657407,1,ok,24409,19871,1,0.221876,0.007455,0.000190,0.089108,16.057534,8.180840,0.000139,46.575865,12.205112,0.720601,411.083125,0.003548,7.225813,494.912324,502.141875,502.438952,0.297077,502.668283
1259,vehicle0,1215.689000,1215.487000,1010.465925,1,ok,24131,19698,1,0.130647,0.006172,0.000226,0.053353,12.637268,6.271256,0.000121,42.382530,13.751686,0.886731,422.672295,0.020687,6.912697,498.655240,505.588850,506.602676,1.013826,506.739495
1260,vehicle0,1215.877000,1215.689000,1011.214523,1,ok,23872,19624,1,0.092243,0.009742,0.000340,0.174144,12.787624,7.039137,0.000110,34.720811,10.600101,0.712970,382.184354,0.003216,8.036193,448.219251,456.259000,456.614376,0.355376,456.716361
1261,vehicle0,1216.084000,1215.886000,1012.045699,1,ok,23725,19601,1,0.102547,0.013797,0.000211,0.075652,15.686314,6.570829,0.000088,40.652594,12.656892,1.014849,391.109122,0.003740,7.597188,467.766340,475.367479,475.695419,0.327940,475.811763
1262,vehicle0,1216.285000,1216.084000,1012.835688,1,ok,23581,19621,1,0.301939,0.006407,0.000153,0.093175,18.572773,8.167594,0.000079,40.441249,12.275674,0.847945,390.774810,0.007108,7.161460,471.173299,478.342020,478.841830,0.499810,479.150176
1263,vehicle0,1216.485000,1216.285000,1013.609073,1,ok,23370,19570,1,0.083910,0.010881,0.000499,0.077228,12.463461,6.742997,0.000077,31.401297,18.429740,0.888246,372.479964,0.003271,6.491066,442.483010,448.977846,449.719072,0.741226,449.813863
1264,vehicle0,1216.658000,1216.487000,1014.381099,1,ok,23228,19545,1,0.092506,0.005408,0.000195,0.092587,11.928363,5.937918,0.000082,32.498175,10.378523,0.716613,370.305417,0.004450,7.300901,431.857678,439.163224,439.524709,0.361485,439.622623
1265,vehicle0,1216.884000,1216.688000,1015.202164,1,ok,23062,19489,1,0.111076,0.005534,0.000254,0.109409,11.853066,6.324285,0.000109,36.392138,10.127904,0.716884,365.368584,0.056719,12.055399,430.892379,443.004751,443.556211,0.551460,443.672821
1266,vehicle0,1217.050000,1216.885000,1015.954933,1,ok,23014,19527,1,0.117635,0.006141,0.000200,0.087049,12.102771,11.109430,0.000106,34.473294,12.610433,0.802286,354.665275,0.004859,8.477307,425.850644,434.333010,434.965754,0.632744,435.089530
1267,vehicle0,1217.269000,1217.087000,1016.770845,1,ok,23040,19603,1,0.116701,0.020086,0.000127,0.078577,12.475564,6.647809,0.000178,37.309077,11.494956,0.701648,368.245636,0.005108,7.868162,436.953445,444.826842,445.191164,0.364322,445.327951
1268,vehicle0,1217.467000,1217.288000,1017.575644,1,ok,22996,19537,1,0.323008,0.007249,0.000420,0.084168,11.210952,6.861628,0.000077,34.567842,12.036000,0.715752,360.228417,0.010498,9.241662,425.704836,434.957416,435.492637,0.535221,435.822894
1269,vehicle0,1217.681000,1217.488000,1018.401312,1,ok,22901,19410,1,0.091238,0.007628,0.000287,0.095010,14.523301,9.102992,0.000103,40.530290,14.546567,0.759782,368.625809,0.004936,7.809164,448.183854,455.998241,456.607192,0.608951,456.706058
1270,vehicle0,1217.860000,1217.687000,1019.184844,1,ok,22901,19392,1,0.063201,0.009643,0.000244,0.084076,13.183632,6.381087,0.000106,36.231291,12.962971,1.012639,360.189262,0.004306,7.713747,430.045064,437.763361,438.209747,0.446386,438.282591
1271,vehicle0,1218.066000,1217.888000,1020.002157,1,ok,23014,19498,1,0.210405,0.008485,0.000184,0.070954,17.004371,5.922848,0.000101,37.897989,16.043028,0.917152,373.862877,0.058508,6.915772,451.719320,458.693784,459.242814,0.549030,459.461704
1272,vehicle0,1218.275000,1218.085000,1020.806257,1,ok,23083,19577,1,0.183815,0.013962,0.000346,0.080495,13.196810,6.802629,0.000135,38.457855,13.413481,0.710693,370.442767,0.004921,7.766568,443.104865,450.876700,451.391674,0.514974,451.589451
1273,vehicle0,1218.470000,1218.288000,1021.595603,1,ok,23044,19558,1,0.236694,0.011651,0.000366,0.093019,14.705606,6.480388,0.000097,35.041463,14.232694,0.829291,368.203559,0.005466,8.108976,439.586117,447.700925,448.305252,0.604327,448.553597
1274,vehicle0,1218.668000,1218.488000,1022.403441,1,ok,22930,19436,1,0.278915,0.008980,0.000236,0.077521,10.176228,7.140314,0.000098,33.582512,16.902449,0.978920,372.453822,0.003652,6.491876,441.311864,447.807628,448.138359,0.330731,448.426254
1275,vehicle0,1218.860000,1218.688000,1023.185623,1,ok,22941,19439,1,0.096159,0.005715,0.000203,0.079293,18.924201,6.336066,0.000081,32.722089,12.833375,0.715915,345.161052,0.011815,7.774027,416.772072,424.558117,425.125746,0.567629,425.227620
1276,vehicle0,1219.039000,1218.887000,1023.961363,1,ok,22949,19453,1,0.212352,0.007349,0.000304,0.092821,11.872860,6.353001,0.000100,35.034346,10.873636,0.734871,341.440576,0.005558,8.278405,406.402211,414.686478,415.302738,0.616260,415.522439
1277,vehicle0,1219.232000,1219.088000,1024.766921,1,ok,22963,19479,1,0.181173,0.006255,0.000263,0.082868,12.011471,8.756307,0.000126,32.933749,11.591966,0.705487,348.142047,0.023457,9.698044,414.224021,423.945785,424.368472,0.422687,424.555900
1278,vehicle0,1219.451000,1219.288000,1025.571556,1,ok,22947,19490,1,0.111521,0.005680,0.000250,0.096318,9.793345,8.669627,0.000107,33.045118,10.446019,1.003137,344.145219,0.005336,8.482707,407.198890,415.687183,416.353749,0.666566,416.470950
1279,vehicle0,1219.666000,1219.488000,1026.393295,1,ok,22957,19475,1,0.107941,0.005679,0.000245,0.053327,10.553852,6.561637,0.000304,40.010636,12.572715,0.893828,380.535844,0.004509,9.331721,451.182143,460.518618,460.817238,0.298620,460.930858
1280,vehicle0,1219.886000,1219.688000,1027.197891,1,ok,22953,19442,1,0.184398,0.052084,0.000306,0.065514,10.880540,6.892169,0.000125,35.254949,12.919296,0.731552,368.119264,0.004916,10.880002,434.863409,445.748633,446.282399,0.533766,446.518881
1281,vehicle0,1220.070000,1219.888000,1027.966205,1,ok,22948,19388,1,0.107899,0.009233,0.000321,0.091654,10.685323,6.170808,0.000100,38.310605,10.132430,0.720821,358.869879,0.003919,8.240929,424.981620,433.226789,433.880004,0.653215,433.997136
1282,vehicle0,1220.262000,1220.089000,1028.756964,1,ok,22956,19372,1,0.104896,0.007482,0.000373,0.087435,10.873939,6.764526,0.000078,35.347451,13.469534,0.988476,366.886203,0.016654,7.803463,434.417642,442.238132,442.836459,0.598327,442.948837
1283,vehicle0,1220.489000,1220.287000,1029.567897,1,ok,22958,19399,1,0.091185,0.008157,0.000214,0.193193,9.889097,7.065043,0.000113,36.087412,12.155911,1.843195,375.802665,0.004119,7.042193,443.036629,450.083155,450.851242,0.768087,450.950584
1284,vehicle0,1220.662000,1220.489000,1030.336864,1,ok,22987,19452,1,0.114666,0.005524,0.000238,0.086587,15.594321,8.235911,0.000092,37.437674,13.849577,0.719385,362.749040,0.004044,6.377749,438.672587,445.054618,445.481102,0.426484,445.601292
1285,vehicle0,1220.862000,1220.689000,1031.159633,1,ok,22967,19467,1,0.104152,0.005486,0.000167,0.051407,8.619321,6.777068,0.000115,39.736846,12.855286,0.724450,362.354755,0.003679,8.806434,431.119248,439.929528,440.205498,0.275970,440.315136
1286,vehicle0,1221.065000,1220.888000,1031.972577,1,ok,22981,19484,1,0.209656,0.007467,0.000459,0.089050,12.106522,5.852977,0.000097,36.673458,12.151400,0.766048,356.028418,0.003536,6.681329,423.667970,430.353294,430.695656,0.342362,430.912779
1287,vehicle0,1221.289000,1221.086000,1032.777038,1,ok,22979,19528,1,0.250579,0.016174,0.000227,0.084646,8.868528,5.890874,0.000117,37.392618,11.740045,0.778988,385.312895,0.012586,7.405636,450.068711,457.487160,457.821973,0.334813,458.088726
1288,vehicle0,1221.489000,1221.289000,1033.574953,1,ok,22979,19510,1,0.083055,0.007279,0.000280,0.087631,10.143339,9.350447,0.000122,48.229602,16.097044,1.119517,379.910765,0.004942,7.024873,464.938467,471.968562,473.104445,1.135883,473.194779
1289,vehicle0,1221.655000,1221.489000,1034.374090,1,ok,22976,19505,1,0.203635,0.007113,0.000277,0.089400,9.303716,8.422325,0.000104,44.035506,11.251870,0.937176,379.805535,0.004889,7.247764,453.845632,461.098562,461.516073,0.417511,461.726821
1290,vehicle0,1221.863000,1221.687000,1035.173528,1,ok,22995,19508,1,0.088657,0.006488,0.000294,0.074402,8.975094,8.028165,0.000115,30.453117,11.155089,0.964381,364.899123,0.006574,7.934168,424.549486,432.490522,434.170459,1.679937,434.265604
1291,vehicle0,1222.091000,1221.891000,1035.971485,1,ok,23035,19530,1,0.066969,0.007125,0.000206,0.067497,10.155376,5.948044,0.000075,35.232280,11.211005,0.963016,378.562569,0.004691,8.107084,442.139862,450.251843,450.779906,0.528063,450.854000
1292,vehicle0,1222.247000,1222.091000,1036.648156,1,ok,23092,19542,1,0.112961,0.006486,0.000285,0.088711,11.324060,6.503589,0.000101,33.931080,13.179996,0.759868,378.760543,0.004491,7.298260,444.547948,451.850984,452.451300,0.600316,452.570747
1293,vehicle0,1222.483000,1222.290000,1037.384329,1,ok,23154,19611,1,0.168878,0.005530,0.000193,0.049952,8.923171,6.417308,0.000092,33.168580,13.503235,0.935770,389.703586,0.015871,7.394380,452.701694,460.112138,460.391508,0.279370,460.565916
1294,vehicle0,1222.675000,1222.491000,1038.154658,1,ok,23220,19665,1,0.203822,0.010430,0.000253,0.106271,8.833313,6.390038,0.000082,32.622061,9.833761,0.737465,364.797419,0.011349,8.028424,423.320410,431.360436,431.978150,0.617714,432.192402
1295,vehicle0,1222.861000,1222.691000,1038.851505,1,ok,23216,19661,1,0.108898,0.007402,0.000299,0.050950,8.122954,5.691645,0.000104,36.980631,10.620934,0.711643,377.915992,0.003161,9.287606,440.094853,449.385919,449.756536,0.370617,449.872836
1296,vehicle0,1223.074000,1222.890000,1039.670585,1,ok,23230,19696,1,0.214460,0.007711,0.000401,0.073223,9.482691,6.861027,0.000105,34.973392,12.022453,0.789782,372.225345,0.004012,7.786030,436.428018,444.218461,444.633028,0.414567,444.855199
1297,vehicle0,1223.260000,1223.089000,1040.464779,1,ok,23215,19710,1,0.080682,0.005818,0.000286,0.092472,11.677405,7.854753,0.000092,34.791017,10.993126,0.848851,388.763880,0.004713,6.449892,455.021596,461.476487,461.887809,0.411322,461.974309
1298,vehicle0,1223.452000,1223.291000,1041.272213,1,ok,23186,19702,1,0.116282,0.005139,0.000278,0.094798,12.027211,7.210522,0.000089,34.669258,9.579584,0.693278,362.847292,0.005529,7.610812,427.122032,434.738651,435.047757,0.309106,435.169178
1299,vehicle0,1223.669000,1223.490000,1042.099521,1,ok,23236,19725,1,0.104628,0.009833,0.000320,0.099190,21.764589,6.890211,0.000122,37.622220,13.326339,0.801182,374.768606,0.087595,7.314154,455.272459,462.674528,463.519806,0.845278,463.634267
1300,vehicle0,1223.843000,1223.690000,1042.883082,1,ok,23204,19704,1,0.196144,0.004977,0.000290,0.059143,11.697105,6.198920,0.000108,38.153363,11.421580,0.925424,359.813241,0.003431,7.937461,428.268884,436.210066,436.510669,0.300603,436.711790
1301,vehicle0,1224.055000,1223.890000,1043.711180,1,ok,22985,19548,1,0.094908,0.007862,0.000513,0.086491,15.549971,7.555273,0.000084,37.017319,13.959086,0.946930,357.897419,0.020892,7.082500,433.012573,440.116478,440.421070,0.304592,440.523840
1302,vehicle0,1224.255000,1224.091000,1044.493041,1,ok,22773,19390,1,0.087434,0.009137,0.000501,0.098392,11.451155,7.598225,0.000096,36.413834,10.300520,0.751917,345.696061,0.003713,7.533271,412.310200,419.847685,420.205038,0.357353,420.301609
1303,vehicle0,1224.452000,1224.292000,1045.267936,1,ok,22571,19227,1,0.207879,0.007090,0.000225,0.091950,9.713942,6.812545,0.000107,33.952110,10.974374,0.914089,340.011191,0.004257,8.283782,402.470308,410.758572,411.230224,0.471652,411.445193
1304,vehicle0,1224.607000,1224.491000,1046.025215,1,ok,22475,19199,1,0.203599,0.010165,0.000344,0.072915,6.708251,6.596367,0.000241,31.943759,10.601119,0.693339,322.545198,0.003680,6.836100,379.161189,386.001313,386.319623,0.318310,386.533387
1305,vehicle0,1224.809000,1224.691000,1046.851384,1,ok,22361,19167,1,0.199369,0.006113,0.000213,0.087990,7.829124,15.194175,0.000144,31.421371,10.292824,0.704006,317.314336,0.016230,7.383506,382.843970,390.243919,390.693842,0.449923,390.899324
1306,vehicle0,1225.006000,1224.889000,1047.626211,1,ok,22321,19182,1,0.206566,0.007533,0.000154,0.084171,8.677196,7.634855,0.000094,31.075254,9.280662,0.830465,300.282092,0.003444,7.796422,357.864789,365.664809,366.055072,0.390263,366.269171
1307,vehicle0,1225.207000,1225.090000,1048.426508,1,ok,22247,19197,1,0.180552,0.006796,0.000371,0.088502,6.976084,8.053263,0.000072,32.017578,8.540564,0.859073,305.280880,0.004028,6.148134,361.816016,367.968549,368.262227,0.293678,368.449575
1308,vehicle0,1225.403000,1225.293000,1049.211079,1,ok,22101,19112,1,0.193316,0.035412,0.000321,0.062478,8.767448,8.536603,0.000093,31.091819,7.408375,0.681585,301.163052,0.005422,7.571144,357.711453,365.288340,365.618507,0.330167,365.847235
1309,vehicle0,1225.607000,1225.493000,1050.019605,1,ok,21966,19043,1,0.198258,0.004466,0.000155,0.056940,6.771855,7.834730,0.000086,35.907773,12.789398,0.867319,302.660368,0.007658,8.698318,366.888469,375.594600,376.061358,0.466758,376.264082
1310,vehicle0,1225.806000,1225.691000,1050.808530,1,ok,21826,18938,1,0.087540,0.005555,0.000236,0.084543,9.468030,7.538620,0.000079,33.077761,8.617459,0.712536,294.517307,0.035010,7.069552,354.016335,361.121133,361.395054,0.273921,361.488149
1311,vehicle0,1226.008000,1225.893000,1051.616160,1,ok,21738,18853,1,0.083330,0.007792,0.000324,0.097907,10.439134,7.398892,0.000119,33.338046,7.546084,0.895139,300.281875,0.014586,7.994924,359.997196,368.007030,368.365566,0.358536,368.456688
1312,vehicle0,1226.207000,1226.091000,1052.416562,1,ok,21700,18797,1,0.188359,0.006006,0.000135,0.064601,7.236712,6.858843,0.000078,32.099687,8.113037,0.738536,300.155056,0.003220,6.404718,355.266550,361.674623,361.955672,0.281049,362.150037
1313,vehicle0,1226.404000,1226.292000,1053.203388,1,ok,21685,18772,1,0.227438,0.007076,0.000222,0.071459,7.019414,7.610177,0.000115,32.431230,8.630105,0.755138,275.607101,0.004027,6.845781,332.124739,338.974769,339.228979,0.254210,339.463493
1314,vehicle0,1226.607000,1226.491000,1053.984873,1,ok,21691,18667,1,0.093904,0.012204,0.000343,0.095502,9.391311,7.191720,0.000128,33.699004,9.305127,0.754405,286.596332,0.002856,9.103182,347.033529,356.139910,356.486787,0.346877,356.592895
1315,vehicle0,1226.806000,1226.692000,1054.758230,1,ok,21684,18635,1,0.112949,0.006342,0.000211,0.075842,10.649067,9.599377,0.000100,33.122900,7.705374,0.702440,285.049411,0.070700,8.349930,346.904511,355.325352,355.731807,0.406455,355.851098
1316,vehicle0,1227.010000,1226.892000,1055.560862,1,ok,21737,18641,1,0.190639,0.006926,0.000241,0.081570,9.738328,8.262240,0.000038,33.421873,10.562522,0.879663,280.306479,0.003832,6.521245,343.252713,349.778031,350.129880,0.351849,350.327445
1317,vehicle0,1227.206000,1227.091000,1056.295606,1,ok,21830,18658,1,0.182245,0.005833,0.000221,0.085065,9.624524,7.950539,0.000133,32.342495,10.578536,0.738379,258.055841,0.004171,6.212645,319.375512,325.592549,325.861596,0.269047,326.049674
1318,vehicle0,1227.409000,1227.294000,1057.113846,1,ok,22000,18754,1,0.081326,0.006713,0.000262,0.081543,10.227637,7.584580,0.000111,32.713125,8.440843,0.694563,270.063344,0.003941,6.390082,329.805746,336.200031,336.601723,0.401692,336.689762
1319,vehicle0,1227.612000,1227.492000,1057.903060,1,ok,22227,18889,1,0.077579,0.005764,0.000192,0.053766,7.638826,9.085620,0.000115,33.800725,11.609052,0.699521,252.656060,0.003725,7.607811,315.543685,323.155413,323.561568,0.406155,323.644911
1320,vehicle0,1227.808000,1227.692000,1058.686480,1,ok,22490,19008,1,0.117542,0.007417,0.000357,0.086033,9.108841,9.942123,0.000134,34.151595,9.660015,0.716559,253.258250,0.015035,8.228920,316.923550,325.167862,325.684073,0.516211,325.809032
1321,vehicle0,1228.010000,1227.890000,1059.462522,1,ok,22667,19070,1,0.205006,0.007733,0.000333,0.075168,8.941175,20.895047,0.000078,33.261193,7.686896,0.709968,241.604674,0.003425,8.507755,313.174199,321.685712,321.963758,0.278046,322.176497
1322,vehicle0,1228.208000,1228.091000,1060.292370,1,ok,22932,19204,1,0.107278,0.007750,0.000407,0.086885,11.374975,9.481655,0.000112,40.649758,8.739347,0.715878,272.366714,0.004153,7.313764,343.415324,350.733648,351.028433,0.294785,351.143461
1323,vehicle0,1228.408000,1228.294000,1061.063488,1,ok,23199,19382,1,0.111112,0.004780,0.000140,0.053079,10.523659,8.014187,0.000094,36.553680,9.878933,0.973012,253.998134,0.005536,7.836903,319.994778,327.837357,328.294533,0.457176,328.410425
1324,vehicle0,1228.606000,1228.491000,1061.881579,1,ok,23390,19442,1,0.079257,0.009769,0.000298,0.124016,8.806416,7.277590,0.000072,32.840709,9.172495,0.884010,260.144324,0.010778,8.203625,319.249632,327.464333,328.073698,0.609365,328.162724
1325,vehicle0,1228.806000,1228.691000,1062.691606,1,ok,23544,19480,1,0.195684,0.016251,0.000282,0.102017,6.935764,7.672174,0.000077,30.761914,9.711504,0.912894,255.489244,0.005595,8.333284,311.585588,319.924749,320.403682,0.478933,320.615617
1326,vehicle0,1229.012000,1228.891000,1063.479520,1,ok,23654,19596,1,0.082876,0.005387,0.000271,0.090957,8.418887,11.161837,0.000166,37.477562,7.384306,0.698536,235.768749,0.013827,6.955354,301.001000,307.970452,308.240633,0.270181,308.328896
1327,vehicle0,1229.206000,1229.092000,1064.170651,1,ok,23718,19667,1,0.221066,0.008274,0.000254,0.082894,5.914019,7.818630,0.000111,29.955982,6.937669,0.710753,237.736251,0.004109,6.704862,289.156309,295.865534,296.101075,0.235541,296.330415
1328,vehicle0,1229.406000,1229.294000,1064.999204,1,ok,23808,19750,1,0.082519,0.006955,0.000272,0.101460,8.332102,10.243219,0.000121,45.878590,11.259903,1.095831,253.235417,0.004030,7.017712,330.146643,337.168657,337.687264,0.518607,337.776738
1329,vehicle0,1229.607000,1229.491000,1065.752671,1,ok,23967,19880,1,0.102675,0.005972,0.000195,0.068253,6.151806,8.359261,0.000105,35.949105,7.511917,0.751545,260.689861,0.005338,7.464522,319.481853,326.951908,327.231634,0.279726,327.340281
1330,vehicle0,1229.806000,1229.692000,1066.545684,1,ok,24148,19972,1,0.206258,0.010137,0.000197,0.095975,5.896277,8.180491,0.000122,33.026222,6.675884,0.690080,232.506993,0.005053,6.745927,287.072044,293.823221,294.034266,0.211045,294.250661
1331,vehicle0,1230.004000,1229.893000,1067.370340,1,ok,24377,20141,1,0.189502,0.008935,0.000366,0.131846,8.600015,8.153069,0.000144,35.124219,11.803621,0.905971,238.216022,11.428993,9.635185,302.934907,323.999451,324.674213,0.674762,324.872650
1332,vehicle0,1230.204000,1230.092000,1068.117284,1,ok,24496,20235,1,0.110909,0.006374,0.000220,0.088957,8.068431,8.324377,0.000110,34.686450,7.469610,0.709619,229.855635,0.012986,7.560506,289.203189,296.776901,297.056263,0.279362,297.173546
1333,vehicle0,1230.416000,1230.292000,1068.928149,1,ok,24561,20234,1,0.209376,0.007094,0.000192,0.088564,10.681437,7.358523,0.000098,39.083812,12.999217,0.930681,238.374213,0.004261,7.503190,309.516545,317.024188,317.773399,0.749211,317.989869
1334,vehicle0,1230.606000,1230.491000,1069.670242,1,ok,24555,20123,1,0.133082,0.013666,0.000206,0.086316,8.333118,9.124558,0.000094,35.807212,7.859645,0.716803,226.591065,0.018458,6.156074,288.518811,294.693549,294.974602,0.281053,295.121350
1335,vehicle0,1230.799000,1230.691000,1070.396583,1,ok,24550,20016,1,0.212506,0.007353,0.000298,0.056781,6.520928,8.437447,0.000090,30.153445,6.108021,0.946472,187.676649,0.003295,7.491345,239.899833,247.394771,247.827463,0.432692,248.047322
1336,vehicle0,1230.999000,1230.892000,1071.149055,1,ok,24556,19915,1,0.102948,0.008555,0.000202,0.145076,6.462453,9.491579,0.000140,30.896948,6.844227,0.742710,189.696013,0.003644,7.129389,244.279146,251.412381,251.802078,0.389697,251.913581
1337,vehicle0,1231.203000,1231.091000,1071.952434,1,ok,24595,19800,1,0.098839,0.013078,0.000224,0.105494,8.334255,9.338543,0.000094,39.766519,9.533235,0.832049,207.058102,0.012596,10.652177,274.968291,285.633288,286.316713,0.683425,286.428630
1338,vehicle0,1231.406000,1231.291000,1072.716821,1,ok,24602,19623,1,0.100741,0.007062,0.000265,0.090306,6.640055,8.450913,0.000085,37.838212,8.796039,0.710626,215.679714,0.013017,7.825687,278.205950,286.044919,286.348322,0.303403,286.456125
1339,vehicle0,1231.607000,1231.489000,1073.500318,1,ok,24612,19462,1,0.245486,0.008567,0.000352,0.086183,16.179309,10.210681,0.000217,39.947396,11.255782,0.725443,210.588621,0.003439,6.216069,288.993632,295.213492,295.605908,0.392416,295.859961
1340,vehicle0,1231.807000,1231.693000,1074.242747,1,ok,24455,19168,1,0.197038,0.006205,0.000284,0.079925,8.966456,8.933704,0.000082,35.093678,8.420575,0.731032,198.634259,0.003317,6.448837,260.859711,267.312149,267.602799,0.290650,267.806042
1341,vehicle0,1231.998000,1231.890000,1074.983101,1,ok,24308,18934,1,0.245265,0.006546,0.000144,0.076238,9.433943,10.108381,0.000151,39.446334,10.617919,1.009544,200.327610,0.003595,6.101993,271.020120,277.125852,277.680324,0.554472,277.932135
1342,vehicle0,1232.203000,1232.091000,1075.707485,1,ok,24358,18875,1,0.113339,0.008798,0.000199,0.086804,7.704875,8.138931,0.000084,49.320312,11.343047,0.779179,170.069590,0.014932,7.132438,247.442822,254.590391,254.942267,0.351876,255.064404
1343,vehicle0,1232.400000,1232.292000,1076.411302,1,ok,24558,18889,1,0.210938,0.008050,0.000297,0.085402,5.694460,9.192396,0.000163,31.072579,6.008159,1.176479,152.395685,0.004081,6.585227,205.625323,212.214928,212.904820,0.689892,213.123808
1344,vehicle0,1232.598000,1232.491000,1077.165589,1,ok,24698,18713,1,0.261035,0.008917,0.000313,0.091009,8.503356,12.116800,0.000107,30.372631,5.546668,0.708877,152.634015,0.011710,7.409334,209.973463,217.394820,217.747051,0.352231,218.017003
1345,vehicle0,1232.802000,1232.691000,1077.960126,1,ok,24781,18384,1,5.070445,0.018466,0.000170,0.086088,7.878144,9.373866,0.000223,35.079641,7.652978,0.872896,173.148756,0.004994,7.810799,234.092592,241.908555,242.284066,0.375511,247.372977
1346,vehicle0,1232.999000,1232.892000,1078.733167,1,ok,24821,17751,1,0.258299,0.007392,0.000214,0.106361,6.508912,9.373216,0.000114,42.655333,9.223728,1.077544,161.232967,0.004073,6.469134,230.178175,236.651596,236.947047,0.295451,237.212738
1347,vehicle0,1233.205000,1233.092000,1079.497500,1,ok,24939,17660,1,0.097440,0.008064,0.000208,0.090985,10.130536,10.974060,0.000108,50.972105,7.828694,0.683458,180.037106,0.005172,10.589426,260.717052,271.311858,271.618568,0.306710,271.724072
1348,vehicle0,1233.401000,1233.292000,1080.224046,1,ok,25308,17864,1,0.113499,0.007027,0.000351,0.110733,9.814019,8.654601,0.000127,33.278734,6.473565,1.215921,165.087505,0.007424,6.714271,224.635205,231.357251,231.675917,0.318666,231.796443
1349,vehicle0,1233.598000,1233.491000,1080.995374,1,ok,25759,18072,1,0.129301,0.006553,0.000538,0.117259,8.388731,9.359629,0.000091,35.667675,6.806762,0.807130,182.820713,0.013779,7.697882,243.967990,251.680189,251.961172,0.280983,252.097026
1350,vehicle0,1233.801000,1233.693000,1081.743925,1,ok,26110,18170,1,0.113308,0.007975,0.000300,0.101358,7.452002,10.412607,0.000209,32.128428,5.951785,0.932835,187.753940,0.003384,7.138933,244.733164,251.875781,252.174101,0.298320,252.295384
1351,vehicle0,1234.005000,1233.892000,1082.518882,1,ok,26362,18140,1,0.201389,0.010832,0.000238,0.102547,12.291697,11.035687,0.000282,38.162437,8.930747,0.697457,198.873729,0.039281,10.680575,270.094583,280.814677,281.199448,0.384771,281.411669
1352,vehicle0,1234.203000,1234.091000,1083.275424,1,ok,26400,18005,1,0.136248,0.006137,0.000268,0.097479,19.954799,10.402411,0.000094,40.346976,8.534646,0.687424,198.446246,0.003578,7.644201,278.470075,286.118122,286.489315,0.371193,286.631700
1353,vehicle0,1234.405000,1234.293000,1084.001642,1,ok,26313,17925,1,0.097210,0.006094,0.000250,0.090822,10.659852,9.229929,0.000125,38.804457,9.121630,0.779865,198.909823,0.003863,6.120244,267.596503,273.720860,274.155531,0.434671,274.258835
1354,vehicle0,1234.605000,1234.492000,1084.754991,1,ok,26240,17905,1,0.269316,0.012940,0.000146,0.096773,10.536836,9.989728,0.000158,39.996649,7.811146,0.748744,198.317479,0.015281,7.124255,267.497513,274.637195,274.886533,0.249338,275.168789
1355,vehicle0,1234.807000,1234.691000,1085.527554,1,ok,26222,17900,1,0.228970,0.008889,0.000240,0.092411,10.278948,12.198646,0.000128,43.263856,10.598427,0.985984,198.250619,0.003969,8.038921,275.669019,283.712149,284.208999,0.496850,284.446858
1356,vehicle0,1235.005000,1234.892000,1086.267043,1,ok,26178,17850,1,0.111977,0.006778,0.000430,0.108914,5.807757,8.793685,0.000120,35.632434,7.397100,0.746741,199.223517,0.002896,7.918771,257.710268,265.632365,265.972885,0.340520,266.091640
1357,vehicle0,1235.202000,1235.091000,1087.008905,1,ok,26105,17779,1,0.127189,0.072073,0.000851,0.111641,6.425247,9.449466,0.000085,33.424704,6.226071,0.880110,189.134099,0.003905,7.162810,245.651423,252.818989,253.285491,0.466502,253.484753
1358,vehicle0,1235.400000,1235.293000,1087.747218,1,ok,26003,17662,1,0.274832,0.012491,0.000233,0.101168,5.800525,8.731937,0.000114,31.455546,5.718125,0.834798,174.399534,0.003280,6.671034,227.041747,233.716294,233.943967,0.227673,234.231290
1359,vehicle0,1235.598000,1235.490000,1088.489547,1,ok,26015,17662,1,0.230545,0.007504,0.000219,0.056025,4.134071,8.577093,0.000111,33.067851,8.724001,0.943734,166.356061,0.005482,6.607859,221.858947,228.472507,228.980538,0.508031,229.218587
1360,vehicle0,1235.801000,1235.691000,1089.229780,1,ok,26081,17712,1,0.307229,0.014337,0.000282,0.059346,4.930354,8.516317,0.000161,30.856228,5.935834,0.710240,155.830035,0.013172,8.276717,206.838515,215.128686,215.422608,0.293922,215.744174
1361,vehicle0,1236.005000,1235.891000,1090.026762,1,ok,26133,17739,1,0.114163,0.007206,0.000304,0.113386,6.831792,9.417609,0.000121,37.195608,9.025913,0.716825,193.525410,0.004507,6.753428,256.826664,263.584903,263.955381,0.370478,264.076750
1362,vehicle0,1236.199000,1236.091000,1090.737139,1,ok,26223,17785,1,0.132083,0.008831,0.000266,0.093723,5.163673,9.987677,0.000089,34.252686,6.057880,0.733421,166.357808,0.005211,6.103614,222.646957,228.756048,229.036336,0.280288,229.177250
1363,vehicle0,1236.399000,1236.290000,1091.517523,1,ok,26411,17911,1,0.130192,0.005760,0.000220,0.078819,6.041314,10.282880,0.000087,32.632859,6.389061,0.900563,195.504833,0.003680,6.168798,251.830416,258.003114,258.821733,0.818619,258.957685
1364,vehicle0,1236.600000,1236.493000,1092.265851,1,ok,26664,18069,1,0.206230,0.004774,0.000265,0.064310,4.978238,8.560550,0.000097,33.219803,5.659597,0.869507,175.279167,0.003635,6.135971,228.631269,234.771140,235.044765,0.273625,235.255769
1365,vehicle0,1236.805000,1236.692000,1093.078236,1,ok,26942,18272,1,0.101450,0.004893,0.000207,0.063229,4.995679,9.288348,0.000148,33.411745,7.615986,0.761148,213.171596,0.011648,7.232262,269.307879,276.551996,276.822232,0.270236,276.928575
1366,vehicle0,1237.004000,1236.892000,1093.841665,1,ok,27181,18409,1,0.236077,0.009433,0.000271,0.123007,6.428337,8.205597,0.000105,38.151088,6.948664,0.738097,223.455364,0.003348,6.530650,284.050259,290.584528,290.823317,0.238789,291.068827
1367,vehicle0,1237.207000,1237.092000,1094.583584,1,ok,27406,18884,1,0.178210,0.007039,0.000255,0.077320,5.236312,11.092468,0.000115,32.305115,7.164329,0.786812,227.129109,0.011021,6.732787,283.791580,290.535643,291.019851,0.484208,291.205100
1368,vehicle0,1237.407000,1237.290000,1095.393123,1,ok,27655,19263,1,0.183176,0.005366,0.000228,0.103691,7.555828,8.453604,0.000119,45.916459,10.972915,0.698420,246.354118,0.004057,6.861248,320.055154,326.920687,327.176556,0.255869,327.365098
1369,vehicle0,1237.607000,1237.491000,1096.138789,1,ok,27753,19493,1,0.131892,0.007219,0.000275,0.096067,11.125429,7.884774,0.000097,43.242464,11.676887,0.892165,266.511782,0.004041,6.138805,341.429665,347.572786,347.996838,0.424052,348.135949
1370,vehicle0,1237.803000,1237.692000,1096.863426,1,ok,27766,19497,1,0.207056,0.005897,0.000203,0.053677,6.876509,8.970761,0.000088,34.122137,11.368089,0.776864,253.398867,0.019929,6.834845,315.566992,322.421969,322.702385,0.280416,322.915338
1371,vehicle0,1238.007000,1237.891000,1097.632408,1,ok,27804,19434,1,0.144631,0.006538,0.000250,0.090377,7.541329,10.784912,0.000096,34.515175,9.548849,0.921357,257.883940,0.004428,6.542055,321.286035,327.832768,328.388083,0.555315,328.539252
1372,vehicle0,1238.212000,1238.093000,1098.403893,1,ok,27920,19508,1,0.206599,0.007071,0.000337,0.107531,7.806655,9.488759,0.000077,37.390474,11.111207,0.706032,271.251059,0.004418,7.302410,337.861794,345.168959,345.516028,0.347069,345.729698
1373,vehicle0,1238.417000,1238.292000,1099.152390,1,ok,27966,19498,1,0.119605,0.007577,0.000326,0.094930,8.375833,9.514387,0.000080,36.885357,8.690067,0.820792,263.154232,0.005418,8.552060,327.535678,336.093482,336.562890,0.469408,336.690072
1374,vehicle0,1238.606000,1238.491000,1099.873238,1,ok,27970,19488,1,0.171404,0.005855,0.000226,0.059188,5.973642,7.921862,0.000133,41.390613,8.746316,0.692827,267.762168,0.004469,6.824651,332.546749,339.376095,339.751003,0.374908,339.928262
1375,vehicle0,1238.803000,1238.691000,1100.638495,1,ok,27964,19451,1,0.127401,0.007911,0.000199,0.098402,7.789346,10.679655,0.000265,38.156358,15.112102,0.715564,257.474680,0.011520,6.629363,330.026372,336.667454,336.922590,0.255136,337.057902
1376,vehicle0,1239.005000,1238.892000,1101.407712,1,ok,28004,19429,1,0.149046,0.011586,0.000728,0.102152,6.641509,6.869427,0.000117,33.134719,10.529635,0.920063,250.096502,0.010440,7.235737,308.294124,315.541029,315.972463,0.431434,316.133095
1377,vehicle0,1239.208000,1239.092000,1102.189297,1,ok,28008,19342,1,0.213134,0.313024,0.000428,0.086753,7.149635,7.131038,0.000076,38.961723,9.357667,0.714165,279.560759,0.003869,7.708140,342.961816,350.674253,350.947020,0.272767,351.473178
1378,vehicle0,1239.407000,1239.292000,1102.990371,1,ok,27998,19272,1,0.335232,0.007736,0.000213,0.084315,9.162654,9.776533,0.000089,36.026025,9.607989,0.857514,271.506792,0.005052,7.855557,337.021911,344.882733,345.443969,0.561236,345.786937
1379,vehicle0,1239.621000,1239.493000,1103.757875,1,ok,27967,19233,1,0.143458,0.009511,0.000214,0.083097,7.069773,7.566054,0.000242,38.858752,10.674661,0.696559,288.802654,0.004418,7.755260,353.751792,361.511684,361.973065,0.461381,362.126034
1380,vehicle0,1239.851000,1239.692000,1104.542920,1,ok,27972,19229,1,0.327620,0.008805,0.000255,0.104675,9.836219,7.401719,0.000234,37.335587,12.902021,0.918064,314.802194,0.023275,8.163480,383.300713,391.487723,392.059078,0.571355,392.395503
1381,vehicle0,1240.008000,1239.892000,1105.269632,1,ok,28067,19230,1,0.246879,0.005865,0.000202,0.094241,6.584330,7.422134,0.000086,37.108641,11.922738,0.887878,302.635032,0.016710,9.073121,366.655080,375.745113,376.381005,0.635892,376.633749
1382,vehicle0,1240.246000,1240.090000,1106.063528,1,ok,28132,19207,1,0.138647,0.005872,0.000210,0.057030,9.515527,7.168169,0.000098,39.360384,12.815208,0.891781,332.520628,0.012956,7.081672,402.328825,409.423663,409.826520,0.402857,409.971039
1383,vehicle0,1240.414000,1240.293000,1106.781981,1,ok,28156,19240,1,0.314544,0.009681,0.000244,0.074999,7.550686,7.099362,0.000106,37.469178,9.539684,0.894342,297.607604,0.005951,6.672232,360.235961,366.914388,367.217205,0.302817,367.541430
1384,vehicle0,1240.607000,1240.491000,1107.520995,1,ok,28095,19145,1,0.142494,0.005164,0.000244,0.081670,6.817209,7.374730,0.000083,35.565725,12.248680,0.924702,282.352899,0.009925,6.980941,345.365698,352.356808,352.836558,0.479750,352.984216
1385,vehicle0,1240.807000,1240.693000,1108.293296,1,ok,28079,19129,1,0.104979,0.006130,0.000292,0.096991,6.859767,6.840155,0.000095,32.992652,10.251168,0.849579,286.475856,0.003660,6.277984,344.366263,350.648199,350.926992,0.278793,351.038101
1386,vehicle0,1241.016000,1240.893000,1109.088897,1,ok,28124,19081,1,0.276471,0.007120,0.000233,0.082514,7.967245,17.935765,0.000246,35.539445,14.691458,0.789930,282.282821,0.013395,8.363651,359.289424,367.666703,367.968977,0.302274,368.252568
1387,vehicle0,1241.207000,1241.092000,1109.812036,1,ok,28142,19069,1,0.289591,0.008049,0.000236,0.109558,8.122582,8.622231,0.000126,43.510734,9.784501,0.938136,268.677451,0.004870,7.451998,339.765319,347.222423,347.842912,0.620489,348.140552
1388,vehicle0,1241.405000,1241.292000,1110.597959,1,ok,28140,19056,1,0.226845,0.008022,0.000271,0.081391,5.572664,6.697895,0.000077,35.259521,10.449841,1.589422,288.798470,0.004741,7.391134,348.449281,355.845427,356.305204,0.459777,356.540071
1389,vehicle0,1241.631000,1241.491000,1111.380201,1,ok,28148,19058,1,0.229025,0.007439,0.000270,0.096007,9.978477,6.351560,0.000106,36.185195,16.636692,0.989129,299.574154,0.004165,7.887534,369.811320,377.703289,378.694856,0.991567,378.931320
1390,vehicle0,1241.849000,1241.693000,1112.171669,1,ok,28186,19091,1,0.236559,0.006995,0.000276,0.089530,7.904346,8.860040,0.000203,48.717385,11.478235,0.707513,309.543874,0.004112,6.595783,387.301126,393.901297,394.282814,0.381517,394.526368
1391,vehicle0,1242.037000,1241.892000,1112.917102,1,ok,28221,19135,1,0.153893,0.006229,0.000118,0.079685,7.036320,7.635453,0.000114,35.552099,11.735039,0.762265,311.369840,0.047852,10.237164,374.170815,384.455949,384.999337,0.543388,385.159459
1392,vehicle0,1242.205000,1242.091000,1113.633701,1,ok,28291,19167,1,0.230157,0.005783,0.000217,0.052807,7.966836,6.048080,0.000092,32.089323,11.203241,0.894457,289.310063,0.013035,8.633736,347.564899,356.211887,356.831721,0.619834,357.067661
1393,vehicle0,1242.453000,1242.292000,1114.442012,1,ok,28376,19223,1,0.293546,0.006081,0.000222,0.073834,7.643548,5.888653,0.000217,33.897281,9.197015,0.701502,324.091916,0.058367,7.845286,381.493966,389.397841,389.832748,0.434907,390.132375
1394,vehicle0,1242.655000,1242.491000,1115.231417,1,ok,28510,19365,1,0.109873,0.006952,0.001993,0.076731,9.064935,6.048735,0.000111,37.827126,12.490754,1.086906,337.671993,0.004773,9.099314,404.267291,413.373371,414.015774,0.642403,414.132599
1395,vehicle0,1242.864000,1242.689000,1115.971082,1,ok,28609,19443,1,0.148188,0.008294,0.000224,0.084684,8.434942,5.958102,0.000094,35.837068,10.986901,0.944054,329.891046,0.003953,7.620306,392.136891,399.761374,400.198987,0.437613,400.355469
1396,vehicle0,1243.006000,1242.892000,1116.611028,1,ok,28754,19436,1,0.273496,0.005360,0.000158,0.082385,6.809565,5.460605,0.000091,33.642036,10.566385,0.692097,311.583529,0.004039,6.581494,368.836693,375.422384,375.841699,0.419315,376.120555
1397,vehicle0,1243.227000,1243.090000,1117.487611,1,ok,28882,19403,1,0.200497,0.006230,0.000327,0.104008,9.554388,4.950278,0.000078,32.670684,11.819935,0.868530,303.591773,0.017674,7.463766,363.559674,371.041441,371.387397,0.345956,371.594124
1398,vehicle0,1243.441000,1243.291000,1118.271399,1,ok,29024,19367,1,0.283724,0.008975,0.000198,0.111915,8.272999,5.262273,0.000119,38.626823,9.695041,0.794203,310.522862,0.004374,8.651766,373.286235,381.942573,382.406354,0.463781,382.699053
1399,vehicle0,1243.610000,1243.491000,1119.003864,1,ok,29149,19327,1,0.121473,0.006418,0.000223,0.074636,11.475526,7.055651,0.000081,30.590819,12.914538,0.743992,300.141904,0.003680,7.084734,362.997147,370.085784,370.401437,0.315653,370.529328
1400,vehicle0,1243.807000,1243.691000,1119.776656,1,ok,29294,19357,1,0.104300,0.004666,0.000282,0.096812,7.726531,5.605053,0.000077,36.558633,10.489122,0.686526,301.746238,0.004602,6.898218,362.908992,369.812094,370.361781,0.549687,370.470747
1401,vehicle0,1244.063000,1243.893000,1120.640689,1,ok,29333,19386,1,0.295498,0.007771,0.000399,0.125254,20.118310,5.318918,0.000120,35.139304,15.093072,0.724808,339.044000,0.014849,7.459561,415.563786,423.038595,423.480470,0.441875,423.783739
1402,vehicle0,1244.247000,1244.092000,1121.420234,1,ok,29191,19367,1,0.221724,0.005051,0.000231,0.056180,7.574054,4.345795,0.000111,40.574866,12.762648,0.698889,349.494729,0.037679,8.244160,415.507272,423.789342,424.015080,0.225738,424.241855
1403,vehicle0,1244.426000,1244.292000,1122.176624,1,ok,29020,19299,1,0.182826,0.011969,0.000214,0.116001,9.697026,4.461058,0.000088,34.955119,11.876087,0.782557,324.835344,0.003596,7.268715,386.723280,393.995805,394.424666,0.428861,394.619461
1404,vehicle0,1244.636000,1244.491000,1122.980822,1,ok,28995,19242,1,0.097309,0.006887,0.000333,0.069551,8.616174,9.758374,0.000118,30.453450,12.688136,0.849885,317.868278,0.007215,8.101805,380.303966,388.413319,388.767639,0.354320,388.871835
1405,vehicle0,1244.823000,1244.691000,1123.781237,1,ok,29012,19263,1,0.360852,0.007811,0.000248,0.092179,9.818450,5.436924,0.000183,32.636992,11.439268,0.695865,319.880027,0.004170,6.495265,379.999888,386.499571,386.978429,0.478858,387.347092
1406,vehicle0,1245.029000,1244.891000,1124.578438,1,ok,29032,19260,1,0.089961,0.007742,0.000348,0.109751,9.271849,6.189346,0.000111,34.146392,13.110569,0.818349,312.531709,0.005549,9.063327,376.178076,385.247300,385.665380,0.418080,385.763083
1407,vehicle0,1245.204000,1245.092000,1125.332591,1,ok,29034,19203,1,0.142795,0.007541,0.000361,0.090883,6.622504,5.356870,0.000082,35.530095,11.185379,0.734834,291.850881,0.003973,7.376652,351.371528,358.752514,359.055008,0.302494,359.205344
1408,vehicle0,1245.406000,1245.292000,1126.071585,1,ok,29043,19172,1,0.141127,0.006264,0.000297,0.114003,5.591077,4.328669,0.000111,28.258295,8.034108,0.706666,262.536284,0.012336,7.489150,309.569213,317.070996,317.356298,0.285302,317.503689
1409,vehicle0,1245.626000,1245.491000,1126.916045,1,ok,29043,19146,1,0.343391,0.006377,0.000205,0.073607,6.402468,6.724516,0.000214,31.573494,12.989779,0.717563,312.885636,0.003412,8.307316,371.367277,379.678210,380.258090,0.579880,380.607858
1410,vehicle0,1245.808000,1245.693000,1127.663242,1,ok,29032,19100,1,0.098060,0.005254,0.000251,0.065113,5.531354,5.275573,0.000125,30.865417,8.952555,0.732063,305.441178,0.003954,8.401268,356.863378,365.268851,365.783872,0.515021,365.887186
1411,vehicle0,1246.008000,1245.891000,1128.455306,1,ok,29029,19027,1,0.235656,0.006634,0.000214,0.099829,7.704906,5.328766,0.000087,32.634477,11.934081,0.803182,297.254627,0.004938,8.488779,355.759955,364.253886,364.562251,0.308365,364.804541
1412,vehicle0,1246.242000,1246.091000,1129.270682,1,ok,29003,18924,1,0.104979,0.006167,0.000272,0.097163,8.229312,6.502274,0.000126,41.304625,13.518460,0.965781,328.313678,0.005703,8.521752,398.931419,407.459146,408.069277,0.610131,408.180423
1413,vehicle0,1246.410000,1246.291000,1129.964700,1,ok,28968,18855,1,0.131650,0.009338,0.000339,0.115494,6.986160,4.511838,0.000095,27.850815,9.751346,0.725945,259.338422,0.015725,6.720769,309.280115,316.016948,316.364865,0.347917,316.505853
1414,vehicle0,1246.606000,1246.491000,1130.744275,1,ok,28985,18840,1,0.147878,0.033115,0.000165,0.084805,5.546827,9.239056,0.000087,29.064865,8.133266,0.757712,256.282173,0.003594,7.988752,309.108791,317.101302,317.897970,0.796668,318.078963
1415,vehicle0,1246.804000,1246.691000,1131.559264,1,ok,29034,18858,1,0.334638,0.009721,0.000180,0.101975,6.289315,4.978657,0.000129,30.585474,9.038137,0.848355,270.823700,0.003678,6.454249,322.665742,329.123849,329.424480,0.300631,329.768839
1416,vehicle0,1247.003000,1246.890000,1132.400158,1,ok,29040,18811,1,0.258703,0.008398,0.000234,0.101341,7.915344,5.670018,0.000105,35.610202,9.792730,0.910839,302.442913,0.005477,8.454369,362.443492,370.903572,371.320030,0.416458,371.587131
1417,vehicle0,1247.213000,1247.091000,1133.210622,1,ok,29012,18751,1,0.300115,0.008502,0.000222,0.092974,8.131646,6.546153,0.000125,40.338637,15.508646,1.064283,315.782221,0.005211,7.275380,387.464685,394.745498,395.270137,0.524639,395.578754
1418,vehicle0,1247.408000,1247.292000,1133.964368,1,ok,28931,18597,1,0.080591,0.010430,0.000222,0.107029,9.009377,7.101690,0.000075,29.123725,12.081612,0.814985,285.236797,0.003551,6.281198,343.475290,349.760261,350.382358,0.622097,350.473379
1419,vehicle0,1247.623000,1247.491000,1134.780876,1,ok,28912,18445,1,0.189968,0.007404,0.000193,0.088323,7.721102,4.239375,0.000107,31.086647,12.088839,0.731871,315.170920,0.179907,7.083227,371.127184,378.390511,378.785135,0.394624,378.982507
1420,vehicle0,1247.816000,1247.691000,1135.552291,1,ok,28915,18336,1,0.271157,0.004541,0.000197,0.056643,8.238990,4.658400,0.000117,32.536807,10.915049,0.951433,308.053274,0.003699,7.448547,365.410713,372.863156,373.330724,0.467568,373.606422
1421,vehicle0,1248.028000,1247.892000,1136.356991,1,ok,28954,18225,1,0.275253,0.008195,0.000293,0.095336,9.593559,5.653697,0.000132,40.071584,15.663411,1.098085,315.475304,0.004331,7.845557,387.651108,395.501289,395.890038,0.388749,396.173486
1422,vehicle0,1248.227000,1248.091000,1137.148318,1,ok,28900,18078,1,0.097954,0.005660,0.000235,0.088507,9.314559,4.226529,0.000081,32.905240,14.970703,0.917296,327.875864,0.003490,7.614048,390.298779,397.916552,398.604059,0.687507,398.707673
1423,vehicle0,1248.407000,1248.292000,1137.907461,1,ok,28694,17839,1,0.246783,0.006385,0.000228,0.055160,8.836709,4.472226,0.000145,31.816485,13.239580,0.888658,310.097081,0.003653,7.791141,369.406044,377.201066,377.565253,0.364187,377.818421
1424,vehicle0,1248.615000,1248.492000,1138.713619,1,ok,28168,17307,1,0.227313,0.007288,0.000268,0.093795,13.647815,3.535308,0.000206,35.157741,13.334515,0.706870,312.182177,0.011951,8.516320,378.658427,387.186966,387.496375,0.309409,387.730976
1425,vehicle0,1248.831000,1248.691000,1139.510230,1,ok,27421,16655,1,0.140955,0.009361,0.000314,0.077340,11.419000,5.062201,0.000110,30.260274,11.615688,0.849734,328.364278,0.050045,8.014644,387.648625,395.713628,396.132489,0.418861,396.282805
1426,vehicle0,1249.006000,1248.891000,1140.256289,1,ok,26576,15975,1,0.252243,0.007656,0.000319,0.101027,9.410697,3.554916,0.000139,29.420030,12.080147,1.002924,287.213427,0.005082,8.549669,342.783307,351.338377,351.764083,0.425706,352.023982
1427,vehicle0,1249.224000,1249.091000,1141.066621,1,ok,25909,15522,1,0.102835,0.005928,0.000227,0.050496,7.832220,4.864732,0.000108,28.712844,11.700855,1.880263,333.378293,0.004281,11.609603,388.419811,400.033922,400.350561,0.316639,400.459324
1428,vehicle0,1249.411000,1249.292000,1141.799419,1,ok,25376,15197,1,0.168483,0.102157,0.000397,0.136204,9.316541,3.561093,0.000093,25.904355,9.701319,0.743761,275.963436,0.004052,6.988284,325.326802,332.319535,332.609777,0.290242,332.880417
1429,vehicle0,1249.630000,1249.491000,1142.611535,1,ok,24974,15135,1,0.125705,0.005870,0.000240,0.093961,8.430875,3.983213,0.000083,27.560814,11.270979,0.687729,329.898961,0.019977,7.442242,381.926615,389.389074,389.803366,0.414292,389.934941
1430,vehicle0,1249.808000,1249.692000,1143.338799,1,ok,24604,15103,1,0.222307,0.007336,0.000369,0.087650,9.429819,3.774679,0.000092,26.218436,10.387978,0.888209,299.341819,0.012741,6.522714,350.128682,356.664506,356.993284,0.328778,357.222927
1431,vehicle0,1250.009000,1249.891000,1144.107150,1,ok,24173,15064,1,0.112981,0.007196,0.000147,0.079432,6.913378,4.295103,0.000094,26.920047,10.365741,0.847571,288.053845,0.061574,6.485850,337.475211,344.022782,344.522317,0.499535,344.642494
1432,vehicle0,1250.206000,1250.093000,1144.873147,1,ok,23867,15113,1,0.087121,0.006584,0.000255,0.093573,9.358017,4.779659,0.000302,25.061100,8.792678,0.751417,289.667986,0.004627,6.366878,338.504732,344.876492,345.203482,0.326990,345.297187
1433,vehicle0,1250.409000,1250.292000,1145.712481,1,ok,23658,15327,1,0.126804,0.926620,0.000300,0.085512,7.846002,2.947128,0.000181,27.424936,8.716583,0.916833,289.005482,0.004435,7.032642,336.942657,343.980034,344.394756,0.414722,345.448180
1434,vehicle0,1250.608000,1250.492000,1146.508754,1,ok,23481,15449,1,0.111883,0.009212,0.000263,0.078147,9.896067,3.571418,0.000074,24.568327,10.657515,0.681150,310.213268,0.004078,6.456066,359.665966,366.126373,366.397491,0.271118,366.518586
1435,vehicle0,1250.807000,1250.691000,1147.330258,1,ok,23375,15579,1,0.276298,0.007528,0.000223,0.083855,10.627216,3.384818,0.000090,24.569077,9.975562,0.862537,304.395817,0.003863,6.117768,353.898972,360.020826,360.353704,0.332878,360.637530
1436,vehicle0,1251.005000,1250.891000,1148.095417,1,ok,23363,15751,1,0.101742,0.008399,0.000365,0.098942,11.260407,3.814865,0.000143,25.314113,10.211738,0.855317,284.785424,0.003400,6.300076,336.340949,342.644790,343.496968,0.852178,343.607109
1437,vehicle0,1251.209000,1251.092000,1148.873608,1,ok,23459,16064,1,0.227416,0.007317,0.000270,0.093500,9.729780,4.036842,0.000083,22.956456,10.645964,0.928205,299.549257,0.058925,6.732185,347.940087,354.731467,355.443787,0.712320,355.678520
1438,vehicle0,1251.405000,1251.292000,1149.648834,1,ok,23476,16299,1,0.117100,0.007671,0.000299,0.100099,7.877232,2.680540,0.000075,23.319562,9.660945,0.705977,280.374437,0.004013,6.211796,324.718867,330.934975,331.205762,0.270787,331.330533
1439,vehicle0,1251.605000,1251.490000,1150.453010,1,ok,23496,16805,1,0.101089,0.010264,0.000278,0.082139,8.440136,3.800689,0.000112,24.056938,10.199098,0.913424,284.758089,0.011168,9.179315,332.250625,341.441386,341.801213,0.359827,341.912566
1440,vehicle0,1251.807000,1251.692000,1151.240684,1,ok,23526,17194,1,0.112395,0.005211,0.000234,0.055371,6.360584,2.758359,0.000241,25.577261,9.630829,0.679256,282.412563,0.004300,6.813980,327.474464,334.292978,334.579258,0.286280,334.696864
1441,vehicle0,1252.008000,1251.892000,1152.054669,1,ok,23580,17815,1,0.125445,0.006258,0.000163,0.082788,9.894572,3.283964,0.000083,26.632509,11.092558,0.788917,277.621263,0.004287,7.901013,329.396654,337.302117,337.751509,0.449392,337.883212
1442,vehicle0,1252.206000,1252.091000,1152.848216,1,ok,23519,18287,1,0.137292,0.007888,0.000289,0.091348,15.888058,2.873426,0.000117,33.538763,15.369042,0.906496,282.737182,0.004134,6.247723,351.404432,357.656578,358.029839,0.373261,358.175019
1443,vehicle0,1252.405000,1252.293000,1153.630542,1,ok,23398,19048,1,0.108253,2.298477,0.000230,0.092252,13.386440,2.828944,0.000084,31.974974,11.414063,0.703612,285.544794,0.015834,8.532482,345.945163,354.493709,354.795664,0.301955,357.202394
1444,vehicle0,1252.609000,1252.491000,1154.412643,1,ok,23309,20227,1,0.175562,0.008321,0.000207,0.096027,16.154789,4.375697,0.000154,36.982143,11.639884,0.909703,275.869342,0.004273,7.751629,346.027739,353.783848,354.217113,0.433265,354.400996
1445,vehicle0,1252.808000,1252.691000,1155.266206,1,ok,23328,20501,1,0.184469,0.006402,0.000168,0.099021,15.134438,2.777446,0.000144,31.762654,14.098780,0.685886,299.703146,0.003698,7.198842,364.261515,371.464223,371.688122,0.223899,371.878993
1446,vehicle0,1253.007000,1252.892000,1156.056791,1,ok,23437,20624,1,0.218355,0.007148,0.000240,0.098380,9.885588,3.036211,0.000086,31.137399,12.177776,0.924510,286.591953,0.004416,7.973165,343.851903,351.829724,352.454022,0.624298,352.679525
1447,vehicle0,1253.205000,1253.090000,1156.833233,1,ok,23550,20726,1,0.125296,0.010708,0.000225,0.095057,7.838816,4.012894,0.000106,29.247662,10.857819,0.694816,281.177812,0.005012,6.897968,333.924982,340.828187,341.224522,0.396335,341.360526
1448,vehicle0,1253.406000,1253.292000,1157.627692,1,ok,23696,20811,1,0.368002,0.010835,0.000215,0.091916,16.091653,3.342556,0.000087,29.157364,11.234878,0.703469,280.889663,0.033676,8.069247,341.511586,349.614724,351.788547,2.173823,352.167384
1449,vehicle0,1253.609000,1253.491000,1158.449160,1,ok,23826,20839,1,0.224672,0.008592,0.000199,0.104703,14.927727,3.404052,0.000089,32.501833,14.741511,2.066239,289.120415,0.012164,6.248335,356.866569,363.127267,363.916750,0.789483,364.150014
1450,vehicle0,1253.807000,1253.693000,1159.248870,1,ok,24035,20978,1,0.237072,0.008755,0.000346,0.087342,17.796228,3.322535,0.000206,30.991346,12.989476,0.735043,260.426584,0.006839,6.198084,326.348760,332.554029,332.991634,0.437605,333.237461
1451,vehicle0,1254.007000,1253.892000,1160.033325,1,ok,24314,21230,1,0.079222,0.006500,0.000234,0.090560,9.390939,5.704204,0.000122,28.722441,11.789976,0.727517,253.940493,0.004243,10.132835,310.366252,320.503564,320.773802,0.270238,320.859524
1452,vehicle0,1254.202000,1254.091000,1160.819808,1,ok,24451,21299,1,0.235501,0.008199,0.000344,0.116678,9.202565,4.364215,0.000150,24.831866,11.435794,0.843984,249.247505,0.004536,9.338764,300.042757,309.386401,309.798009,0.411608,310.041709
1453,vehicle0,1254.408000,1254.292000,1161.577450,1,ok,24511,21328,1,0.187351,0.004242,0.000145,0.058670,9.105009,3.527368,0.000094,28.439233,10.424067,0.912589,241.601384,0.041092,7.738245,294.068414,301.847896,302.131455,0.283559,302.323048
1454,vehicle0,1254.605000,1254.490000,1162.354936,1,ok,24551,21373,1,0.125041,0.009510,0.000248,0.088785,8.737886,3.268005,0.000115,25.690146,11.022519,0.685483,221.913802,0.004311,7.402296,271.406741,278.813596,279.092850,0.279254,279.227401
1455,vehicle0,1254.797000,1254.691000,1163.112543,1,ok,24560,21379,1,0.211612,0.006259,0.000179,0.066907,7.398880,3.447868,0.000093,23.477176,8.024907,0.980902,205.544838,0.013996,7.608881,248.941571,256.564627,256.807274,0.242647,257.025145
1456,vehicle0,1255.005000,1254.890000,1163.960036,1,ok,24565,21369,1,0.224836,0.007959,0.000210,0.095077,8.792110,3.888756,0.000124,27.887618,11.493797,0.939119,237.473772,0.003974,8.604901,290.570373,299.179458,299.688738,0.509280,299.921533
1457,vehicle0,1255.199000,1255.091000,1164.738640,1,ok,24540,21340,1,0.094115,0.008009,0.000321,0.097682,6.096369,3.296953,0.000071,25.794998,8.909796,0.712841,215.975237,0.003667,6.351223,260.883947,267.239158,267.582150,0.342992,267.684274
1458,vehicle0,1255.407000,1255.291000,1165.544298,1,ok,24496,21272,1,0.135462,0.005849,0.000292,0.086327,8.243899,4.167299,0.000108,30.413726,8.156814,0.745445,221.159028,0.004590,6.113409,272.972646,279.090937,279.343310,0.252373,279.484621
1459,vehicle0,1255.607000,1255.493000,1166.347498,1,ok,24393,21174,1,0.109140,0.016645,0.000244,0.100018,8.913986,3.678136,0.000092,27.761343,12.014064,0.957248,240.140136,0.012998,7.508486,293.565023,301.086751,301.438009,0.351258,301.563794
1460,vehicle0,1255.806000,1255.692000,1167.131292,1,ok,24296,21061,1,0.136528,0.005368,0.000217,0.062406,6.794727,3.901726,0.000092,27.970546,9.490443,0.783055,217.958855,0.051228,6.994894,266.961850,274.008189,274.323162,0.314973,274.465058
1461,vehicle0,1256.005000,1255.893000,1167.974772,1,ok,24247,20985,1,0.106069,0.010425,0.000273,0.084624,8.099035,3.781861,0.000214,29.648466,10.550495,0.818654,262.238540,0.004555,9.167049,315.221889,324.393766,324.715274,0.321508,324.831768
1462,vehicle0,1256.205000,1256.092000,1168.709201,1,ok,24158,20911,1,0.136262,0.007098,0.000272,0.095282,7.728875,4.083548,0.000101,26.208470,9.630134,0.840679,227.048763,0.004594,7.078536,275.635852,282.719254,283.112138,0.392884,283.255498
1463,vehicle0,1256.404000,1256.292000,1169.511406,1,ok,24080,20828,1,0.227134,0.010847,0.000262,0.091853,7.291749,4.334828,0.000159,23.197522,9.969608,0.967395,217.797574,0.003721,6.987198,263.650688,270.641869,271.013267,0.371398,271.251248
1464,vehicle0,1256.609000,1256.492000,1170.334189,1,ok,24070,20714,1,0.123825,0.014539,0.000163,0.077813,6.575241,4.740477,0.000149,28.885242,12.912093,1.187023,244.249486,0.017941,7.514804,298.627524,306.160432,306.665904,0.505472,306.804268
1465,vehicle0,1256.804000,1256.691000,1171.144322,1,ok,24121,20727,1,0.202798,0.007754,0.000304,0.093778,8.710417,4.833650,0.000131,31.815208,9.159999,0.824493,230.133335,0.011931,6.816025,285.571011,292.399271,293.003000,0.603729,293.213552
1466,vehicle0,1257.008000,1256.890000,1171.968353,1,ok,24189,20773,1,0.095976,0.010167,0.000227,0.088487,11.378004,3.937797,0.000220,28.637364,9.417448,0.719628,243.582120,0.004756,6.688776,297.761068,304.454827,304.824574,0.369747,304.930717
1467,vehicle0,1257.209000,1257.094000,1172.744842,1,ok,24221,20773,1,0.119204,0.007234,0.000340,0.106914,11.015395,3.809302,0.000138,29.666772,9.437841,0.702207,238.990355,0.003623,6.528898,293.728924,300.261785,300.583327,0.321542,300.709765
1468,vehicle0,1257.397000,1257.290000,1173.475599,1,ok,24199,20717,1,0.122916,0.009587,0.000146,0.072898,7.088590,3.637948,0.000125,28.735336,10.019426,0.724699,195.722558,0.004237,7.644080,246.001580,253.650043,254.037379,0.387336,254.169882
1469,vehicle0,1257.599000,1257.492000,1174.284331,1,ok,24106,20616,1,0.101212,0.007828,0.000293,0.094102,7.638973,3.608770,0.000078,26.285700,10.813652,0.821579,209.830808,0.003782,7.652629,259.093662,266.750366,267.058622,0.308256,267.167662
1470,vehicle0,1257.801000,1257.692000,1175.118851,1,ok,24056,20561,1,0.294055,0.008202,0.000408,0.137794,7.640374,4.078588,0.000089,28.366121,10.335907,0.918228,243.336533,0.015042,7.184027,294.813634,302.013111,302.566446,0.553335,302.868703
1471,vehicle0,1258.006000,1257.892000,1175.960153,1,ok,23953,20548,1,0.212409,0.008182,0.000276,0.093082,8.430101,4.635746,0.000312,31.342919,11.741870,0.735415,268.476054,0.004062,7.247847,325.455499,332.707684,333.070365,0.362681,333.290956
1472,vehicle0,1258.210000,1258.094000,1176.749381,1,ok,23841,20524,1,0.095239,0.007036,0.000402,0.102720,10.703033,4.643298,0.000219,36.641688,12.207578,0.863060,275.399558,0.009287,6.935943,340.561154,347.506786,347.965915,0.459129,348.068190
1473,vehicle0,1258.406000,1258.291000,1177.568483,1,ok,23729,20423,1,0.113899,0.006438,0.000294,0.096632,12.249895,4.985440,0.000297,36.489995,11.767471,0.905228,262.584372,0.004343,6.967211,329.079330,336.051178,336.331629,0.280451,336.451966
1474,vehicle0,1258.605000,1258.492000,1178.316393,1,ok,23624,20363,1,0.367126,0.017828,0.000216,0.098512,11.000490,3.789764,0.000079,29.257882,9.629398,0.685779,243.796529,0.003375,6.169915,298.258433,304.431939,304.716057,0.284118,305.101011
1475,vehicle0,1258.799000,1258.691000,1179.046125,1,ok,23433,20372,1,0.108518,0.010106,0.000320,0.080317,9.240267,5.837626,0.000106,24.397026,9.742168,0.737426,214.455337,0.004116,6.330913,264.490273,270.825622,271.315344,0.489722,271.433968
1476,vehicle0,1259.000000,1258.892000,1179.825784,1,ok,23319,20388,1,0.071556,0.007617,0.000350,0.104538,7.122460,4.082312,0.000225,26.095917,12.473323,1.078377,207.540012,0.025953,6.996447,258.497164,265.519914,266.008580,0.488666,266.087753
1477,vehicle0,1259.226000,1259.091000,1180.757827,1,ok,23169,20281,1,0.118860,0.004694,0.000370,0.067277,7.665342,4.929130,0.000121,30.814219,16.060953,1.122797,337.762677,0.005798,9.410844,398.422516,407.839528,408.186396,0.346868,408.309950
1478,vehicle0,1259.408000,1259.289000,1181.493643,1,ok,23201,20278,1,0.178483,0.004212,0.000170,0.054430,8.795482,4.260162,0.000106,35.673468,11.613201,0.687925,288.654582,0.006816,7.790934,349.739356,357.537276,357.796768,0.259492,357.979463
1479,vehicle0,1259.610000,1259.494000,1182.294286,1,ok,23316,20311,1,0.230191,0.006430,0.000193,0.080779,9.587658,5.490346,0.000177,31.026625,11.592458,0.720521,265.798202,0.013951,9.800147,324.296766,334.111057,334.623163,0.512106,334.859784
1480,vehicle0,1259.809000,1259.691000,1183.030533,1,ok,23390,20511,1,0.111049,0.005565,0.000147,0.052215,7.393939,3.687516,0.000088,25.761774,7.923435,0.678875,256.006350,0.004632,8.467131,301.504192,309.976102,310.192797,0.216695,310.309411
1481,vehicle0,1260.007000,1259.892000,1183.854184,1,ok,23313,20516,1,0.126729,0.005268,0.000133,0.082472,8.899032,5.228867,0.000126,34.444999,10.293607,0.803984,260.251670,0.016410,7.511839,320.004757,327.533139,327.855459,0.322320,327.987456
1482,vehicle0,1260.206000,1260.092000,1184.623543,1,ok,23212,20359,1,0.111790,0.007289,0.000356,0.086530,6.624574,4.305436,0.000076,26.981409,11.662026,1.018086,240.197261,0.003775,7.546399,290.875398,298.425928,299.119064,0.693136,299.238143
1483,vehicle0,1260.405000,1260.294000,1185.483656,1,ok,23189,20407,1,0.486582,0.008458,0.000254,0.079954,9.071451,3.888666,0.000125,28.564681,13.282027,0.828845,287.705624,0.014873,6.199321,343.421373,349.635821,349.960060,0.324239,350.455100
1484,vehicle0,1260.628000,1260.491000,1186.306456,1,ok,23196,20642,1,0.214244,0.012072,0.000218,0.080817,10.768832,4.609309,0.000170,31.799769,13.218822,0.681268,314.615791,0.003817,6.516765,375.774778,382.295578,382.857875,0.562297,383.084191
1485,vehicle0,1260.867000,1260.688000,1187.121240,1,ok,23394,21065,1,0.194662,0.007507,0.000193,0.081069,16.677548,4.653333,0.000114,35.440363,13.580199,0.761471,346.360661,0.010558,10.726249,417.554758,428.291758,428.937452,0.645694,429.139621
1486,vehicle0,1261.008000,1260.892000,1187.807408,1,ok,23764,21296,1,0.122750,0.018132,0.000387,0.107081,8.407968,3.626020,0.000077,28.055699,10.176674,0.762534,288.059070,0.048181,8.311183,339.195123,347.554874,348.069088,0.514214,348.209970
1487,vehicle0,1261.236000,1261.091000,1188.638936,1,ok,24125,21458,1,0.197045,0.006078,0.000236,0.076968,7.597590,4.837847,0.000074,30.227951,9.886724,0.898509,354.042605,0.005237,9.933009,407.568268,417.506750,417.957781,0.451031,418.160904
1488,vehicle0,1261.416000,1261.292000,1189.439227,1,ok,24182,21501,1,0.211327,0.009224,0.000201,0.074569,8.822752,4.880338,0.000083,27.449277,11.186196,0.688839,336.239356,0.008850,8.467547,389.341410,397.818008,398.229485,0.411477,398.450036
1489,vehicle0,1261.620000,1261.491000,1190.233331,1,ok,24124,21397,1,0.082945,0.006784,0.000289,0.084834,8.761628,5.140387,0.000149,38.080897,12.164784,0.702200,323.988934,0.003828,8.382872,388.923813,397.310802,397.607084,0.296282,397.696813
1490,vehicle0,1261.808000,1261.691000,1190.977516,1,ok,24069,21342,1,0.216692,0.009935,0.000300,0.085811,7.552179,3.913706,0.000100,22.237614,8.573824,0.708268,282.298882,0.009622,6.237652,325.370384,331.617958,331.947907,0.329949,332.174534
1491,vehicle0,1262.007000,1261.890000,1191.777103,1,ok,24060,21342,1,1.080482,0.011013,0.000197,0.083409,6.504463,5.537365,0.000107,29.373019,8.353914,0.728595,279.451821,0.005039,6.633896,330.032693,336.671825,337.257001,0.585176,338.348496
1492,vehicle0,1262.211000,1262.091000,1192.625051,1,ok,24028,21294,1,0.094037,0.008245,0.000254,0.098686,7.661972,3.845176,0.000177,28.985598,9.470474,0.812014,309.512570,0.013892,6.503501,360.386667,366.904314,367.398564,0.494250,367.500846
1493,vehicle0,1262.408000,1262.290000,1193.459357,1,ok,24067,21269,1,0.110267,0.005022,0.000304,0.054788,7.348785,3.751836,0.000098,28.128431,10.346735,0.911303,305.505773,0.011524,11.497614,356.047749,367.557191,368.131615,0.574424,368.246904
1494,vehicle0,1262.654000,1262.492000,1194.317844,1,ok,24182,21312,1,0.083844,0.011095,0.000442,0.098530,11.642797,4.626829,0.000373,32.843026,12.921903,0.710316,354.153842,0.002987,7.659194,416.997616,424.660239,425.002294,0.342055,425.097233
1495,vehicle0,1262.809000,1262.693000,1195.067494,1,ok,24223,21313,1,0.145309,0.010291,0.000158,0.082337,8.521344,3.882405,0.000119,30.787674,10.749504,0.706222,316.880388,0.003976,6.466969,371.609993,378.081096,378.396824,0.315728,378.552424
1496,vehicle0,1263.025000,1262.893000,1195.858965,1,ok,24283,21245,1,0.247755,0.009539,0.000204,0.081672,10.914328,3.887052,0.000112,31.593899,10.704384,0.872144,311.009256,0.005566,7.199276,369.062847,376.267893,376.603797,0.335904,376.861091
1497,vehicle0,1263.245000,1263.093000,1196.648674,1,ok,24426,21295,1,0.107290,0.006617,0.000368,0.093476,10.269340,4.327755,0.000160,31.214596,12.039624,0.883872,331.432041,0.015648,7.700901,390.260864,397.977781,398.294106,0.316325,398.408013
1498,vehicle0,1263.441000,1263.293000,1197.432623,1,ok,24609,21388,1,0.105294,0.005245,0.000231,0.077941,7.404741,4.073871,0.000218,29.164404,12.751919,0.776535,335.154033,0.005384,8.018947,389.403662,397.428224,397.711510,0.283286,397.822049
1499,vehicle0,1263.608000,1263.494000,1198.186924,1,ok,24870,21527,1,0.118260,0.007627,0.000289,0.094658,11.118805,4.145406,0.000086,32.006884,12.143637,0.969346,319.779177,0.004940,8.245761,380.257999,388.508989,388.895823,0.386834,389.021710
1500,vehicle0,1263.842000,1263.693000,1199.044179,1,ok,25114,21668,1,0.188218,0.012066,0.000185,0.133354,9.417204,4.948340,0.000085,29.138143,14.788932,0.913789,337.158822,0.003582,7.370656,396.498669,403.873092,404.604289,0.731197,404.804573
1501,vehicle0,1264.007000,1263.892000,1199.812827,1,ok,25281,21752,1,0.109844,0.006364,0.000361,0.066129,9.439449,5.129294,0.000114,31.154926,10.585830,0.763697,328.288947,0.004183,6.231939,385.428386,391.664869,391.934459,0.269590,392.050667
1502,vehicle0,1264.241000,1264.094000,1200.634808,1,ok,25556,21990,1,0.176245,0.005219,0.000233,0.092571,9.786468,4.844118,0.000141,32.693596,13.530910,0.764709,338.257400,0.021248,7.649721,399.969913,407.641115,408.046035,0.404920,408.227499
1503,vehicle0,1264.472000,1264.292000,1201.462797,1,ok,25755,22245,1,0.158942,0.019673,0.000207,0.076041,11.371416,4.303570,0.000078,33.963941,13.021640,0.856705,374.285224,0.024046,7.541113,437.878615,445.443981,446.032519,0.588538,446.211134
1504,vehicle0,1264.694000,1264.494000,1202.209226,1,ok,25920,22487,1,0.130846,0.014319,0.000414,0.091678,7.405024,5.104208,0.000103,31.300066,12.366888,0.702951,346.996465,0.011448,7.089175,403.967383,411.068420,411.535781,0.467361,411.680946
1505,vehicle0,1264.845000,1264.694000,1202.899342,1,ok,26012,22587,1,0.124669,0.011190,0.000352,0.075313,9.139416,4.056340,0.000080,31.762911,11.174666,0.702353,348.791037,0.005849,8.683546,405.702116,414.391863,414.684494,0.292631,414.820353
1506,vehicle0,1265.052000,1264.894000,1203.720499,1,ok,26070,22554,1,0.106467,0.013418,0.000441,0.084416,12.197526,4.537859,0.000132,41.783413,11.839837,0.841761,341.007031,0.004106,8.027893,412.291975,420.324415,420.873049,0.548634,420.992934
1507,vehicle0,1265.287000,1265.093000,1204.542911,1,ok,26066,22471,1,0.129518,0.009160,0.000214,0.099008,10.203923,4.239148,0.000174,32.336001,10.277423,0.789926,390.198808,0.003567,6.451360,448.144411,454.599552,454.883093,0.283541,455.021771
1508,vehicle0,1265.450000,1265.295000,1205.292474,1,ok,26056,22400,1,0.132060,0.007312,0.000286,0.108512,11.698198,5.907770,0.000125,35.935384,9.962948,0.711785,347.429268,0.005800,7.329433,411.753990,419.089509,419.615143,0.525634,419.754515
1509,vehicle0,1265.629000,1265.493000,1206.059353,1,ok,26100,22418,1,0.136647,0.004877,0.000200,0.055966,9.243046,4.244835,0.000085,31.456051,11.757463,0.842559,336.611621,0.017980,7.553456,394.211626,401.783262,402.230333,0.447071,402.371857
1510,vehicle0,1265.862000,1265.695000,1206.880261,1,ok,26198,22457,1,0.335405,0.036072,0.000237,0.079764,14.291762,3.842932,0.000212,33.321613,15.215434,0.737088,353.762876,0.004249,7.587353,421.251681,428.843520,429.453364,0.609844,429.824841
1511,vehicle0,1266.057000,1265.894000,1207.675765,1,ok,26264,22458,1,0.301359,0.008765,0.000204,0.088233,10.950082,3.899678,0.000175,37.961479,12.376972,0.964796,345.791311,0.003709,7.212176,412.032726,419.248815,419.646632,0.397817,419.956756
1512,vehicle0,1266.252000,1266.094000,1208.453028,1,ok,26176,22213,1,0.204968,0.004060,0.000201,0.050997,9.004623,4.118713,0.000116,34.021176,13.414925,0.732193,350.397129,0.004977,8.436619,411.739872,420.181669,420.520693,0.339024,420.729721
1513,vehicle0,1266.464000,1266.293000,1209.254416,1,ok,26123,22121,1,0.096944,0.007157,0.000305,0.089077,10.543160,4.306915,0.000083,49.685010,11.127283,0.685133,341.865267,0.005273,9.028525,418.301928,427.336031,427.602853,0.266822,427.706954
1514,vehicle0,1266.647000,1266.493000,1210.053268,1,ok,26244,22440,1,0.284286,0.006565,0.000267,0.096832,12.817633,5.033343,0.000127,30.595643,10.647676,0.944396,362.208908,0.014542,8.123178,422.344558,430.482545,430.952862,0.470317,431.243713
1515,vehicle0,1266.846000,1266.693000,1210.834815,1,ok,26331,22713,1,0.125223,0.007693,0.000219,0.095220,7.582284,3.649634,0.000085,32.416522,11.369471,0.727360,338.181422,0.005564,8.528327,394.021998,402.556108,402.858919,0.302811,402.991835
1516,vehicle0,1267.009000,1266.892000,1211.589427,1,ok,26289,22737,1,0.238100,0.007644,0.000222,0.098952,8.091706,3.927031,0.000113,30.333837,9.279303,0.817739,316.573025,0.004380,6.679278,369.121706,375.805586,376.173757,0.368171,376.419501
1517,vehicle0,1267.225000,1267.093000,1212.405212,1,ok,26248,22708,1,0.234161,0.012507,0.000227,0.095456,9.193650,5.178738,0.000122,42.241019,9.312499,0.704385,324.276072,0.003672,7.149254,391.001941,398.155094,398.545680,0.390586,398.792348
1518,vehicle0,1267.469000,1267.294000,1213.191824,1,ok,26304,22708,1,0.228625,0.007136,0.000249,0.091837,11.636970,3.965756,0.000107,29.556471,10.426957,0.692172,347.923240,0.004294,8.013645,404.293510,412.311698,412.633864,0.322166,412.869625
1519,vehicle0,1267.657000,1267.493000,1213.961168,1,ok,26354,22633,1,0.272448,0.006406,0.000199,0.085323,11.460015,4.195519,0.000222,32.878976,14.124685,0.724005,356.002873,0.016766,8.927607,419.471618,428.416190,428.843014,0.426824,429.121868
1520,vehicle0,1267.841000,1267.693000,1214.752657,1,ok,26362,22500,1,0.100439,0.006001,0.000305,0.097686,11.917761,4.679495,0.000165,33.932612,12.050448,0.808723,351.771339,0.004067,9.022003,415.258229,424.284604,424.615159,0.330555,424.721599
1521,vehicle0,1268.059000,1267.893000,1215.558209,1,ok,26350,22368,1,0.231634,0.005683,0.000214,0.059332,10.425749,4.086393,0.000103,31.554144,12.309713,0.963304,353.853169,0.003616,9.194200,413.251907,422.449937,422.921153,0.471216,423.158470
1522,vehicle0,1268.236000,1268.093000,1216.325358,1,ok,26420,22343,1,0.113240,0.008221,0.000289,0.096715,12.350407,4.411719,0.000117,30.799273,12.010168,0.705556,345.903466,0.006260,8.864752,406.277421,415.148722,415.697281,0.548559,415.818742
1523,vehicle0,1268.426000,1268.296000,1217.111557,1,ok,26565,22414,1,0.149606,0.009531,0.000167,0.088691,8.717927,5.556659,0.000137,29.679946,12.604095,0.767836,339.288796,0.004931,7.244752,396.704087,403.953937,404.363606,0.409669,404.522743
1524,vehicle0,1268.626000,1268.490000,1217.939261,1,ok,26719,22595,1,0.296680,0.009502,0.000197,0.117147,12.855671,4.402325,0.000131,40.872384,16.142235,0.710813,340.295466,0.013891,7.265988,415.396172,422.676248,423.222066,0.545818,423.528248
1525,vehicle0,1268.811000,1268.694000,1218.716955,1,ok,26851,22822,1,0.126896,0.006031,0.000259,0.079627,9.703602,3.989524,0.000083,27.254738,10.761989,0.711251,315.842536,0.013891,7.520542,368.343350,375.878042,376.484944,0.606902,376.617871
1526,vehicle0,1269.007000,1268.892000,1219.494091,1,ok,26897,22892,1,0.296372,0.008938,0.000323,0.097060,9.389515,3.696486,0.000133,29.781540,12.317985,0.726474,303.766607,0.018255,11.074315,359.775800,370.868693,371.284027,0.415334,371.589337
1527,vehicle0,1269.206000,1269.092000,1220.294263,1,ok,26904,22862,1,0.160839,0.007255,0.000225,0.092269,8.341513,4.059722,0.000078,27.268933,10.009959,0.804977,313.084065,0.004539,7.639128,363.661516,371.305408,372.125248,0.819840,372.293342
1528,vehicle0,1269.410000,1269.294000,1221.063336,1,ok,26913,22810,1,0.261982,0.006938,0.000515,0.111180,8.474731,3.380146,0.000081,24.240286,9.573645,0.710019,270.142093,0.004897,6.535758,316.632181,323.173351,323.449370,0.276019,323.718290
1529,vehicle0,1269.609000,1269.493000,1221.877383,1,ok,26916,22744,1,0.279164,0.009343,0.000235,0.098138,13.467363,3.519570,0.000115,28.305565,12.536285,0.713250,306.870142,0.004619,7.473386,365.510428,372.988668,373.339086,0.350418,373.627593
1530,vehicle0,1269.810000,1269.694000,1222.624051,1,ok,26931,22656,1,0.087513,0.007284,0.000187,0.084852,10.076622,8.977872,0.000143,24.811893,9.868711,0.973861,269.015467,0.027016,9.188632,323.809421,333.025256,333.811238,0.785982,333.906035
1531,vehicle0,1270.010000,1269.894000,1223.372412,1,ok,26994,22661,1,0.128492,0.006474,0.000152,0.068289,7.971158,3.620963,0.000173,28.151900,11.712388,0.724148,274.897804,0.004450,6.643357,327.146823,333.794782,334.127826,0.333044,334.262792
1532,vehicle0,1270.205000,1270.095000,1224.174562,1,ok,27072,22688,1,0.311928,0.006793,0.000169,0.081853,9.896061,3.758444,0.000103,28.995126,10.340202,0.679569,296.925011,0.004709,7.883035,350.676369,358.564282,359.116567,0.552285,359.435288
1533,vehicle0,1270.411000,1270.295000,1224.966261,1,ok,27120,22711,1,0.278936,0.010276,0.000340,0.088181,8.573158,5.988873,0.000143,26.033834,11.274023,0.920865,300.546501,0.003311,6.222549,353.425578,359.651778,360.400619,0.748841,360.689831
1534,vehicle0,1270.609000,1270.494000,1225.748391,1,ok,27217,22783,1,0.124901,0.006158,0.000138,0.078074,6.179638,3.115975,0.000112,25.571631,12.242649,0.731753,286.807566,0.004096,8.144869,334.727398,342.876501,344.021462,1.144961,344.152521
1535,vehicle0,1270.809000,1270.695000,1226.470973,1,ok,27249,22816,1,0.198003,0.010475,0.000260,0.075968,5.464938,3.378090,0.000146,24.236996,9.018957,0.704125,251.173133,0.010698,7.439375,294.052353,301.502686,301.871110,0.368424,302.079588
1536,vehicle0,1271.010000,1270.895000,1227.244892,1,ok,27260,22844,1,0.149770,0.006215,0.000247,0.102553,6.535419,3.441219,0.000106,23.912415,9.705762,0.899273,263.346863,0.011149,7.613538,307.943610,315.568544,315.914035,0.345491,316.070020
1537,vehicle0,1271.212000,1271.095000,1228.015397,1,ok,27244,22839,1,0.231138,0.008944,0.000179,0.092197,4.968631,3.164667,0.000075,25.054955,10.401994,0.691312,263.495136,0.016159,6.822454,307.868967,314.707759,315.640288,0.932529,315.880370
1538,vehicle0,1271.413000,1271.296000,1228.768526,1,ok,27301,22896,1,0.147212,0.016071,0.000286,0.099454,6.065385,3.827555,0.000096,24.846803,8.289790,0.748460,254.817051,0.013733,9.361213,298.694594,308.069826,308.452507,0.382681,308.615790
1539,vehicle0,1271.611000,1271.496000,1229.529053,1,ok,27305,22934,1,0.095011,0.008611,0.000273,0.105037,6.731207,4.138005,0.000088,23.586093,10.110573,0.925893,244.928823,0.003865,7.140368,290.525719,297.670225,298.110149,0.439924,298.213771
1540,vehicle0,1271.808000,1271.695000,1230.308813,1,ok,27289,22940,1,0.132388,0.006197,0.000209,0.112158,5.612592,3.732579,0.000214,25.899838,12.100407,0.967005,239.802746,0.004695,7.284022,288.227539,295.516465,295.986763,0.470298,296.125348
1541,vehicle0,1272.009000,1271.895000,1231.155212,1,ok,27232,22895,1,0.300914,0.011840,0.000283,0.093190,6.902630,4.849076,0.000153,24.358501,9.704759,1.189884,302.338540,0.004913,7.681650,349.436733,357.123579,361.628314,4.504735,361.941068
1542,vehicle0,1272.207000,1272.096000,1231.877103,1,ok,27216,22924,1,0.101302,0.006125,0.000224,0.111113,7.623059,4.147232,0.000150,23.122086,7.732307,0.922403,234.743626,0.013287,6.946013,278.401976,285.361500,285.746497,0.384997,285.853924
1543,vehicle0,1272.407000,1272.297000,1232.630354,1,ok,27224,22938,1,0.206462,0.005177,0.000211,0.061569,5.907378,3.780640,0.000077,21.374245,7.922506,0.727085,215.376889,0.003194,8.117982,255.150389,263.271776,263.567389,0.295613,263.779028
1544,vehicle0,1272.609000,1272.496000,1233.363304,1,ok,27238,22948,1,0.119440,0.007153,0.000347,0.103049,7.312787,4.890422,0.000138,29.592462,11.053515,1.013399,260.348177,0.002802,6.736098,314.313949,321.053196,321.381057,0.327861,321.507650
1545,vehicle0,1272.806000,1272.695000,1234.122283,1,ok,27248,22929,1,0.250968,0.009943,0.000147,0.107456,7.653201,4.622392,0.000150,27.478249,10.013761,0.795932,237.344703,0.005208,8.425713,288.015844,296.446912,296.855839,0.408927,297.116750
1546,vehicle0,1273.004000,1272.896000,1234.860987,1,ok,27227,22911,1,0.198557,0.006828,0.000198,0.101696,4.505062,3.116933,0.000130,21.773736,6.565307,0.676584,219.400324,0.005147,6.750844,256.139772,262.895961,263.246424,0.350463,263.451809
1547,vehicle0,1273.219000,1273.095000,1235.682476,1,ok,27207,22897,1,0.260080,0.007809,0.000223,0.101057,4.761403,3.626421,0.000085,21.395149,9.338197,0.901221,249.453987,0.037995,6.737319,289.577520,296.353057,296.941607,0.588550,297.209496
1548,vehicle0,1273.407000,1273.295000,1236.300946,1,ok,27239,22919,1,0.221153,0.005525,0.000152,0.061820,4.930950,3.379869,0.000077,19.656593,8.081778,0.679643,222.218802,0.003902,7.855040,259.009532,266.868626,267.105345,0.236719,267.332023
1549,vehicle0,1273.613000,1273.494000,1237.090934,1,ok,27228,22900,1,0.132369,0.005430,0.000413,0.061520,5.543196,4.045528,0.000091,26.469070,9.281985,0.711901,257.887937,0.005920,7.114325,304.001228,311.121886,311.577934,0.456048,311.715733
1550,vehicle0,1273.804000,1273.696000,1237.806991,1,ok,27277,22941,1,0.176561,0.005808,0.000259,0.104996,5.000548,4.042497,0.000106,19.153098,8.402408,0.879702,197.954352,0.004459,7.244682,235.537707,242.787107,243.132262,0.345155,243.314631
1551,vehicle0,1274.004000,1273.896000,1238.583977,1,ok,27264,22921,1,0.148864,0.007565,0.000279,0.099655,5.507477,3.554372,0.000083,17.945598,6.787265,0.754119,217.055051,0.003909,7.812497,251.703620,259.520305,259.980039,0.459734,260.136468
1552,vehicle0,1274.204000,1274.095000,1239.395105,1,ok,27268,22917,1,0.117125,0.007791,0.000511,0.116894,5.863458,4.893612,0.000265,21.596330,7.925385,0.925827,252.522596,0.006590,6.443057,293.844367,300.294525,300.736611,0.442086,300.861527
1553,vehicle0,1274.403000,1274.295000,1240.152365,1,ok,27269,22943,1,0.220246,0.005024,0.000297,0.059936,5.759026,4.781722,0.000118,20.089032,5.996467,0.687806,209.311017,0.019323,7.782648,246.685124,254.487392,254.796078,0.308686,255.021348
1554,vehicle0,1274.610000,1274.495000,1240.998380,1,ok,27248,22944,1,0.353187,0.007350,0.000357,0.099034,6.839440,5.162084,0.000127,32.214688,11.263652,0.978258,253.982378,0.015344,7.347177,310.539661,317.902539,319.038239,1.135700,319.398776
1555,vehicle0,1274.809000,1274.697000,1241.816764,1,ok,27219,22946,1,0.215894,0.007535,0.000276,0.108407,7.248024,3.304882,0.000097,23.993212,8.241244,0.690656,261.846631,0.004311,8.551924,305.433153,313.989664,314.222544,0.232880,314.445973
1556,vehicle0,1275.010000,1274.896000,1242.632548,1,ok,27213,22962,1,0.129957,0.022612,0.000363,0.094420,7.915394,3.661799,0.000085,27.212312,12.027872,1.051299,276.065343,0.004291,7.287506,328.028524,335.320684,337.279815,1.959131,337.432384
1557,vehicle0,1275.210000,1275.096000,1243.418967,1,ok,27230,23072,1,0.169948,0.004450,0.000306,0.057160,8.429547,3.751347,0.000078,30.351983,8.640870,0.725286,275.168386,0.006279,7.732917,327.124657,334.864159,335.355604,0.491445,335.530002
1558,vehicle0,1275.412000,1275.296000,1244.176106,1,ok,27332,23253,1,0.106447,0.005319,0.000193,0.061998,7.986436,4.077356,0.000164,28.717096,10.233681,0.729210,279.612060,0.014499,6.401611,331.418001,337.834304,338.196659,0.362355,338.308425
1559,vehicle0,1275.610000,1275.494000,1244.967055,1,ok,27311,23206,1,0.126950,0.006951,0.000195,0.067596,7.162094,4.220011,0.000143,33.471699,11.514808,0.826868,297.655638,0.004021,7.672263,354.918857,362.595336,363.044224,0.448888,363.178125
1560,vehicle0,1275.811000,1275.696000,1245.730442,1,ok,27216,23054,1,0.265422,0.009697,0.000229,0.069934,7.365850,4.392078,0.000135,24.546040,9.620008,0.691480,287.715579,0.014723,10.715379,334.401104,345.131435,345.433835,0.302400,345.708954
1561,vehicle0,1276.010000,1275.895000,1246.522520,1,ok,27118,22897,1,0.268264,0.012126,0.000199,0.094902,7.443301,4.155026,0.000080,24.954504,9.916351,0.717129,267.590513,0.091016,10.819768,314.871806,325.782789,326.427285,0.644496,326.707675
1562,vehicle0,1276.209000,1276.095000,1247.260716,1,ok,27016,22791,1,0.107299,0.104625,0.000326,0.099150,7.331886,4.458367,0.000083,22.351740,7.270197,0.859390,247.203140,0.004553,7.747391,289.573953,297.326223,297.925790,0.599567,298.137714
1563,vehicle0,1276.410000,1276.295000,1248.108522,1,ok,26932,22637,1,0.086693,0.007140,0.000268,0.086388,7.084280,4.763876,0.000091,26.920963,8.026469,0.809705,290.202848,0.003854,7.116424,337.894620,345.015166,345.270867,0.255701,345.364700
1564,vehicle0,1276.605000,1276.495000,1248.848424,1,ok,26866,22461,1,0.161496,0.005594,0.000218,0.061600,6.021731,9.041409,0.000105,25.488947,7.859968,0.721538,259.132126,0.011885,6.340489,308.327424,314.680016,315.031779,0.351763,315.198869
1565,vehicle0,1276.807000,1276.696000,1249.658155,1,ok,26810,22380,1,0.126767,0.006913,0.000362,0.591591,7.454207,4.100502,0.000082,29.073662,11.022941,0.761372,290.757440,0.004879,7.786673,343.761797,351.553711,351.949779,0.396068,352.083459
1566,vehicle0,1277.029000,1276.898000,1250.464400,1,ok,26842,22585,1,0.264991,0.007881,0.000369,0.098281,9.358084,4.381416,0.000090,31.405034,13.236854,1.068795,308.732676,0.002841,8.276601,368.281230,376.561041,377.189361,0.628320,377.462233
1567,vehicle0,1277.207000,1277.095000,1251.085646,1,ok,27016,22983,1,0.204131,0.005184,0.000138,0.059745,7.708424,4.359619,0.000097,31.179437,10.155281,0.719653,290.121269,0.003729,6.899452,344.303525,351.206844,351.447908,0.241064,351.657223
1568,vehicle0,1277.421000,1277.295000,1251.880117,1,ok,27243,23429,1,0.143641,0.005304,0.000326,0.062523,9.723771,3.992750,0.000168,31.565673,11.387494,0.719929,304.605792,0.004169,6.610330,362.058100,368.672925,369.012396,0.339471,369.161341
1569,vehicle0,1277.676000,1277.495000,1252.688204,1,ok,27311,23629,1,0.233504,0.013652,0.000149,0.060756,14.889508,5.219035,0.000209,32.378848,12.929641,0.697349,351.721261,0.084902,8.544094,417.896607,426.525752,427.092621,0.566869,427.339777
1570,vehicle0,1277.830000,1277.696000,1253.401209,1,ok,27278,23486,1,0.322316,0.011048,0.000201,0.091962,11.130178,20.818806,0.000080,30.460457,8.821714,2.023737,309.066810,0.003820,7.740376,382.413744,390.158141,390.581704,0.423563,390.915068
1571,vehicle0,1278.010000,1277.895000,1254.148416,1,ok,27207,23208,1,0.115289,0.006503,0.000357,0.111533,7.888810,5.320974,0.000099,32.009983,10.558920,0.830043,312.414760,0.004264,7.388005,369.135122,376.527748,376.979851,0.452103,377.101643
1572,vehicle0,1278.209000,1278.095000,1254.913568,1,ok,27190,23055,1,0.131853,0.008067,0.000277,0.100680,8.344931,6.637801,0.000107,36.536902,11.855456,1.033664,281.240739,0.004160,6.859207,345.750280,352.613924,352.922335,0.308411,353.062255
1573,vehicle0,1278.435000,1278.297000,1255.700997,1,ok,27183,23028,1,0.266308,0.454383,0.000473,0.837537,12.043770,4.828604,0.000099,28.701522,9.487009,0.960413,309.810105,0.003404,8.634931,366.669059,375.307867,375.876230,0.568363,376.596921
1574,vehicle0,1278.622000,1278.493000,1256.458682,1,ok,27216,23170,1,0.282128,0.008120,0.000390,0.091460,10.217215,6.088179,0.000141,38.115628,9.498055,0.694131,317.377421,0.013003,7.577341,382.082230,389.672964,389.979389,0.306425,390.269637
1575,vehicle0,1278.833000,1278.694000,1257.211748,1,ok,27232,23325,1,0.278828,0.007273,0.000233,0.097681,9.046698,5.707491,0.000122,29.450358,9.343766,0.737399,307.938960,0.016594,7.637914,362.322475,369.977216,370.641646,0.664430,370.927747
1576,vehicle0,1279.019000,1278.895000,1257.961969,1,ok,27274,23443,1,0.191655,0.009532,0.000330,0.128017,9.609108,6.795625,0.000141,38.829404,13.637125,1.049208,304.797545,0.005022,6.569411,374.846173,381.420936,381.864515,0.443579,382.065702
1577,vehicle0,1279.217000,1279.095000,1258.709918,1,ok,27301,23468,1,0.231608,0.007269,0.000180,0.095657,8.304497,6.951895,0.000076,28.468273,8.837796,0.689279,311.420912,0.003958,8.200013,364.768385,372.972536,373.259854,0.287318,373.498731
1578,vehicle0,1279.423000,1279.295000,1259.493815,1,ok,27319,23451,1,0.128212,0.006705,0.000331,0.149543,6.087985,4.691533,0.000075,29.562511,9.875806,0.689358,309.120289,0.006269,7.096451,360.177100,367.280151,367.603679,0.323528,367.738596
1579,vehicle0,1279.612000,1279.496000,1260.262078,1,ok,27341,23446,1,0.128116,0.005591,0.000370,0.056169,7.454167,5.842686,0.000113,41.218920,10.163866,0.709154,314.543469,0.011571,6.499950,379.988544,386.500435,386.788470,0.288035,386.922177
1580,vehicle0,1279.832000,1279.696000,1261.059259,1,ok,27495,23540,1,0.133135,0.006973,0.000271,0.106058,8.580060,6.274079,0.000122,35.216404,9.763542,0.711189,320.435250,0.015123,7.153325,381.086704,388.255423,388.584283,0.328860,388.724391
1581,vehicle0,1280.020000,1279.895000,1261.806041,1,ok,27659,23793,1,0.380748,0.011109,0.000231,0.090407,11.001750,5.114732,0.000090,31.869995,9.201074,0.713054,322.699269,0.004375,6.799389,380.690371,387.494366,387.814041,0.319675,388.205898
1582,vehicle0,1280.228000,1280.097000,1262.558322,1,ok,27731,23991,1,0.221514,0.049067,0.000165,0.092301,11.264133,5.767289,0.000176,28.571472,9.998938,0.709827,306.445052,0.004419,8.332452,362.849188,371.186224,371.715371,0.529147,371.985952
1583,vehicle0,1280.433000,1280.295000,1263.327148,1,ok,27659,24068,1,0.266511,0.005249,0.000218,0.101815,9.567523,5.322866,0.000195,30.717497,8.546326,0.755137,317.232634,0.006572,9.105588,372.243993,381.356371,381.669847,0.313476,381.941607
1584,vehicle0,1280.626000,1280.495000,1264.080799,1,ok,27710,24182,1,0.127759,0.008115,0.000187,0.091527,7.527520,5.756929,0.000097,31.006023,9.390210,0.694949,328.126537,0.004063,7.775314,382.593792,390.373356,390.813585,0.440229,390.949459
1585,vehicle0,1280.812000,1280.696000,1264.835836,1,ok,27675,24145,1,0.261214,0.007911,0.000170,0.097119,7.015704,6.032699,0.000075,26.720394,8.777436,0.817281,301.694706,0.004850,6.625174,351.155414,357.785608,358.025712,0.240104,358.294837
1586,vehicle0,1281.010000,1280.895000,1265.571411,1,ok,27599,24051,1,0.215246,0.008079,0.000230,0.072865,5.290940,5.841804,0.000090,31.157984,8.001468,0.838662,283.801732,0.014348,6.464558,335.005545,341.484681,341.883184,0.398503,342.106509
1587,vehicle0,1281.221000,1281.094000,1266.341824,1,ok,27621,24035,1,0.158784,0.015051,0.000341,0.103655,6.204136,5.298101,0.000085,31.728495,7.960745,0.694484,293.426157,0.005809,7.400973,345.415858,352.822981,353.147065,0.324084,353.320900
1588,vehicle0,1281.433000,1281.298000,1267.113185,1,ok,27583,23972,1,0.111875,0.007738,0.000274,0.117967,8.944215,5.006700,0.000120,29.601001,9.556006,0.903813,303.277534,0.003451,6.793007,357.407356,364.204088,364.545678,0.341590,364.665291
1589,vehicle0,1281.667000,1281.495000,1267.909368,1,ok,27550,23926,1,0.242445,0.005827,0.000403,0.083762,8.369224,7.708697,0.000140,52.485892,14.952945,1.015751,336.695543,0.018529,7.057975,421.311954,428.388861,428.735995,0.347134,428.984267
1590,vehicle0,1281.840000,1281.697000,1268.610607,1,ok,27488,23852,1,0.158341,0.007415,0.000274,0.098345,7.414663,6.959191,0.000194,41.544251,8.274399,0.950297,306.996829,0.003519,6.764087,372.238169,379.006049,379.289259,0.283210,379.455015
1591,vehicle0,1282.024000,1281.895000,1269.340083,1,ok,27437,23801,1,0.252401,0.006366,0.000147,0.111277,6.183439,5.081907,0.000098,30.290323,8.699788,0.853460,289.767199,0.016879,7.149218,340.987491,348.153735,348.438865,0.285130,348.697632
1592,vehicle0,1282.209000,1282.095000,1270.050733,1,ok,27397,23746,1,0.137105,0.004693,0.000192,0.054272,7.043488,5.323115,0.000139,30.729798,11.407295,0.899794,287.640063,0.003817,6.836985,343.097964,349.938958,350.292672,0.353714,350.434470
1593,vehicle0,1282.411000,1282.294000,1270.805101,1,ok,27266,23568,1,0.212856,0.004134,0.000176,0.055378,5.329336,5.037639,0.000275,30.360154,7.946026,0.741863,289.214724,0.004010,6.704450,338.685395,345.394031,345.631331,0.237300,345.848321
1594,vehicle0,1282.614000,1282.495000,1271.528385,1,ok,27298,23535,1,0.204776,0.007155,0.000260,0.092947,7.869273,6.227443,0.000083,31.876207,13.723597,0.864435,286.081208,0.003667,7.931513,346.735193,354.670633,355.125498,0.454865,355.337429
1595,vehicle0,1282.820000,1282.695000,1272.265531,1,ok,27211,23475,1,0.220705,0.007347,0.000218,0.080208,8.413506,5.709766,0.000086,29.533801,10.589111,0.871058,294.169585,0.004264,6.683921,349.367121,356.055524,356.397982,0.342458,356.626034
1596,vehicle0,1283.043000,1282.896000,1273.022252,1,ok,27090,23482,1,0.244674,0.006774,0.000239,0.098904,11.604846,5.158881,0.000085,33.156935,10.116753,0.786024,312.364939,0.017305,8.240047,373.287367,381.544958,381.830760,0.285802,382.082208
1597,vehicle0,1283.243000,1283.096000,1273.762211,1,ok,26940,23485,1,0.114520,0.005763,0.000277,0.116365,8.416350,5.779169,0.000103,31.323986,9.945201,0.931982,318.771174,0.010825,10.980757,375.284330,386.276189,386.625769,0.349580,386.746052
1598,vehicle0,1283.413000,1283.296000,1274.473299,1,ok,26835,23486,1,0.213684,0.006794,0.000177,0.090678,10.493196,7.539770,0.000096,37.075584,8.405484,0.694557,291.878035,0.004839,8.942800,356.177400,365.125216,365.573180,0.447964,365.793658
1599,vehicle0,1283.652000,1283.496000,1275.264486,1,ok,26724,23434,1,0.110418,0.007199,0.000223,0.094286,13.924191,7.560049,0.000102,45.955099,14.754607,1.052835,300.655337,0.004678,6.800148,383.996506,390.801555,391.270737,0.469182,391.388354
1600,vehicle0,1283.811000,1283.695000,1275.937153,1,ok,26794,23507,1,0.141657,0.006730,0.000295,0.091054,7.681456,8.511947,0.000116,38.981125,7.975136,0.816560,274.606277,0.010906,9.093227,338.663671,347.768099,348.225813,0.457714,348.374200
1601,vehicle0,1284.007000,1283.895000,1276.644744,1,ok,26863,23538,1,0.186038,0.007248,0.000240,0.094946,7.164399,5.756652,0.000214,30.589842,8.563661,0.734110,267.858905,0.004867,6.662127,320.762729,327.429963,327.790649,0.360686,327.983935
1602,vehicle0,1284.212000,1284.095000,1277.414994,1,ok,26935,23530,1,0.134514,0.006792,0.000259,0.092451,7.258033,7.353007,0.000104,36.358403,8.802139,0.910741,289.636553,0.012005,6.380442,350.411431,356.804137,357.965911,1.161774,358.107217
1603,vehicle0,1284.410000,1284.295000,1278.153891,1,ok,27048,23573,1,0.138397,0.010964,0.000208,0.088519,7.241926,5.733545,0.000081,31.276058,7.743546,0.924431,280.635487,0.005140,6.478033,333.643593,340.126974,340.513923,0.386949,340.663284
1604,vehicle0,1284.610000,1284.496000,1278.912826,1,ok,27149,23617,1,0.097885,0.004895,0.000214,0.057109,5.463871,6.469950,0.000085,31.934906,10.752136,0.854699,283.112084,0.004972,7.257503,338.644840,345.907529,346.187598,0.280069,346.290378
1605,vehicle0,1284.810000,1284.695000,1279.679498,1,ok,27225,23652,1,0.220231,0.006727,0.000227,0.093816,7.945022,8.083322,0.000211,35.559595,10.024782,0.714424,272.149353,0.005759,6.564915,334.570525,341.141426,341.610470,0.469044,341.837428
1606,vehicle0,1285.059000,1284.894000,1280.473389,1,ok,27260,23647,1,0.168718,0.007733,0.000260,0.097359,7.586208,8.966871,0.000149,43.646501,11.651528,0.982175,324.569455,0.003231,7.332811,397.500246,404.836548,405.232747,0.396199,405.409198
1607,vehicle0,1285.214000,1285.096000,1281.141690,1,ok,27350,23709,1,0.110316,0.005918,0.000229,0.089398,6.384147,5.859878,0.000117,30.737367,10.406854,0.773093,275.313087,0.036872,7.301880,329.563941,336.902922,337.305683,0.402761,337.421917
1608,vehicle0,1285.419000,1285.295000,1281.887589,1,ok,27368,23673,1,0.261333,0.007386,0.000276,0.110155,7.709956,7.090593,0.000105,31.972219,8.640701,0.847635,266.638067,0.015243,8.668899,323.009431,331.693849,332.139940,0.446091,332.408659
1609,vehicle0,1285.609000,1285.495000,1282.615634,1,ok,27377,23559,1,0.109218,0.010308,0.000260,0.085401,8.131178,6.374037,0.000093,34.574727,10.694580,0.710431,267.385088,0.004132,6.787249,327.955535,334.747176,335.093433,0.346257,335.212959
1610,vehicle0,1285.811000,1285.695000,1283.349815,1,ok,27311,23387,1,0.136164,0.005337,0.000205,0.093975,7.041393,9.263355,0.000146,31.279605,9.246402,0.897657,243.903038,0.009117,8.052642,301.725571,309.787535,310.306905,0.519370,310.448406
1611,vehicle0,1286.008000,1285.895000,1284.113620,1,ok,27205,23229,1,0.260927,1.846036,0.000266,0.098610,7.376778,7.715266,0.000090,31.358912,9.125915,0.745668,232.314247,0.004131,7.977775,288.735486,296.717658,297.050115,0.332457,299.157078
1612,vehicle0,1286.209000,1286.096000,1284.906527,1,ok,27124,23140,1,0.246821,0.007210,0.000243,0.099635,8.607833,5.838845,0.000133,32.467540,8.500568,0.855914,246.335576,0.003817,6.482885,302.706044,309.192989,309.561881,0.368892,309.815912
1613,vehicle0,1286.404000,1286.296000,1285.598176,1,ok,26979,22982,1,0.125409,0.017151,0.000298,0.128148,6.089192,6.855973,0.000077,28.207459,7.062907,0.678536,198.751928,0.026526,8.292284,247.774220,256.093328,256.357438,0.264110,256.499998
1614,vehicle0,1286.609000,1286.496000,1286.391301,1,ok,26852,22832,1,0.148099,0.006683,0.000338,0.104889,8.421434,8.274808,0.000085,31.460506,8.869604,0.812733,232.765972,0.005197,7.771225,290.710031,298.486791,298.753268,0.266477,298.908050
1615,vehicle0,1286.812000,1286.698000,1287.149129,1,ok,26815,22774,1,0.201371,0.005743,0.000137,0.056989,4.914336,6.660188,0.000141,34.614292,7.220901,0.904661,229.394315,0.003943,7.012152,283.765823,290.782055,291.016329,0.234274,291.223443
1616,vehicle0,1287.013000,1286.895000,1287.943645,1,ok,26770,22714,1,0.296263,0.012689,0.000282,0.119484,8.362768,9.162777,0.000090,31.307707,9.196119,0.899305,237.563895,0.004487,7.276241,296.612145,303.893155,304.779389,0.886234,305.088341
1617,vehicle0,1287.210000,1287.095000,1288.686637,1,ok,26733,22651,1,0.146039,0.006565,0.000421,0.092151,8.227203,7.216613,0.000116,36.267279,10.387623,0.745836,230.003808,0.003790,7.053501,292.940629,299.998341,300.391109,0.392768,300.543713
1618,vehicle0,1287.410000,1287.295000,1289.459180,1,ok,26717,22609,1,0.321639,0.067555,0.000405,0.130798,6.743080,6.747855,0.000073,33.046323,9.104758,0.697079,247.625400,0.015695,6.632027,304.095366,310.743493,311.016350,0.272857,311.405544
1619,vehicle0,1287.613000,1287.495000,1290.181507,1,ok,26590,22468,1,0.141322,0.007040,0.000228,0.057086,6.178360,7.842455,0.000126,40.301156,10.231227,0.730100,240.591510,0.003136,6.093042,305.932020,312.028426,312.312229,0.283803,312.460591
1620,vehicle0,1287.810000,1287.695000,1290.926439,1,ok,26578,22263,1,0.096659,0.004764,0.000217,0.055683,6.932225,5.854546,0.000090,34.307950,9.445161,0.799423,243.017020,0.003903,6.175520,300.412098,306.591738,306.846312,0.254574,306.947735
1621,vehicle0,1288.008000,1287.895000,1291.694382,1,ok,26556,21931,1,0.131826,0.007108,0.000287,0.118778,8.485890,6.337290,0.000090,35.437501,8.686699,0.901725,244.700568,0.003782,6.217310,304.668541,310.889920,311.181321,0.291401,311.320255
1622,vehicle0,1288.210000,1288.094000,1292.418104,1,ok,26340,21575,1,0.203980,0.003922,0.000149,0.052203,7.788413,7.952634,0.000074,46.816050,10.765868,0.728869,242.453290,0.005900,6.861336,316.557401,323.424786,323.682224,0.257438,323.890126
1623,vehicle0,1288.407000,1288.295000,1293.155613,1,ok,25839,21210,1,0.217037,0.017463,0.000188,0.082073,7.243633,6.770937,0.000085,33.462584,7.837024,0.678608,240.125134,0.004241,7.744873,296.200078,303.949380,304.152139,0.202759,304.386639
1624,vehicle0,1288.606000,1288.495000,1293.888708,1,ok,25425,21005,1,0.115823,0.007437,0.000352,0.096563,8.339725,8.157197,0.000092,36.043138,8.686235,0.711900,243.235266,0.013133,7.122509,305.270116,312.406110,312.715051,0.308941,312.838311
1625,vehicle0,1288.809000,1288.695000,1294.623087,1,ok,25219,20811,1,0.394748,0.008507,0.000209,0.084264,7.367236,6.978608,0.000150,32.384658,8.180802,0.680950,242.909839,0.005224,9.152922,298.586507,307.744862,308.041703,0.296841,308.444958
1626,vehicle0,1289.013000,1288.895000,1295.346095,1,ok,25090,20655,1,0.267329,0.006575,0.000239,0.055923,7.815863,7.074413,0.000108,33.293125,8.658785,0.948309,234.064904,0.004043,6.914835,291.911430,298.830547,299.127705,0.297158,299.401609
1627,vehicle0,1289.214000,1289.095000,1296.106721,1,ok,24972,20591,1,0.185046,0.007963,0.000152,0.069118,6.927220,7.226708,0.000124,33.865028,8.679500,0.964758,242.346303,0.013762,8.125897,300.078759,308.218570,308.833163,0.614593,309.026172
1628,vehicle0,1289.409000,1289.294000,1296.850084,1,ok,24851,20524,1,0.215199,0.034347,0.000246,0.052785,6.098806,7.138641,0.000100,33.972562,8.905046,0.913076,251.952315,0.012739,6.816516,309.033331,315.862832,316.375332,0.512500,316.624878
1629,vehicle0,1289.610000,1289.495000,1297.601176,1,ok,24740,20423,1,0.215875,0.007761,0.000335,0.087342,9.602591,8.473384,0.000182,49.175500,12.470601,0.901471,255.414085,0.011569,7.364164,336.125156,343.501224,343.804926,0.303702,344.028562
1630,vehicle0,1289.811000,1289.695000,1298.305733,1,ok,24669,20416,1,0.107335,0.006100,0.000266,0.086298,8.803004,8.226283,0.000104,33.315142,10.110038,0.868239,248.379400,0.004253,6.088317,309.788508,315.881344,316.234168,0.352824,316.347603
1631,vehicle0,1290.013000,1289.896000,1299.069921,1,ok,24589,20355,1,0.280942,0.007792,0.000250,0.085235,7.776197,6.548132,0.000234,36.188843,8.740154,0.697699,255.948508,0.003614,7.252572,315.985002,323.241438,323.487646,0.246208,323.776380
1632,vehicle0,1290.208000,1290.095000,1299.823478,1,ok,24458,20318,1,0.095018,0.006317,0.000221,0.089593,5.725748,7.031681,0.000124,39.659639,10.740789,0.987159,254.194731,0.004949,11.364561,318.429464,329.799195,330.122338,0.323143,330.223673
1633,vehicle0,1290.408000,1290.295000,1300.533105,1,ok,24498,20368,1,0.179185,0.006642,0.000316,0.089700,7.057055,7.492690,0.000190,34.458972,7.472059,0.699447,229.599201,0.003935,7.086301,286.869314,293.959866,294.197139,0.237273,294.382966
1634,vehicle0,1290.609000,1290.495000,1301.268293,1,ok,24487,20368,1,0.088444,0.007222,0.000211,0.090381,7.271949,9.131787,0.000105,35.641905,7.017501,0.862543,215.396237,0.004337,6.686960,275.412408,282.103916,282.443555,0.339639,282.539221
1635,vehicle0,1290.808000,1290.696000,1302.007195,1,ok,24409,20292,1,0.363262,0.007643,0.000189,0.079584,7.000266,8.410278,0.000081,30.032671,7.342814,0.936975,214.692270,0.014928,9.075880,268.494939,277.585936,278.173577,0.587641,278.544482
1636,vehicle0,1291.013000,1290.896000,1302.754104,1,ok,24307,20192,1,0.116547,0.006250,0.000308,0.084035,7.911435,6.792026,0.000070,40.477953,11.045401,0.726519,221.958436,0.004110,7.166682,288.995875,296.166975,296.535863,0.368888,296.658660
1637,vehicle0,1291.207000,1291.095000,1303.498291,1,ok,24228,20106,1,0.231966,0.011632,0.000323,0.073811,7.176697,7.919006,0.000200,33.075512,7.366269,0.910066,253.943818,0.004093,6.311679,310.465379,316.781474,317.012855,0.231381,317.256453
1638,vehicle0,1291.411000,1291.295000,1304.207493,1,ok,24181,20074,1,0.086444,0.005108,0.000316,0.052044,6.283138,7.428110,0.000080,31.120423,8.117533,0.713538,240.842741,0.004387,6.233121,294.557607,300.795431,301.021832,0.226401,301.113384
1639,vehicle0,1291.607000,1291.496000,1304.968092,1,ok,24119,19997,1,0.097797,0.005239,0.000129,0.052190,5.663811,7.352487,0.000089,33.771404,9.710456,0.705723,266.172013,0.003860,6.062087,323.428173,329.494249,329.735280,0.241031,329.838316
1640,vehicle0,1291.811000,1291.697000,1305.705422,1,ok,24064,19901,1,0.115799,0.008799,0.000317,0.114920,6.463904,7.013496,0.000102,32.980922,9.300710,0.798275,261.664977,0.013171,6.104151,318.337306,324.454945,324.779235,0.324290,324.903833
1641,vehicle0,1292.010000,1291.896000,1306.408045,1,ok,24004,19812,1,0.121914,0.005594,0.000284,0.064451,6.034486,7.555994,0.000110,33.272484,8.245142,0.765980,238.817345,0.009080,8.197779,294.755992,302.963135,303.229766,0.266631,303.357274
1642,vehicle0,1292.211000,1292.095000,1307.112074,1,ok,23956,19762,1,0.116245,0.047983,0.000254,0.086994,6.867500,7.959229,0.000114,30.249937,7.028653,0.779254,212.443101,0.003198,6.734226,265.414782,272.152460,272.502236,0.349776,272.666464
1643,vehicle0,1292.408000,1292.295000,1307.848889,1,ok,23891,19700,1,0.208502,0.005869,0.000248,0.065534,6.091655,7.872613,0.000115,31.752385,9.686441,0.762894,216.573445,0.004092,6.073332,272.805082,278.882754,279.170628,0.287874,279.384999
1644,vehicle0,1292.609000,1292.495000,1308.632638,1,ok,23791,19584,1,0.118798,0.016771,0.000271,0.098547,5.587064,6.802482,0.000155,34.584469,8.544987,0.703457,248.133290,0.007703,6.576459,304.454451,311.038884,311.479380,0.440496,311.614949
1645,vehicle0,1292.809000,1292.696000,1309.373073,1,ok,23668,19468,1,0.142142,0.007591,0.000221,0.087146,5.868514,8.242063,0.000091,34.876741,10.636585,0.845315,244.736633,0.014985,6.309719,305.293088,311.618013,312.122028,0.504015,312.271761
1646,vehicle0,1293.014000,1292.895000,1310.135917,1,ok,23460,19306,1,0.085246,0.022070,0.000320,0.099278,9.720523,14.037000,0.000131,36.920199,11.739406,0.737346,268.740280,0.015137,6.820640,341.994163,348.830260,349.116852,0.286592,349.224168
1647,vehicle0,1293.210000,1293.095000,1310.861729,1,ok,23143,19179,1,0.339361,3.786069,0.000140,0.084747,7.708814,8.081828,0.000073,37.941314,8.822310,1.006738,270.772292,0.003277,7.448257,334.418116,341.869790,342.796674,0.926884,346.922104
1648,vehicle0,1293.410000,1293.296000,1311.588900,1,ok,22878,19143,1,0.073769,0.005982,0.000242,0.084121,10.802975,10.542018,0.000110,43.578679,8.926049,0.717317,261.459309,0.006241,7.043995,336.110578,343.161056,343.588739,0.427683,343.668490
1649,vehicle0,1293.609000,1293.496000,1312.316361,1,ok,22762,19167,1,0.184256,0.004969,0.000230,0.051793,8.137124,9.172177,0.000103,36.748696,10.056836,0.756390,266.533807,0.003852,6.864389,331.456926,338.325397,338.610381,0.284984,338.799606
1650,vehicle0,1293.813000,1293.696000,1313.056384,1,ok,22695,19148,1,0.103306,0.007305,0.000221,0.071492,6.050714,7.415073,0.000165,35.935517,8.000773,0.893898,252.514950,0.004632,7.958233,310.882582,318.845668,319.118453,0.272785,319.229064
1651,vehicle0,1294.013000,1293.897000,1313.825471,1,ok,22652,19112,1,0.189574,0.009003,0.000273,0.092352,9.250766,8.976213,0.000100,36.447351,8.068271,0.740475,272.685157,0.003526,7.398182,336.260685,343.662666,343.923482,0.260816,344.122059
1652,vehicle0,1294.210000,1294.096000,1314.578102,1,ok,22653,19177,1,0.123303,0.010107,0.000396,0.081487,8.980934,8.201637,0.000100,36.172423,10.374143,0.803619,278.606381,0.019786,7.673884,343.220724,350.914790,351.237214,0.322424,351.370624
1653,vehicle0,1294.415000,1294.295000,1315.304033,1,ok,22401,19159,1,0.103209,0.014868,0.000200,0.065474,7.073897,7.870909,0.000086,34.475200,8.581409,0.724094,252.448739,0.003337,6.829878,311.239808,318.073223,318.307774,0.234551,318.425851
1654,vehicle0,1294.607000,1294.496000,1316.066088,1,ok,22188,19241,1,0.095119,0.007869,0.000302,0.095053,7.255473,7.865602,0.000093,35.886777,8.869510,1.020315,254.894785,0.012726,7.274591,315.887608,323.175227,323.949264,0.774037,324.052252
1655,vehicle0,1294.810000,1294.696000,1316.803625,1,ok,22142,19406,1,0.174777,0.004777,0.000145,0.049002,6.493868,7.491226,0.000089,36.365485,9.870770,0.897684,264.626119,0.003995,6.439387,325.794243,332.237770,332.715080,0.477310,332.894634
1656,vehicle0,1295.012000,1294.895000,1317.548624,1,ok,22467,19735,1,0.113616,0.007691,0.000262,0.083668,9.784368,11.202935,0.000111,44.750912,9.258955,1.055940,267.353793,0.007640,6.613239,343.490682,350.111823,350.653255,0.541432,350.774562
1657,vehicle0,1295.210000,1295.095000,1318.273302,1,ok,23004,20165,1,0.119970,0.087727,0.000254,0.077858,8.902959,8.171016,0.000121,38.739976,9.642908,0.809090,257.777284,0.011969,7.425128,324.121212,331.558563,332.006379,0.447816,332.214076
1658,vehicle0,1295.413000,1295.296000,1319.008225,1,ok,23341,20404,1,0.080020,0.004405,0.000305,0.061612,8.630952,9.239535,0.000101,35.791868,8.765588,0.875415,266.115478,0.003675,7.391137,329.480549,336.875666,337.138271,0.262605,337.222696
1659,vehicle0,1295.609000,1295.494000,1319.743285,1,ok,23446,20468,1,0.133767,0.008892,0.000339,0.095542,9.997556,10.643710,0.000084,38.329814,9.080094,0.924765,267.906184,0.004135,6.086022,336.977749,343.068245,343.347127,0.278882,343.489786
1660,vehicle0,1295.808000,1295.696000,1320.472651,1,ok,23433,20366,1,0.112900,0.011321,0.000366,0.081535,7.253948,8.489759,0.000073,40.450775,8.972836,0.775523,266.959731,0.010601,8.647608,332.984180,341.642755,341.872465,0.229710,341.996686
1661,vehicle0,1296.008000,1295.895000,1321.172278,1,ok,23350,20205,1,0.196205,0.006388,0.000196,0.091026,7.541928,7.672069,0.000075,34.468708,8.900392,0.715687,245.190392,0.002738,6.295787,304.580277,310.878998,311.299167,0.420169,311.501760
1662,vehicle0,1296.205000,1296.095000,1321.915881,1,ok,23328,20187,1,0.156201,0.006048,0.000219,0.061051,7.537322,8.178038,0.000146,37.163258,9.108129,0.815981,255.548208,0.004567,6.490173,318.412133,324.907092,325.148986,0.241894,325.311235
1663,vehicle0,1296.408000,1296.295000,1322.633662,1,ok,23370,20305,1,0.186056,0.008314,0.000311,0.091564,9.181395,10.672537,0.000110,33.725797,8.181273,0.885297,245.459322,0.012337,6.474086,308.197295,314.684029,315.109516,0.425487,315.303886
1664,vehicle0,1296.613000,1296.495000,1323.385156,1,ok,23291,20195,1,0.110313,0.087525,0.000252,0.094127,10.301768,8.102046,0.000106,37.510226,10.241963,0.779433,253.467717,0.026795,8.554188,320.497386,329.078621,329.801572,0.722951,329.999410
1665,vehicle0,1296.809000,1296.695000,1324.141161,1,ok,23153,19907,1,0.210828,0.007921,0.000317,0.087317,8.615299,8.454446,0.000077,36.957552,11.199727,0.884029,262.881862,0.003424,5.979215,329.080309,335.063265,335.399811,0.336546,335.618560
1666,vehicle0,1297.010000,1296.895000,1324.901770,1,ok,23078,19766,1,0.170091,0.006871,0.000299,0.091448,9.728417,11.253625,0.000134,51.368804,12.589648,0.973198,271.958769,0.026792,6.711491,357.964043,364.702625,364.954987,0.252362,365.131949
1667,vehicle0,1297.214000,1297.095000,1325.613607,1,ok,23152,19795,1,0.089653,0.008165,0.000241,0.081750,7.221881,9.072317,0.000258,38.478671,8.088484,0.701021,248.757112,0.003861,6.103424,312.401494,318.509020,318.857106,0.348086,318.954924
1668,vehicle0,1297.410000,1297.296000,1326.325869,1,ok,23203,19812,1,0.182953,0.004922,0.000190,0.082836,6.732233,9.750073,0.000100,39.131816,7.428500,0.894395,212.969850,0.016229,6.864276,276.989803,283.870498,284.168831,0.298333,284.356706
1669,vehicle0,1297.609000,1297.495000,1327.087341,1,ok,23276,19809,1,0.183889,0.007653,0.000276,0.093377,8.106916,9.180607,0.000076,37.104818,9.266916,0.926538,237.270322,0.005244,7.058065,301.949570,309.013155,309.633352,0.620197,309.824894
1670,vehicle0,1297.807000,1297.695000,1327.838026,1,ok,23349,19906,1,0.204439,0.007403,0.000212,0.095518,8.820243,9.160607,0.000080,39.177092,7.275137,0.720311,230.804555,0.004105,7.650318,296.053543,303.708178,304.016860,0.308682,304.228702
1671,vehicle0,1298.009000,1297.895000,1328.564336,1,ok,23323,19882,1,0.118928,0.005833,0.000168,0.064975,6.598011,9.227099,0.000233,37.588119,7.828763,0.682209,232.667983,0.003755,7.681504,294.657392,302.342819,302.521305,0.178486,302.646066
1672,vehicle0,1298.209000,1298.095000,1329.307828,1,ok,23341,19886,1,0.109190,0.007856,0.000308,0.092063,7.763290,11.303604,0.000111,43.285668,9.112946,0.737727,209.443688,0.018141,9.462130,281.739097,291.219676,291.570311,0.350635,291.687357
1673,vehicle0,1298.412000,1298.296000,1330.038864,1,ok,23370,19899,1,0.217304,0.009183,0.000158,0.089061,7.967398,9.592372,0.000214,40.615497,7.860678,0.725676,216.494390,0.015168,6.827545,283.345286,290.188157,290.439447,0.251290,290.665934
1674,vehicle0,1298.605000,1298.495000,1330.755025,1,ok,23408,19906,1,0.114394,0.004626,0.000198,0.076626,6.877483,9.142871,0.000207,37.375277,6.871880,0.705215,207.327708,0.004604,6.641933,268.377267,275.024002,275.387008,0.363006,275.506028
1675,vehicle0,1298.808000,1298.695000,1331.527631,1,ok,23466,20091,1,0.211089,0.007545,0.000201,0.097793,6.950067,9.092083,0.000098,37.379596,7.360338,0.769786,209.412768,0.005701,8.725932,271.062529,279.794363,280.133351,0.338988,280.351985
1676,vehicle0,1299.008000,1298.897000,1332.239777,1,ok,23585,20246,1,0.253104,2.320887,0.000322,0.129473,7.248805,8.307643,0.000152,38.925585,6.650525,0.690733,199.325696,0.008460,9.342542,261.278612,270.629936,271.011901,0.381965,273.585892
1677,vehicle0,1299.210000,1299.095000,1332.984628,1,ok,23735,20408,1,0.113600,0.005984,0.000182,0.103392,6.661368,10.042648,0.000166,36.097860,7.557307,0.680873,205.219750,0.003744,7.909185,266.363364,274.276475,274.715548,0.439073,274.835132
1678,vehicle0,1299.414000,1299.295000,1333.739800,1,ok,23890,20554,1,0.120752,0.011198,0.000213,0.121518,6.803602,10.802726,0.000142,37.082590,7.743763,0.896788,222.985630,0.016441,6.214553,286.436759,292.667966,293.064128,0.396162,293.196078
1679,vehicle0,1299.612000,1299.495000,1334.470572,1,ok,24085,20809,1,0.124139,0.006435,0.000277,0.064231,5.187705,8.850057,0.000141,36.618388,7.745168,0.700926,215.830641,0.008753,9.078458,274.997257,284.084745,284.367352,0.282607,284.497926
1680,vehicle0,1299.809000,1299.695000,1335.204144,1,ok,24396,21109,1,0.191033,0.004515,0.000136,0.059917,11.499539,8.659168,0.000171,38.189909,7.148467,0.718340,221.795164,0.011023,6.217697,288.070675,294.299531,294.525119,0.225588,294.720667
1681,vehicle0,1300.009000,1299.895000,1335.972818,1,ok,24682,21356,1,0.140491,0.006520,0.000208,0.089800,6.785454,9.245631,0.000095,39.158069,8.315732,0.729092,240.370763,0.003654,6.238334,304.694636,310.936832,311.257871,0.321039,311.404882
1682,vehicle0,1300.239000,1300.096000,1336.772973,1,ok,24871,21557,1,0.081731,0.006933,0.000370,0.098182,7.530131,11.912029,0.000156,50.056330,10.349147,0.997825,296.721679,0.019615,11.019983,377.665479,388.705447,389.170440,0.464993,389.259104
1683,vehicle0,1300.408000,1300.295000,1337.398380,1,ok,24996,21706,1,0.169553,0.007420,0.000243,0.064596,5.546155,9.320206,0.000120,47.952096,10.631924,0.910360,215.548394,0.003405,6.913553,289.973851,296.891052,297.097374,0.206322,297.274347
1684,vehicle0,1300.605000,1300.493000,1338.064858,1,ok,25148,21901,1,0.260985,0.021936,0.000250,0.089111,6.521881,9.920713,0.000118,36.771409,6.864047,0.904211,183.208126,0.016666,6.464174,244.279616,250.760706,251.001451,0.240745,251.284372
1685,vehicle0,1300.812000,1300.697000,1338.832685,1,ok,25301,22139,1,0.181987,0.010160,0.000310,0.088492,7.224860,8.641060,0.000152,39.833488,10.218771,0.995541,199.487313,0.004149,7.262903,266.489677,273.757039,274.223907,0.466868,274.416054
1686,vehicle0,1301.013000,1300.896000,1339.561951,1,ok,25425,22390,1,0.124667,0.008687,0.000252,0.079887,7.743290,10.508217,0.000105,36.973581,7.272642,0.689902,214.725381,0.004519,7.676943,277.993005,285.674719,285.972294,0.297575,286.105648
1687,vehicle0,1301.212000,1301.096000,1340.297322,1,ok,25436,22501,1,0.231159,0.008431,0.000331,0.100449,8.242017,12.729961,0.000110,49.911473,7.246669,0.975542,207.246397,0.003661,7.502580,286.452618,293.959190,294.229930,0.270740,294.469520
1688,vehicle0,1301.409000,1301.294000,1341.018419,1,ok,25435,22596,1,0.123001,0.008469,0.000309,0.098346,8.624166,11.651948,0.000227,38.034847,6.751423,0.690930,210.167426,0.004914,8.228736,276.019313,284.253272,285.041918,0.788646,285.173388
1689,vehicle0,1301.611000,1301.495000,1341.748742,1,ok,25399,22627,1,0.250174,0.005711,0.000154,0.064340,5.490741,9.030640,0.000110,37.834108,8.143645,0.900703,208.793414,0.014508,8.276508,270.257701,278.548871,279.019315,0.470444,279.275200
1690,vehicle0,1301.802000,1301.695000,1342.459577,1,ok,25243,22524,1,0.191356,0.005397,0.000180,0.060873,4.889601,8.867243,0.000108,36.414763,7.660161,0.823197,194.772388,0.004197,6.111857,253.488334,259.604568,259.846912,0.242344,260.043665
1691,vehicle0,1302.010000,1301.896000,1343.226849,1,ok,24961,22283,1,0.123844,0.013868,0.000198,0.083560,8.346590,12.090333,0.000261,39.194651,8.349877,0.743249,205.124854,0.004057,6.590678,273.933375,280.528308,280.756090,0.227782,280.893802
1692,vehicle0,1302.206000,1302.096000,1343.957614,1,ok,24515,21858,1,0.190941,0.005269,0.000239,0.059140,5.349455,10.356508,0.000084,52.936101,7.142757,0.750501,203.557352,0.004639,8.079373,280.151898,288.236149,288.485465,0.249316,288.681675
1693,vehicle0,1302.407000,1302.295000,1344.707616,1,ok,24008,21373,1,0.201445,0.006985,0.000358,0.093888,6.986166,11.976348,0.000110,41.977066,7.834918,0.695911,199.841244,0.004216,6.129039,269.405651,275.539264,275.908162,0.368898,276.116592
1694,vehicle0,1302.602000,1302.495000,1345.400708,1,ok,23571,20987,1,0.103850,0.008600,0.000224,0.088231,5.535431,8.983452,0.000085,37.958550,7.351711,0.707658,182.564675,0.002968,6.692592,243.189793,249.885577,250.265409,0.379832,250.377859
1695,vehicle0,1302.811000,1302.695000,1346.160715,1,ok,23146,20591,1,0.204337,0.012807,0.000229,0.093275,4.737892,10.353629,0.000094,39.054216,6.784739,0.897765,189.030652,0.016600,8.178282,250.952262,259.147373,259.458517,0.311144,259.675661
1696,vehicle0,1303.005000,1302.894000,1346.895153,1,ok,22816,20289,1,0.306378,0.008751,0.000225,0.073356,5.674725,9.680705,0.000079,38.330079,6.472968,0.683783,188.769436,0.004565,7.239102,249.685131,256.929023,257.189749,0.260726,257.504878
1697,vehicle0,1303.205000,1303.097000,1347.622130,1,ok,22573,20073,1,0.112554,0.005327,0.000241,0.068627,4.573971,8.640812,0.000105,34.911570,8.261945,0.827512,190.565363,0.025346,7.228106,247.849905,255.103598,255.727223,0.623625,255.845104
1698,vehicle0,1303.404000,1303.295000,1348.360097,1,ok,22447,19953,1,0.077169,0.006004,0.000310,0.084228,6.466449,10.882994,0.000085,40.068841,8.673626,0.831669,196.024525,0.005087,6.526698,263.032417,269.564512,269.866462,0.301950,269.949635
1699,vehicle0,1303.610000,1303.494000,1349.096426,1,ok,22356,19881,1,0.178766,0.008732,0.000227,0.092350,6.469336,8.785312,0.000126,40.081702,7.979577,0.735762,192.057301,0.003333,7.386276,256.201466,263.591302,263.826703,0.235401,264.014201
1700,vehicle0,1303.803000,1303.692000,1349.830033,1,ok,22294,19855,1,0.194837,0.007557,0.000423,0.088071,4.857454,13.190232,0.000146,39.235445,6.089696,0.677458,182.126363,0.004029,6.666104,246.264865,252.935421,253.244648,0.309227,253.447042
1701,vehicle0,1304.002000,1303.895000,1350.555642,1,ok,22271,19827,1,0.112665,0.015279,0.000125,0.078106,5.664351,12.868823,0.000082,34.491996,5.885665,0.789187,180.155910,0.012734,9.357294,239.934120,249.304273,249.553112,0.248839,249.681056
1702,vehicle0,1304.205000,1304.096000,1351.290356,1,ok,22223,19779,1,0.096710,0.005260,0.000249,0.058371,4.182401,10.029404,0.000144,40.286177,6.798529,0.936825,174.943269,0.005405,7.206532,237.235120,244.447306,245.124158,0.676852,245.226128
1703,vehicle0,1304.403000,1304.293000,1352.043068,1,ok,22175,19731,1,0.102862,0.010422,0.000261,0.082183,5.211865,8.533752,0.000100,35.829151,6.529291,1.176538,177.960742,0.003561,6.540026,235.323622,241.867470,242.394295,0.526825,242.507579
1704,vehicle0,1304.608000,1304.495000,1352.811995,1,ok,22156,19707,1,0.201124,0.004664,0.000346,0.058799,4.912344,13.806929,0.000102,35.106446,7.492437,0.776072,190.695812,0.004406,8.768709,252.848941,261.622402,261.876583,0.254181,262.082371
1705,vehicle0,1304.801000,1304.696000,1353.515227,1,ok,22172,19697,1,0.115454,0.006272,0.000325,0.090322,6.538637,12.000717,0.000200,37.365874,5.763391,0.697001,162.620311,0.004314,6.171170,225.076453,231.252262,231.495796,0.243534,231.617522
1706,vehicle0,1304.999000,1304.897000,1354.274932,1,ok,22138,19665,1,0.175211,0.005269,0.000200,0.066721,4.972324,8.820774,0.000082,39.239104,6.546020,0.848534,188.142184,0.005826,6.427690,248.635743,255.069459,255.378589,0.309130,255.559069
1707,vehicle0,1305.204000,1305.095000,1355.022014,1,ok,22223,19739,1,0.095551,0.064491,0.000225,0.082137,5.765261,9.107223,0.000074,33.683277,7.419477,0.940207,175.857739,0.125675,8.724949,232.855395,241.706244,241.985109,0.278865,242.145151
1708,vehicle0,1305.401000,1305.296000,1355.743417,1,ok,22313,19810,1,0.074040,0.006394,0.000268,0.087057,6.122978,10.613811,0.000116,33.568197,7.089354,0.816082,180.135313,0.004077,6.973121,238.432908,245.410374,245.952243,0.541869,246.032677
1709,vehicle0,1305.613000,1305.495000,1356.505578,1,ok,22412,19896,1,0.226647,0.120266,0.000379,0.126348,6.519796,10.238521,0.000091,39.161211,6.662878,0.845146,189.796641,0.005275,7.527616,253.350632,260.883902,261.297386,0.413484,261.644299
1710,vehicle0,1305.801000,1305.697000,1357.242704,1,ok,22585,20037,1,0.067053,0.006139,0.000157,0.084193,6.332756,10.653041,0.000118,37.400300,7.829685,0.722401,183.863115,0.004892,6.485267,246.885609,253.375925,253.649904,0.273979,253.723096
1711,vehicle0,1306.006000,1305.895000,1357.949997,1,ok,22923,20352,1,0.105453,0.009889,0.000282,0.090092,5.201434,10.681955,0.000149,34.532891,6.043042,0.767587,175.342309,0.005481,6.656283,232.659459,239.321505,239.620632,0.299127,239.735974
1712,vehicle0,1306.202000,1306.095000,1358.671941,1,ok,23417,20808,1,0.190779,0.005044,0.000214,0.061373,4.357555,10.637710,0.000150,33.427704,7.371047,0.794941,165.112608,0.003941,7.795180,221.763088,229.562423,229.861610,0.299187,230.057433
1713,vehicle0,1306.405000,1306.295000,1359.431365,1,ok,23934,21291,1,0.198972,0.005424,0.000206,0.058876,4.538139,9.810488,0.000084,35.548224,5.961455,0.840295,164.689651,0.015002,7.389160,221.447212,228.851580,229.186526,0.334946,229.390922
1714,vehicle0,1306.606000,1306.496000,1360.196268,1,ok,24409,21734,1,0.111200,0.004732,0.000256,0.056854,5.491674,8.308623,0.000122,45.057906,6.914831,0.733917,192.822269,0.003878,6.320144,259.386196,265.710474,265.945898,0.235424,266.061830
1715,vehicle0,1306.811000,1306.694000,1360.932458,1,ok,25015,22286,1,0.120259,0.007777,0.000323,0.111877,5.637873,9.372822,0.000084,35.408533,6.783429,0.893916,208.277178,0.003317,6.223154,266.485712,272.712506,273.139464,0.426958,273.267500
1716,vehicle0,1307.011000,1306.896000,1361.687586,1,ok,25650,22793,1,0.204764,0.006860,0.000220,0.102284,7.254703,8.845015,0.000095,38.606191,8.175253,0.729040,226.867700,0.004255,7.045443,290.580281,297.630199,297.932066,0.301867,298.143690
1717,vehicle0,1307.212000,1307.094000,1362.430618,1,ok,26253,23193,1,0.098187,0.008229,0.000289,0.110043,6.868046,7.957693,0.000110,35.141711,8.494167,0.887968,220.827828,0.003783,6.886797,280.287566,287.178435,287.431567,0.253132,287.537983
1718,vehicle0,1307.409000,1307.294000,1363.176273,1,ok,26523,23257,1,0.118972,0.011250,0.000181,0.068128,6.560377,8.756473,0.000079,38.302569,8.576731,0.930272,221.463965,0.031104,6.418859,284.658594,291.108738,291.430242,0.321504,291.560464
1719,vehicle0,1307.608000,1307.492000,1363.912114,1,ok,26547,23157,1,0.218394,0.008659,0.000219,0.108275,8.620837,8.248972,0.000163,35.063706,8.224973,0.958653,226.284231,0.004479,7.159333,287.509810,294.673841,295.208044,0.534203,295.435097
1720,vehicle0,1307.807000,1307.697000,1364.615353,1,ok,26702,23222,1,0.239689,0.005281,0.000238,0.064337,5.769303,11.946797,0.000085,37.009999,6.964960,0.707526,207.965090,0.015015,7.924964,270.428097,278.368314,278.632503,0.264189,278.877473
1721,vehicle0,1308.010000,1307.894000,1365.374050,1,ok,27026,23508,1,0.248466,0.006977,0.000197,0.107434,5.417540,10.026789,0.000117,39.891454,11.657144,0.981620,223.721043,0.003867,6.097479,291.803141,297.904684,298.212927,0.308243,298.468370
1722,vehicle0,1308.211000,1308.096000,1366.087823,1,ok,27328,23808,1,0.227780,0.008082,0.000165,0.118194,7.814880,8.156246,0.000114,34.773711,6.703492,0.700989,213.242286,0.024926,6.386258,271.509912,277.921261,278.678171,0.756910,278.914033
1723,vehicle0,1308.408000,1308.297000,1366.864461,1,ok,27648,24040,1,0.155649,0.007264,0.000204,0.106940,6.752118,8.731528,0.000120,36.913084,10.277095,0.726397,234.679994,0.008175,6.587288,298.187276,304.782943,305.111607,0.328664,305.274520
1724,vehicle0,1308.611000,1308.495000,1367.608251,1,ok,27846,24120,1,0.258870,0.007230,0.000347,0.119146,9.145507,9.012449,0.000217,37.100001,7.053893,0.769532,218.246823,0.032921,8.851991,281.447568,290.332827,290.824809,0.491982,291.090909
1725,vehicle0,1308.810000,1308.695000,1368.341137,1,ok,27913,24119,1,0.215631,0.005099,0.000194,0.064675,6.199828,8.110137,0.000096,37.116434,7.879287,1.659906,212.512265,0.003340,8.068034,273.542628,281.614196,281.887892,0.273696,282.108622
1726,vehicle0,1309.010000,1308.895000,1369.113216,1,ok,27901,24122,1,0.201153,0.005789,0.000185,0.097846,5.765573,7.554093,0.000095,36.718227,16.015871,0.808613,219.194195,0.003876,6.521139,286.154513,292.679713,293.080022,0.400309,293.286964
1727,vehicle0,1309.206000,1309.095000,1369.853740,1,ok,27954,24184,1,0.236547,0.006727,0.000202,0.109045,5.587413,7.962046,0.000077,33.688104,8.471293,0.735443,223.636154,0.004369,7.024296,280.189575,287.218442,287.471412,0.252970,287.714686
1728,vehicle0,1309.411000,1309.295000,1370.597807,1,ok,27986,24199,1,0.266671,0.007124,0.000300,0.102623,7.127432,7.507407,0.000197,34.140657,6.622387,0.682840,219.370750,0.004292,6.157374,275.554293,281.716259,281.944403,0.228144,282.218198
1729,vehicle0,1309.609000,1309.495000,1371.339474,1,ok,27980,24192,1,0.118147,0.007453,0.000295,0.123049,6.113905,8.604063,0.000113,34.105608,7.922086,0.719159,226.845191,0.003782,6.086067,284.433174,290.523318,290.754927,0.231609,290.880527
1730,vehicle0,1309.811000,1309.697000,1372.071814,1,ok,27982,24181,1,0.264552,0.008150,0.000258,0.109885,6.771692,10.389646,0.000151,36.576807,6.584406,0.724989,206.406922,0.014470,6.764146,267.564498,274.343372,274.705644,0.362272,274.978346
1731,vehicle0,1310.008000,1309.895000,1372.844496,1,ok,28001,24203,1,0.272036,0.009102,0.000337,0.182433,7.319414,12.640347,0.000084,32.989276,8.169170,0.719070,218.554163,0.003282,7.368049,280.573957,287.945625,288.486855,0.541230,288.767993
1732,vehicle0,1310.212000,1310.096000,1373.557943,1,ok,27919,24123,1,0.222332,0.005044,0.000404,0.067509,4.728943,7.436464,0.000117,33.384652,7.395609,0.872858,210.848290,0.004002,7.782946,264.734442,272.521794,272.952733,0.430939,273.180109
1733,vehicle0,1310.414000,1310.297000,1374.329820,1,ok,27866,24066,1,0.192488,0.007064,0.000215,0.105226,6.373554,20.543012,0.000273,34.334379,8.413858,0.807080,219.464545,0.005150,6.742947,290.041927,296.790239,297.093696,0.303457,297.293248
1734,vehicle0,1310.617000,1310.497000,1375.083763,1,ok,27852,24048,1,0.142234,0.005569,0.000207,0.063721,5.075636,7.867239,0.000083,35.712269,6.890369,0.858578,241.798827,0.004099,7.226436,298.266722,305.497464,305.777701,0.280237,305.925504
1735,vehicle0,1310.812000,1310.696000,1375.815225,1,ok,27784,23970,1,0.161583,0.011551,0.000256,0.109163,5.300349,8.826441,0.000088,31.870151,8.232942,0.954323,224.133852,0.031109,8.272273,279.427309,287.730947,288.012178,0.281231,288.185312
1736,vehicle0,1311.004000,1310.897000,1376.511949,1,ok,27764,23946,1,0.184429,0.008599,0.000347,0.114156,6.058770,10.299821,0.000113,30.911842,7.888796,0.889773,196.634928,0.007006,6.822574,252.798199,259.628126,260.039667,0.411541,260.232695
1737,vehicle0,1311.211000,1311.095000,1377.298748,1,ok,27788,23960,1,0.175634,0.006571,0.000284,0.095609,4.934092,8.814658,0.000153,34.268594,7.742362,0.704404,233.526936,0.003478,7.171796,290.086808,297.262366,297.490409,0.228043,297.672614
1738,vehicle0,1311.408000,1311.297000,1378.050687,1,ok,27869,24041,1,0.128750,0.006323,0.000265,0.084880,6.601282,8.728278,0.000139,34.536077,6.925286,0.681389,240.847104,0.003898,7.099245,298.404435,305.507843,305.718061,0.210218,305.853134
1739,vehicle0,1311.604000,1311.497000,1378.797779,1,ok,27924,24093,1,0.124754,0.017741,0.000221,0.100374,7.138672,8.324205,0.000105,35.854572,8.067526,1.069577,241.432489,0.003561,6.034619,301.987520,308.025921,308.433455,0.407534,308.575950
1740,vehicle0,1311.808000,1311.697000,1379.532871,1,ok,27839,23993,1,0.132892,0.007021,0.000268,0.113055,7.495381,10.763556,0.000136,39.814650,7.161615,0.734497,247.551501,0.004201,6.158991,313.634391,319.797851,320.065455,0.267604,320.205368
1741,vehicle0,1312.015000,1311.897000,1380.230496,1,ok,27804,23923,1,0.256970,0.005306,0.000212,0.066629,9.565697,9.829840,0.000127,33.980382,7.823876,0.708618,221.347113,0.011606,6.163472,283.322282,289.497572,289.723922,0.226350,289.986198
1742,vehicle0,1312.213000,1312.097000,1380.878971,1,ok,27814,23928,1,0.135760,0.004974,0.000175,0.064622,5.180430,7.838615,0.000199,40.910842,6.592380,0.696940,223.901239,0.003836,6.793978,285.185267,291.983256,292.198536,0.215280,292.339270
1743,vehicle0,1312.412000,1312.296000,1381.623991,1,ok,27748,23881,1,0.146752,0.006707,0.000188,0.065702,4.439618,7.783247,0.000133,40.042316,7.392315,0.910217,238.153947,0.004953,7.524273,298.787495,306.316909,306.560889,0.243980,306.714348
1744,vehicle0,1312.611000,1312.496000,1382.382656,1,ok,27609,23774,1,0.129283,0.005870,0.000234,0.068007,7.116420,9.416561,0.000104,37.475319,7.957646,0.974452,250.331664,0.003790,6.087523,313.340173,319.431720,319.859208,0.427488,319.994361
1745,vehicle0,1312.812000,1312.696000,1383.106477,1,ok,27490,23660,1,0.257801,0.008301,0.000470,0.109496,6.153100,8.668232,0.000104,38.336191,7.528419,0.708388,255.096516,0.003829,6.849137,316.600446,323.453882,323.759187,0.305305,324.025289
1746,vehicle0,1313.011000,1312.896000,1383.828056,1,ok,27377,23533,1,0.099340,0.006656,0.000541,0.102897,6.051167,8.760606,0.000078,31.942971,8.383468,0.711288,233.289325,0.003774,6.870240,289.241800,296.116355,296.362721,0.246366,296.468717
1747,vehicle0,1313.212000,1313.096000,1384.586157,1,ok,27384,23495,1,0.140600,0.089620,0.000370,0.080980,5.972766,8.336513,0.000126,36.811915,7.364844,0.725758,251.152734,0.012530,6.630103,310.445636,317.088639,317.481289,0.392650,317.711509
1748,vehicle0,1313.411000,1313.297000,1385.363341,1,ok,27270,23354,1,0.128582,0.007916,0.000375,0.102617,8.965009,7.145963,0.000097,38.316050,9.230417,0.933458,266.100236,0.003333,6.657908,330.793847,337.455463,337.776078,0.320615,337.912576
1749,vehicle0,1313.618000,1313.496000,1386.136664,1,ok,26994,23279,1,0.196172,0.006539,0.000246,0.108660,10.170070,13.039886,0.000157,36.504556,7.490598,0.677512,263.496822,0.003291,7.023301,331.488261,338.515099,339.064488,0.549389,339.267199
1750,vehicle0,1313.897000,1313.699000,1386.917091,1,ok,26583,23042,1,0.129481,0.013926,0.000266,0.066988,6.106258,9.130974,0.000134,35.597969,9.159181,0.893743,285.918011,0.004719,6.339532,346.873258,353.217775,353.464368,0.246593,353.607775
1751,vehicle0,1314.011000,1313.897000,1387.509151,1,ok,26325,22809,1,0.115634,0.009104,0.000292,0.174646,5.849509,7.716871,0.000131,33.819965,9.367750,0.786806,247.448665,0.004264,7.149842,305.164343,312.318741,312.576490,0.257749,312.701228
1752,vehicle0,1314.227000,1314.097000,1388.320216,1,ok,26153,22608,1,0.119155,0.008281,0.000373,0.107992,7.031633,10.254473,0.000134,47.348475,12.125492,0.980696,294.369865,0.034937,9.194350,372.218760,381.448420,381.788872,0.340452,381.916308
1753,vehicle0,1314.414000,1314.295000,1388.968455,1,ok,25965,22400,1,0.234793,0.007765,0.000180,0.100260,7.154745,10.837485,0.000117,31.889871,6.655431,0.685445,221.243523,0.003980,6.065315,278.566877,284.636352,284.850107,0.213755,285.092665
1754,vehicle0,1314.611000,1314.495000,1389.769221,1,ok,25752,22173,1,0.135706,0.004153,0.000195,0.057586,5.837702,6.869475,0.000096,32.384211,7.958723,0.932275,250.890158,0.003861,6.288760,304.930226,311.223042,311.530134,0.307092,311.669993
1755,vehicle0,1314.809000,1314.695000,1390.530101,1,ok,25500,21922,1,0.120170,0.008535,0.000428,0.107113,5.914475,7.817129,0.000083,33.220040,7.620830,0.806135,248.408070,0.010012,7.724418,303.893875,311.628733,311.934982,0.306249,312.063687
1756,vehicle0,1315.011000,1314.897000,1391.290617,1,ok,25382,21847,1,0.231683,0.007742,0.000276,0.100314,6.689173,11.674909,0.000129,40.922690,8.698739,0.932682,254.935700,0.003723,7.383338,323.954336,331.341673,331.841358,0.499685,332.080783
1757,vehicle0,1315.210000,1315.096000,1392.037056,1,ok,25093,21586,1,0.196582,0.004240,0.000165,0.110076,7.509523,7.537137,0.000107,34.347239,9.031521,0.711902,274.466809,0.004205,6.137431,333.714314,339.856115,340.113478,0.257363,340.314300
1758,vehicle0,1315.411000,1315.297000,1392.818907,1,ok,24622,21165,1,0.086741,0.251371,0.000304,0.079588,7.896052,6.943834,0.000153,34.170498,8.759583,0.793461,280.315483,0.011536,6.660136,338.958652,345.630628,345.885013,0.254385,346.223125
1759,vehicle0,1315.610000,1315.497000,1393.556536,1,ok,24116,20727,1,0.134259,0.006191,0.000204,0.064338,8.635740,6.745107,0.000077,36.098331,9.592228,0.729609,277.259073,0.003436,7.910470,339.124503,347.038613,347.308950,0.270337,347.449400
1760,vehicle0,1315.810000,1315.698000,1394.294372,1,ok,23755,20420,1,0.201071,0.012467,0.000399,0.091102,7.123764,7.105742,0.000087,33.189337,8.464542,0.728013,271.631344,0.004022,7.468955,328.333931,335.807307,336.036895,0.229588,336.250433
1761,vehicle0,1316.012000,1315.896000,1395.042713,1,ok,23567,20253,1,0.107419,0.007458,0.000221,0.083731,8.298912,6.375828,0.000118,35.496680,8.510713,0.752104,261.872927,0.004152,6.244625,321.391013,327.640011,327.880003,0.239992,327.994880
1762,vehicle0,1316.209000,1316.097000,1395.781217,1,ok,23435,20138,1,0.177833,0.007814,0.000219,0.072560,6.021504,7.755997,0.000113,33.627858,8.262145,0.696439,251.955378,0.003447,7.276441,308.391994,315.672101,315.924832,0.252731,316.110479
1763,vehicle0,1316.408000,1316.297000,1396.564278,1,ok,23293,20021,1,0.157528,0.008548,0.000235,0.086049,6.447449,6.726360,0.000167,36.418463,8.831344,0.703897,269.216267,0.004537,6.813698,328.429996,335.248466,335.468858,0.220392,335.634934
1764,vehicle0,1316.622000,1316.496000,1397.327263,1,ok,23371,20072,1,0.111832,0.007852,0.000345,0.091772,8.434836,7.423221,0.000083,38.638934,10.786231,0.756307,283.104347,0.027082,7.238439,349.235731,356.501597,356.783341,0.281744,356.903025
1765,vehicle0,1316.812000,1316.697000,1398.027139,1,ok,23278,20006,1,0.101216,0.005844,0.000212,0.079223,8.802457,7.635270,0.000116,31.074918,7.086800,0.890723,258.414923,0.008072,7.964153,313.984430,321.956867,322.216784,0.259917,322.323844
1766,vehicle0,1317.012000,1316.895000,1398.791677,1,ok,23298,20063,1,0.210097,0.009130,0.000231,0.091202,9.450908,14.999550,0.000079,33.856077,7.633820,0.727128,273.830976,0.004985,6.785153,340.589740,347.380109,347.760354,0.380245,347.979581
1767,vehicle0,1317.214000,1317.096000,1399.555544,1,ok,23288,20022,1,0.222886,0.010794,0.000255,0.085871,6.763408,6.628012,0.000100,36.678927,11.002475,1.027058,286.346110,0.003493,7.579680,348.531961,356.115389,356.456734,0.341345,356.690414
1768,vehicle0,1317.411000,1317.296000,1400.284880,1,ok,23355,19965,1,0.120243,0.007635,0.000298,0.092509,9.480760,10.777576,0.000112,32.719492,8.706985,0.769641,270.209151,0.004122,6.339165,332.756226,339.099811,339.338656,0.238845,339.466534
1769,vehicle0,1317.610000,1317.495000,1401.041901,1,ok,23274,19837,1,0.114424,0.007454,0.000360,0.069295,8.466703,9.024384,0.000101,37.953390,10.183716,0.695556,277.139756,0.004144,6.242124,343.532901,349.779529,350.164432,0.384903,350.286310
1770,vehicle0,1317.811000,1317.697000,1401.799832,1,ok,23215,19719,1,0.109562,0.008185,0.000412,0.090884,9.138338,10.003528,0.000103,46.583816,12.331956,0.975172,268.371502,0.012455,7.304669,347.495299,354.812835,355.235877,0.423042,355.353624
1771,vehicle0,1318.014000,1317.898000,1402.567212,1,ok,23186,19470,1,0.186912,0.005645,0.000130,0.057194,7.248223,6.807168,0.000110,34.762674,12.543963,0.890104,278.640101,0.003873,7.145832,340.949537,348.099372,348.366519,0.267147,348.559076
1772,vehicle0,1318.209000,1318.098000,1403.316265,1,ok,23309,19438,1,0.073335,0.009400,0.000429,0.073194,7.940258,6.202637,0.000076,33.049042,8.462246,0.734296,273.797723,0.003230,7.011968,330.259472,337.275099,337.519065,0.243966,337.601800
1773,vehicle0,1318.412000,1318.297000,1404.116706,1,ok,23488,19567,1,0.128557,0.006363,0.000306,0.091906,9.810173,8.640769,0.000146,43.047029,9.930832,0.799233,278.793818,0.003377,7.548171,351.113906,358.665760,358.905826,0.240066,359.040746
1774,vehicle0,1318.613000,1318.497000,1404.872041,1,ok,23727,19890,1,0.133205,0.016114,0.000118,0.091249,8.069123,6.170029,0.000085,34.553166,10.324761,0.696374,275.913319,0.010175,7.188888,335.818106,343.017287,343.428289,0.411002,343.577608
1775,vehicle0,1318.812000,1318.696000,1405.625330,1,ok,24158,20295,1,0.269430,0.017258,0.000260,0.098614,7.734890,6.218686,0.000110,33.150072,8.410384,0.705947,269.793217,0.019415,8.218590,326.111920,334.350185,334.580145,0.229960,334.866833
1776,vehicle0,1319.011000,1318.898000,1406.399710,1,ok,24667,20601,1,0.201874,0.005846,0.000196,0.056413,7.301135,6.791322,0.000156,34.847943,8.539509,0.772885,272.739790,0.004859,6.246989,331.049153,337.301197,337.560997,0.259800,337.768717
1777,vehicle0,1319.210000,1319.097000,1407.133743,1,ok,24930,20765,1,0.123992,0.005641,0.000177,0.082891,8.366800,9.734934,0.000102,42.514842,7.159528,0.706701,228.571699,0.003669,8.376324,297.137497,305.517667,305.757610,0.239943,305.887243
1778,vehicle0,1319.410000,1319.296000,1407.956468,1,ok,25077,20940,1,0.108660,0.006470,0.000219,0.118339,6.830094,6.106458,0.000167,30.635999,12.616636,1.376640,271.084938,0.004525,7.048230,328.769271,335.822245,336.373646,0.551401,336.488776
1779,vehicle0,1319.612000,1319.497000,1408.722063,1,ok,25308,21055,1,0.126869,0.006714,0.000292,0.093474,8.932774,8.270310,0.000122,36.400992,10.084933,0.990254,269.923278,0.004607,7.653675,334.696137,342.354711,342.773957,0.419246,342.907540
1780,vehicle0,1319.812000,1319.695000,1409.470211,1,ok,25666,21294,1,0.072829,0.004754,0.000233,0.059548,7.447698,6.015608,0.000096,35.990203,10.912518,0.732681,252.846459,0.012077,7.435045,314.004811,321.452166,321.698044,0.245878,321.775627
1781,vehicle0,1320.009000,1319.896000,1410.244757,1,ok,25805,21379,1,0.238585,0.007110,0.000182,0.091645,8.797089,6.005847,0.000093,30.404023,7.990273,0.697358,253.626301,0.005428,6.395823,307.612629,314.014062,314.270575,0.256513,314.516270
1782,vehicle0,1320.212000,1320.096000,1410.968915,1,ok,25870,21447,1,0.115134,0.038357,0.000469,0.063363,5.522246,5.631159,0.000145,30.283588,7.625678,0.771993,222.975718,0.015218,7.130626,272.873890,280.020203,280.295822,0.275619,280.449313
1783,vehicle0,1320.411000,1320.296000,1411.761500,1,ok,26012,21594,1,0.121148,0.011238,0.000312,0.107485,5.997865,5.794583,0.000077,35.437720,8.829042,0.832721,238.479536,0.004259,6.781011,295.479029,302.264611,302.593328,0.328717,302.725714
1784,vehicle0,1320.610000,1320.497000,1412.534414,1,ok,26211,21806,1,0.209753,0.005071,0.000166,0.054186,5.871137,6.390404,0.000185,32.838474,7.556896,0.713316,252.526746,0.004293,8.362087,305.951344,314.317890,314.609943,0.292053,314.824767
1785,vehicle0,1320.810000,1320.697000,1413.303269,1,ok,26339,21999,1,0.203227,0.006903,0.000232,0.090780,8.363330,9.642607,0.000105,31.586042,8.588735,0.917052,263.732816,0.004360,7.459392,322.921467,330.385451,330.665890,0.280439,330.876020
1786,vehicle0,1321.012000,1320.895000,1414.066898,1,ok,26485,22188,1,0.132868,0.005119,0.000251,0.057141,7.053645,6.971127,0.000084,31.702949,11.074313,0.937393,262.538718,0.019343,7.361655,320.335370,327.716619,328.009971,0.293352,328.147958
1787,vehicle0,1321.254000,1321.094000,1414.921220,1,ok,26481,22227,1,0.163669,0.007891,0.000242,0.091077,7.982238,8.761302,0.000277,41.469802,11.740122,0.931547,346.078761,0.005458,7.395691,417.055126,424.456517,424.994590,0.538073,425.166150
1788,vehicle0,1321.411000,1321.296000,1415.588510,1,ok,26384,22182,1,0.125579,0.006931,0.000160,0.090943,6.733620,5.664117,0.000098,31.515793,8.666676,0.729048,268.083626,0.026758,6.613244,321.483921,328.124083,328.405283,0.281200,328.537793
1789,vehicle0,1321.612000,1321.494000,1416.344211,1,ok,26304,22103,1,0.147002,0.005521,0.000204,0.093689,7.854343,6.407784,0.000251,35.707869,10.130465,0.700383,270.124904,0.004971,6.996355,331.019688,338.021218,338.274642,0.253424,338.427165
1790,vehicle0,1321.811000,1321.698000,1417.088005,1,ok,26330,22121,1,0.095918,0.004976,0.000223,0.055455,5.976662,5.654933,0.000088,34.657164,7.553639,0.715270,267.576361,0.004143,7.420831,322.189572,329.614769,329.826367,0.211598,329.927261
1791,vehicle0,1322.013000,1321.896000,1417.840452,1,ok,26305,22101,1,0.282849,0.011637,0.000170,0.094418,7.927374,6.487011,0.000083,29.383480,10.097449,0.738287,263.995463,0.013088,6.116060,318.723565,324.852883,325.170482,0.317599,325.464968
1792,vehicle0,1322.214000,1322.097000,1418.595130,1,ok,26372,22148,1,0.134694,0.006822,0.000234,0.086210,7.409830,5.629171,0.000088,32.358724,8.975388,0.734593,263.925789,0.004435,10.165738,319.119793,329.290200,329.536382,0.246182,329.677898
1793,vehicle0,1322.411000,1322.297000,1419.331516,1,ok,26372,22098,1,0.259852,0.006674,0.000178,0.093683,7.920083,6.285261,0.000081,32.932130,9.815340,0.723237,221.953033,0.003986,6.039697,279.722848,285.766709,286.046493,0.279784,286.313019
1794,vehicle0,1322.610000,1322.496000,1420.069980,1,ok,26386,22039,1,0.148403,0.008766,0.000370,0.122696,6.211952,5.701876,0.000109,30.957090,7.417208,0.714866,222.731405,0.004634,6.243244,273.857202,280.105450,280.971785,0.866335,281.128954
1795,vehicle0,1322.812000,1322.696000,1420.834762,1,ok,26297,21844,1,0.261410,0.006607,0.000556,0.087869,9.637591,7.096817,0.000074,31.580610,8.334603,0.735773,233.974150,0.004908,6.553910,291.447487,298.006861,298.291795,0.284934,298.559812
1796,vehicle0,1323.013000,1322.895000,1421.596857,1,ok,26214,21841,1,0.259549,0.007717,0.000302,0.094500,8.976757,8.504732,0.000164,38.925870,10.227098,1.019509,248.079899,0.018386,7.705958,315.828529,323.553175,323.976468,0.423293,324.243734
1797,vehicle0,1323.211000,1323.098000,1422.295139,1,ok,26185,21837,1,0.106168,0.006210,0.000349,0.062633,6.094847,5.954579,0.000151,28.029348,8.815436,0.931253,215.489620,0.004497,9.081789,265.377867,274.464502,274.998851,0.534349,275.111229
1798,vehicle0,1323.406000,1323.297000,1423.072571,1,ok,26317,21865,1,0.125532,0.290005,0.000181,0.097462,7.843500,6.419248,0.000104,31.343113,8.455397,0.728083,226.071730,0.003463,6.942710,280.958637,287.904991,288.253854,0.348863,288.669391
1799,vehicle0,1323.611000,1323.497000,1423.852552,1,ok,26576,21947,1,0.220310,0.009361,0.000162,0.093999,12.318394,7.988199,0.000084,39.004181,8.993307,0.698260,221.787262,0.003431,7.173195,290.883686,298.060474,298.346463,0.285989,298.576134
1800,vehicle0,1323.811000,1323.697000,1424.566616,1,ok,26842,22139,1,0.229845,0.009242,0.000218,0.108186,6.598852,6.339748,0.000121,29.185937,7.677147,0.708353,213.852738,0.017191,6.675523,264.471082,271.164014,271.416170,0.252156,271.655257
1801,vehicle0,1324.026000,1323.896000,1425.378775,1,ok,26929,22233,1,0.118861,0.007636,0.000361,0.098147,8.139726,9.959576,0.000115,39.202485,9.422523,1.018348,231.678202,0.013598,6.161873,299.519122,305.694954,306.290864,0.595910,306.417361
1802,vehicle0,1324.210000,1324.096000,1426.146484,1,ok,27058,22360,1,0.263953,0.010257,0.000304,0.103628,8.042975,5.585300,0.000095,33.088458,9.945492,0.885924,232.146350,0.004715,6.819093,289.798222,296.622334,297.041847,0.419513,297.316057
1803,vehicle0,1324.409000,1324.296000,1426.906556,1,ok,27118,22507,1,0.142031,0.008187,0.000257,0.086079,6.100306,6.176980,0.000088,31.176685,9.394293,0.754441,222.994540,0.004450,6.469054,276.683412,283.157173,283.395247,0.238074,283.545465
1804,vehicle0,1324.613000,1324.496000,1427.665436,1,ok,27016,22522,1,0.251244,0.010546,0.000256,0.066058,6.807077,6.099774,0.000175,32.352248,9.590156,0.903499,233.656065,0.004152,6.233890,289.475052,295.713350,296.037028,0.323678,296.298818
1805,vehicle0,1324.813000,1324.696000,1428.463864,1,ok,26993,22597,1,0.218893,0.006035,0.000143,0.053831,6.680302,5.488598,0.000074,35.416848,9.375928,0.987046,245.353752,0.005891,6.279627,303.356379,309.642040,309.947236,0.305196,310.172164
1806,vehicle0,1325.010000,1324.896000,1429.222373,1,ok,27009,22599,1,0.239429,0.008272,0.000405,0.093221,11.518638,8.022665,0.000097,36.394249,8.379683,0.845356,246.274100,0.004117,6.772821,311.528009,318.305352,318.679473,0.374121,318.927174
1807,vehicle0,1325.209000,1325.096000,1429.966869,1,ok,27127,22724,1,0.223331,0.008573,0.000213,0.082493,8.604702,5.408321,0.000075,32.074791,9.824500,0.748383,246.942697,0.017548,6.195042,303.685962,309.898765,310.153444,0.254679,310.385348
1808,vehicle0,1325.411000,1325.296000,1430.732723,1,ok,27273,22890,1,0.130117,0.010724,0.000275,0.085160,7.662435,6.088436,0.000531,32.502445,11.069908,0.716619,235.247719,0.003238,6.057095,293.373253,299.433861,299.695198,0.261337,299.836039
1809,vehicle0,1325.682000,1325.499000,1431.507571,1,ok,27397,22977,1,0.094220,0.007089,0.000377,0.106475,8.385898,7.414458,0.000107,33.298674,11.559560,0.689750,237.894478,0.003169,6.524714,299.349400,305.877660,306.117336,0.239676,306.218645
1810,vehicle0,1325.813000,1325.697000,1432.133033,1,ok,27433,23001,1,0.210037,0.004079,0.000253,0.054768,6.203975,6.048956,0.000080,33.053430,8.874604,0.858458,246.328078,0.003829,7.824295,301.422349,309.250726,309.490769,0.240043,309.704885
1811,vehicle0,1326.013000,1325.895000,1432.873284,1,ok,27362,22976,1,0.268188,0.009118,0.000271,0.086099,7.282730,5.961604,0.000086,32.618533,9.307368,0.759851,228.051682,0.004675,6.880360,284.067953,290.953259,291.203722,0.250463,291.481028
1812,vehicle0,1326.261000,1326.099000,1433.610156,1,ok,27410,23060,1,0.148287,0.007276,0.000243,0.098499,7.036016,5.678574,0.000147,30.786979,8.118068,0.714382,209.779103,0.016756,7.932226,262.211768,270.160993,270.401780,0.240787,270.557343
1813,vehicle0,1326.410000,1326.296000,1434.287493,1,ok,27372,23118,1,0.136490,0.005908,0.000341,0.062835,6.759076,5.537837,0.000139,32.899937,10.804727,0.792236,259.491235,0.003621,6.450718,316.348022,322.802702,323.061400,0.258698,323.203798
1814,vehicle0,1326.613000,1326.496000,1435.030443,1,ok,27409,23239,1,0.359890,0.016173,0.000231,0.098761,9.059066,6.331024,0.000116,29.760702,8.883070,0.833388,254.080775,0.003665,6.929088,309.046902,315.979886,316.462899,0.483013,316.838962
1815,vehicle0,1326.812000,1326.697000,1435.784245,1,ok,27419,23301,1,0.257015,0.013973,0.000201,0.097536,8.190909,6.828836,0.000144,32.752423,7.877935,0.746453,248.363448,0.002401,6.675575,304.857684,311.535861,311.757267,0.221406,312.028255
1816,vehicle0,1327.011000,1326.897000,1436.538691,1,ok,27430,23294,1,0.111749,0.006930,0.000243,0.097595,8.995242,9.177184,0.000230,32.048314,8.716441,0.794264,251.854823,0.007418,6.093227,311.684093,317.784981,318.225784,0.440803,318.344463
1817,vehicle0,1327.210000,1327.097000,1437.312939,1,ok,27480,23338,1,0.259909,0.006347,0.000219,0.106853,6.913247,6.577907,0.000087,34.234283,9.085466,0.815100,259.573949,0.003182,7.735151,317.306892,325.045444,325.344022,0.298578,325.610278
1818,vehicle0,1327.411000,1327.295000,1438.076323,1,ok,27535,23372,1,0.297525,0.007902,0.000301,0.105044,9.191022,6.348179,0.000101,33.414265,10.014866,0.685589,262.714724,0.015153,6.361838,322.473790,328.851082,329.189409,0.338327,329.494836
1819,vehicle0,1327.619000,1327.499000,1438.845723,1,ok,27607,23605,1,0.244732,0.011544,0.000250,0.096252,11.470249,6.406482,0.000080,35.423370,9.923789,0.693520,263.949824,0.004087,6.358942,327.963566,334.326845,334.645116,0.318271,334.901392
1820,vehicle0,1327.810000,1327.697000,1439.552090,1,ok,27650,23868,1,0.206111,0.004106,0.000198,0.057379,7.216576,5.708724,0.000122,30.586732,9.323889,1.190504,259.051657,0.025233,9.345808,313.135583,322.506822,322.914197,0.407375,323.124414
1821,vehicle0,1328.011000,1327.897000,1440.336484,1,ok,27605,23955,1,0.110520,0.005579,0.000187,0.085093,7.121427,5.982996,0.000113,32.366984,11.291111,0.723326,275.388356,0.004762,6.073566,332.959406,339.037921,339.418161,0.380240,339.534260
1822,vehicle0,1328.210000,1328.095000,1441.043738,1,ok,27585,23991,1,0.112033,0.015963,0.000306,0.104555,6.404827,6.103821,0.000101,32.656828,7.525655,0.755976,222.142800,0.002851,8.958324,275.694563,284.656044,285.024548,0.368504,285.152544
1823,vehicle0,1328.413000,1328.295000,1441.878962,1,ok,27486,23934,1,0.198908,0.009008,0.000271,0.086338,7.008038,5.216808,0.000096,35.612776,10.440534,0.864835,278.134978,0.026603,7.351334,337.364403,344.742611,345.060410,0.317799,345.268326
1824,vehicle0,1328.610000,1328.498000,1442.620997,1,ok,27444,23940,1,0.126799,0.006739,0.000277,0.090664,6.293269,5.561977,0.000104,31.566379,11.112039,0.802565,258.825707,0.002817,7.685460,314.252704,321.941258,322.374807,0.433549,322.508345
1825,vehicle0,1328.812000,1328.696000,1443.403997,1,ok,27435,23984,1,0.126448,0.016874,0.000347,0.116847,6.478026,9.084867,0.000079,30.255948,9.769431,0.702336,267.110004,0.004021,6.370361,323.517538,329.892267,330.240417,0.348150,330.383739
1826,vehicle0,1329.010000,1328.894000,1444.149420,1,ok,27361,23944,1,0.092768,0.011932,0.000290,0.115847,8.043276,6.029350,0.000122,32.091889,11.027624,0.846461,268.699219,0.003325,7.058013,326.853788,333.915416,334.315860,0.400444,334.420560
1827,vehicle0,1329.213000,1329.096000,1444.895888,1,ok,27257,23878,1,0.152919,0.009930,0.000309,0.119588,6.566708,7.459339,0.000153,32.953891,8.307723,0.742853,266.437968,0.008877,8.546507,322.588223,331.143916,331.688937,0.545021,331.851786
1828,vehicle0,1329.415000,1329.296000,1445.681784,1,ok,27213,23848,1,0.134530,0.010065,0.000189,0.087156,6.288082,6.762628,0.000123,32.808424,7.667238,0.687259,291.006119,0.026210,11.021602,345.307029,356.355030,356.610805,0.255775,356.755400
1829,vehicle0,1329.614000,1329.495000,1446.451347,1,ok,27121,23735,1,0.127779,0.004913,0.000370,0.055555,6.110539,7.081156,0.000161,36.593606,10.332067,0.703251,290.940619,0.003793,8.354513,351.816954,360.175630,360.405254,0.229624,360.537946
1830,vehicle0,1329.838000,1329.697000,1447.230759,1,ok,27161,23739,1,0.090300,0.006539,0.000243,0.102480,8.994727,7.278122,0.000125,42.123292,9.067544,0.708617,307.605700,0.003992,8.804040,375.880607,384.688882,385.008910,0.320028,385.105749
1831,vehicle0,1330.040000,1329.896000,1447.984333,1,ok,27165,23741,1,0.267465,0.013915,0.000154,0.099945,9.454300,7.766596,0.000113,44.483386,13.911942,1.094962,292.569879,0.003681,9.850399,369.381123,379.235357,379.642099,0.406742,379.923479
1832,vehicle0,1330.212000,1330.094000,1448.723581,1,ok,27198,23799,1,0.237748,0.007861,0.000227,0.102134,6.587916,6.036062,0.000216,30.383503,10.814499,0.814169,299.031161,0.005356,9.465058,353.769660,363.240301,363.801205,0.560904,364.046814
1833,vehicle0,1330.414000,1330.295000,1449.498020,1,ok,27149,23790,1,0.270540,0.006147,0.000268,0.093723,9.073295,6.681759,0.000088,32.636951,8.930587,0.691013,291.580510,0.004619,7.245750,349.687926,356.938563,357.302915,0.364352,357.579602
1834,vehicle0,1330.620000,1330.503000,1450.249055,1,ok,27014,23672,1,0.246385,0.006427,0.000302,0.090074,8.554677,5.689103,0.000116,28.415717,7.017100,0.885220,271.850826,0.012238,6.897011,322.502833,329.412384,329.852196,0.439812,330.105008
1835,vehicle0,1330.910000,1330.705000,1451.073637,1,ok,26796,23406,1,0.110424,0.009606,0.000139,0.089098,8.812599,5.587591,0.000091,35.285617,12.249876,0.934272,345.100920,0.004091,7.392158,408.060064,415.456452,415.737653,0.281201,415.857683
1836,vehicle0,1331.062000,1330.903000,1451.709707,1,ok,26763,23165,1,0.105547,0.012479,0.000244,0.097804,9.514536,6.786360,0.000113,33.999698,16.265579,0.808358,327.720458,0.003506,7.547782,395.192906,402.744438,403.114576,0.370138,403.232602
1837,vehicle0,1331.259000,1331.104000,1452.470911,1,ok,26942,23173,1,0.089664,0.008002,0.000265,0.106153,11.712019,5.220648,0.000097,30.541141,10.556444,0.695729,325.454252,0.004693,7.938644,384.286483,392.230085,392.542363,0.312278,392.640029
1838,vehicle0,1331.477000,1331.304000,1453.258026,1,ok,27090,23301,1,0.284076,0.008246,0.000405,0.090508,10.756458,5.578014,0.000114,31.275248,10.631567,0.882331,338.442837,0.003959,8.239973,397.657077,405.901414,406.324552,0.423138,406.616874
1839,vehicle0,1331.704000,1331.503000,1454.008711,1,ok,27171,23465,1,0.227302,0.006733,0.000276,0.070608,6.547514,5.640676,0.000083,36.366219,15.403069,0.689447,329.605460,0.014986,7.676652,394.323076,402.014990,402.262278,0.247288,402.496313
1840,vehicle0,1331.900000,1331.704000,1454.676028,1,ok,27187,23514,1,0.136757,0.005452,0.000439,0.059104,8.020636,5.993959,0.000233,27.242056,8.538677,0.856457,303.292642,0.003434,8.076008,354.003764,362.083645,362.609851,0.526206,362.752060
1841,vehicle0,1332.068000,1331.902000,1455.386899,1,ok,27237,23655,1,0.320488,0.010732,0.000333,0.084155,9.191579,6.273328,0.000191,37.457317,9.551006,0.740000,330.992372,0.003300,8.399066,394.289948,402.692647,403.248252,0.555605,403.579472
1842,vehicle0,1332.304000,1332.104000,1456.120761,1,ok,27256,23749,1,0.128912,0.012448,0.000760,0.097839,10.841362,5.416073,0.000191,29.722480,10.345697,0.932582,317.359798,0.003327,7.457641,374.716022,382.177750,382.583154,0.405404,382.724514
1843,vehicle0,1332.483000,1332.304000,1456.799569,1,ok,27211,23783,1,0.164816,0.008396,0.000303,0.102965,7.091439,4.969086,0.000091,31.221773,8.504078,1.527704,340.845323,0.004263,8.376572,394.262459,402.643597,402.984639,0.341042,403.157851
1844,vehicle0,1332.684000,1332.503000,1457.590722,1,ok,27248,23725,1,0.153442,0.007952,0.000277,0.091778,11.136290,5.442554,0.000076,30.700943,13.296793,0.891939,359.412920,0.013934,7.627113,420.973293,428.614617,429.326433,0.711816,429.487827
1845,vehicle0,1332.903000,1332.705000,1458.360237,1,ok,27318,23647,1,0.297623,0.008722,0.000277,0.085423,8.722996,5.828498,0.000094,32.293622,12.424333,0.916934,358.381764,0.013012,7.154899,418.653664,425.821852,426.097957,0.276105,426.404302
1846,vehicle0,1333.094000,1332.903000,1459.064254,1,ok,27415,23593,1,0.135450,0.007689,0.000385,0.097261,9.611312,4.693259,0.000219,32.192827,12.040226,0.759619,369.771166,0.003822,7.932897,429.165889,437.102993,437.386893,0.283900,437.530032
1847,vehicle0,1333.275000,1333.104000,1459.832325,1,ok,27416,23581,1,0.236178,0.011765,0.000306,0.064844,7.139794,5.005569,0.000102,34.484579,10.317557,0.736912,368.322346,0.003453,7.084097,426.071703,433.159559,433.421151,0.261592,433.669094
1848,vehicle0,1333.479000,1333.304000,1460.586505,1,ok,27502,23745,1,0.234879,0.012116,0.000301,0.096471,8.798402,4.473134,0.000142,30.897341,11.399433,0.688707,335.182643,0.007484,11.041809,391.536273,402.585867,403.187730,0.601863,403.434725
1849,vehicle0,1333.658000,1333.503000,1461.353810,1,ok,27454,23790,1,0.126951,0.007545,0.000327,0.099469,11.289981,5.307875,0.000084,33.885772,12.983341,0.914633,335.109083,0.003995,8.686791,399.590238,408.281351,408.998016,0.716665,409.132512
1850,vehicle0,1333.828000,1333.703000,1462.111048,1,ok,27343,23721,1,0.214635,0.006714,0.000323,0.096761,6.741582,6.137050,0.000091,28.854662,9.759692,0.750663,312.079248,0.011016,7.174174,364.419749,371.605262,372.080516,0.475254,372.301865
1851,vehicle0,1334.034000,1333.903000,1462.924940,1,ok,27255,23666,1,0.211016,0.006476,0.000310,0.102479,7.266230,4.687408,0.000182,30.310231,9.613919,0.686002,328.447892,0.037929,6.764811,381.114343,387.917393,388.174593,0.257200,388.392085
1852,vehicle0,1334.253000,1334.103000,1463.746122,1,ok,27210,23592,1,0.240232,0.007367,0.000328,0.103590,10.952315,6.495019,0.000126,36.530014,12.618282,0.708407,339.089202,0.004048,6.883234,406.496955,413.384565,413.772307,0.387742,414.019906
1853,vehicle0,1334.454000,1334.304000,1464.542351,1,ok,27164,23403,1,0.133198,0.008575,0.000223,0.104992,11.100134,4.996304,0.000147,29.784377,11.238716,0.858712,330.930016,0.004271,8.350882,389.013398,397.368774,397.726365,0.357591,397.868138
1854,vehicle0,1334.625000,1334.503000,1465.312027,1,ok,27150,23238,1,0.229960,0.012254,0.000340,0.110499,9.305761,5.998962,0.000112,27.072326,10.303014,0.738836,325.952113,0.003953,7.055724,379.481623,386.541640,386.927313,0.385673,387.169527
1855,vehicle0,1334.833000,1334.704000,1466.110502,1,ok,27093,23223,1,0.213097,0.005238,0.000186,0.056228,6.805671,6.400193,0.000158,31.942384,10.286751,0.696540,315.756243,0.004817,6.802209,371.944168,378.751380,379.177116,0.425736,379.395451
1856,vehicle0,1335.039000,1334.905000,1466.908240,1,ok,27051,23307,1,0.347119,0.010812,0.000406,0.094312,7.929858,3.984043,0.000213,28.434910,9.470100,0.693180,323.136110,0.065816,7.916587,373.742726,381.725535,382.051955,0.326420,382.409886
1857,vehicle0,1335.264000,1335.104000,1467.650227,1,ok,27092,23438,1,0.660337,0.006443,0.000198,0.062528,13.875644,4.382980,0.000088,33.253757,11.305734,0.978978,362.358317,0.010497,10.274283,426.218026,436.503004,437.248181,0.745177,437.914961
1858,vehicle0,1335.485000,1335.304000,1468.432340,1,ok,27077,23361,1,0.219690,0.007378,0.000248,0.106797,12.674877,5.452545,0.000175,30.379491,10.789811,0.682825,357.072689,0.004897,6.648092,417.159210,423.812447,424.103584,0.291137,424.330652
1859,vehicle0,1335.680000,1335.503000,1469.214209,1,ok,26888,23104,1,0.102884,0.008915,0.000348,0.105501,12.823374,5.766361,0.000114,35.173057,11.007291,0.803053,355.615322,0.005714,7.979703,421.294073,429.279838,429.786829,0.506991,429.898628
1860,vehicle0,1335.903000,1335.706000,1469.962277,1,ok,26654,22721,1,0.165380,0.007921,0.000299,0.099430,8.157495,4.923382,0.000118,31.294159,9.986274,0.767272,335.897547,0.003829,7.267239,391.125677,398.397044,398.813287,0.416243,398.986588
1861,vehicle0,1336.057000,1335.903000,1470.641921,1,ok,26530,22507,1,0.255587,0.012125,0.000159,0.091673,9.415127,4.132277,0.000122,27.315529,10.296886,0.691311,324.999527,0.069607,6.823333,376.942452,383.835551,384.208954,0.373403,384.476666
1862,vehicle0,1336.225000,1336.104000,1471.405777,1,ok,26503,22478,1,0.133655,0.006482,0.000254,0.079731,7.712079,4.879049,0.000132,27.373291,9.354423,0.808945,327.576927,0.013627,9.341894,377.784577,387.140352,387.610409,0.470057,387.750546
1863,vehicle0,1336.437000,1336.303000,1472.202563,1,ok,26638,22726,1,0.128983,0.007926,0.000301,0.088389,8.144675,4.056805,0.000090,26.539312,11.842296,0.899210,317.382387,0.003450,6.797950,368.953164,375.754865,376.250595,0.495730,376.387504
1864,vehicle0,1336.630000,1336.503000,1472.968383,1,ok,26743,22853,1,0.240837,0.007616,0.000282,0.090526,7.798427,3.993041,0.000119,28.638578,9.103801,0.682102,306.430665,0.003102,7.141843,356.737259,363.882486,364.239141,0.356655,364.487594
1865,vehicle0,1336.834000,1336.703000,1473.751108,1,ok,26760,22899,1,0.278482,0.010161,0.000373,0.114670,9.333025,5.216739,0.000139,30.963555,8.942970,0.740629,310.670958,0.002457,8.032986,365.982685,374.018501,374.543730,0.525229,374.832373
1866,vehicle0,1337.039000,1336.902000,1474.525994,1,ok,26760,22907,1,0.100555,0.007659,0.000378,0.110265,11.217301,8.375564,0.000093,32.547060,8.320302,0.677976,304.628638,0.009341,8.290566,365.877199,374.177484,374.693387,0.515903,374.801601
1867,vehicle0,1337.218000,1337.103000,1475.286045,1,ok,26826,22949,1,0.126180,0.010767,0.000184,0.100449,8.596592,4.394605,0.000113,24.216899,10.539015,0.749259,312.063585,0.071990,7.853672,360.660517,368.586363,368.994254,0.407891,369.131201
1868,vehicle0,1337.459000,1337.303000,1476.096079,1,ok,26938,23050,1,0.231245,0.009742,0.000138,0.089887,10.512599,3.534386,0.000114,26.309968,10.511875,0.892298,340.332571,0.003238,6.789493,392.183698,398.976567,399.392106,0.415539,399.633093
1869,vehicle0,1337.647000,1337.503000,1476.873141,1,ok,27013,23117,1,0.176049,0.065015,0.000306,0.130916,11.867130,3.590437,0.000076,29.628302,10.730580,0.919084,329.435251,0.003997,6.474212,386.301776,392.780291,393.754358,0.974067,393.995422
1870,vehicle0,1337.889000,1337.703000,1477.692187,1,ok,27098,23041,1,0.115520,0.008228,0.000420,0.118375,12.682789,5.024057,0.000110,33.020798,13.314205,0.811774,340.725349,0.005128,8.595365,405.697457,414.298370,414.880418,0.582048,415.004166
1871,vehicle0,1338.064000,1337.903000,1478.451795,1,ok,27028,22827,1,0.220295,0.009606,0.000163,0.080918,9.815414,3.576411,0.000081,27.726431,11.347705,0.944131,334.635881,0.004686,7.551089,388.126972,395.682910,396.038103,0.355193,396.268004
1872,vehicle0,1338.248000,1338.105000,1479.233313,1,ok,26981,22778,1,0.134189,0.015189,0.000251,0.061480,10.128352,3.727546,0.000126,28.273978,15.879737,0.722364,332.661727,0.135901,8.911015,391.455310,400.502477,401.013122,0.510645,401.162500
1873,vehicle0,1338.455000,1338.304000,1480.034743,1,ok,27037,22887,1,0.144489,0.006023,0.000218,0.095897,9.791541,3.980186,0.000246,26.348938,10.119370,1.395490,339.550541,0.036789,9.315560,391.282209,400.634776,401.479719,0.844943,401.630231
1874,vehicle0,1338.618000,1338.503000,1480.762071,1,ok,27109,23042,1,0.279455,0.007841,0.000222,0.098144,10.786794,4.505193,0.000149,30.541543,9.193420,0.728754,288.949273,0.101161,6.398694,344.803270,351.303347,351.746900,0.443553,352.034196
1875,vehicle0,1338.818000,1338.704000,1481.555642,1,ok,27131,23083,1,0.129601,0.005822,0.000194,0.067540,7.662519,3.206596,0.000089,24.328908,10.106518,0.747797,303.418492,0.004971,7.684854,349.538459,357.228478,357.543593,0.315115,357.679016
1876,vehicle0,1339.018000,1338.903000,1482.331802,1,ok,27173,23059,1,0.257109,0.007735,0.000222,0.103145,9.078171,3.898322,0.000154,23.222725,8.304950,0.673317,268.837526,0.004798,7.572125,314.118310,321.695455,322.266358,0.570903,322.531202
1877,vehicle0,1339.221000,1339.103000,1483.222058,1,ok,27193,23032,1,0.211975,0.007408,0.000243,0.099480,8.588234,4.228845,0.000215,32.542693,12.988465,0.935980,300.242950,0.006226,9.380980,359.626862,369.014311,369.335960,0.321649,369.555343
1878,vehicle0,1339.425000,1339.302000,1484.054091,1,ok,27235,22985,1,0.121184,0.012156,0.000462,0.081812,12.278921,4.271539,0.000240,26.708812,8.290767,0.916405,314.859719,0.013822,7.554039,367.408215,374.976538,375.470422,0.493884,375.603762
1879,vehicle0,1339.618000,1339.503000,1484.832784,1,ok,27321,22996,1,0.252318,0.007980,0.000131,0.074564,7.032268,3.723642,0.000085,24.933710,9.642797,0.774562,289.233356,0.003773,7.818482,335.414984,343.237370,343.735231,0.497861,343.995529
1880,vehicle0,1339.815000,1339.703000,1485.649616,1,ok,27367,23037,1,0.129051,0.012100,0.000372,0.090224,7.549652,3.486251,0.000024,21.956968,9.565536,0.914027,274.727872,0.004340,9.109349,318.290554,327.404615,327.812922,0.408307,327.954073
1881,vehicle0,1340.039000,1339.903000,1486.555991,1,ok,27464,23201,1,0.303885,0.198242,0.000262,0.104058,17.361178,4.371839,0.000093,30.877651,14.699658,0.750163,316.477907,0.010619,9.407709,384.642547,394.061137,394.518914,0.457777,395.021041
1882,vehicle0,1340.220000,1340.102000,1487.355078,1,ok,27527,23328,1,0.258792,0.008875,0.000556,0.111469,15.372095,4.173042,0.000210,32.649871,9.870480,0.689087,303.975718,0.005196,9.981279,366.841972,376.829003,377.386723,0.557720,377.654390
1883,vehicle0,1340.422000,1340.302000,1488.207224,1,ok,27599,23399,1,0.171563,0.011157,0.000333,0.110443,15.492223,4.233444,0.000128,33.284724,11.399325,0.703754,316.660366,0.249445,9.342918,381.884407,391.477103,392.119379,0.642276,392.302099
1884,vehicle0,1340.620000,1340.504000,1489.035412,1,ok,27524,23289,1,0.132145,0.284861,0.000431,0.086668,10.076149,3.445254,0.000080,29.406006,11.379375,0.705852,324.518822,0.003679,6.654315,379.618206,386.276631,386.718845,0.442214,387.135851
1885,vehicle0,1340.818000,1340.701000,1489.863632,1,ok,27443,23183,1,0.117012,0.007036,0.000431,0.099708,11.706472,4.566282,0.000125,29.257200,10.520339,0.833984,295.850587,0.003993,6.669645,352.834697,359.508766,360.188662,0.679896,360.312710
1886,vehicle0,1341.021000,1340.904000,1490.728888,1,ok,27443,23151,1,0.254308,0.006220,0.000172,0.100129,10.396094,3.276185,0.000194,24.238889,9.427391,0.912992,282.827355,0.003982,7.466492,331.179229,338.649875,339.036878,0.387003,339.297406
1887,vehicle0,1341.218000,1341.104000,1491.616810,1,ok,27541,23172,1,0.140803,0.010617,0.000345,0.070786,17.695320,3.547518,0.000200,28.259698,12.881415,0.916972,287.683223,0.005012,8.317167,351.055132,359.377656,360.087004,0.709348,360.238424
1888,vehicle0,1341.413000,1341.304000,1492.463402,1,ok,27709,23287,1,0.274835,0.007058,0.000510,0.111284,10.178239,3.541746,0.000249,29.801869,12.822042,0.799406,273.386188,0.003943,6.236333,330.641023,336.881809,337.237684,0.355875,337.519577
1889,vehicle0,1341.635000,1341.501000,1493.371535,1,ok,27805,23311,1,0.269697,0.015597,0.000699,0.172578,18.008996,2.669242,0.000192,36.462106,16.330931,0.705671,309.137327,0.059068,7.883153,383.487043,391.429963,392.012918,0.582955,392.298212
1890,vehicle0,1341.824000,1341.704000,1494.181191,1,ok,27521,23095,1,0.092738,0.007690,0.000304,0.119763,11.781177,3.095268,0.000179,29.564606,13.780437,0.921552,296.360427,0.004405,6.780911,355.623409,362.409029,362.745795,0.336766,362.846223
1891,vehicle0,1342.018000,1341.901000,1495.038305,1,ok,27308,22877,1,0.138882,0.009647,0.000346,0.135177,11.601824,3.843805,0.000122,34.865882,12.281512,0.797230,271.277308,0.004182,6.155875,334.802860,340.963263,341.487234,0.523971,341.635763
1892,vehicle0,1342.212000,1342.101000,1495.858553,1,ok,27180,22689,1,0.138939,0.008633,0.000222,0.106316,8.547406,4.002031,0.000297,32.048827,11.094567,0.869134,236.312664,0.006684,7.007923,292.981242,299.996071,300.609546,0.613475,300.757118
1893,vehicle0,1342.417000,1342.303000,1496.752993,1,ok,27086,22532,1,0.251856,0.006689,0.000140,0.092059,7.643972,5.756580,0.000144,24.148531,10.714799,0.720307,237.249558,0.003484,6.485491,286.325950,292.815065,293.268440,0.453375,293.526985
1894,vehicle0,1342.618000,1342.503000,1497.610405,1,ok,26903,22313,1,0.095516,0.007324,0.000324,0.099164,7.097157,2.916516,0.000075,24.897902,11.071998,1.005452,235.575784,0.003573,6.124359,282.664048,288.792304,289.191876,0.399572,289.294716
1895,vehicle0,1342.812000,1342.704000,1498.435058,1,ok,26752,22142,1,0.120559,0.011453,0.000449,0.107564,5.475809,3.361773,0.000174,23.216118,11.384045,1.000414,227.338501,0.103695,7.739023,271.884398,279.727565,280.410521,0.682956,280.542533
1896,vehicle0,1343.019000,1342.902000,1499.365361,1,ok,26600,21987,1,0.402523,0.008407,0.000320,0.091706,7.325431,4.541658,0.000101,23.792376,12.583496,0.708945,270.788977,0.003928,6.172376,319.832690,326.009314,326.347018,0.337704,326.757948
1897,vehicle0,1343.218000,1343.103000,1500.172615,1,ok,26586,21968,1,0.136769,0.011854,0.000538,0.110381,6.411447,6.496627,0.000189,18.403476,9.806599,0.754173,240.942600,0.003811,7.837556,282.925492,290.767397,292.000913,1.233516,292.149536
1898,vehicle0,1343.415000,1343.303000,1500.990640,1,ok,26674,22043,1,0.272859,0.007794,0.000351,0.094491,5.139015,2.569336,0.000089,24.966562,16.133850,0.720469,232.083807,0.004851,7.659732,281.707619,289.372553,289.752046,0.379493,290.032699
1899,vehicle0,1343.622000,1343.504000,1501.807568,1,ok,26686,22018,1,0.213463,0.012939,0.000319,0.142542,12.427623,3.454229,0.000104,38.325477,11.597673,0.766825,280.459980,0.007860,9.122220,347.174453,356.304852,356.683088,0.378236,356.909490
1900,vehicle0,1343.816000,1343.706000,1502.637033,1,ok,26662,21943,1,0.224670,0.009712,0.000264,0.095795,10.426531,2.481061,0.000084,32.467917,11.182876,0.725086,248.751984,0.023144,6.856629,306.131334,313.011371,313.339758,0.328387,313.574140
1901,vehicle0,1344.016000,1343.903000,1503.508799,1,ok,26576,21805,1,0.114891,0.010007,0.000204,0.099925,13.766649,3.168613,0.000126,31.959369,11.482570,0.761746,292.313898,0.003880,7.274852,353.552896,360.831832,361.272435,0.440603,361.397333
1902,vehicle0,1344.218000,1344.104000,1504.343214,1,ok,26499,21639,1,0.127382,0.009949,0.000225,0.105146,10.804057,3.310616,0.000109,29.836070,14.214266,0.732899,266.313504,0.003470,8.242189,325.316667,333.562551,333.945410,0.382859,334.082741
1903,vehicle0,1344.416000,1344.303000,1505.161001,1,ok,26332,21378,1,0.236869,0.007215,0.000268,0.094824,7.230078,2.652821,0.000095,32.593072,13.796966,0.921488,262.504132,0.004710,7.108252,319.793476,326.906706,327.286458,0.379752,327.530542
1904,vehicle0,1344.621000,1344.503000,1506.006779,1,ok,26166,21154,1,0.109780,0.006633,0.000263,0.063496,10.186630,3.678975,0.000139,43.813643,18.237138,1.007717,256.546786,0.004051,7.303787,333.534524,340.842625,341.484367,0.641742,341.600780
1905,vehicle0,1344.814000,1344.703000,1506.904812,1,ok,26042,20976,1,0.124143,0.005035,0.000235,0.060574,17.707792,2.805819,0.000142,29.757085,16.726309,0.851001,287.337627,0.012950,8.465604,355.246349,363.725138,364.047698,0.322560,364.176876
1906,vehicle0,1345.018000,1344.901000,1507.762909,1,ok,25890,20714,1,0.465377,0.007809,0.000357,0.110036,14.340520,3.600668,0.000078,27.698683,14.802252,0.727250,265.468562,0.012631,7.339695,326.748049,334.100732,334.729826,0.629094,335.203012
1907,vehicle0,1345.230000,1345.103000,1508.610291,1,ok,25707,20384,1,0.240284,0.007958,0.000275,0.101141,8.917950,3.215083,0.000132,27.963824,13.519591,0.857610,259.516746,0.005176,6.575688,314.092077,320.673216,321.101356,0.428140,321.349598
1908,vehicle0,1345.419000,1345.303000,1509.457534,1,ok,25401,19957,1,0.123670,0.004783,0.000180,0.062304,6.092314,2.465730,0.000126,36.431105,12.271435,0.934515,236.909082,0.004941,6.489377,295.166611,301.661109,302.199601,0.538492,302.328054
1909,vehicle0,1345.622000,1345.503000,1510.320958,1,ok,25177,19673,1,0.312893,0.496600,0.000264,0.087300,8.013978,2.795132,0.000094,37.560272,13.145689,0.992640,244.323326,0.020813,8.784404,306.918431,315.723912,316.420714,0.696802,317.230207
1910,vehicle0,1345.817000,1345.705000,1511.203512,1,ok,25060,19410,1,0.105362,0.012458,0.000203,0.102518,10.356229,2.934919,0.000122,26.154735,10.969626,0.912615,263.860702,0.004076,8.819365,315.291466,324.115110,324.591210,0.476100,324.709030
1911,vehicle0,1346.019000,1345.903000,1512.115574,1,ok,24924,19145,1,0.220440,0.010058,0.000255,0.100394,17.130327,2.896843,0.000086,33.069317,13.865938,0.708216,312.939543,0.013625,9.188487,380.710664,389.913031,390.231222,0.318191,390.461720
1912,vehicle0,1346.219000,1346.104000,1512.956745,1,ok,24839,18940,1,0.253220,1.881773,0.000288,0.101326,11.627318,3.803462,0.000099,28.022550,12.704426,0.701079,307.738622,0.010933,8.903462,364.698882,373.613565,374.052239,0.438674,376.187232
1913,vehicle0,1346.425000,1346.303000,1513.805926,1,ok,24797,18803,1,0.296531,0.010757,0.000328,0.120291,9.011482,2.709049,0.000145,33.290983,16.204300,0.820757,320.850549,0.005312,8.916596,383.007556,391.929792,392.470457,0.540665,392.777745
1914,vehicle0,1346.619000,1346.504000,1514.635627,1,ok,24802,18722,1,0.231569,0.008190,0.000236,0.105050,10.980266,3.799709,0.000138,30.149501,13.022966,0.696656,326.363087,0.004955,6.248938,385.117373,391.371502,391.736426,0.364924,391.976185
1915,vehicle0,1346.833000,1346.704000,1515.509437,1,ok,24886,18721,1,0.155563,0.137440,0.000273,0.115128,11.634910,2.602515,0.000086,29.350149,12.915735,0.829374,320.281425,0.007127,7.876220,377.729322,385.612942,385.988932,0.375990,386.281935
1916,vehicle0,1347.038000,1346.905000,1516.381675,1,ok,24987,18726,1,0.135501,0.007125,0.000219,0.122967,15.589801,3.851730,0.000149,33.350873,14.237793,0.723039,340.466106,0.027514,9.356259,408.342458,417.726450,418.153157,0.426707,418.295783
1917,vehicle0,1347.220000,1347.105000,1517.204632,1,ok,25118,18767,1,0.093068,0.005504,0.000254,0.099598,13.580190,3.020532,0.000185,37.890043,20.598428,0.722770,327.454145,0.003849,8.663068,403.365891,412.033062,412.313183,0.280121,412.411755
1918,vehicle0,1347.432000,1347.305000,1518.075333,1,ok,25338,18831,1,0.215207,0.007725,0.000262,0.107280,12.944702,2.723943,0.000076,31.617233,20.190079,0.927681,331.906243,0.004865,7.507809,400.417237,407.930173,408.610836,0.680663,408.833768
1919,vehicle0,1347.635000,1347.505000,1518.939287,1,ok,25514,18898,1,0.107260,0.136215,0.000219,0.107676,14.062586,3.201439,0.000105,33.943171,27.590735,0.704319,334.556704,0.004007,9.128864,414.166735,423.299825,423.652427,0.352602,423.895902
1920,vehicle0,1347.862000,1347.705000,1519.813657,1,ok,25644,18894,1,0.133943,0.006846,0.000222,0.116065,16.288135,3.453674,0.000124,37.194708,13.989189,0.809193,339.929010,0.004964,6.807291,411.780098,418.592575,419.100925,0.508350,419.241714
1921,vehicle0,1348.104000,1347.907000,1520.676290,1,ok,25729,18860,1,0.239790,0.009066,0.000364,0.116443,10.522869,2.786630,0.000079,32.590977,14.158066,0.750076,351.542258,0.019048,8.037334,412.467398,420.524144,420.880199,0.356055,421.129055
1922,vehicle0,1348.222000,1348.104000,1521.376213,1,ok,25737,18840,1,0.157215,0.008147,0.000489,0.173458,9.531396,3.034737,0.000111,28.190407,14.071135,0.710194,329.377040,0.003782,8.421901,385.088478,393.514650,394.013224,0.498574,394.178586
1923,vehicle0,1348.418000,1348.304000,1522.184603,1,ok,25726,18815,1,0.313236,0.009793,0.000310,0.093847,8.368111,2.446081,0.000088,25.734966,11.517964,0.907009,300.011693,0.003700,7.024507,349.079759,356.108276,356.397452,0.289176,356.720481
1924,vehicle0,1348.628000,1348.504000,1523.051043,1,ok,25759,18862,1,0.400115,0.009291,0.000231,0.106354,11.310083,3.161654,0.000113,27.524031,12.590605,0.746830,334.017849,0.003602,6.985977,389.457519,396.447329,397.065175,0.617846,397.474581
1925,vehicle0,1348.830000,1348.704000,1523.895165,1,ok,25812,18932,1,0.092018,0.006628,0.000368,0.111458,11.572228,3.056459,0.000138,31.559517,13.656895,0.687507,328.121482,0.003952,8.912238,388.765684,397.682242,397.982118,0.299876,398.080764
1926,vehicle0,1349.021000,1348.904000,1524.778345,1,ok,25873,18952,1,0.143102,0.012938,0.000294,0.107033,9.232745,3.030624,0.000100,29.196043,11.446179,0.713023,345.847863,0.003790,7.601824,399.573610,407.179518,407.539066,0.359548,407.695106
1927,vehicle0,1349.238000,1349.103000,1525.637431,1,ok,25958,18935,1,0.347755,0.007885,0.000154,0.121230,12.508790,3.259652,0.000110,32.719179,14.195149,0.714414,344.601183,0.012381,7.126865,408.119707,415.259107,415.574558,0.315451,415.930198
1928,vehicle0,1349.476000,1349.303000,1526.491197,1,ok,25999,18839,1,0.166837,0.005842,0.000385,0.104745,13.124879,2.807920,0.000112,28.848735,13.318429,0.931977,361.316456,0.025649,11.881367,420.453253,432.360654,433.087699,0.727045,433.260378
1929,vehicle0,1349.678000,1349.503000,1527.333502,1,ok,26012,18825,1,0.220878,0.517444,0.000297,0.099842,11.361624,3.134711,0.000109,36.482992,14.373450,1.456687,373.844236,0.010318,7.756526,440.753651,448.520792,449.082206,0.561414,449.820528
1930,vehicle0,1349.814000,1349.703000,1528.125456,1,ok,25998,18800,1,0.208949,0.004019,0.000263,0.064015,10.357536,2.485582,0.000193,26.909557,15.152623,0.872980,335.564900,0.013005,11.293058,391.407386,402.713712,403.533910,0.820198,403.746878
1931,vehicle0,1350.067000,1349.904000,1529.008712,1,ok,26011,18575,1,0.089498,0.010527,0.000317,0.083836,12.778096,2.405535,0.000042,30.347331,13.095017,0.698304,361.171088,0.009673,8.905197,420.579249,429.494436,430.246869,0.752433,430.346894
1932,vehicle0,1350.245000,1350.104000,1529.806373,1,ok,26097,18419,1,0.253709,0.007494,0.000445,0.112970,12.281192,2.215963,0.000128,32.561858,14.005678,0.696541,343.061535,0.013796,7.386179,404.935865,412.336285,412.642801,0.306516,412.904004
1933,vehicle0,1350.460000,1350.303000,1530.658775,1,ok,26164,18407,1,0.098806,0.006759,0.000579,0.117590,12.602375,3.137693,0.000128,29.126817,14.567267,0.764973,356.986666,0.004957,9.067179,417.303509,426.376224,426.888350,0.512126,426.993915
1934,vehicle0,1350.684000,1350.503000,1531.501240,1,ok,26238,18398,1,0.310832,0.008691,0.000209,0.077120,14.064147,3.631921,0.000098,30.057795,14.496496,0.743405,368.707131,0.004279,7.149182,431.778113,438.931783,439.387382,0.455599,439.706905
1935,vehicle0,1350.877000,1350.703000,1532.314377,1,ok,26255,18387,1,0.109653,0.015570,0.000345,0.100420,11.004352,2.587887,0.000166,24.684809,12.770342,0.919814,370.201507,0.004484,7.894234,422.269297,430.168360,430.725546,0.557186,430.850769
1936,vehicle0,1351.082000,1350.903000,1533.130936,1,ok,26170,18361,1,0.263019,0.006497,0.000445,0.110306,10.299823,3.319649,0.000091,33.363597,13.463264,0.730084,367.324209,0.003684,12.157453,428.611023,440.772605,441.454235,0.681630,441.723751
1937,vehicle0,1351.271000,1351.105000,1533.959445,1,ok,26060,18323,1,0.113458,0.007626,0.000408,0.115695,8.608135,2.295407,0.000248,28.440454,12.427845,0.767672,391.174298,0.038865,7.874088,443.829754,451.743115,452.319256,0.576141,452.440340
1938,vehicle0,1351.487000,1351.305000,1534.794058,1,ok,26025,18369,1,0.091553,0.008035,0.000453,0.111490,10.109993,3.247018,0.000082,30.304256,13.024822,0.751342,395.843198,0.003503,7.107722,453.392201,460.503879,460.984790,0.480911,461.084378
1939,vehicle0,1351.673000,1351.502000,1535.639359,1,ok,26012,18409,1,0.111970,0.008459,0.000371,0.113265,12.901379,3.333248,0.000289,42.922869,15.083790,0.740065,389.939509,0.004571,8.333075,465.034414,473.372431,473.868669,0.496238,473.989098
1940,vehicle0,1351.858000,1351.705000,1536.446643,1,ok,26098,18541,1,0.118719,0.006624,0.000485,0.090148,10.443763,2.478827,0.000127,26.025582,12.898494,0.703933,368.328412,0.004733,7.491391,420.969286,428.465895,428.765332,0.299437,428.890675
1941,vehicle0,1352.103000,1351.904000,1537.348732,1,ok,26186,18720,1,0.295023,0.006565,0.000384,0.117925,14.441188,3.965576,0.000088,31.782669,15.250018,0.872509,418.718059,0.004473,6.867210,485.148032,492.020099,492.753967,0.733868,493.055555
1942,vehicle0,1352.249000,1352.103000,1538.128569,1,ok,26209,18790,1,0.343267,0.022870,0.000265,0.121435,12.021515,2.450917,0.000098,28.920146,10.674254,0.887340,364.356753,0.006908,8.943250,419.432458,428.382881,428.718959,0.336078,429.085096
1943,vehicle0,1352.514000,1352.307000,1539.038209,1,ok,26212,18788,1,0.140483,0.015064,0.000227,0.085613,9.999188,2.327937,0.000101,25.427395,14.116484,0.883785,426.745543,0.017750,8.616563,479.586046,488.220586,488.667956,0.447370,488.823503
1944,vehicle0,1352.680000,1352.504000,1539.710811,1,ok,26158,18813,1,0.214602,0.007852,0.000413,0.112684,16.996686,3.127934,0.000148,28.709460,13.791249,1.008668,377.380306,0.004082,11.561889,441.127135,452.693519,453.104008,0.410489,453.326462
1945,vehicle0,1352.852000,1352.705000,1540.535568,1,ok,26118,18867,1,0.248391,0.008510,0.000218,0.112314,8.743791,2.057400,0.000080,37.091085,11.183603,0.698485,360.163594,0.003818,7.821965,420.050352,427.876353,428.235791,0.359438,428.492692
1946,vehicle0,1353.083000,1352.903000,1541.415470,1,ok,26078,18866,1,0.311438,0.005890,0.000273,0.095337,14.336189,2.608448,0.000132,41.640694,11.975643,0.916367,383.645057,0.003179,8.330508,455.217867,463.551827,464.455934,0.904107,464.773262
1947,vehicle0,1353.274000,1353.104000,1542.198815,1,ok,26132,18948,1,0.087952,0.016785,0.000219,0.071377,9.226010,2.552495,0.000163,28.540505,13.033160,0.953710,362.912404,0.005372,10.991854,417.289824,428.287269,428.941880,0.654611,429.046617
1948,vehicle0,1353.503000,1353.305000,1543.039468,1,ok,26213,19082,1,0.451993,0.015122,0.000168,0.120120,13.391930,2.436604,0.000126,28.555181,14.778015,0.860752,384.388465,0.003439,6.910282,444.531193,451.445082,451.850455,0.405373,452.317570
1949,vehicle0,1353.661000,1353.503000,1543.829755,1,ok,26238,19185,1,0.259536,0.007461,0.000281,0.096945,15.147850,3.157239,0.000106,30.489847,17.884229,0.706818,360.466622,0.024434,8.463295,427.949656,436.437666,437.117244,0.679578,437.384241
1950,vehicle0,1353.819000,1353.704000,1544.613304,1,ok,26191,19191,1,0.076681,0.007855,0.000276,0.081491,11.204651,2.064112,0.000096,22.243486,10.447674,0.819219,342.825859,0.004188,8.697110,389.686588,398.388162,398.812076,0.423914,398.896612
1951,vehicle0,1354.051000,1353.903000,1545.498628,1,ok,26133,19196,1,0.111450,0.009870,0.000300,0.119215,8.254582,2.392740,0.000182,25.316794,12.661188,1.078659,369.310999,0.005477,8.866482,419.134359,428.006618,428.510704,0.504086,428.632024
1952,vehicle0,1354.222000,1354.105000,1546.291300,1,ok,26070,19224,1,0.122607,0.006408,0.000228,0.082621,6.322738,1.839136,0.000095,22.602188,9.837507,1.163169,341.820520,0.005516,8.321342,383.667974,391.995060,392.606358,0.611298,392.735373
1953,vehicle0,1354.496000,1354.304000,1547.114161,1,ok,25969,19206,1,0.102358,0.012123,0.000520,0.098320,12.889350,1.631426,0.000084,34.502152,13.553008,0.832234,393.188745,0.022308,9.890254,456.695319,466.608401,467.591598,0.983197,467.706079
1954,vehicle0,1354.626000,1354.504000,1547.846504,1,ok,25894,19207,1,0.176530,0.008179,0.000385,0.107244,7.430980,1.649364,0.000097,19.741034,9.144992,0.900082,337.774579,0.005115,7.781675,376.748372,384.535547,384.931821,0.396274,385.116530
1955,vehicle0,1354.840000,1354.703000,1548.682767,1,ok,25830,19197,1,0.136429,0.006623,0.000272,0.105913,7.196562,1.551543,0.000117,20.164326,12.406898,0.777583,345.738837,0.012150,6.848347,387.941779,394.802548,395.070211,0.267663,395.213263
1956,vehicle0,1355.076000,1354.903000,1549.528125,1,ok,25814,19195,1,0.255920,0.008889,0.000435,0.092720,12.202026,3.135985,0.000088,30.038100,16.586431,0.868360,364.918466,0.003513,8.439888,427.842176,436.286012,436.998566,0.712554,437.263375
1957,vehicle0,1355.301000,1355.104000,1550.306092,1,ok,25805,19175,1,0.224356,0.006649,0.000313,0.092398,9.829436,2.160647,0.000086,27.891655,11.364089,0.728344,362.048011,0.005105,7.667637,414.114666,421.787721,422.360270,0.572549,422.591275
1958,vehicle0,1355.470000,1355.303000,1551.040078,1,ok,25790,19168,1,0.129331,0.008414,0.000371,0.123804,7.031921,2.005017,0.000260,21.731733,11.213909,0.872090,353.675990,0.003380,6.710777,396.654724,403.369252,403.725361,0.356109,403.863106
1959,vehicle0,1355.678000,1355.503000,1551.817957,1,ok,25745,19160,1,0.129176,0.009863,0.000276,0.115913,8.250024,2.111333,0.000153,25.756371,11.358658,1.511033,357.475295,0.003561,9.205474,406.578780,415.788091,416.193280,0.405189,416.332319
1960,vehicle0,1355.854000,1355.704000,1552.577374,1,ok,25734,19172,1,0.182450,0.006520,0.000336,0.110153,7.888287,1.976545,0.000118,19.811265,12.493583,0.875202,350.969333,0.063613,8.407090,394.124486,402.595525,403.029685,0.434160,403.218655
1961,vehicle0,1356.083000,1355.902000,1553.388425,1,ok,25673,19127,1,0.242491,0.004533,0.000280,0.066746,6.609861,1.288082,0.000102,24.857003,9.072557,0.697293,377.268095,0.009463,9.995764,419.859739,429.865246,430.387012,0.521766,430.634036
1962,vehicle0,1356.241000,1356.103000,1554.162572,1,ok,25623,19079,1,0.129467,0.020069,0.000622,0.096809,7.458066,1.955277,0.000202,25.767811,12.677884,1.022171,370.450737,0.005120,14.913482,419.428957,434.348181,435.162314,0.814133,435.311850
1963,vehicle0,1356.469000,1356.304000,1554.963782,1,ok,25596,19054,1,0.090375,0.004977,0.000255,0.063683,7.387522,2.096096,0.000183,20.821239,9.251575,0.695573,357.633756,0.005677,7.523507,397.949627,405.479066,410.216551,4.737485,410.311903
1964,vehicle0,1356.699000,1356.503000,1555.811975,1,ok,25584,18999,1,0.100086,0.019345,0.000253,0.066479,11.271577,1.644007,0.000131,26.534682,14.990855,0.779785,405.327667,0.015498,9.772407,460.615183,470.403341,470.912849,0.509508,471.032280
1965,vehicle0,1356.904000,1356.699000,1556.624258,1,ok,25607,18932,1,0.104225,0.017554,0.000376,0.100322,14.839164,1.740832,0.000078,25.691577,14.185590,0.735046,381.313351,0.013399,6.581360,438.605960,445.201095,445.466844,0.265749,445.588623
1966,vehicle0,1357.077000,1356.904000,1557.401738,1,ok,25551,18764,1,0.226855,0.007720,0.000336,0.094241,17.508603,4.141433,0.000320,29.012860,12.396399,0.733004,376.053572,0.004530,8.387448,439.940432,448.332746,449.214575,0.881829,449.449150
1967,vehicle0,1357.283000,1357.105000,1558.211569,1,ok,25514,18695,1,0.131637,0.008634,0.000368,0.101181,12.748911,2.982875,0.000157,29.368634,15.445423,0.927981,369.787222,0.010471,8.540009,431.362384,439.913232,440.553306,0.640074,440.693577
1968,vehicle0,1357.508000,1357.309000,1559.025010,1,ok,25575,18952,1,0.246189,0.005990,0.000659,0.092524,11.721622,1.462478,0.000112,32.277670,18.362611,0.978449,389.715598,0.003777,8.854187,454.611064,463.469687,463.901431,0.431744,464.153610
1969,vehicle0,1357.687000,1357.510000,1559.796311,1,ok,25735,19150,1,0.086650,0.004918,0.000365,0.069574,10.601319,2.281276,0.000143,27.855696,13.667208,0.740758,371.051577,0.003786,7.508430,426.267551,433.780132,434.100786,0.320654,434.192354
1970,vehicle0,1357.882000,1357.710000,1560.564797,1,ok,25811,19193,1,0.226370,0.005887,0.000375,0.064192,7.731480,1.049930,0.000075,24.892859,13.344755,0.867444,372.824990,0.003648,7.811354,420.775725,428.591102,428.955045,0.363943,429.187302
1971,vehicle0,1358.098000,1357.909000,1561.360991,1,ok,25938,19249,1,0.234996,0.014756,0.000281,0.100060,9.135056,1.447398,0.000118,29.481832,15.604538,0.967484,378.512576,0.023600,6.953464,435.249062,442.226407,442.518342,0.291935,442.768094
1972,vehicle0,1358.264000,1358.108000,1562.121226,1,ok,26097,19288,1,0.170195,0.007896,0.000392,0.076649,8.266204,1.440840,0.000095,21.218858,11.036984,0.694758,379.344673,0.006162,9.852970,422.079061,431.938585,432.293346,0.354761,432.471437
1973,vehicle0,1358.466000,1358.308000,1562.934275,1,ok,26206,19233,1,0.199351,0.007094,0.000327,0.103161,8.219258,1.381616,0.000061,25.566122,10.792014,0.946319,377.066602,0.004407,8.280498,424.075153,432.360385,432.678984,0.318599,432.885429
1974,vehicle0,1358.709000,1358.506000,1563.705304,1,ok,26229,19227,1,0.123722,0.005077,0.000263,0.087285,16.496280,1.167632,0.000078,35.505217,15.362712,0.969835,422.130352,0.011009,9.265674,491.719391,500.996337,501.815771,0.819434,501.944570
1975,vehicle0,1358.909000,1358.709000,1564.371354,1,ok,26292,19252,1,0.237099,0.008253,0.000222,0.110656,18.939262,1.569203,0.000087,31.812829,30.941608,1.621840,402.283411,0.034248,9.088001,487.278896,496.401367,496.782955,0.381588,497.028307
1976,vehicle0,1359.088000,1358.909000,1565.084801,1,ok,26393,19403,1,0.117046,0.168334,0.000440,0.090717,12.251255,3.179744,0.000096,24.761008,17.261917,0.853492,378.418971,0.010083,9.625363,436.817200,446.453086,447.060439,0.607353,447.345819
1977,vehicle0,1359.287000,1359.108000,1565.878742,1,ok,26465,19447,1,0.195066,0.009186,0.000648,0.118836,14.874485,1.705192,0.000132,28.700266,14.482801,0.890961,384.369949,0.043472,9.512413,445.142622,454.699155,455.320314,0.621159,455.524566
1978,vehicle0,1359.507000,1359.308000,1566.568806,1,ok,26578,19544,1,0.274905,0.011292,0.000129,0.095147,13.121298,1.610902,0.000105,32.587611,17.650997,0.711028,388.846722,0.004186,6.727477,454.623810,461.355602,461.704692,0.349090,461.990889
1979,vehicle0,1359.711000,1359.509000,1567.355910,1,ok,26763,19707,1,0.215514,0.062430,0.000190,0.099052,14.521695,1.529985,0.000094,28.286278,18.269371,0.880586,385.827679,0.017606,9.292073,449.414740,458.724609,459.107841,0.383232,459.385785
1980,vehicle0,1359.909000,1359.711000,1568.095173,1,ok,26906,19803,1,0.205157,0.005200,0.000192,0.067068,9.523387,2.177358,0.000081,24.050889,11.464881,0.678175,365.601930,0.004337,8.150251,413.563769,421.718549,421.987163,0.268614,422.197520
1981,vehicle0,1360.063000,1359.909000,1568.781861,1,ok,27037,19877,1,0.122713,0.008241,0.000609,0.095930,8.682033,0.933422,0.000083,23.643484,10.879396,0.676253,375.803643,0.006154,11.194489,420.714244,431.915496,432.224119,0.308623,432.355073
1982,vehicle0,1360.307000,1360.109000,1569.601483,1,ok,27122,19935,1,0.222817,0.006391,0.000343,0.107928,10.660531,1.266954,0.000084,20.898145,9.240438,0.714479,370.492916,0.012949,9.147115,413.381475,422.541882,422.910218,0.368336,423.139426
1983,vehicle0,1360.451000,1360.307000,1570.239706,1,ok,27164,19974,1,0.139324,0.010683,0.000171,0.098562,7.812184,1.284348,0.000076,17.635234,11.598488,0.935258,349.768555,0.003832,7.063335,389.132705,396.200043,397.062107,0.862064,397.212114
1984,vehicle0,1360.634000,1360.509000,1570.935179,1,ok,27189,19990,1,0.252982,0.006723,0.000207,0.116549,8.755850,0.992376,0.000089,21.163344,9.651220,0.675492,359.989296,0.003911,8.194352,401.344216,409.542686,409.817676,0.274990,410.077381
1985,vehicle0,1360.908000,1360.707000,1571.671869,1,ok,27232,20025,1,0.217197,0.006903,0.000293,0.109209,8.448506,1.331528,0.000163,26.800483,17.023359,1.515358,373.167753,0.003635,7.522161,428.396359,435.922448,436.309122,0.386674,436.533222
1986,vehicle0,1361.104000,1360.908000,1572.448620,1,ok,27293,20074,1,0.137335,0.011075,0.000333,0.117709,8.209959,1.275713,0.000086,20.550182,12.979428,0.779566,408.168322,0.004466,7.315087,452.080965,459.400851,459.970456,0.569605,460.118866
1987,vehicle0,1361.307000,1361.110000,1573.254717,1,ok,27421,20179,1,0.276206,0.008139,0.000163,0.120219,10.865795,1.289733,0.000120,32.908518,14.514464,0.800417,422.708365,0.019417,8.579407,483.207631,491.806618,492.243979,0.437361,492.528324
1988,vehicle0,1361.508000,1361.307000,1574.058104,1,ok,27525,20248,1,0.255406,0.006977,0.000315,0.099124,10.204125,1.877789,0.000108,33.709333,14.725652,0.851349,434.298692,0.004472,8.694761,495.766172,504.465720,504.903343,0.437623,505.165726
1989,vehicle0,1361.709000,1361.508000,1574.838858,1,ok,27593,20291,1,0.218722,0.006400,0.000266,0.089707,11.673814,1.122327,0.000164,35.636885,17.945081,0.690914,426.475302,0.004266,8.032811,493.634194,501.671537,501.942596,0.271059,502.167718
1990,vehicle0,1361.910000,1361.709000,1575.632803,1,ok,27591,20279,1,0.140293,0.006079,0.000236,0.095186,12.088521,1.448846,0.000122,39.071312,17.155594,0.726662,429.935275,0.003879,7.509564,500.521518,508.035197,508.861611,0.826414,509.007983
1991,vehicle0,1362.108000,1361.910000,1576.456476,1,ok,27636,20268,1,0.332549,0.009851,0.000286,0.093884,16.434658,2.075640,0.000079,41.383091,18.932925,0.796591,435.900366,0.005002,7.863747,515.617234,523.486269,524.039675,0.553406,524.382075
1992,vehicle0,1362.314000,1362.108000,1577.267895,1,ok,27629,20192,1,0.113400,0.006619,0.000205,0.105550,15.286497,1.298899,0.000138,42.134780,18.852001,0.715070,451.092180,0.022976,9.426056,529.485115,538.934352,539.385086,0.450734,539.505105
1993,vehicle0,1362.510000,1362.309000,1577.991505,1,ok,27636,20089,1,0.128675,0.007274,0.000155,0.074924,11.066845,1.245091,0.000099,36.258327,13.726253,0.764161,423.635278,0.006019,7.880930,486.770978,494.658082,495.054185,0.396103,495.190134
1994,vehicle0,1362.708000,1362.510000,1578.766004,1,ok,27661,20096,1,0.112015,0.005333,0.000207,0.059972,11.015888,1.177705,0.000115,29.034192,13.395949,0.861416,423.492558,0.007717,7.878510,479.037795,486.924229,487.411560,0.487331,487.528908
1995,vehicle0,1362.872000,1362.708000,1579.490334,1,ok,27696,20080,1,0.148765,0.007510,0.000329,0.104472,9.241250,0.901845,0.000105,24.318424,13.261402,0.769012,361.678835,0.002927,9.327422,410.275345,419.606023,420.048830,0.442807,420.205105
1996,vehicle0,1363.108000,1362.907000,1580.384036,1,ok,27815,20232,1,0.258989,0.008817,0.000401,0.224751,13.260749,0.925274,0.000090,35.641610,14.585087,0.774235,467.604601,0.009769,7.275980,533.016397,540.302547,540.855085,0.552538,541.122891
1997,vehicle0,1363.309000,1363.108000,1581.199998,1,ok,27768,20230,1,0.223415,0.006942,0.000186,0.109679,17.030794,3.750410,0.000128,36.860363,18.384005,0.710658,482.035533,0.004740,7.786727,558.881570,566.673223,567.912598,1.239375,568.142955
1998,vehicle0,1363.512000,1363.308000,1581.985686,1,ok,27714,20128,1,0.098387,0.004657,0.000165,0.058922,15.973800,2.115059,0.000085,43.579052,20.247341,0.812528,453.331220,0.014340,7.544480,536.118007,543.676992,544.020546,0.343554,544.123590
1999,vehicle0,1363.707000,1363.509000,1582.772781,1,ok,27663,20062,1,0.118546,0.007235,0.000219,0.062362,26.589957,0.939545,0.000077,47.208469,22.156705,0.731997,456.609306,0.027605,7.604520,554.298418,561.930762,562.241168,0.310406,562.366949
2000,vehicle0,1363.913000,1363.707000,1583.547845,1,ok,27658,19976,1,0.117068,0.019289,0.000423,0.124343,13.132743,0.955402,0.000094,30.526487,17.236207,0.976697,465.467723,0.003977,7.083475,528.419696,535.507571,535.944958,0.437387,536.081315
2001,vehicle0,1364.107000,1363.909000,1584.311281,1,ok,27503,19807,1,0.245692,0.014213,0.000309,0.106038,15.119995,1.241044,0.000128,37.697812,16.622613,0.745172,455.947714,0.004106,7.019753,527.480516,534.504684,534.837158,0.332474,535.097063
2002,vehicle0,1364.307000,1364.109000,1585.061777,1,ok,27519,19758,1,0.129248,0.008206,0.000232,0.096805,14.248698,1.276216,0.000110,26.739126,13.407324,1.516308,446.256362,0.015435,6.720363,503.540949,510.276979,511.049504,0.772525,511.186958
2003,vehicle0,1364.508000,1364.307000,1585.824575,1,ok,27551,19748,1,0.234598,0.005455,0.000205,0.060552,7.420528,0.871124,0.000158,25.581443,14.601393,0.745380,426.243695,0.005412,8.357855,475.524273,483.887745,484.243750,0.356005,484.483803
2004,vehicle0,1364.709000,1364.508000,1586.587797,1,ok,27573,19719,1,0.128455,0.008007,0.000277,0.107207,9.256951,1.337887,0.000132,28.210442,10.952705,0.691566,400.123883,0.040367,10.668222,450.680773,461.389639,461.911730,0.522091,462.048192
2005,vehicle0,1364.871000,1364.709000,1587.339307,1,ok,27527,19654,1,0.227359,0.006825,0.000299,0.101502,8.351428,1.116693,0.000130,25.528010,11.974508,0.840942,380.031926,0.011109,7.449221,427.945139,435.405768,436.205235,0.799467,436.439419
2006,vehicle0,1365.101000,1364.909000,1588.183796,1,ok,27552,19639,1,0.138775,0.014187,0.000267,0.088275,11.556154,1.365388,0.000081,28.392697,14.127303,0.922510,390.969479,0.003370,8.403814,447.421887,455.829338,456.385852,0.556514,456.538814
2007,vehicle0,1365.309000,1365.108000,1589.035026,1,ok,27491,19525,1,0.143809,0.008958,0.000264,0.107887,18.622110,1.303460,0.000088,38.508260,19.988411,0.948280,426.712244,0.005225,6.272460,506.190740,512.468689,513.010573,0.541884,513.163340
2008,vehicle0,1365.509000,1365.309000,1589.796745,1,ok,27462,19461,1,0.096018,0.003986,0.000241,0.061295,13.313294,1.898750,0.000082,28.548833,14.399583,0.770658,440.170548,0.003763,7.866273,499.163043,507.033320,507.368893,0.335573,507.468897
2009,vehicle0,1365.708000,1365.509000,1590.573689,1,ok,27470,19427,1,0.136992,0.009406,0.000242,0.091249,11.500624,1.486606,0.000099,31.997094,14.450065,0.706531,441.504868,0.004236,6.184641,501.737136,507.926255,508.342731,0.416476,508.489129
2010,vehicle0,1365.892000,1365.708000,1591.188678,1,ok,27423,19346,1,0.225978,0.008307,0.000322,0.106389,10.155334,1.199580,0.000252,27.702114,11.743455,0.964674,366.867793,0.012356,8.754022,418.739591,427.506291,427.866172,0.359881,428.100457
2011,vehicle0,1366.107000,1365.909000,1591.986388,1,ok,27437,19363,1,0.258635,0.007037,0.000185,0.099339,9.895204,2.041984,0.000032,27.386207,12.530841,0.855970,397.320986,0.004912,7.808434,450.130563,457.944094,458.294409,0.350315,458.560081
2012,vehicle0,1366.307000,1366.107000,1592.736006,1,ok,27438,19365,1,0.194751,0.006183,0.000327,0.114380,12.019521,1.691914,0.000129,25.851241,17.175402,1.080414,408.372511,0.004245,7.107681,466.305512,473.417765,473.821296,0.403531,474.022230
2013,vehicle0,1366.509000,1366.307000,1593.507728,1,ok,27419,19348,1,0.110120,0.009421,0.000376,0.112163,11.018400,1.916621,0.000082,23.550384,15.561073,0.790872,409.513352,0.004982,6.718800,462.462947,469.187105,470.029210,0.842105,470.148751
2014,vehicle0,1366.711000,1366.509000,1594.267624,1,ok,27355,19301,1,0.274934,0.008181,0.000263,0.087184,10.688592,0.984445,0.000072,26.393509,12.844720,0.747151,427.529084,0.003350,6.577998,479.274757,485.856368,486.549726,0.693358,486.832841
2015,vehicle0,1366.910000,1366.711000,1595.042820,1,ok,27342,19303,1,0.168361,0.009052,0.000326,0.106426,10.390307,1.312542,0.000080,22.501226,13.803261,0.923677,410.279282,0.089045,7.952823,459.316801,467.358995,469.671807,2.312812,469.849220
2016,vehicle0,1367.112000,1366.910000,1595.770570,1,ok,27281,19255,1,0.091671,0.009182,0.000360,0.122019,10.791338,1.128735,0.000166,30.012310,16.505327,0.966066,406.710159,0.003605,6.973565,466.236120,473.213650,474.277657,1.064007,474.378510
2017,vehicle0,1367.308000,1367.105000,1596.479448,1,ok,27277,19257,1,0.228438,0.006542,0.000175,0.103222,14.764931,1.412971,0.000047,41.454271,16.316045,0.712066,442.355992,0.005115,7.534132,517.119545,524.658967,525.231737,0.572770,525.466717
2018,vehicle0,1367.508000,1367.308000,1597.241166,1,ok,27311,19272,1,0.302729,0.011971,0.000299,0.084357,10.106401,1.413275,0.000091,29.624584,15.177575,0.704178,445.971787,0.004141,8.283953,503.082248,511.370641,511.646385,0.275744,511.961085
2019,vehicle0,1367.710000,1367.509000,1598.013486,1,ok,27374,19355,1,0.090731,0.008456,0.000217,0.105883,12.664771,1.851897,0.000132,32.174595,19.524367,0.932510,439.793264,0.004495,7.763423,507.047419,514.815554,515.180564,0.365010,515.279751
2020,vehicle0,1367.908000,1367.710000,1598.753133,1,ok,27414,19345,1,0.261840,0.006294,0.000195,0.097354,10.461793,1.829369,0.000090,25.039021,13.022637,0.947171,440.068600,0.012538,8.434762,491.466035,499.913530,500.318295,0.404765,500.586429
2021,vehicle0,1368.108000,1367.908000,1599.475950,1,ok,27454,19351,1,0.244326,0.007829,0.000284,0.115641,10.819435,2.061977,0.000135,27.441131,12.326332,0.927726,423.914111,0.012619,6.982389,477.606488,484.601780,485.028700,0.426920,485.280855
2022,vehicle0,1368.308000,1368.108000,1600.187712,1,ok,27528,19398,1,0.338559,0.008379,0.000143,0.103502,11.644513,1.904900,0.000083,26.774328,12.449124,0.871678,416.473814,0.004545,9.023162,470.221942,479.249792,479.703088,0.453296,480.050026
2023,vehicle0,1368.509000,1368.308000,1600.942754,1,ok,27575,19439,1,0.169850,0.009945,0.000218,0.098568,8.732907,1.879213,0.000116,31.793499,14.053682,1.009893,415.284935,0.024852,6.409097,472.852813,479.286980,479.775445,0.488465,479.955240
2024,vehicle0,1368.707000,1368.509000,1601.664643,1,ok,27580,19443,1,0.073835,0.008114,0.000422,0.074188,7.379875,1.823354,0.000117,22.599944,10.951128,0.809420,404.684460,0.005046,8.611590,448.322486,456.939544,457.552869,0.613325,457.634818
2025,vehicle0,1368.909000,1368.707000,1602.398383,1,ok,27653,19510,1,0.338058,0.007039,0.000234,0.100377,8.126805,1.825808,0.000023,23.193825,11.793213,0.730182,411.946510,0.003638,7.154937,457.716743,464.875552,465.247179,0.371627,465.592276
2026,vehicle0,1369.107000,1368.909000,1603.122776,1,ok,27703,19559,1,0.089913,0.012054,0.000298,0.182811,10.063562,1.253784,0.000228,23.018710,11.984437,0.934835,394.528229,0.011104,8.966469,441.966596,450.944467,452.373169,1.428702,452.475136
2027,vehicle0,1369.310000,1369.107000,1603.873315,1,ok,27730,19579,1,0.176265,0.009962,0.000272,0.109411,5.665260,1.119272,0.000082,22.969549,18.295385,1.096628,416.353412,0.012464,8.567295,465.608999,474.189030,474.899735,0.710705,475.085962
2028,vehicle0,1369.502000,1369.310000,1604.552923,1,ok,27710,19555,1,0.239172,0.007628,0.000204,0.110351,8.504591,2.385906,0.000085,23.903796,12.416052,0.695424,386.447214,0.003984,7.945207,434.463419,442.412814,442.937712,0.524898,443.184512
2029,vehicle0,1369.709000,1369.509000,1605.291755,1,ok,27655,19485,1,0.279721,0.006978,0.000383,0.067682,6.264053,1.073850,0.000024,23.251308,11.365903,0.689233,379.783874,0.005116,7.067417,422.495927,429.568843,430.161081,0.592238,430.447780
2030,vehicle0,1369.906000,1369.709000,1606.011789,1,ok,27654,19489,1,0.263740,0.007007,0.000328,0.108465,8.448895,1.620741,0.000081,18.696110,16.958408,1.017151,366.803532,0.006037,11.310043,413.653383,424.969791,425.929871,0.960080,426.200618
2031,vehicle0,1370.047000,1369.907000,1606.681671,1,ok,27693,19528,1,0.092074,0.007884,0.000333,0.106829,6.961903,1.085220,0.000226,23.684729,18.607471,0.726782,325.427583,0.004634,8.903597,376.600743,385.509307,386.222058,0.712751,386.322016
2032,vehicle0,1370.287000,1370.110000,1607.470501,1,ok,27704,19540,1,0.110538,0.005636,0.000208,0.076301,6.730285,1.318621,0.000101,22.902272,11.770503,0.719309,373.330230,0.030083,8.306763,416.847622,425.184676,425.850929,0.666253,425.967103
2033,vehicle0,1370.520000,1370.313000,1608.255845,1,ok,27699,19546,1,0.230918,0.009919,0.000205,0.091653,6.773653,1.255330,0.000091,25.791124,12.672783,0.723312,399.973498,0.014408,6.930453,447.281444,454.226510,454.658516,0.432006,454.899353
2034,vehicle0,1370.713000,1370.512000,1608.903298,1,ok,27678,19516,1,0.114243,0.007242,0.000334,0.133219,10.002305,1.906328,0.000092,26.618118,11.159991,1.052857,415.831004,0.004286,6.578025,466.703914,473.286559,473.819556,0.532997,473.941041
2035,vehicle0,1370.913000,1370.713000,1609.656890,1,ok,27684,19516,1,0.137852,0.006002,0.000220,0.063381,6.794025,1.992324,0.000110,22.219793,12.736486,0.930964,406.519953,0.005303,7.959051,451.257036,459.221610,460.038362,0.816752,460.182216
2036,vehicle0,1371.046000,1370.913000,1610.332782,1,ok,27698,19541,1,0.269801,0.007336,0.000307,0.111196,8.354111,2.317892,0.000078,22.041650,8.671031,0.679304,322.965721,0.006136,7.805837,365.140983,372.953263,373.338099,0.384836,373.615236
2037,vehicle0,1371.314000,1371.114000,1611.145027,1,ok,27723,19608,1,0.160097,0.538050,0.000209,0.106164,7.059592,1.999345,0.000093,29.400970,16.376503,1.002615,375.830165,0.003893,6.519819,431.775447,438.299368,438.755840,0.456472,439.453987
2038,vehicle0,1371.512000,1371.311000,1611.791613,1,ok,27738,19605,1,0.107842,0.010751,0.000425,0.108413,7.462355,1.138026,0.000152,25.523502,10.888071,0.813842,372.240936,0.003890,6.115391,418.175297,424.295003,424.588560,0.293557,424.707153
2039,vehicle0,1371.698000,1371.512000,1612.530746,1,ok,27787,19597,1,0.150422,0.010062,0.000204,0.093135,7.486250,1.242120,0.017236,29.674041,16.860016,0.911587,369.429720,0.015208,9.941477,425.714105,435.670994,436.076256,0.405262,436.236740
2040,vehicle0,1371.881000,1371.713000,1613.270092,1,ok,27821,19628,1,0.225056,0.004238,0.000270,0.068662,6.577097,2.366557,0.000080,23.986834,11.259459,0.951405,355.490510,0.027624,8.527166,400.700604,409.255664,409.666667,0.411003,409.895961
2041,vehicle0,1372.112000,1371.911000,1613.998121,1,ok,27878,19693,1,0.146182,0.006233,0.000198,0.089534,10.477496,1.168463,0.000089,27.491291,12.030672,0.718731,409.115244,0.003994,7.682205,461.091520,468.777917,469.289861,0.511944,469.442276
2042,vehicle0,1372.285000,1372.112000,1614.725698,1,ok,27962,19774,1,0.234950,0.005414,0.000183,0.078714,11.880318,1.658881,0.000106,34.766276,14.860660,0.741258,377.155622,0.006136,12.177567,441.141835,453.325721,454.185981,0.860260,454.426345
2043,vehicle0,1372.512000,1372.311000,1615.539327,1,ok,27984,19802,1,0.238136,0.006906,0.000263,0.111164,11.921147,1.492354,0.000078,36.136364,17.447175,0.779481,404.660626,0.008094,7.191316,472.548389,479.748062,480.126474,0.378412,480.371516
2044,vehicle0,1372.711000,1372.512000,1616.325052,1,ok,28049,19849,1,0.306466,0.009011,0.000193,0.097217,8.528113,1.423506,0.000085,28.536234,11.296369,0.695339,437.880704,0.017310,7.383586,488.457567,495.858656,496.333802,0.475146,496.649279
2045,vehicle0,1372.912000,1372.711000,1617.082725,1,ok,28153,19869,1,0.306162,0.011247,0.000369,0.140647,8.706191,1.169680,0.000083,28.995333,15.886887,0.710629,403.434205,0.006644,8.346590,459.043655,467.397258,467.732434,0.335176,468.049843
2046,vehicle0,1373.120000,1372.912000,1617.875557,1,ok,28340,19870,1,0.125372,0.065427,0.000334,0.104152,11.271562,1.618380,0.000133,32.447173,19.873338,0.944266,475.094101,0.004569,7.405017,541.353105,548.763025,549.392767,0.629742,549.583566
2047,vehicle0,1373.313000,1373.113000,1618.582699,1,ok,28537,20000,1,0.086162,0.007292,0.000301,0.165813,11.604198,1.192119,0.000127,33.364288,14.746336,0.918096,435.827916,0.003724,7.209369,497.818893,505.032287,505.554688,0.522401,505.648142
2048,vehicle0,1373.519000,1373.313000,1619.405453,1,ok,28611,20017,1,0.230911,0.007074,0.000286,0.137139,14.332485,1.623504,0.000098,44.642935,23.839300,0.982385,456.693439,0.004982,6.593387,542.251285,548.849940,549.505440,0.655500,549.743425
2049,vehicle0,1373.711000,1373.512000,1620.134155,1,ok,28676,20073,1,0.095236,0.006635,0.000272,0.077211,9.491478,1.545351,0.000092,31.707494,14.591408,0.695583,472.091935,0.011525,6.237378,530.200552,536.449727,536.790861,0.341134,536.892732
2050,vehicle0,1373.913000,1373.711000,1620.908971,1,ok,28723,20081,1,0.149365,0.006276,0.000343,0.094204,12.255499,1.103370,0.000076,28.985775,13.173875,0.987212,463.291810,0.016327,6.477752,519.891821,526.386243,527.323694,0.937451,527.479335
2051,vehicle0,1374.112000,1373.913000,1621.666322,1,ok,28812,20168,1,0.294591,0.008664,0.000419,0.136050,9.094383,1.307983,0.000135,24.316439,12.059530,0.780685,445.741251,0.004189,7.262973,493.436456,500.704037,501.284901,0.580864,501.588156
2052,vehicle0,1374.313000,1374.112000,1622.484860,1,ok,28857,20184,1,0.335061,0.007689,0.000202,0.205209,8.620141,1.509038,0.000088,31.752745,15.468218,0.838009,470.516867,0.003721,8.071464,528.910315,536.985702,537.578956,0.593254,537.921706
2053,vehicle0,1374.520000,1374.313000,1623.273660,1,ok,28864,20189,1,0.106117,0.007029,0.000379,0.119925,13.450263,1.922052,0.000165,36.482007,19.303223,0.849699,467.371732,0.003254,6.479369,539.499066,545.982068,546.505292,0.523224,546.618438
2054,vehicle0,1374.721000,1374.513000,1624.049628,1,ok,28848,20199,1,0.102771,0.008388,0.000461,0.087722,13.955660,2.140560,0.000072,33.484587,16.125110,1.024034,497.653504,0.011856,6.680357,564.471249,571.163923,571.672328,0.508405,571.783487
2055,vehicle0,1374.914000,1374.714000,1624.825486,1,ok,28841,20226,1,0.101677,0.006260,0.000376,0.114511,11.633268,1.991342,0.000078,29.843499,15.534004,0.697439,492.795627,0.010941,8.128788,552.609768,560.749873,561.282938,0.533065,561.390875
2056,vehicle0,1375.112000,1374.911000,1625.547349,1,ok,28908,20307,1,0.268777,0.005371,0.000256,0.079492,8.448909,1.188046,0.000092,26.210477,12.551506,0.869707,457.750241,0.012691,7.450879,507.098470,514.562296,514.867282,0.304986,515.141430
2057,vehicle0,1375.312000,1375.112000,1626.344337,1,ok,28971,20391,1,0.101294,0.006594,0.000273,0.125167,11.316556,1.463613,0.000233,33.863398,16.522022,0.737585,481.240432,0.004364,6.887018,545.269006,552.160661,552.705796,0.545135,552.813684
2058,vehicle0,1375.512000,1375.312000,1627.024414,1,ok,29056,20486,1,0.102565,0.008923,0.000293,0.121409,8.069629,1.063537,0.000074,26.769100,13.492149,0.974504,466.840510,0.004057,7.809806,517.330912,525.145068,525.514463,0.369395,525.625951
2059,vehicle0,1375.712000,1375.512000,1627.793274,1,ok,29142,20546,1,0.128999,0.006290,0.000238,0.161889,7.334402,1.126275,0.000038,32.482036,19.033213,0.729742,461.732176,0.004652,6.577869,522.599771,529.182530,529.525116,0.342586,529.660405
2060,vehicle0,1375.920000,1375.712000,1628.641707,1,ok,29337,20744,1,0.152100,0.007697,0.000231,0.137440,11.616140,1.411933,0.000130,38.645525,18.681717,0.708643,495.310542,0.014252,8.296720,566.512070,574.823273,575.391359,0.568086,575.551156
2061,vehicle0,1376.112000,1375.914000,1629.400999,1,ok,29492,20966,1,0.122120,0.016913,0.000468,0.287706,13.774657,1.538899,0.000176,34.734326,16.337519,0.832143,478.919056,0.006433,6.603777,546.424482,553.035160,553.480455,0.445295,553.619488
2062,vehicle0,1376.313000,1376.112000,1630.191719,1,ok,29643,21167,1,0.146243,0.007036,0.000235,0.129507,12.281607,2.421017,0.000172,28.070006,12.794577,0.897009,487.184243,0.005873,6.689033,543.778138,550.473279,550.868522,0.395243,551.021801
2063,vehicle0,1376.521000,1376.313000,1630.966697,1,ok,29724,21295,1,0.257624,0.006292,0.000134,0.078601,11.550442,1.429816,0.000167,24.883120,12.942474,0.689731,496.376453,0.006972,8.239898,547.950804,556.197808,556.742818,0.545010,557.006734
2064,vehicle0,1376.719000,1376.514000,1631.726034,1,ok,29800,21442,1,0.285777,0.007547,0.000265,0.232156,11.183968,1.549251,0.000145,29.460504,14.179466,0.783936,496.923720,0.015851,6.700544,554.313146,561.029806,561.471458,0.441652,561.764782
2065,vehicle0,1376.912000,1376.711000,1632.438296,1,ok,29854,21563,1,0.120921,0.008160,0.000206,0.115249,11.588668,1.692593,0.000093,25.556835,14.054771,0.823524,466.674317,0.003008,9.016811,520.506050,529.526075,529.943675,0.417600,530.072756
2066,vehicle0,1377.110000,1376.912000,1633.207150,1,ok,29892,21654,1,0.124116,0.005482,0.000159,0.108445,8.906429,1.139967,0.000071,28.916571,18.566066,0.913631,473.913326,0.015488,7.380508,532.464506,539.860661,540.358721,0.498060,540.488319
2067,vehicle0,1377.313000,1377.110000,1633.998963,1,ok,29960,21717,1,0.275878,0.008315,0.000148,0.127955,11.752491,2.319392,0.000075,28.777137,16.492536,0.704134,494.846164,0.004395,7.449886,555.019884,562.474313,562.751010,0.276697,563.035203
2068,vehicle0,1377.521000,1377.313000,1634.798212,1,ok,30025,21800,1,0.325380,0.010488,0.000168,0.099493,8.186648,1.167705,0.000183,30.544140,13.306304,0.697316,504.152142,0.003914,7.253120,558.153931,565.411133,565.679078,0.267945,566.014946
2069,vehicle0,1377.719000,1377.513000,1635.573350,1,ok,30036,21825,1,0.134818,0.009666,0.000226,0.105900,9.781451,1.227728,0.000124,34.982777,16.492694,1.026349,506.534961,0.003908,8.102370,570.151984,578.258488,578.710164,0.451676,578.854648
2070,vehicle0,1377.919000,1377.713000,1636.363980,1,ok,30127,21813,1,0.106772,0.004223,0.000207,0.070797,12.878225,1.229122,0.000230,33.893560,17.182416,0.726821,513.994732,0.004857,6.458918,579.975903,586.439885,586.716297,0.276412,586.827292
2071,vehicle0,1378.113000,1377.911000,1637.159508,1,ok,30315,21816,1,0.247612,0.009647,0.000327,0.157310,16.685164,1.808829,0.000221,35.518929,14.314925,0.781110,491.916317,1.349368,8.273008,561.182805,570.805508,571.537223,0.731715,571.794482
2072,vehicle0,1378.322000,1378.113000,1637.990045,1,ok,30442,21818,1,0.276373,0.008040,0.000419,0.129824,10.631195,1.233870,0.000089,31.621457,15.262252,0.741094,524.657107,0.004048,7.778872,584.276888,592.060227,592.411978,0.351751,592.696391
2073,vehicle0,1378.517000,1378.314000,1638.716933,1,ok,30369,21798,1,0.278017,0.008518,0.000287,0.122850,9.109728,7.177496,0.000080,24.558330,11.563969,0.697426,483.994232,0.004107,9.911404,537.224111,547.139909,547.659046,0.519137,547.945581
2074,vehicle0,1378.718000,1378.513000,1639.489551,1,ok,30219,21687,1,0.265586,0.005668,0.000197,0.119085,7.682028,1.411922,0.000080,28.619625,12.453663,0.695063,511.017512,0.049250,7.437134,561.998978,569.485559,569.774491,0.288932,570.045745
2075,vehicle0,1378.921000,1378.715000,1640.282099,1,ok,30114,21694,1,0.244186,0.008176,0.000321,0.115587,9.879486,1.957586,0.000110,26.347211,12.190085,0.717170,528.055994,0.007490,6.888862,579.263229,586.159902,586.533678,0.373776,586.786040
2076,vehicle0,1379.118000,1378.912000,1641.064214,1,ok,30060,21794,1,0.159193,2.671985,0.000465,0.094621,10.942556,1.790601,0.000072,33.055828,15.928785,0.920624,507.825857,0.012889,6.184276,570.558944,576.756574,577.236251,0.479677,580.067429
2077,vehicle0,1379.320000,1379.112000,1641.860261,1,ok,30010,21938,1,0.211852,0.007668,0.000161,0.087734,14.450728,1.349953,0.000086,29.700437,16.086400,0.715208,526.352256,0.018183,7.860630,588.742802,596.621776,597.556368,0.934592,597.775888
2078,vehicle0,1379.523000,1379.312000,1642.633043,1,ok,29867,22035,1,0.109027,0.007430,0.000207,0.100475,13.978127,2.264017,0.000082,30.791115,15.849305,0.761432,512.193820,0.003355,7.221876,575.938373,583.163811,583.444002,0.280191,583.560459
2079,vehicle0,1379.718000,1379.513000,1643.408347,1,ok,29800,22146,1,0.326778,0.009340,0.000211,0.091329,14.113028,1.450181,0.000129,32.566211,17.076767,0.699485,522.749510,0.004296,6.495775,588.746640,595.246922,595.496262,0.249340,595.832380
2080,vehicle0,1379.919000,1379.710000,1644.136567,1,ok,29749,22201,1,0.251695,0.007855,0.000168,0.104801,13.210215,2.793562,0.000080,29.031565,13.610815,0.707307,509.196063,0.003528,7.255793,568.654408,575.913897,576.404847,0.490950,576.664397
2081,vehicle0,1380.119000,1379.912000,1644.900663,1,ok,29593,22259,1,0.374392,0.008416,0.000210,0.106548,12.285458,2.157381,0.000181,25.897044,12.718074,0.727390,501.333653,0.005661,6.552219,555.225729,561.783819,562.292136,0.508317,562.674944
2082,vehicle0,1380.319000,1380.112000,1645.703977,1,ok,29363,22188,1,0.146782,0.007575,0.000184,0.119020,12.234164,2.093063,0.000094,34.464065,17.964451,0.701577,507.988025,0.017122,7.800518,575.564459,583.382283,583.804117,0.421834,583.958474
2083,vehicle0,1380.520000,1380.312000,1646.474370,1,ok,29184,22092,1,0.230578,0.007627,0.000167,0.112397,8.080393,1.831541,0.000110,26.591143,10.195483,0.698849,520.277881,0.003087,7.579161,567.787797,575.370212,575.799940,0.429728,576.038145
2084,vehicle0,1380.722000,1380.513000,1647.242898,1,ok,29119,22021,1,0.111475,0.007520,0.000233,0.100509,7.670179,1.429396,0.000095,19.803332,12.521724,0.707093,507.040567,0.003589,6.638035,549.272895,555.914752,556.207428,0.292676,556.326423
2085,vehicle0,1380.919000,1380.714000,1647.990970,1,ok,29108,21984,1,0.118688,0.004114,0.000191,0.060680,7.873503,2.000377,0.000080,23.670408,11.188391,0.914906,495.797187,0.004597,7.913574,541.505532,549.423894,549.840233,0.416339,549.963035
2086,vehicle0,1381.122000,1380.912000,1648.779093,1,ok,29057,21898,1,0.233975,0.006241,0.000209,0.061669,7.585677,1.556289,0.000087,26.683646,14.787342,0.815221,515.504470,0.003913,7.948042,566.994401,574.946565,575.212977,0.266412,575.453193
2087,vehicle0,1381.314000,1381.112000,1649.531486,1,ok,29052,21905,1,0.277289,0.007851,0.000284,0.114890,9.429252,1.955823,0.000118,24.447617,9.477380,0.726603,516.937580,0.011789,7.509468,563.089263,570.610804,570.977274,0.366470,571.262414
2088,vehicle0,1381.519000,1381.312000,1650.340545,1,ok,29049,21927,1,0.128456,0.007400,0.000276,0.110768,6.410706,2.018889,0.000161,23.000034,9.086598,0.694686,532.031463,0.022744,7.877903,573.353305,581.254228,581.700359,0.446131,581.836215
2089,vehicle0,1381.722000,1381.512000,1651.124156,1,ok,29002,21884,1,0.135304,0.022658,0.000177,0.092872,8.872484,1.643363,0.000090,27.002571,14.002306,0.704564,519.148817,0.004337,8.187708,571.467067,579.659289,580.027397,0.368108,580.185359
2090,vehicle0,1381.920000,1381.714000,1651.931777,1,ok,28962,21857,1,0.218939,0.005636,0.000273,0.091005,11.085478,1.419363,0.000140,23.120503,11.427810,0.735455,534.357082,0.005101,7.888252,582.236836,590.130462,590.445504,0.315042,590.670079
2091,vehicle0,1382.124000,1381.912000,1652.749825,1,ok,28945,21843,1,0.272135,0.006886,0.000190,0.063141,8.626618,3.271761,0.000130,28.059098,13.263947,0.675071,545.931613,0.003031,6.488597,599.891379,606.383197,606.710089,0.326892,606.989110
2092,vehicle0,1382.320000,1382.114000,1653.557348,1,ok,28906,21810,1,0.260200,0.007237,0.000187,0.106324,8.877267,2.352171,0.000102,33.499704,16.762880,1.173153,537.001719,0.004073,6.883830,599.773320,606.661410,607.178885,0.517475,607.446322
2093,vehicle0,1382.520000,1382.313000,1654.212159,1,ok,28875,21790,1,0.141533,0.004496,0.000140,0.060459,6.168671,2.375663,0.000114,21.500160,9.039652,0.712533,522.272506,0.049192,7.920931,562.129758,570.100021,570.359964,0.259943,570.505993
2094,vehicle0,1382.721000,1382.513000,1655.024092,1,ok,28836,21764,1,0.108830,0.008332,0.000670,0.114339,9.994950,2.151319,0.000126,24.801532,12.105391,0.694037,555.329009,0.004152,7.554245,605.190703,612.749770,613.024165,0.274395,613.141327
2095,vehicle0,1382.920000,1382.713000,1655.809647,1,ok,28785,21735,1,0.132244,0.007979,0.000402,0.068872,7.689995,1.840451,0.000074,22.860846,12.877283,0.805319,549.853642,0.004066,6.064775,595.996482,602.065725,602.362458,0.296733,602.502681
2096,vehicle0,1383.120000,1382.915000,1656.572710,1,ok,28732,21690,1,0.105769,0.011527,0.000465,0.093532,14.240628,1.935268,0.000097,20.808153,10.279572,0.677617,558.001966,0.008456,7.490813,606.036833,613.536567,613.914760,0.378193,614.032056
2097,vehicle0,1383.320000,1383.113000,1657.333007,1,ok,28789,21748,1,0.245973,0.004806,0.000362,0.057826,8.981657,1.828227,0.000426,23.375913,14.142682,0.863307,557.557004,0.004906,7.126330,606.807042,613.938640,614.317885,0.379245,614.568664
2098,vehicle0,1383.517000,1383.312000,1658.111484,1,ok,28833,21754,1,0.236888,0.005360,0.000350,0.164929,7.433192,1.405136,0.000100,18.808210,11.573502,0.832281,546.072637,0.004082,6.691485,586.289987,592.985904,593.250579,0.264675,593.492827
2099,vehicle0,1383.712000,1383.512000,1658.874784,1,ok,28959,21941,1,0.082053,0.006600,0.000327,0.070738,18.429038,1.737434,0.000163,25.531601,15.417371,0.822864,531.835851,0.018928,7.734411,593.845060,601.598726,601.942047,0.343321,602.030700
2100,vehicle0,1383.920000,1383.712000,1659.683651,1,ok,29270,22104,1,0.153870,0.010245,0.000210,0.132332,13.733643,1.393259,0.000105,23.872435,10.595031,0.823201,525.342034,0.005010,8.823076,575.892040,584.720336,585.184143,0.463807,585.348258
2101,vehicle0,1384.118000,1383.913000,1660.491488,1,ok,29538,22094,1,0.311546,0.006983,0.000317,0.085072,14.036048,1.710731,0.000076,27.324562,12.748770,0.720337,541.544711,0.003717,6.437958,598.170307,604.612299,604.892240,0.279941,605.210769
2102,vehicle0,1384.317000,1384.112000,1661.262757,1,ok,29696,22162,1,0.282921,0.008427,0.000206,0.102019,11.295438,1.946239,0.000150,32.225594,16.228704,0.901589,532.579437,0.003789,8.387638,595.279170,603.670803,604.031136,0.360333,604.322484
2103,vehicle0,1384.518000,1384.311000,1662.020213,1,ok,29872,22363,1,0.240563,0.007090,0.000225,0.083035,9.868647,1.875063,0.000089,22.775272,13.225933,0.705014,514.358844,0.007882,7.789794,562.891897,570.689798,570.960850,0.271052,571.208503
2104,vehicle0,1384.720000,1384.512000,1662.800257,1,ok,30172,22519,1,0.156054,0.005189,0.000284,0.084387,10.711390,2.130896,0.000224,23.756905,12.609762,0.912378,532.117657,0.042422,6.531632,582.323599,588.897937,589.391211,0.493274,589.552454
2105,vehicle0,1384.912000,1384.713000,1663.587088,1,ok,30465,22632,1,0.301509,0.007274,0.000350,0.095662,7.855852,1.697460,0.000174,27.051433,10.886549,0.693723,499.827601,0.004179,8.775682,548.108454,556.888665,557.148819,0.260154,557.457602
2106,vehicle0,1385.119000,1384.912000,1664.384969,1,ok,30641,22746,1,0.332020,0.010056,0.000215,0.141037,11.946389,1.763242,0.000103,32.385992,12.691296,0.707453,495.060639,0.024624,7.717041,554.696151,562.438031,562.739385,0.301354,563.081461
2107,vehicle0,1385.323000,1385.112000,1665.166688,1,ok,30659,22776,1,0.355378,0.010408,0.000301,0.130611,16.291243,2.162727,0.000121,32.811509,17.246690,0.707511,512.348465,0.004234,6.573058,581.698877,588.276470,588.857543,0.581073,589.223329
2108,vehicle0,1385.519000,1385.315000,1665.940691,1,ok,30537,22748,1,0.273812,0.006113,0.000326,0.116225,13.235623,1.531543,0.000134,28.435454,14.033884,0.756615,496.053786,0.003645,7.341431,554.163264,561.508666,561.791532,0.282866,562.071457
2109,vehicle0,1385.723000,1385.512000,1666.645460,1,ok,30538,22685,1,0.127514,0.012661,0.000534,0.125946,16.629897,1.364772,0.000221,36.900570,18.239322,0.717219,492.002715,0.011875,6.969972,565.980662,572.963043,573.190340,0.227297,573.330515
2110,vehicle0,1385.911000,1385.714000,1667.381463,1,ok,30539,22475,1,0.324538,0.006567,0.000242,0.120641,14.223311,2.262165,0.000122,28.491688,12.353216,0.865656,475.915126,0.003336,7.312118,534.231925,541.547621,541.930202,0.382581,542.261307
2111,vehicle0,1386.113000,1385.917000,1668.116195,1,ok,30450,22182,1,0.285279,0.006811,0.000216,0.131453,11.269625,1.335457,0.000359,31.168059,16.841392,0.841870,492.129348,0.004518,8.780723,553.717563,562.503020,562.850075,0.347055,563.142165
2112,vehicle0,1386.314000,1386.113000,1668.883662,1,ok,30186,21753,1,0.109775,0.010739,0.000367,0.083957,10.107868,1.461331,0.000044,28.646794,12.351587,0.698199,478.370687,0.004048,7.369116,531.720467,539.093998,539.373621,0.279623,539.494135
2113,vehicle0,1386.519000,1386.314000,1669.703267,1,ok,30111,21530,1,0.327843,0.007425,0.000377,0.108804,15.226553,1.701108,0.000078,33.883426,18.708234,0.754314,474.120765,0.004451,8.402959,544.503282,552.911069,553.338991,0.427922,553.674259
2114,vehicle0,1386.712000,1386.514000,1670.469428,1,ok,30115,21398,1,0.131608,0.011811,0.000416,0.117541,16.490036,1.941151,0.000077,36.276758,17.743497,0.748334,466.405557,0.003941,6.501859,539.722951,546.229167,546.611100,0.381933,546.754519
2115,vehicle0,1386.912000,1386.712000,1671.243008,1,ok,29823,21230,1,0.146642,0.007753,0.000248,0.118371,14.942556,2.244774,0.000179,30.255573,12.971005,0.698208,436.278177,0.052052,12.398855,497.508843,509.959998,510.360169,0.400171,510.514564
2116,vehicle0,1387.100000,1386.912000,1672.038551,1,ok,29387,20965,1,0.116580,0.007578,0.000282,0.086757,12.589168,2.458492,0.000480,26.231997,12.959352,0.851431,401.643978,0.003148,8.233058,456.821655,465.058143,465.457795,0.399652,465.581953
2117,vehicle0,1387.312000,1387.111000,1672.851363,1,ok,29148,20770,1,0.138849,0.015282,0.000524,0.139192,9.739807,1.478759,0.000076,26.333203,11.640577,0.820543,412.480848,0.003908,8.286005,462.633005,470.923442,471.424997,0.501555,471.579128
2118,vehicle0,1387.514000,1387.312000,1673.650216,1,ok,29043,20567,1,0.243518,0.006011,0.000250,0.113773,10.196702,1.848022,0.000160,28.897758,11.329338,0.681802,411.620858,0.004387,8.345972,464.688413,473.039022,473.515892,0.476870,473.765421
2119,vehicle0,1387.712000,1387.514000,1674.471397,1,ok,28886,20389,1,0.112214,0.011826,0.000402,0.162481,9.230342,1.393895,0.000072,28.447682,14.791331,0.870712,422.147115,0.004375,7.669207,477.043630,484.717614,485.231952,0.514338,485.355992
2120,vehicle0,1387.914000,1387.712000,1675.229426,1,ok,28718,20214,1,0.118003,0.005674,0.000397,0.122818,9.151872,2.181395,0.000125,28.594533,11.372363,0.685254,411.437845,0.013395,6.952131,463.546205,470.512128,470.765209,0.253081,470.888886
2121,vehicle0,1388.106000,1387.914000,1675.984713,1,ok,28579,20039,1,0.141734,0.008468,0.000298,0.103502,8.097070,2.151957,0.000102,23.327938,11.187232,0.953832,392.800687,0.003302,6.949449,438.622320,445.575369,446.143829,0.568460,446.294031
2122,vehicle0,1388.267000,1388.112000,1676.774982,1,ok,28461,19883,1,0.172706,4.598765,0.000514,0.129291,10.946357,2.108704,0.000147,23.408494,11.336446,0.721617,388.107375,0.031775,8.650134,436.758431,445.440854,446.149387,0.708533,450.920858
2123,vehicle0,1388.515000,1388.313000,1677.579522,1,ok,28317,19690,1,0.239072,0.007323,0.000250,0.112232,8.070339,2.778850,0.000125,23.898558,9.527165,0.690882,397.308369,0.005083,7.654845,442.386520,450.046698,450.618879,0.572181,450.865274
2124,vehicle0,1388.694000,1388.518000,1678.317236,1,ok,28163,19461,1,0.161633,0.013910,0.000611,0.110567,8.199591,1.460652,0.000111,23.065293,9.441459,0.876859,375.463378,0.003514,6.655923,418.617910,425.277958,425.558861,0.280903,425.734404
2125,vehicle0,1388.918000,1388.718000,1679.108958,1,ok,27984,19222,1,0.135764,0.009992,0.000410,0.083995,8.177606,2.053761,0.000100,25.500293,11.943181,0.742571,390.034166,0.013809,6.266626,438.535673,444.816518,445.126208,0.309690,445.271964
2126,vehicle0,1389.100000,1388.918000,1679.841074,1,ok,27771,19041,1,0.125654,0.005593,0.000269,0.131540,8.421647,1.407602,0.000092,24.382758,12.151527,0.666468,364.738036,0.002879,7.321610,411.899670,419.224428,419.460020,0.235592,419.591267
2127,vehicle0,1389.288000,1389.117000,1680.590432,1,ok,27569,18939,1,0.145627,0.010148,0.000194,0.123689,11.553293,2.000005,0.000119,24.353620,14.728871,0.949387,358.842836,0.004045,6.505300,412.551820,419.061359,419.521822,0.460463,419.677597
2128,vehicle0,1389.517000,1389.319000,1681.378172,1,ok,27376,18856,1,0.146174,0.006858,0.000352,0.121059,8.682478,1.778370,0.000081,21.460904,10.034058,0.817200,354.233240,0.017040,7.653467,397.127390,404.798249,405.169577,0.371328,405.322609
2129,vehicle0,1389.684000,1389.517000,1682.114442,1,ok,27164,18598,1,0.143509,0.005906,0.000250,0.097816,10.035151,2.228352,0.000152,23.210497,13.510722,0.932510,352.967855,0.003203,7.404640,402.983055,410.391148,410.707976,0.316828,410.857391
2130,vehicle0,1389.886000,1389.719000,1682.867734,1,ok,26940,18338,1,0.230045,1.006366,0.000315,0.084314,6.963229,2.206053,0.000086,18.916437,9.727241,0.676086,358.646709,0.004741,7.137410,397.220155,404.362621,404.810174,0.447553,406.046585
2131,vehicle0,1390.043000,1389.918000,1683.591991,1,ok,26750,18145,1,0.130823,0.007875,0.000404,0.112100,7.210672,2.262936,0.000189,25.367037,11.041676,0.858436,338.162700,0.021396,6.725959,385.015746,391.763505,392.319437,0.555932,392.458135
2132,vehicle0,1390.234000,1390.117000,1684.335632,1,ok,26680,18060,1,0.218074,0.006484,0.000295,0.107243,4.725183,1.730572,0.000047,18.900813,8.011312,0.823807,331.526057,0.004427,6.850374,365.825034,372.680130,373.052917,0.372787,373.277475
2133,vehicle0,1390.431000,1390.317000,1685.105961,1,ok,26613,18006,1,0.250358,0.009123,0.000269,0.119112,6.770998,2.280411,0.000080,21.355584,8.188802,0.945472,310.864320,0.003718,8.128774,350.524779,358.657540,359.115071,0.457531,359.374552
2134,vehicle0,1390.640000,1390.516000,1685.885245,1,ok,26542,17954,1,0.250942,0.012365,0.000379,0.085951,7.116875,1.686122,0.000045,16.772729,10.160342,0.682870,322.332699,0.005479,7.542505,358.837633,366.385996,366.799149,0.413153,367.062456
2135,vehicle0,1390.831000,1390.718000,1686.630790,1,ok,26492,17920,1,0.220386,0.045542,0.000254,0.103556,5.604945,1.460831,0.000034,16.786446,8.705166,0.659591,319.353486,0.002619,6.309612,352.674055,358.986540,359.318533,0.331993,359.584461
2136,vehicle0,1391.031000,1390.917000,1687.424167,1,ok,26528,17944,1,0.224518,0.006996,0.000347,0.109921,6.422202,3.345615,0.000109,21.383157,9.682357,0.767227,317.654133,0.019266,7.996268,359.364721,367.380602,367.852845,0.472243,368.084359
2137,vehicle0,1391.234000,1391.118000,1688.187915,1,ok,26566,17969,1,0.096165,0.007274,0.000424,0.105667,4.777842,1.995209,0.000089,27.962734,9.521215,0.901475,314.237096,0.013087,8.076223,359.501327,367.591061,367.975561,0.384500,368.079000
2138,vehicle0,1391.432000,1391.317000,1688.952198,1,ok,26551,17950,1,0.191389,0.005058,0.000271,0.066535,4.671030,2.896629,0.000084,16.487016,6.652500,0.680680,301.229916,0.004850,7.781568,332.684390,340.471079,340.715690,0.244611,340.912137
2139,vehicle0,1391.634000,1391.517000,1689.738918,1,ok,26503,17920,1,0.119993,0.009183,0.000317,0.086535,4.255482,1.505231,0.000256,18.519820,10.789839,0.898889,300.600863,0.003399,6.523680,336.656915,343.184311,343.509785,0.325474,343.638961
2140,vehicle0,1391.842000,1391.718000,1690.502760,1,ok,26493,17910,1,0.084892,0.006640,0.000508,0.105867,5.928474,2.098618,0.000114,24.116349,10.400535,0.666889,326.478444,0.003526,6.513867,369.795290,376.313191,376.589741,0.276550,376.681273
2141,vehicle0,1392.044000,1391.914000,1691.267938,1,ok,26488,17919,1,0.104227,0.010911,0.000298,0.090151,5.728676,1.815175,0.000154,21.878219,11.928115,0.683464,319.654625,0.003996,8.375792,361.778579,370.158665,370.462085,0.303420,370.577223
2142,vehicle0,1392.263000,1392.116000,1692.022829,1,ok,26514,17929,1,0.289959,0.006884,0.000405,0.097963,5.870811,2.259460,0.000092,22.616689,8.406954,0.704776,334.090287,0.014274,9.806065,374.047032,383.867776,384.150172,0.282396,384.447015
2143,vehicle0,1392.437000,1392.318000,1692.793429,1,ok,26543,17954,1,0.094158,0.009057,0.000360,0.109124,6.918084,1.642037,0.000159,21.939087,12.450225,0.773053,328.515744,0.004232,8.637633,372.347513,380.989738,381.327563,0.337825,381.430778
2144,vehicle0,1392.645000,1392.517000,1693.575468,1,ok,26567,17977,1,0.213414,0.007008,0.000283,0.105159,7.065422,2.262181,0.000109,24.833419,10.452403,0.847650,329.164318,0.005165,7.459828,374.730661,382.195937,382.561539,0.365602,382.781961
2145,vehicle0,1392.844000,1392.717000,1694.334074,1,ok,26574,17974,1,0.146402,0.003927,0.000332,0.100378,4.426489,1.514798,0.000029,19.483914,10.979439,0.925665,326.682137,0.004075,13.166539,364.112849,377.283795,377.725845,0.442050,377.876174
2146,vehicle0,1393.035000,1392.917000,1695.085514,1,ok,26542,17953,1,0.320310,0.015810,0.000246,0.115599,4.760901,1.900460,0.000168,18.611322,7.411759,0.688357,311.258688,0.003856,6.204422,344.747254,350.955778,351.263460,0.307682,351.599580
2147,vehicle0,1393.226000,1393.118000,1695.785672,1,ok,26549,17955,1,0.122890,0.006177,0.000220,0.065554,3.397004,1.491200,0.000038,16.315451,6.870673,0.937953,243.825085,0.012327,11.215802,272.902958,284.131307,284.731828,0.600521,284.860895
2148,vehicle0,1393.426000,1393.316000,1696.563802,1,ok,26569,17984,1,0.168917,0.006303,0.000246,0.098202,4.769325,2.210876,0.000136,13.865732,5.232118,0.666312,253.973628,0.020183,7.964008,280.816329,288.800766,289.189987,0.389221,289.365207
2149,vehicle0,1393.631000,1393.517000,1697.422728,1,ok,26572,17990,1,0.097043,0.007017,0.000185,0.115224,5.140809,2.064414,0.000215,19.872696,9.323154,1.028510,273.263399,0.004526,8.163873,310.808421,318.977005,319.409017,0.432012,319.513077
2150,vehicle0,1393.826000,1393.717000,1698.141620,1,ok,26586,18019,1,0.313191,1.714020,0.000413,0.104417,3.995151,1.456783,0.000073,15.812531,6.842529,0.647444,238.191602,0.004361,8.251252,267.050530,275.306556,275.656375,0.349819,277.683586
2151,vehicle0,1394.037000,1393.917000,1698.938973,1,ok,26594,18037,1,0.346944,0.008149,0.000288,0.098197,7.360521,1.973424,0.000043,13.876541,7.289438,0.965791,246.931537,0.009131,11.007055,278.495492,289.511966,290.222426,0.710460,290.577519
2152,vehicle0,1394.233000,1394.116000,1699.693153,1,ok,26614,18053,1,0.218367,0.005017,0.000364,0.066690,3.951148,1.439218,0.000156,15.826091,7.467350,0.729252,252.428156,0.004388,8.894272,281.908061,290.807085,291.113145,0.306060,291.336529
2153,vehicle0,1394.441000,1394.317000,1700.537429,1,ok,26598,18039,1,0.168104,0.006019,0.000448,0.111177,6.630568,2.268540,0.000111,22.548632,8.331557,0.708238,321.357184,0.012955,7.846438,361.956007,369.815848,370.178236,0.362388,370.352359
2154,vehicle0,1394.633000,1394.517000,1701.265895,1,ok,26633,18068,1,0.245603,0.008808,0.000418,0.109566,7.611651,3.561588,0.000144,17.350444,10.192547,0.867528,308.336485,0.004038,6.235125,348.029953,354.269534,354.822124,0.552590,355.076535
2155,vehicle0,1394.823000,1394.718000,1701.948696,1,ok,26611,18046,1,0.237765,0.006056,0.000220,0.067380,3.871044,1.469617,0.000152,15.423713,7.018462,0.889898,248.737232,0.004904,6.385916,277.477498,283.868538,284.389243,0.520705,284.633064
2156,vehicle0,1395.023000,1394.917000,1702.670037,1,ok,26573,18013,1,0.121911,0.010098,0.000747,0.116814,4.473838,1.811673,0.000104,10.945831,4.920270,0.863006,196.364997,0.002889,6.442388,219.496533,225.942557,226.310573,0.368016,226.442582
2157,vehicle0,1395.224000,1395.116000,1703.452897,1,ok,26548,18012,1,0.096966,0.006026,0.000449,0.076730,4.395854,1.855702,0.000177,9.780312,5.641974,0.774933,206.315207,0.015612,8.356788,228.840889,237.213738,237.665249,0.451511,237.768241
2158,vehicle0,1395.434000,1395.317000,1704.335398,1,ok,26614,18092,1,0.303370,0.123652,0.000358,0.096663,4.010365,1.834851,0.000085,15.844112,7.260432,0.734685,295.172820,0.011495,6.464679,324.954013,331.430545,331.746133,0.315588,332.173155
2159,vehicle0,1395.635000,1395.516000,1705.117194,1,ok,26656,18138,1,0.112758,0.006709,0.000307,0.075698,4.585030,2.302177,0.000075,21.840965,9.701968,0.697231,306.087202,0.004325,9.263046,345.290346,354.558024,354.983008,0.424984,355.102475
2160,vehicle0,1395.919000,1395.718000,1705.992240,1,ok,26703,18174,1,0.233503,0.008654,0.000451,0.119426,8.529770,2.400374,0.000208,26.269899,10.424244,0.693755,376.434307,0.003608,8.939763,424.871983,433.815805,434.229589,0.413784,434.471746
2161,vehicle0,1396.119000,1395.919000,1706.799673,1,ok,26916,18335,1,0.218755,0.005437,0.000199,0.100147,11.562946,2.493019,0.000163,30.403743,13.099075,0.762224,412.127011,0.010639,6.375924,470.548328,476.935090,477.406339,0.471249,477.630531
2162,vehicle0,1396.316000,1396.119000,1707.553809,1,ok,27186,18506,1,0.216118,0.004207,0.000269,0.069194,9.003146,1.485843,0.000124,23.948000,13.738204,0.930717,418.313546,0.008866,8.219048,467.488774,475.716957,476.135583,0.418626,476.355908
2163,vehicle0,1396.496000,1396.316000,1708.243943,1,ok,27388,18603,1,0.109820,0.006905,0.000258,0.090059,7.097956,1.584506,0.000094,20.487038,8.782483,0.710279,391.096541,0.021619,7.751412,429.848956,437.622245,437.917939,0.295694,438.034664
2164,vehicle0,1396.717000,1396.518000,1709.072566,1,ok,27528,18697,1,0.217798,0.404078,0.000370,0.109088,7.348703,1.651433,0.000103,20.428762,9.739350,0.879201,436.388801,0.004078,6.232595,476.545441,482.782484,483.254491,0.472007,483.876367
2165,vehicle0,1396.917000,1396.717000,1709.774503,1,ok,27690,18855,1,0.157341,0.005833,0.000526,0.126417,7.094982,1.442946,0.000034,21.770695,9.444041,1.039311,385.108046,0.005132,6.616339,426.026472,432.648469,433.046390,0.397921,433.209564
2166,vehicle0,1397.102000,1396.917000,1710.531871,1,ok,27788,19014,1,0.138913,0.007150,0.000396,0.115553,8.792102,1.587460,0.000231,24.316898,10.670874,0.701244,389.596274,0.004116,6.738914,435.780636,442.524062,442.808189,0.284127,442.954252
2167,vehicle0,1397.318000,1397.117000,1711.333437,1,ok,27948,19200,1,0.253689,0.006008,0.000217,0.076975,8.953280,1.526595,0.000159,25.873727,10.993606,0.715162,432.647294,0.003672,6.177358,480.786798,486.968045,487.249049,0.281004,487.508746
2168,vehicle0,1397.517000,1397.318000,1712.107871,1,ok,28052,19287,1,0.248134,0.033823,0.000432,0.116543,8.969637,1.472698,0.000121,21.768312,13.550346,0.868103,455.549382,0.012763,6.639821,502.295142,508.948158,509.365668,0.417510,509.647625
2169,vehicle0,1397.719000,1397.517000,1712.860620,1,ok,28173,19409,1,0.301908,0.008454,0.000342,0.127637,9.237305,1.696579,0.000103,30.740959,15.047665,0.931360,439.826914,0.011777,6.975367,497.608522,504.596008,505.036574,0.440566,505.346936
2170,vehicle0,1397.925000,1397.719000,1713.668949,1,ok,28295,19627,1,0.218167,0.007310,0.000215,0.119050,7.857311,1.292499,0.000051,28.992677,12.859832,0.922844,453.322839,0.003411,6.665894,505.367103,512.036623,512.303769,0.267146,512.529246
2171,vehicle0,1398.118000,1397.918000,1714.356619,1,ok,28423,19853,1,0.153853,0.008380,0.000497,0.081201,7.876815,1.375409,0.000123,23.287642,11.670946,0.695326,442.660949,0.006130,7.975309,487.648411,495.630347,495.895627,0.265280,496.057860
2172,vehicle0,1398.321000,1398.118000,1715.116617,1,ok,28567,19924,1,0.149405,0.007312,0.000408,0.125568,9.236376,1.277592,0.000091,29.862896,16.546142,0.899317,455.070184,0.004947,6.192616,513.018166,519.216137,519.613567,0.397430,519.770284
2173,vehicle0,1398.519000,1398.321000,1715.940517,1,ok,28668,19928,1,0.321184,0.005922,0.000372,0.131676,9.801995,1.219837,0.000098,28.076292,15.018707,0.845802,463.380520,0.012651,7.170304,518.474927,525.658254,526.120426,0.462172,526.447532
2174,vehicle0,1398.720000,1398.519000,1716.715114,1,ok,28744,20030,1,0.245558,0.007718,0.000221,0.119161,9.349764,1.786499,0.000123,37.475132,10.554194,0.915110,459.725072,0.005540,7.385226,519.925055,527.316042,527.973834,0.657792,528.227110
2175,vehicle0,1398.919000,1398.720000,1717.473487,1,ok,28945,20247,1,0.157387,0.008731,0.000324,0.147271,9.383697,1.824398,0.000140,26.432748,15.151600,0.943995,449.421592,0.004251,9.184419,503.305441,512.494435,513.054493,0.560058,513.220611
2176,vehicle0,1399.119000,1398.919000,1718.265174,1,ok,29081,20372,1,0.275165,0.006147,0.000210,0.105729,7.731341,1.150091,0.000028,28.654299,15.804713,0.908084,446.122790,0.004732,6.756908,500.477075,507.238925,507.807996,0.569071,508.089308
2177,vehicle0,1399.318000,1399.118000,1719.016274,1,ok,29188,20553,1,0.159262,0.681526,0.000247,0.113200,12.015357,1.139655,0.000074,27.277239,16.401930,0.919973,491.490830,0.003005,6.565663,549.358258,555.927173,556.412408,0.485235,557.253196
2178,vehicle0,1399.519000,1399.318000,1719.783385,1,ok,29231,20718,1,0.111364,0.014027,0.000557,0.132620,10.242424,1.637632,0.000159,28.178206,12.988464,0.813042,474.576770,0.012673,6.114406,528.569317,534.696953,535.069453,0.372500,535.194844
2179,vehicle0,1399.718000,1399.519000,1720.608584,1,ok,29249,20798,1,0.248067,0.007236,0.000203,0.123589,8.494538,1.113308,0.000091,30.967212,12.667443,0.852364,492.938591,0.003741,6.739223,547.157136,553.900303,554.193193,0.292890,554.448496
2180,vehicle0,1399.869000,1399.718000,1721.233720,1,ok,29225,20749,1,0.111777,0.007606,0.000494,0.132219,7.509061,1.092823,0.000155,21.368168,8.793016,0.735570,451.059368,0.004254,7.157290,490.690380,497.852418,498.273024,0.420606,498.392407
2181,vehicle0,1400.118000,1399.919000,1722.165570,1,ok,29218,20737,1,0.174458,0.007536,0.000426,0.119170,8.186959,1.509391,0.000122,29.049565,11.503808,0.907233,472.091626,0.003573,8.058080,523.367874,531.429953,531.913213,0.483260,532.095207
2182,vehicle0,1400.318000,1400.118000,1722.912558,1,ok,29262,20771,1,0.407687,0.021292,0.000493,0.111108,8.382223,1.181222,0.000087,23.745616,12.900806,1.009550,461.156077,0.004977,9.134359,508.486689,517.626518,518.113939,0.487421,518.542918
2183,vehicle0,1400.520000,1400.318000,1723.715299,1,ok,29250,20759,1,0.093781,0.006424,0.000285,0.123418,8.740517,1.483025,0.000149,28.299212,12.772957,0.711767,476.596963,0.013063,7.302987,528.728008,536.044343,536.321443,0.277100,536.421648
2184,vehicle0,1400.717000,1400.520000,1724.515024,1,ok,29221,20742,1,0.140576,0.007931,0.000300,0.127168,9.315571,1.027593,0.000092,24.760848,11.341684,0.847973,488.905355,0.016743,7.070990,536.326284,543.414317,543.989617,0.575300,544.138124
2185,vehicle0,1400.920000,1400.717000,1725.358111,1,ok,29034,20699,1,0.117102,0.006522,0.000441,0.122221,13.597231,1.547734,0.000313,26.297189,15.017722,0.727595,510.645863,0.013586,6.230696,567.955868,574.200591,574.604118,0.403527,574.727742
2186,vehicle0,1401.127000,1400.920000,1726.167839,1,ok,28941,20735,1,0.158785,0.008456,0.000278,0.105934,12.877206,1.699137,0.000089,26.779669,15.531109,0.769141,494.280608,0.003948,7.285971,552.042893,559.333090,559.666225,0.333135,559.833466
2187,vehicle0,1401.319000,1401.119000,1726.926330,1,ok,28853,20749,1,0.251890,0.011612,0.000291,0.142088,12.796093,1.460539,0.000112,32.723665,11.608236,0.694982,479.031721,0.006286,6.625707,538.457436,545.089720,545.633800,0.544080,545.897302
2188,vehicle0,1401.528000,1401.319000,1727.745979,1,ok,28758,20579,1,0.180358,0.008497,0.000312,0.132541,11.711121,1.392214,0.000088,27.328203,12.332047,0.715402,497.700446,0.012780,7.516662,551.312062,558.841816,559.135987,0.294171,559.324842
2189,vehicle0,1401.724000,1401.519000,1728.521951,1,ok,28700,20426,1,0.292839,0.007218,0.000364,0.102744,10.175356,1.505569,0.000094,28.027285,16.654096,0.713752,511.910375,0.003464,7.252505,569.089271,576.345604,576.818604,0.473000,577.118661
2190,vehicle0,1401.921000,1401.718000,1729.225951,1,ok,28675,20352,1,0.151160,0.006530,0.000227,0.100979,7.993089,1.101685,0.000100,23.719816,20.647557,0.754194,474.097768,0.006796,7.392176,528.415188,535.814387,536.314725,0.500338,536.472415
2191,vehicle0,1402.119000,1401.921000,1730.062070,1,ok,28666,20358,1,0.273271,0.010046,0.000327,0.107643,9.157830,1.675269,0.000193,25.738057,12.228913,0.896252,492.268350,0.005033,6.269521,542.072507,548.347388,548.954640,0.607252,549.237957
2192,vehicle0,1402.319000,1402.119000,1730.832141,1,ok,28627,20310,1,0.156913,0.009172,0.000158,0.117972,8.382797,1.311541,0.000097,25.497447,11.201966,0.802871,462.092919,0.003800,8.335100,509.407610,517.746668,518.132492,0.385824,518.298577
2193,vehicle0,1402.526000,1402.319000,1731.659698,1,ok,28657,20323,1,0.142898,0.007906,0.000281,0.149783,7.187859,1.111282,0.000081,24.592477,12.293387,0.928850,499.090501,0.003600,6.639691,545.354220,551.997792,552.538954,0.541162,552.689758
2194,vehicle0,1402.719000,1402.517000,1732.386377,1,ok,28708,20361,1,0.263696,0.006390,0.000328,0.080126,7.603113,1.338404,0.000076,22.881658,11.262094,0.698125,479.256584,0.011399,7.338108,523.120180,530.470015,530.803141,0.333126,531.073227
2195,vehicle0,1402.919000,1402.719000,1733.173142,1,ok,28709,20359,1,0.123662,0.007397,0.000342,0.101766,8.263148,1.551837,0.000121,22.345902,12.646067,0.901007,465.828307,0.003699,8.514268,511.638155,520.156464,520.702157,0.545693,520.833216
2196,vehicle0,1403.118000,1402.919000,1733.961622,1,ok,28665,20311,1,0.144663,0.007976,0.000287,0.117089,8.654714,1.432919,0.000142,31.641411,15.798757,0.695742,465.307280,0.014818,8.268132,523.648054,531.931291,532.359657,0.428366,532.512296
2197,vehicle0,1403.321000,1403.118000,1734.615033,1,ok,28643,20269,1,0.245486,0.007714,0.000376,0.105520,6.685394,1.277511,0.000105,33.915587,12.505733,0.739124,464.704239,0.003573,7.079392,519.933213,527.016554,527.470985,0.454431,527.724185
2198,vehicle0,1403.518000,1403.321000,1735.413015,1,ok,28646,20263,1,0.128285,0.007783,0.000232,0.121577,8.989810,1.502835,0.000124,27.863077,12.054636,0.835817,463.389811,0.012859,8.494401,514.757687,523.265179,523.714788,0.449609,523.850856
2199,vehicle0,1403.721000,1403.518000,1736.179892,1,ok,28674,20282,1,0.193388,0.009572,0.000271,0.162338,14.723039,1.546795,0.000159,38.966410,15.109074,0.800864,472.871917,0.013330,6.365427,544.180596,550.559624,550.970925,0.411301,551.173885
2200,vehicle0,1403.928000,1403.721000,1736.959784,1,ok,28648,20283,1,0.112304,0.010846,0.000307,0.100553,10.295943,4.139839,0.000101,24.880723,11.937061,0.902338,484.540661,0.005632,6.519892,536.797219,543.323050,543.873354,0.550304,543.996504
2201,vehicle0,1404.118000,1403.920000,1737.707215,1,ok,28635,20314,1,0.129305,0.008375,0.000237,0.121523,8.613165,1.063389,0.000125,33.055926,15.477140,0.745558,442.787584,0.004300,6.913984,501.864410,508.782931,509.114656,0.331725,509.252336
2202,vehicle0,1404.293000,1404.118000,1738.424969,1,ok,28673,20391,1,0.130096,0.006014,0.000261,0.090029,9.495189,1.467328,0.000102,22.716752,10.219399,0.777978,485.077299,0.011111,8.164508,529.844076,538.019956,538.797342,0.777386,538.933452
2203,vehicle0,1404.519000,1404.319000,1739.294703,1,ok,28732,20429,1,0.260941,0.009714,0.000324,0.122478,9.621766,0.967403,0.000024,23.071477,9.875691,0.696977,452.254340,0.010506,9.266207,496.610156,505.887193,506.415531,0.528338,506.686186
2204,vehicle0,1404.719000,1404.519000,1740.041561,1,ok,28795,20444,1,0.363605,0.007818,0.000161,0.103497,8.188227,1.470539,0.000117,23.133478,11.385808,0.721977,424.727617,0.003916,7.451477,469.731260,477.186814,477.876706,0.689892,478.248129
2205,vehicle0,1404.923000,1404.719000,1740.876987,1,ok,28797,20399,1,0.143369,0.007831,0.000430,0.083120,7.072831,1.284638,0.000087,26.086494,14.123488,0.723978,451.693119,0.017157,9.209212,501.067755,510.294554,510.814535,0.519981,510.965735
2206,vehicle0,1405.119000,1404.918000,1741.599043,1,ok,28687,20282,1,0.102938,0.006651,0.000308,0.099679,8.544985,2.107568,0.000106,43.437155,12.192937,1.033365,439.413486,0.005704,9.257227,506.829281,516.092520,516.676953,0.584433,516.786542
2207,vehicle0,1405.319000,1405.119000,1742.400786,1,ok,28563,20193,1,0.229052,0.006088,0.000239,0.116951,9.049795,1.602312,0.000123,22.922489,9.634869,1.025511,451.751976,0.004267,6.623049,496.104026,502.731581,503.447008,0.715427,503.682148
2208,vehicle0,1405.518000,1405.319000,1743.107457,1,ok,28502,20133,1,0.114335,0.005113,0.000198,0.102728,7.075067,0.925679,0.000072,22.134545,12.512122,0.672728,397.860095,0.004710,8.166098,441.283036,449.454042,449.811023,0.356981,449.930471
2209,vehicle0,1405.719000,1405.518000,1743.867335,1,ok,28432,20106,1,0.457500,0.008075,0.000262,0.115267,9.191420,1.421263,0.000083,24.044316,13.956817,0.701107,434.931984,0.005195,7.043105,484.362257,491.410819,491.846004,0.435185,492.311579
2210,vehicle0,1405.919000,1405.719000,1744.647186,1,ok,28328,20067,1,0.174374,0.009316,0.000153,0.087049,7.536764,1.092602,0.000119,20.315489,10.917179,0.722486,419.510805,0.013194,8.741136,460.182493,468.936976,469.214818,0.277842,469.398508
2211,vehicle0,1406.119000,1405.919000,1745.390782,1,ok,28216,20039,1,0.245941,0.007064,0.000476,0.090794,8.607607,1.464161,0.000033,20.200893,10.413880,0.674439,426.590241,0.014918,6.261394,468.042048,474.318836,474.729473,0.410637,474.982478
2212,vehicle0,1406.320000,1406.119000,1746.177680,1,ok,28176,20059,1,0.237370,0.006183,0.000199,0.065626,5.846378,0.901508,0.000125,21.090352,10.200005,0.741941,427.516028,0.003461,6.151685,466.361963,472.517308,472.865335,0.348027,473.108888
2213,vehicle0,1406.519000,1406.320000,1746.913058,1,ok,28097,20035,1,0.282369,0.007889,0.000283,0.071411,7.393895,0.894732,0.000034,19.113966,10.364974,0.705344,418.771458,0.003804,8.052640,457.315814,465.372541,465.691832,0.319291,465.982090
2214,vehicle0,1406.719000,1406.519000,1747.646726,1,ok,27994,19986,1,0.298644,0.006564,0.000274,0.110555,6.903427,0.931469,0.000107,21.347601,11.464186,0.649712,411.793098,0.002928,6.202253,453.200155,459.405610,459.717931,0.312321,460.023139
2215,vehicle0,1406.919000,1406.719000,1748.414290,1,ok,27917,19942,1,0.069239,0.009698,0.000415,0.121453,8.606365,1.314944,0.000126,28.403618,13.787788,0.918708,431.283328,0.018218,8.053096,484.436330,492.508059,493.062406,0.554347,493.141343
2216,vehicle0,1407.118000,1406.919000,1749.141279,1,ok,27813,19924,1,0.123983,0.008052,0.000315,0.097325,7.100162,1.336132,0.000090,23.918276,9.864192,0.811151,401.755888,0.010264,10.622736,444.883216,455.516531,456.363322,0.846791,456.495357
2217,vehicle0,1407.303000,1407.118000,1749.892382,1,ok,27727,20190,1,0.289813,0.007412,0.000497,0.062188,6.722571,1.383216,0.000118,26.395199,9.637906,0.870682,404.521029,0.004699,8.473903,449.592909,458.072008,458.533510,0.461502,458.830735
2218,vehicle0,1407.518000,1407.321000,1750.696890,1,ok,27648,20527,1,0.325661,0.010370,0.000238,0.101487,7.862444,1.265596,0.000170,26.594058,9.183181,3.678103,407.673108,0.003877,6.142637,456.358147,462.504899,462.919899,0.415000,463.255930
2219,vehicle0,1407.715000,1407.520000,1751.462728,1,ok,27489,20600,1,0.194797,0.009990,0.000276,0.109043,8.344512,1.223011,0.000089,23.673078,10.217403,0.693165,395.565706,0.014952,10.804487,439.826007,450.645722,451.033970,0.388248,451.238757
2220,vehicle0,1407.916000,1407.719000,1752.245144,1,ok,27406,20690,1,0.089737,0.007958,0.000300,0.107368,8.922003,1.477987,0.000132,25.337595,9.967652,0.918467,407.712645,0.004397,6.993808,454.443849,461.442354,461.954676,0.512322,462.052371
2221,vehicle0,1408.119000,1407.916000,1753.004647,1,ok,27233,20752,1,0.331251,0.012694,0.000353,0.155835,24.589615,1.331863,0.000078,27.510681,12.306445,0.862316,418.786744,0.029770,8.405355,485.543577,493.979055,494.664526,0.685471,495.008471
2222,vehicle0,1408.318000,1408.119000,1753.753340,1,ok,26903,20809,1,0.101579,0.006332,0.000282,0.053850,10.442756,1.375225,0.000175,30.107437,14.255681,0.701892,415.034713,0.005737,7.767622,471.971729,479.745370,480.059788,0.314418,480.167699
2223,vehicle0,1408.519000,1408.318000,1754.487211,1,ok,26493,20752,1,0.107033,0.010082,0.000599,0.161093,12.348133,1.440084,0.000226,25.315140,12.189274,0.823732,407.283210,0.013892,9.715309,459.560892,469.290692,470.174242,0.883550,470.291357
2224,vehicle0,1408.711000,1408.519000,1755.230874,1,ok,26257,20707,1,0.150065,0.007389,0.000246,0.108213,9.384550,0.980565,0.000024,24.349525,11.724346,0.688338,390.612635,0.004617,8.323488,437.848196,446.176547,446.657427,0.480880,446.814881
2225,vehicle0,1408.917000,1408.716000,1756.005509,1,ok,26065,20680,1,0.245910,0.009101,0.000266,0.111124,10.750396,1.338014,0.000113,22.021905,11.624804,0.689273,406.250926,0.010256,7.629834,452.786555,460.426911,460.744722,0.317811,460.999733
2226,vehicle0,1409.119000,1408.917000,1756.687248,1,ok,25843,20567,1,0.149541,0.006359,0.000264,0.101725,13.757719,1.596820,0.000087,26.700999,12.310879,1.759440,396.398932,0.013135,7.326174,452.626601,459.966174,460.328256,0.362082,460.484156
2227,vehicle0,1409.318000,1409.119000,1757.501015,1,ok,25644,20569,1,0.125668,0.008910,0.000269,0.068866,10.222431,2.513569,0.000084,29.505021,12.553945,0.849774,434.816095,0.003530,7.276294,490.529785,497.809878,498.557924,0.748046,498.692502
2228,vehicle0,1409.464000,1409.318000,1758.173179,1,ok,25432,20554,1,0.238832,0.013009,0.000357,0.100540,9.840695,1.087612,0.000101,25.156036,13.687934,0.969615,432.222139,0.002989,8.776652,483.064672,491.844670,492.466648,0.621978,492.718489
2229,vehicle0,1409.719000,1409.520000,1759.094874,1,ok,25173,20487,1,0.119088,0.013723,0.000310,0.118183,12.250249,1.809004,0.000089,29.351903,14.672689,0.717396,454.884781,0.017609,8.400941,513.804294,522.223154,522.842184,0.619030,522.974995
2230,vehicle0,1409.919000,1409.719000,1759.870407,1,ok,24815,20255,1,0.377031,0.008650,0.000383,0.100900,10.632652,2.012752,0.000091,29.583424,14.505008,0.746784,462.932644,0.012356,9.971070,520.514255,530.498064,531.325588,0.827524,531.711269
2231,vehicle0,1410.123000,1409.919000,1760.654383,1,ok,24470,20006,1,0.220428,0.011679,0.000325,0.126273,12.558363,2.214559,0.000190,32.142010,13.216982,0.968812,461.204468,0.031739,6.381709,522.431657,528.845430,530.690073,1.844643,530.922180
2232,vehicle0,1410.328000,1410.119000,1761.427502,1,ok,24190,19672,1,0.289927,0.014098,0.000237,0.126151,12.416908,1.847155,0.000087,27.065303,13.318414,0.978766,482.766804,0.006127,7.409049,538.519588,545.935001,546.783522,0.848521,547.087547
2233,vehicle0,1410.527000,1410.320000,1762.129397,1,ok,23976,19318,1,0.069979,0.006453,0.000332,0.103385,11.630168,1.758483,0.000139,28.984174,10.125642,0.691839,443.624638,0.003896,7.156304,496.918468,504.079000,504.443133,0.364133,504.519565
2234,vehicle0,1410.718000,1410.519000,1762.834745,1,ok,23739,18974,1,0.189370,0.007038,0.000258,0.124530,8.348648,1.529044,0.000119,28.533865,11.777850,0.762417,432.140228,0.004145,8.575439,483.216701,491.796543,492.427116,0.630573,492.623524
2235,vehicle0,1410.920000,1410.718000,1763.596678,1,ok,23593,18801,1,0.118292,1.176227,0.000272,0.086863,8.670651,1.676680,0.000370,24.909918,11.147822,1.019184,442.851131,0.004258,6.616340,490.362619,496.983489,497.484782,0.501293,498.779301
2236,vehicle0,1411.121000,1410.920000,1764.384720,1,ok,23543,18711,1,0.114473,1.018030,0.000272,0.094857,10.860929,2.215251,0.000118,28.105277,14.108769,0.772431,422.266128,0.005695,8.910035,478.423760,487.339762,488.099676,0.759914,489.232179
2237,vehicle0,1411.319000,1411.121000,1765.172688,1,ok,23497,18723,1,0.104758,0.009208,0.000421,0.091200,7.956077,1.642837,0.000098,27.441297,10.047952,0.890774,419.877535,0.012710,7.428801,467.947770,475.389702,475.829120,0.439418,475.943086
2238,vehicle0,1411.518000,1411.319000,1765.867154,1,ok,23490,18685,1,0.277326,0.007015,0.000382,0.084441,8.183681,1.673634,0.000161,21.067432,13.074407,0.854782,378.178113,0.014406,13.928520,423.116651,437.059959,438.140364,1.080405,438.424705
2239,vehicle0,1411.730000,1411.519000,1766.685919,1,ok,23554,18771,1,0.132448,0.006806,0.000272,0.103528,10.660407,1.726823,0.000116,26.462561,15.119082,0.852664,432.068767,0.004021,7.816951,486.993948,494.815192,495.588067,0.772875,495.727321
2240,vehicle0,1411.921000,1411.719000,1767.372737,1,ok,23601,18781,1,0.199681,0.007194,0.000271,0.099083,10.294942,1.629962,0.000082,23.687841,11.671965,1.010770,424.586658,0.005545,7.700033,472.981303,480.687152,481.212361,0.525209,481.419236
2241,vehicle0,1412.121000,1411.922000,1768.100556,1,ok,23597,18758,1,0.108552,2.128133,0.000508,0.071659,7.534269,1.781308,0.000074,26.288796,15.117668,0.970146,418.969355,0.004487,6.172370,470.733275,476.910640,477.687143,0.776503,479.923828
2242,vehicle0,1412.318000,1412.121000,1768.790092,1,ok,23541,18654,1,0.267964,0.013547,0.000214,0.105233,7.674008,1.709838,0.000081,24.662366,10.928890,0.883419,365.356602,0.003821,8.877896,411.320437,420.202368,420.612581,0.410213,420.894092
2243,vehicle0,1412.519000,1412.321000,1769.529817,1,ok,23515,18618,1,0.191363,0.007526,0.000262,0.072537,6.954429,2.123837,0.000105,23.229083,12.264764,0.805472,368.732543,0.027316,7.026243,414.182770,421.236591,421.989607,0.753016,422.188496
2244,vehicle0,1412.695000,1412.519000,1770.259950,1,ok,23539,18629,1,0.099336,0.009523,0.000629,0.067803,6.544484,1.688090,0.000181,22.844287,10.524028,0.837410,362.829505,0.007333,8.588377,405.335788,413.932127,414.665567,0.733440,414.774426
2245,vehicle0,1412.920000,1412.721000,1771.038415,1,ok,23541,18625,1,0.137539,0.006575,0.000310,0.095752,8.385866,2.367474,0.000119,26.579501,9.343298,0.766050,390.520918,0.003753,7.056108,438.058978,445.119149,445.503450,0.384301,445.647564
2246,vehicle0,1413.119000,1412.920000,1771.842023,1,ok,23626,18683,1,0.072421,0.004960,0.000194,0.054703,23.762962,3.785309,0.000098,32.905901,12.327134,0.792036,394.574767,0.005974,6.520645,468.202910,474.729723,475.302585,0.572862,475.379966
2247,vehicle0,1413.319000,1413.119000,1772.575043,1,ok,23632,18680,1,0.471713,0.053497,0.000262,0.063487,6.331964,1.916052,0.000074,23.578032,12.212805,0.697051,393.683960,0.005725,8.406609,438.483425,446.896021,447.579723,0.683702,448.104933
2248,vehicle0,1413.519000,1413.319000,1773.344930,1,ok,23723,18681,1,0.188542,0.004151,0.000274,0.050302,5.953029,1.645055,0.000194,27.878812,15.382309,1.144154,414.747826,0.012890,6.843773,466.801681,473.658618,473.975867,0.317249,474.168560
2249,vehicle0,1413.693000,1413.519000,1774.032783,1,ok,23725,18687,1,0.122029,0.007446,0.000349,0.086461,9.222344,2.618353,0.000145,27.476907,15.878330,0.832620,364.314541,0.005198,6.699655,420.429701,427.134903,427.780709,0.645806,427.910184
2250,vehicle0,1413.862000,1413.718000,1774.768416,1,ok,23693,18688,1,0.181899,0.008142,0.000305,0.066784,7.684895,2.456782,0.000140,20.480202,10.473556,0.695185,359.044474,0.004202,7.600052,400.902018,408.506577,409.044976,0.538399,409.235017
2251,vehicle0,1414.120000,1413.919000,1775.620084,1,ok,23613,18695,1,0.069293,0.011973,0.000354,0.159577,8.484326,2.050515,0.000092,28.931121,12.444874,0.810495,400.856507,0.004298,8.857198,453.737507,462.599357,462.930410,0.331053,463.011676
2252,vehicle0,1414.320000,1414.120000,1776.386184,1,ok,23563,18802,1,0.112435,0.027246,0.000351,0.080267,8.807931,2.324893,0.000231,27.079777,13.438203,0.910194,421.511947,0.004082,7.479678,474.153443,481.637554,482.358341,0.720787,482.498022
2253,vehicle0,1414.520000,1414.320000,1777.132276,1,ok,23513,18892,1,0.228358,0.007876,0.000369,0.075289,9.139633,1.756338,0.000106,27.555400,11.699614,0.885106,386.168516,0.012674,6.277825,437.280002,443.570870,444.010850,0.439980,444.247084
2254,vehicle0,1414.720000,1414.520000,1777.898481,1,ok,23598,19025,1,0.229675,0.005519,0.000178,0.097405,8.270225,2.135069,0.000247,23.399303,12.160385,0.694089,380.828366,0.011998,6.751905,427.585089,434.349170,434.952976,0.603806,435.188170
2255,vehicle0,1414.903000,1414.720000,1778.595854,1,ok,23699,19199,1,0.211889,0.008785,0.000203,0.082595,6.820202,1.505521,0.000085,21.492793,9.613931,0.744184,348.233179,0.004618,6.442027,388.492490,394.939338,395.472449,0.533111,395.693123
2256,vehicle0,1415.114000,1414.920000,1779.367084,1,ok,23735,19317,1,0.217164,0.006513,0.000180,0.086064,9.088931,2.138465,0.000093,27.877103,12.791223,1.003709,363.927766,0.002460,7.421494,416.913354,424.337488,424.829577,0.492089,425.053254
2257,vehicle0,1415.272000,1415.120000,1780.046594,1,ok,23759,19406,1,0.116509,0.008113,0.000330,0.079731,7.317931,1.795307,0.000079,23.369605,10.559423,0.681123,328.280636,0.004336,8.396537,372.083835,380.485038,381.036702,0.551664,381.161324
2258,vehicle0,1415.520000,1415.320000,1780.830682,1,ok,23902,19604,1,0.145796,0.010505,0.000264,0.082027,6.545514,1.835688,0.000110,22.133405,12.422718,0.882991,352.005159,0.003795,7.284906,395.907612,403.196577,403.673045,0.476468,403.829346
2259,vehicle0,1415.719000,1415.520000,1781.577385,1,ok,23998,19802,1,0.221266,0.009259,0.000218,0.095660,8.159136,1.639797,0.000122,27.658118,13.453499,0.763384,389.041933,0.014026,7.532618,440.811649,448.358511,448.731182,0.372671,448.961707
2260,vehicle0,1415.920000,1415.719000,1782.304760,1,ok,24084,19969,1,0.186727,0.007784,0.000350,0.081509,10.341689,1.958524,0.000076,22.803664,13.621872,0.940155,377.286055,0.003777,7.084154,427.033544,434.121825,434.897305,0.775480,435.091816
2261,vehicle0,1416.066000,1415.920000,1782.988857,1,ok,24165,20113,1,0.082393,0.008655,0.000225,0.086504,10.270919,1.437551,0.000086,22.016624,9.852602,0.729889,321.306315,0.003632,7.040328,365.700490,372.744675,373.148266,0.403591,373.239314
2262,vehicle0,1416.326000,1416.120000,1783.873667,1,ok,24302,20291,1,0.104967,0.007516,0.000396,0.088922,9.433205,1.789627,0.000140,28.405733,14.070578,0.959628,471.602495,0.004195,6.281258,526.350328,532.636177,533.186834,0.550657,533.299317
2263,vehicle0,1416.444000,1416.317000,1784.417433,1,ok,24448,20304,1,0.208840,0.006827,0.000227,0.050994,6.973363,1.183855,0.000027,27.134341,10.585266,0.691400,308.475420,0.013340,7.589999,355.094666,362.698232,362.968911,0.270679,363.184578
2264,vehicle0,1416.693000,1416.520000,1785.192585,1,ok,24489,20119,1,0.105118,0.005766,0.000312,0.087595,10.462858,1.830418,0.000124,24.100214,12.846447,0.696634,321.852380,0.004872,6.779499,371.876670,378.661353,380.072775,1.411422,380.183659
2265,vehicle0,1416.835000,1416.721000,1785.872294,1,ok,24550,19999,1,0.218061,0.007027,0.000363,0.089525,10.291297,1.627810,0.000105,24.950043,10.944305,0.709660,305.990392,0.013556,7.798660,354.603137,362.415716,362.719836,0.304120,362.944924
2266,vehicle0,1417.041000,1416.919000,1786.625286,1,ok,24630,19979,1,0.133366,0.010862,0.000260,0.086672,7.317899,1.886991,0.000111,21.656772,8.857351,0.747056,309.434612,0.003753,6.625816,349.987464,356.617293,357.381139,0.763846,357.525367
2267,vehicle0,1417.245000,1417.120000,1787.357455,1,ok,24686,19921,1,0.191115,0.007684,0.000178,0.088215,7.451682,1.564770,0.000082,20.055561,11.625416,0.779123,299.634698,0.006336,8.091423,341.199547,349.297484,349.871515,0.574031,350.070314
2268,vehicle0,1417.471000,1417.320000,1788.105929,1,ok,24675,19769,1,0.164364,0.006138,0.000386,0.080285,7.387348,1.308937,0.000086,20.503261,9.786255,0.665139,321.985465,0.007748,6.896092,361.716776,368.621002,369.073570,0.452568,369.244072
2269,vehicle0,1417.678000,1417.520000,1788.856075,1,ok,24644,19568,1,0.203967,0.046268,0.000233,0.089719,8.668647,0.995929,0.000044,20.212782,10.272445,0.682712,324.300797,0.011047,10.075723,365.223075,375.310078,375.956639,0.646561,376.206874
2270,vehicle0,1417.880000,1417.719000,1789.601480,1,ok,24773,19453,1,0.127326,0.005495,0.000241,0.115193,8.506732,1.479711,0.000093,22.359674,9.150278,0.674300,326.232799,0.097697,11.960843,368.518780,380.577561,381.499576,0.922015,381.632397
2271,vehicle0,1418.098000,1417.920000,1790.364565,1,ok,24922,19267,1,0.124414,0.007609,0.000215,0.088753,11.722283,1.485803,0.000117,22.204117,11.258111,0.759852,335.124116,0.004743,8.497235,382.643152,391.145345,391.775986,0.630641,391.908009
2272,vehicle0,1418.277000,1418.120000,1791.082990,1,ok,25086,19038,1,0.233103,0.008147,0.000276,0.080787,8.658908,1.022297,0.000074,21.062579,12.265213,0.750610,322.785191,0.003645,8.670548,366.625659,375.300128,375.654607,0.354479,375.895857
2273,vehicle0,1418.477000,1418.319000,1791.840852,1,ok,25227,18928,1,0.115828,3.723092,0.000481,0.074828,5.813081,1.277219,0.000080,17.266458,7.508821,0.665591,331.935724,0.004737,8.434853,364.541802,372.981873,373.658838,0.676965,377.497758
2274,vehicle0,1418.696000,1418.520000,1792.595346,1,ok,25340,18881,1,0.133184,0.005870,0.000163,0.081729,6.779618,1.426086,0.000097,20.999847,8.274885,0.689420,347.942163,0.006528,7.196256,386.193845,393.396792,393.802322,0.405530,393.941376
2275,vehicle0,1418.900000,1418.720000,1793.335784,1,ok,25404,18809,1,0.108628,0.007019,0.000270,0.072486,6.142790,0.917116,0.000041,17.417993,8.923075,0.837177,354.160833,0.133081,9.049559,388.471511,397.654421,398.265946,0.611525,398.381593
2276,vehicle0,1419.080000,1418.919000,1794.046241,1,ok,25497,18663,1,0.232215,0.020354,0.000415,0.101567,7.201054,1.114789,0.000052,18.942864,8.421163,0.696618,333.401861,0.004819,9.137973,369.879968,379.023175,379.476870,0.453695,379.729439
2277,vehicle0,1419.274000,1419.120000,1794.778358,1,ok,25670,18394,1,0.100886,0.007294,0.000374,0.077614,7.051701,1.377764,0.000138,18.765424,7.693331,0.669277,341.158025,0.004858,8.697554,376.793274,385.496060,386.029424,0.533364,386.137604
2278,vehicle0,1419.493000,1419.320000,1795.526287,1,ok,25825,18528,1,0.095539,0.008606,0.000388,0.080560,4.937680,0.858476,0.000028,20.052686,8.906040,0.681452,344.801122,0.004395,9.110962,380.318044,389.433789,389.803076,0.369287,389.907221
2279,vehicle0,1419.660000,1419.518000,1796.199849,1,ok,25946,18625,1,0.106994,0.011945,0.000364,0.098724,6.805202,1.083156,0.000096,17.015405,9.659017,0.791383,318.786735,0.003889,8.774455,354.239718,363.018426,363.433390,0.414964,363.552329
2280,vehicle0,1419.881000,1419.720000,1796.939368,1,ok,26042,18703,1,0.288054,0.123878,0.000184,0.059807,5.434849,1.128958,0.000029,17.319130,8.713707,0.707184,327.410567,0.007499,11.225835,360.774231,372.007749,372.505407,0.497658,372.917339
2281,vehicle0,1420.040000,1419.919000,1797.651598,1,ok,26129,18765,1,0.248721,0.009473,0.000284,0.098012,5.446236,1.129945,0.000092,15.537375,7.422265,0.798334,327.450758,0.013003,8.519290,357.883017,366.415594,366.721279,0.305685,366.979473
2282,vehicle0,1420.287000,1420.120000,1798.407549,1,ok,26135,18750,1,0.194554,0.007039,0.000362,0.100447,4.682798,1.113920,0.000038,14.293769,7.765179,0.930223,342.318267,0.003764,6.835978,371.204641,378.044745,378.495985,0.451240,378.697578
2283,vehicle0,1420.439000,1420.319000,1799.065100,1,ok,26098,18718,1,0.127202,0.006745,0.000370,0.057795,4.159825,1.001864,0.000050,16.513678,7.596120,0.666698,296.480631,0.004586,7.448127,326.476661,333.929744,334.272413,0.342669,334.406360
2284,vehicle0,1420.632000,1420.520000,1799.804259,1,ok,26055,18687,1,0.124669,0.012417,0.000248,0.084375,5.281762,1.131261,0.000135,14.600137,18.291262,1.089552,282.128544,0.004926,6.949420,322.607028,329.561622,330.150864,0.589242,330.287950
2285,vehicle0,1420.874000,1420.719000,1800.605568,1,ok,26083,18715,1,0.128300,0.006522,0.000373,0.097276,6.091932,1.397331,0.000152,19.766468,10.029197,1.037974,330.385182,0.003841,8.571832,368.805512,377.381558,377.830090,0.448532,377.964912
2286,vehicle0,1421.085000,1420.920000,1801.338836,1,ok,26116,18763,1,0.233129,0.009695,0.000224,0.066603,5.578722,1.155840,0.000031,15.319055,8.609437,0.689033,335.915210,0.019107,8.857523,367.333931,376.210785,376.815108,0.604323,377.057932
2287,vehicle0,1421.285000,1421.119000,1802.078726,1,ok,26170,18816,1,1.354237,0.009122,0.000168,0.088462,5.885470,0.977707,0.000041,15.585934,8.363219,0.948261,352.416336,0.003835,8.293246,384.265430,392.562679,393.251499,0.688820,394.614858
2288,vehicle0,1421.470000,1421.320000,1802.810900,1,ok,26212,18858,1,0.213336,0.004688,0.000360,0.056041,6.488341,0.908029,0.000027,14.360592,8.392694,0.703434,344.376871,0.006438,8.394324,375.286029,383.687151,384.086742,0.399591,384.304766
2289,vehicle0,1421.643000,1421.520000,1803.558982,1,ok,26307,18943,1,0.217498,0.008324,0.000314,0.085793,6.066443,1.305750,0.000074,18.030872,9.043055,0.833447,318.826003,0.004268,9.544524,354.191437,363.740543,364.386931,0.646388,364.612753
2290,vehicle0,1421.877000,1421.720000,1804.321805,1,ok,26401,19031,1,0.165285,0.006237,0.000224,0.094393,6.937145,1.431658,0.000209,19.409903,9.702544,0.960149,331.434314,0.008386,11.389316,369.970315,381.368241,382.069707,0.701466,382.241229
2291,vehicle0,1422.077000,1421.919000,1805.037739,1,ok,26479,19074,1,0.266953,0.009067,0.000236,0.096699,10.067768,1.463307,0.000128,15.659752,6.448741,0.745179,316.889686,0.003495,7.074235,351.371260,358.449226,358.764876,0.315650,359.040896
2292,vehicle0,1422.264000,1422.120000,1805.799206,1,ok,26512,19116,1,0.222627,0.009744,0.000271,0.089369,8.340816,0.989604,0.000129,17.794596,8.020688,0.899790,348.093467,0.019118,8.223906,384.228459,392.471754,393.016464,0.544710,393.248835
2293,vehicle0,1422.494000,1422.319000,1806.567155,1,ok,26514,19085,1,0.228854,0.006493,0.000325,0.087045,7.438313,0.956655,0.000090,20.249898,10.325267,0.722174,344.965655,0.049741,8.108256,384.745097,392.903419,393.594004,0.690585,393.829351
2294,vehicle0,1422.691000,1422.519000,1807.308124,1,ok,26506,19048,1,0.189454,0.006647,0.000260,0.085118,8.088659,1.107010,0.000119,21.054886,9.589991,0.702074,334.108403,0.040785,9.783877,374.736260,384.561182,385.326944,0.765762,385.523045
2295,vehicle0,1422.864000,1422.719000,1808.034341,1,ok,26477,19047,1,0.223359,0.007735,0.000150,0.102923,8.654454,1.237034,0.000078,17.904171,8.716491,0.854687,324.564816,0.003916,9.075512,362.034654,371.114232,371.862068,0.747836,372.093162
2296,vehicle0,1423.075000,1422.920000,1808.799026,1,ok,26399,18975,1,0.132149,0.005410,0.000255,0.089783,6.967075,1.277965,0.000241,20.050776,10.521041,0.716355,308.616689,0.014972,10.641102,348.239925,358.896254,359.564054,0.667800,359.701613
2297,vehicle0,1423.243000,1423.119000,1809.509767,1,ok,26364,18970,1,0.136680,0.005290,0.000525,0.060821,5.283584,1.320929,0.000097,15.255679,8.838439,0.884629,291.863753,0.004752,9.179500,323.507931,332.692708,333.190130,0.497422,333.332100
2298,vehicle0,1423.444000,1423.318000,1810.255503,1,ok,26364,18982,1,0.239642,0.006584,0.000239,0.111057,8.026724,1.546500,0.000408,20.132488,10.431182,0.959278,298.801332,0.015844,10.017428,340.008969,350.042480,350.447663,0.405183,350.693889
2299,vehicle0,1423.652000,1423.519000,1810.998440,1,ok,26489,19143,1,0.175289,0.004888,0.000188,0.061389,13.613627,1.044973,0.000157,17.140860,8.507055,0.703558,309.452664,0.003387,9.398969,350.524283,359.926827,360.409157,0.482330,360.589334
2300,vehicle0,1423.831000,1423.719000,1811.724981,1,ok,26622,19299,1,0.234052,0.006707,0.000343,0.114366,5.678755,0.923201,0.000130,18.697739,10.227589,0.764420,290.507433,0.003577,6.609243,326.913633,333.526796,333.921199,0.394403,334.161958
2301,vehicle0,1424.034000,1423.919000,1812.488190,1,ok,26735,19443,1,0.131720,0.012927,0.000268,0.095871,6.317743,0.994277,0.000088,17.175437,8.710079,0.847548,285.195118,0.004534,6.487411,319.336161,325.828374,326.209506,0.381132,326.354153
2302,vehicle0,1424.236000,1424.118000,1813.235594,1,ok,26821,19540,1,0.107247,0.007381,0.000265,0.112286,9.293330,1.456878,0.000091,17.583929,8.136222,0.719053,281.470802,0.004801,8.285172,318.772591,327.062829,327.411868,0.349039,327.526496
2303,vehicle0,1424.433000,1424.320000,1813.980717,1,ok,26956,19721,1,0.228588,0.008991,0.000332,0.085638,5.862634,1.371553,0.000147,17.121803,9.691582,0.711260,251.615461,0.004036,6.922014,286.460078,293.386460,294.110406,0.723946,294.347985
2304,vehicle0,1424.630000,1424.519000,1814.756191,1,ok,27071,19827,1,0.137021,0.006672,0.000412,0.081362,5.511391,1.281803,0.000125,18.196851,6.669958,0.674626,274.669033,0.057332,8.186620,307.085149,315.329513,315.647724,0.318211,315.791417
2305,vehicle0,1424.827000,1424.718000,1815.483203,1,ok,27194,19964,1,0.264119,0.005483,0.000213,0.075699,7.342844,1.061990,0.000097,13.507210,6.408388,0.674609,234.689883,0.003566,6.116605,263.760720,269.881104,270.105241,0.224137,270.374843
2306,vehicle0,1425.033000,1424.919000,1816.312118,1,ok,27442,20248,1,0.123901,0.010043,0.000289,0.091449,5.928530,1.024898,0.000107,18.025342,8.711373,0.721456,264.166054,0.011137,11.587449,298.669209,310.268084,310.831455,0.563371,310.965399
2307,vehicle0,1425.229000,1425.119000,1817.045433,1,ok,27624,20440,1,0.112209,0.018269,0.000352,0.116096,8.237856,2.136507,0.000078,16.763264,7.597953,0.675960,224.581829,0.009555,7.275635,260.109543,267.395085,268.099083,0.703998,268.229561
2308,vehicle0,1425.434000,1425.320000,1817.851978,1,ok,27805,20615,1,0.251071,0.007715,0.000234,0.106795,8.102400,1.440131,0.000161,21.400368,8.772839,0.712286,259.764212,0.003902,7.110377,300.299192,307.413705,307.671178,0.257473,307.929964
2309,vehicle0,1425.635000,1425.518000,1818.598372,1,ok,27858,20687,1,0.120396,0.020249,0.000445,0.111747,8.506538,1.235894,0.000113,23.693475,11.383531,0.776821,266.028307,0.044534,6.768549,311.736426,318.549954,319.159805,0.609851,319.300450
2310,vehicle0,1425.835000,1425.720000,1819.385461,1,ok,27885,20758,1,0.271547,0.005931,0.000303,0.077151,8.348446,1.057634,0.000089,19.540383,11.469526,0.868736,274.370013,0.011734,8.035922,315.731978,323.779937,324.754108,0.974171,325.031586
2311,vehicle0,1426.038000,1425.921000,1820.164480,1,ok,27990,20868,1,0.117768,0.023935,0.000242,0.098565,8.430039,2.000273,0.000112,25.098372,9.615628,0.853866,267.183778,0.014507,6.401593,313.280633,319.696975,320.422596,0.725621,320.564299
2312,vehicle0,1426.227000,1426.119000,1820.946043,1,ok,28112,20961,1,0.137581,0.005645,0.000338,0.098031,9.851577,1.435694,0.000058,20.396460,8.997155,0.694367,252.794759,0.003935,6.587339,294.268101,300.859713,301.126639,0.266926,301.269865
2313,vehicle0,1426.436000,1426.317000,1821.734325,1,ok,28185,20933,1,0.128643,0.688629,0.000270,0.100243,7.058085,1.085092,0.000115,18.303515,9.317192,0.698977,250.679623,0.003592,8.643034,287.242842,295.889738,296.182723,0.292985,296.999995
2314,vehicle0,1426.637000,1426.519000,1822.517200,1,ok,28253,20880,1,0.151388,0.005629,0.000196,0.101762,6.236696,1.232120,0.000138,17.381917,9.897002,0.694978,239.139777,0.040756,7.031300,274.684390,281.756642,282.286363,0.529721,282.443380
2315,vehicle0,1426.831000,1426.721000,1823.299040,1,ok,28300,20799,1,0.229608,0.005951,0.000179,0.064097,5.787600,1.290878,0.000174,18.143808,7.072787,0.680753,250.636577,0.003587,7.250432,283.676674,290.930872,291.181356,0.250484,291.416915
2316,vehicle0,1427.029000,1426.920000,1824.051022,1,ok,28306,20720,1,0.282124,0.009602,0.000306,0.111249,7.908181,1.549288,0.000176,16.037921,6.885103,0.778259,224.299420,0.005630,8.409781,257.569597,265.985314,266.429234,0.443920,266.720960
2317,vehicle0,1427.234000,1427.120000,1824.867487,1,ok,28328,20680,1,0.099735,0.049427,0.000154,0.111856,8.433323,1.759056,0.000095,17.158920,8.318493,3.449530,239.923030,0.004188,8.071746,279.154303,287.230391,288.023005,0.792614,288.172167
2318,vehicle0,1427.426000,1427.318000,1825.586936,1,ok,28335,20572,1,0.190366,0.005019,0.000180,0.060670,5.708917,1.254824,0.000079,17.226972,8.278179,0.916935,210.999717,0.012751,7.510336,244.446293,251.969560,252.290005,0.320445,252.485390
2319,vehicle0,1427.625000,1427.519000,1826.379697,1,ok,28347,20484,1,0.235398,0.006757,0.000259,0.093809,7.576605,1.296902,0.000080,21.992857,10.422356,0.724823,211.742542,0.011030,7.072832,253.849974,260.934095,261.216404,0.282309,261.458559
2320,vehicle0,1427.835000,1427.719000,1827.181370,1,ok,28343,20493,1,0.204174,0.004155,0.000155,0.060008,6.356761,1.238618,0.000091,18.961748,9.409409,0.686469,213.777679,0.064453,7.576703,250.490783,258.132094,258.517706,0.385612,258.726035
2321,vehicle0,1428.027000,1427.918000,1827.904084,1,ok,28396,20541,1,0.122721,0.008208,0.000391,0.109979,6.739670,1.681050,0.000244,20.554644,8.433085,0.685566,202.115100,0.003838,7.318225,240.319338,247.641792,248.080491,0.438699,248.211420
2322,vehicle0,1428.235000,1428.121000,1828.748194,1,ok,28408,20874,1,0.158278,0.007199,0.000327,0.114958,13.077951,1.277328,0.000075,21.983927,13.949833,0.806602,227.563878,0.004252,8.222302,278.774552,287.001433,287.487930,0.486497,287.653407
2323,vehicle0,1428.432000,1428.319000,1829.505262,1,ok,28310,21021,1,0.286105,0.010492,0.000169,0.115957,10.135897,1.262158,0.000109,20.558824,9.460922,0.725414,211.167476,0.005875,6.532007,253.426757,259.964808,260.257615,0.292807,260.554212
2324,vehicle0,1428.627000,1428.520000,1830.237891,1,ok,28145,21045,1,0.130525,0.008823,0.000377,0.138426,9.170102,1.315278,0.000102,21.305345,11.310455,0.806860,200.534177,0.005320,9.198997,244.580745,253.785439,254.254384,0.468945,254.393732
2325,vehicle0,1428.827000,1428.718000,1830.981499,1,ok,27990,21085,1,0.206862,0.007103,0.000350,0.092739,10.858529,2.074699,0.000185,21.528638,10.121072,0.695294,195.384308,0.003736,6.399875,240.755464,247.159425,247.541941,0.382516,247.755906
2326,vehicle0,1429.036000,1428.920000,1831.801541,1,ok,27883,21116,1,0.137419,0.006604,0.000180,0.103371,10.678842,4.003972,0.000196,32.626879,14.806045,0.801624,203.246072,0.045697,7.620430,266.267001,273.933308,274.432106,0.498798,274.576129
2327,vehicle0,1429.231000,1429.120000,1832.543703,1,ok,27740,21148,1,0.142916,0.007041,0.000252,0.111679,7.794238,1.725084,0.000101,21.497860,10.786914,0.886510,195.301487,0.004762,7.836764,238.103873,245.945651,246.373495,0.427844,246.523452
2328,vehicle0,1429.426000,1429.321000,1833.321722,1,ok,27601,21183,1,0.113844,0.007856,0.000428,0.111349,8.128931,1.896091,0.000058,24.567800,12.440323,1.113744,172.421660,0.004860,7.818180,220.679956,228.503424,229.019701,0.516277,229.141401
2329,vehicle0,1429.632000,1429.519000,1834.122382,1,ok,27499,21197,1,0.245426,0.011428,0.000712,0.091558,6.749134,2.153232,0.000100,23.418530,15.559223,0.679686,179.085504,0.004512,8.604772,227.736967,236.346963,236.865492,0.518529,237.122346
2330,vehicle0,1429.836000,1429.719000,1834.879533,1,ok,27258,21309,1,0.108765,0.009739,0.000310,0.084596,10.336732,1.551668,0.000030,21.833504,11.725410,0.676505,210.880397,0.004084,6.380659,257.088842,263.473895,263.765947,0.292052,263.884451
2331,vehicle0,1430.025000,1429.920000,1835.632185,1,ok,26905,21386,1,0.122262,0.007695,0.000194,0.111294,7.918726,1.888863,0.000197,23.892439,9.547041,0.739387,211.892663,0.004441,7.143390,255.990610,263.138635,263.490671,0.352036,263.620628
2332,vehicle0,1430.226000,1430.120000,1836.401037,1,ok,26725,21575,1,0.274642,0.009398,0.000303,0.114412,9.081699,1.974481,0.000305,19.003401,11.838280,0.896868,202.811923,0.013242,8.166198,245.721369,253.901112,254.234253,0.333141,254.518293
2333,vehicle0,1430.427000,1430.319000,1837.160835,1,ok,26908,21837,1,0.140267,0.007514,0.000274,0.106855,8.478017,2.532153,0.000173,19.593812,9.905918,0.908246,197.069135,0.003820,6.333713,238.594309,244.932116,245.354404,0.422288,245.502185
2334,vehicle0,1430.627000,1430.518000,1837.896157,1,ok,27092,22067,1,0.277791,0.007917,0.000458,0.100468,8.529225,2.707375,0.000097,23.124553,10.169929,0.689081,197.485275,0.004635,6.511646,242.806003,249.322742,249.729420,0.406678,250.015128
2335,vehicle0,1430.827000,1430.719000,1838.679530,1,ok,27236,22264,1,0.122871,0.012022,0.000188,0.090531,8.214044,2.789051,0.000085,20.496699,9.117948,0.702074,180.031693,0.010810,9.716433,221.442125,231.169556,232.145127,0.975571,232.280020
2336,vehicle0,1431.031000,1430.923000,1839.454454,1,ok,27384,22412,1,0.143418,0.005231,0.000343,0.096452,6.508985,2.299827,0.000112,20.537074,8.626576,0.702544,199.680184,0.004603,9.512915,238.451754,247.969615,248.334774,0.365159,248.483423
2337,vehicle0,1431.233000,1431.124000,1840.217319,1,ok,27579,22576,1,0.114600,0.006266,0.000346,0.063406,6.906250,3.106433,0.000102,22.229765,9.226292,0.775915,193.328538,0.116263,9.070424,235.636701,244.823734,245.232087,0.408353,245.352953
2338,vehicle0,1431.439000,1431.324000,1841.005956,1,ok,27793,22715,1,0.262742,0.009124,0.000327,0.092143,7.973457,2.284165,0.000081,27.315172,11.507553,0.819713,214.217532,0.005870,8.273863,264.209816,272.489876,272.974169,0.484293,273.246035
2339,vehicle0,1431.631000,1431.523000,1841.749509,1,ok,27867,22714,1,0.145057,0.005320,0.000139,0.059262,7.422406,3.154598,0.000156,25.262530,10.153721,0.739465,205.382608,0.004643,7.483268,252.174746,259.662796,260.014963,0.352167,260.165340
2340,vehicle0,1431.838000,1431.723000,1842.544757,1,ok,27929,22741,1,0.226303,0.007077,0.000357,0.102169,9.168467,3.665530,0.000109,25.386766,10.467913,0.676228,234.602189,0.008302,7.529103,284.069371,291.607133,292.052456,0.445323,292.285836
2341,vehicle0,1432.044000,1431.922000,1843.306167,1,ok,28066,22886,1,0.228941,0.006613,0.000233,0.093283,10.822219,2.893681,0.000103,20.685040,11.607257,0.871324,244.546310,0.004127,7.079443,291.519217,298.603020,298.895873,0.292853,299.131427
2342,vehicle0,1432.236000,1432.124000,1844.068436,1,ok,28190,23052,1,0.120562,0.035747,0.000230,0.076375,7.625162,2.426768,0.000113,19.625072,9.079976,0.676458,241.584726,0.063340,6.975553,281.094650,288.133773,289.001011,0.867238,289.157320
2343,vehicle0,1432.438000,1432.323000,1844.847407,1,ok,28188,23087,1,0.196339,0.007807,0.000369,0.091070,7.017739,2.440708,0.000088,19.444623,7.800814,0.982032,227.048749,0.020630,7.790008,264.825823,272.636830,273.848336,1.211506,274.052482
2344,vehicle0,1432.631000,1432.524000,1845.626979,1,ok,28133,23038,1,0.262396,0.008185,0.000365,0.085958,6.312511,3.587462,0.000137,20.699081,7.753499,0.678222,226.663789,0.004434,6.130971,265.780659,271.916429,272.206222,0.289793,272.476803
2345,vehicle0,1432.834000,1432.724000,1846.424125,1,ok,28052,22937,1,0.283894,0.007825,0.000383,0.114572,8.335784,3.937937,0.000231,22.454367,8.434371,0.731302,227.335774,0.004490,7.961500,271.344338,279.310711,279.991235,0.680524,280.282954
2346,vehicle0,1433.040000,1432.924000,1847.198502,1,ok,27950,22799,1,0.236228,0.008389,0.000356,0.113108,5.160357,3.179020,0.000074,19.230412,8.482161,0.826379,234.537072,0.012893,7.671251,271.528583,279.213083,279.558074,0.344991,279.802691
2347,vehicle0,1433.237000,1433.121000,1847.978427,1,ok,28009,22876,1,0.208574,0.008530,0.000164,0.104337,6.909885,2.467233,0.000103,22.699165,9.274123,0.707561,257.856709,0.049985,6.844639,300.019116,306.913904,307.292401,0.378497,307.509505
2348,vehicle0,1433.439000,1433.322000,1848.781721,1,ok,28063,22957,1,0.162567,0.004844,0.000239,0.059464,7.504650,3.115470,0.000111,24.020044,8.353253,0.722743,260.206963,0.003937,6.438549,303.982698,310.425423,310.966789,0.541366,311.134200
2349,vehicle0,1433.630000,1433.525000,1849.524889,1,ok,28141,23080,1,0.236409,0.005918,0.000303,0.099618,6.658961,3.782644,0.000098,23.633602,9.558086,0.701831,211.115081,0.004688,9.084930,255.549921,264.639842,265.143565,0.503723,265.385892
2350,vehicle0,1433.837000,1433.723000,1850.315193,1,ok,28106,23101,1,0.128706,0.006515,0.000209,0.082451,6.191357,2.795784,0.000085,18.658458,7.132135,0.724031,227.690887,0.005214,6.455503,263.275188,269.736114,270.187691,0.451577,270.322912
2351,vehicle0,1434.032000,1433.923000,1851.087982,1,ok,28100,23129,1,0.269376,0.007022,0.000187,0.092763,9.877855,4.117453,0.000315,20.918819,8.958375,0.870880,244.988390,0.004325,8.025883,289.824850,297.855245,298.926047,1.070802,299.202445
2352,vehicle0,1434.239000,1434.124000,1851.895935,1,ok,28086,23210,1,0.263493,0.006986,0.000151,0.090581,10.866302,6.031218,0.000133,24.070317,11.105048,0.875533,261.197693,0.014016,7.308582,314.236825,321.559574,322.245840,0.686266,322.516319
2353,vehicle0,1434.444000,1434.324000,1852.675644,1,ok,28058,23226,1,0.161464,0.010240,0.000275,0.096664,11.392643,3.641293,0.000131,31.896628,14.085411,0.968510,248.308905,0.013812,11.351899,310.390185,321.756171,322.462684,0.706513,322.634388
2354,vehicle0,1434.636000,1434.523000,1853.361031,1,ok,28026,23147,1,0.107811,0.007199,0.000178,0.091749,11.118863,6.307577,0.000109,35.260717,15.920565,0.974596,238.648588,0.003746,7.984234,308.322764,316.310922,316.718123,0.407201,316.833133
2355,vehicle0,1434.838000,1434.723000,1854.139060,1,ok,28031,22987,1,0.234557,9.035850,0.000286,0.099742,8.804420,4.033684,0.000155,26.987300,12.064290,0.728333,253.064363,0.004569,8.841652,305.782287,314.628794,314.971683,0.342889,324.242090
2356,vehicle0,1435.038000,1434.924000,1854.884712,1,ok,28157,22877,1,0.152914,0.007684,0.006054,0.148054,11.709946,4.639568,0.000112,32.290095,10.866397,0.693355,207.089790,0.005078,7.399238,267.437317,274.847687,275.152771,0.305084,275.313369
2357,vehicle0,1435.236000,1435.123000,1855.628946,1,ok,28190,22926,1,0.135031,0.007738,0.000352,0.107931,8.163573,4.053503,0.000262,27.419238,24.445615,0.928977,200.278372,0.004072,6.299009,265.397471,271.700904,272.162509,0.461605,272.305278
2358,vehicle0,1435.438000,1435.323000,1856.403372,1,ok,28304,23097,1,0.260826,0.007307,0.000192,0.086329,8.257222,3.613307,0.000184,25.975540,10.374297,0.922752,224.700491,0.011932,7.319133,273.930122,281.261379,281.938544,0.677165,282.206677
2359,vehicle0,1435.633000,1435.523000,1857.110663,1,ok,28386,23153,1,0.247494,0.006335,0.000152,0.097582,7.810845,3.807024,0.000085,28.492394,10.996267,0.831861,183.349788,0.005378,7.033286,235.385846,242.424662,242.754037,0.329375,243.007866
2360,vehicle0,1435.831000,1435.723000,1857.855433,1,ok,28381,23137,1,0.161200,0.011820,0.000200,0.098606,8.388797,4.970110,0.000110,24.176797,8.420615,0.733454,200.729335,0.005292,6.929015,247.517824,254.452331,254.719528,0.267197,254.892548
2361,vehicle0,1436.032000,1435.923000,1858.613728,1,ok,28351,23170,1,0.260472,0.010853,0.000337,0.096882,7.241045,4.705474,0.000115,22.556900,7.761096,0.835996,171.593725,0.004441,7.353744,214.791233,222.149755,223.145947,0.996192,223.417272
2362,vehicle0,1436.232000,1436.120000,1859.383901,1,ok,28269,23176,1,0.239526,0.008236,0.000220,0.106588,14.028358,6.028269,0.000136,26.833786,9.395123,0.695306,178.382790,0.003201,7.728155,235.470356,243.201932,243.856539,0.654607,244.104301
2363,vehicle0,1436.439000,1436.323000,1860.164587,1,ok,28194,23176,1,0.098321,0.008075,0.000286,0.105666,9.352144,5.453493,0.000091,26.655158,9.578250,3.167589,205.175588,0.014615,6.646735,259.487979,266.149615,266.569039,0.419424,266.675435
2364,vehicle0,1436.637000,1436.524000,1860.958278,1,ok,28095,23041,1,0.134715,0.006051,0.000327,0.135186,7.657509,8.997587,0.000203,29.019515,14.187522,0.981811,248.383389,0.012898,7.823398,309.362722,317.199345,317.680241,0.480896,317.821007
2365,vehicle0,1436.835000,1436.723000,1861.643304,1,ok,28014,22857,1,0.214411,0.005585,0.000279,0.061392,7.330477,4.540042,0.000085,27.848783,8.368003,0.718824,186.303789,0.027349,6.822443,235.171395,242.021466,242.504048,0.482582,242.724044
2366,vehicle0,1437.032000,1436.924000,1862.368253,1,ok,27965,22674,1,0.107858,0.009441,0.000369,0.120253,9.963041,7.192012,0.000154,23.665768,8.756918,0.750722,157.128861,0.003851,7.114347,207.577729,214.696296,215.317610,0.621314,215.434909
2367,vehicle0,1437.229000,1437.123000,1863.110078,1,ok,27917,22586,1,0.277123,0.011323,0.000303,0.097822,8.285756,4.759206,0.000091,24.499800,8.169471,0.709417,160.873975,0.009526,6.282945,207.395538,213.688312,214.071909,0.383597,214.360355
2368,vehicle0,1437.433000,1437.321000,1863.900887,1,ok,27720,22496,1,0.127145,0.006730,0.000234,0.086173,7.259267,5.569282,0.000085,25.028422,7.230590,0.753606,160.758632,0.004113,6.808697,206.686057,213.499101,213.811179,0.312078,213.945054
2369,vehicle0,1437.631000,1437.522000,1864.661513,1,ok,27566,22467,1,0.277741,0.009696,0.000244,0.119595,9.300855,6.847608,0.000111,33.890501,11.478620,0.688314,142.830675,0.018459,8.812879,205.156279,213.987861,214.473821,0.485960,214.761258
2370,vehicle0,1437.831000,1437.725000,1865.449502,1,ok,27343,22391,1,0.241449,0.007596,0.000185,0.106840,10.488626,6.289964,0.000085,25.605732,10.106289,0.963458,187.169306,0.005356,8.229429,240.730300,248.965270,249.523412,0.558142,249.772457
2371,vehicle0,1438.031000,1437.924000,1866.223281,1,ok,27182,22376,1,0.105151,0.009003,0.000234,0.949270,7.914036,4.970546,0.000092,24.940399,6.984067,0.901288,179.878878,0.004685,8.673199,226.538576,235.216694,235.608059,0.391365,235.722213
2372,vehicle0,1438.231000,1438.124000,1866.981972,1,ok,27119,22385,1,0.103976,0.004204,0.000217,0.058711,5.127817,6.180257,0.000101,28.597606,8.040612,0.720463,195.402028,0.004509,7.038335,244.127595,251.170656,251.512316,0.341660,251.620496
2373,vehicle0,1438.430000,1438.323000,1867.719935,1,ok,27061,22319,1,0.145685,0.004884,0.000211,0.056869,9.404745,7.509529,0.000106,23.885691,9.197507,0.821979,190.293850,0.007103,6.771361,241.170276,247.948951,248.655360,0.706409,248.805929
2374,vehicle0,1438.629000,1438.522000,1868.476592,1,ok,27046,22292,1,0.118948,0.012030,0.000148,0.083982,4.809122,4.521402,0.000101,21.903237,7.873613,0.910806,179.176780,0.004662,7.386434,219.279043,226.670287,227.302248,0.631961,227.433226
2375,vehicle0,1438.832000,1438.723000,1869.261234,1,ok,27017,22253,1,0.298879,0.008639,0.000254,0.087810,6.046795,5.738195,0.000091,27.962809,6.311070,0.760859,193.926715,0.044307,6.742206,240.834344,247.621111,248.213558,0.592447,248.521076
2376,vehicle0,1439.030000,1438.924000,1870.008910,1,ok,27003,22240,1,0.103953,0.016348,0.000247,0.091198,5.660188,10.577314,0.000077,21.873335,5.835573,0.684890,176.015131,0.004515,8.102657,220.737706,228.845125,229.288175,0.443050,229.408476
2377,vehicle0,1439.232000,1439.123000,1870.756847,1,ok,27008,22250,1,0.242836,0.007575,0.000239,0.100261,6.076461,6.983880,0.000131,24.598741,5.705345,0.693295,169.603116,0.006131,9.500645,213.761230,223.268245,223.668848,0.400603,223.919259
2378,vehicle0,1439.432000,1439.323000,1871.506682,1,ok,27001,22244,1,0.373414,0.008355,0.000324,0.104870,5.277780,4.146866,0.000106,18.883041,7.826942,0.697746,176.384131,0.004356,6.946407,213.321482,220.272569,220.835298,0.562729,221.217067
2379,vehicle0,1439.632000,1439.523000,1872.317278,1,ok,27001,22242,1,0.232192,0.008140,0.000165,0.093898,4.822093,6.196037,0.000128,23.791788,6.558263,0.669671,197.918369,0.005092,6.367781,240.050247,246.423285,246.678684,0.255399,246.919016
2380,vehicle0,1439.832000,1439.725000,1873.071141,1,ok,27008,22249,1,0.179190,0.008518,0.000245,0.085242,4.387063,6.727309,0.000095,21.432190,5.262287,0.694614,168.621047,0.076574,7.736991,207.209847,215.023657,215.730111,0.706454,215.917819
2381,vehicle0,1440.031000,1439.922000,1873.880564,1,ok,27014,22252,1,0.104347,0.007039,0.000277,0.075775,4.288427,7.205461,0.000089,32.897744,9.108454,0.729580,183.164968,0.004359,7.045046,237.470498,244.520180,245.251475,0.731295,245.362861
2382,vehicle0,1440.231000,1440.125000,1874.659032,1,ok,27036,22271,1,0.179259,0.005968,0.000144,0.093037,5.886912,5.444420,0.000097,20.202338,6.492845,0.838773,200.663003,0.004594,6.359660,239.621425,245.985823,246.471754,0.485931,246.656981
2383,vehicle0,1440.428000,1440.325000,1875.425551,1,ok,27035,22270,1,0.117683,0.012512,0.000268,0.088489,4.428771,5.233983,0.000106,21.307821,5.904694,0.694846,200.424111,0.003746,8.828633,238.082821,246.915468,247.502837,0.587369,247.633032
2384,vehicle0,1440.640000,1440.522000,1876.229412,1,ok,27048,22281,1,0.127702,0.009182,0.000193,0.110600,4.506325,4.347504,0.000090,27.830984,9.123388,1.028301,219.135974,0.004115,6.148219,266.083166,272.235693,272.586450,0.350757,272.723334
2385,vehicle0,1440.833000,1440.722000,1876.974984,1,ok,27058,22284,1,0.185786,0.007681,0.000154,0.090922,5.546384,6.133451,0.000137,21.349694,7.223033,0.754293,210.112494,0.012200,6.270615,251.210408,257.493377,257.964758,0.471381,258.158225
2386,vehicle0,1441.043000,1440.923000,1877.742574,1,ok,27043,22248,1,0.251727,0.009095,0.000321,0.090967,8.977686,6.697195,0.000077,24.213637,7.505737,0.744320,225.287961,0.005076,6.208428,273.517580,279.731405,280.285351,0.553946,280.546173
2387,vehicle0,1441.231000,1441.123000,1878.455126,1,ok,26941,22107,1,0.319458,0.008268,0.000239,0.089598,5.272153,5.704686,0.000087,22.172806,6.861579,0.684539,183.025302,0.004509,7.642863,223.810750,231.458361,231.763426,0.305065,232.091152
2388,vehicle0,1441.425000,1441.330000,1879.241560,1,ok,26895,22010,1,0.126497,0.009048,0.000168,0.086468,6.584681,7.776062,0.000083,19.968635,5.359113,0.916976,185.816176,0.004508,8.677348,226.508194,235.190218,236.027313,0.837095,236.162858
2389,vehicle0,1441.629000,1441.525000,1880.023190,1,ok,26764,21867,1,0.131751,0.014152,0.000417,0.102144,5.064456,6.510075,0.000090,28.374641,8.299092,0.692941,189.505327,0.004931,9.347182,238.548766,247.901296,248.201243,0.299947,248.347146
2390,vehicle0,1441.833000,1441.724000,1880.806636,1,ok,26559,21691,1,0.223052,0.005170,0.000209,0.082415,5.161480,6.028926,0.000090,21.788665,5.795766,0.675075,186.766406,0.014122,6.360474,226.298823,232.673628,232.948761,0.275133,233.176983
2391,vehicle0,1442.028000,1441.924000,1881.598793,1,ok,26260,21441,1,0.249855,0.007824,0.000173,0.078365,6.383260,6.293471,0.000183,23.178656,7.836485,0.734386,205.103212,0.005029,6.141971,249.608018,255.755191,256.219122,0.463931,256.476801
2392,vehicle0,1442.231000,1442.123000,1882.365566,1,ok,26052,21200,1,0.256190,0.006619,0.000305,0.086473,7.793052,5.646190,0.000092,31.137217,7.569785,0.841844,191.500507,0.003741,7.662433,244.575160,252.241639,252.645808,0.404169,252.908617
2393,vehicle0,1442.437000,1442.322000,1883.180589,1,ok,25783,20917,1,0.172497,0.009607,0.000330,0.086579,6.757059,6.488445,0.000081,30.892041,6.630027,0.686989,213.034394,0.004128,7.119252,264.575615,271.699325,271.937481,0.238156,272.119585
2394,vehicle0,1442.633000,1442.523000,1883.951571,1,ok,25484,20598,1,0.136753,0.008119,0.000256,0.103763,8.016968,7.074552,0.000082,26.094300,9.668598,0.709792,218.909234,0.004239,6.477545,270.577289,277.059329,277.360981,0.301652,277.505853
2395,vehicle0,1442.845000,1442.723000,1884.735586,1,ok,25161,20261,1,0.091276,0.008245,0.000338,0.106104,5.807775,5.826288,0.000101,26.262149,7.717392,0.871909,219.572524,0.056723,7.834753,266.164242,274.056056,274.558895,0.502839,274.658416
2396,vehicle0,1443.035000,1442.923000,1885.509654,1,ok,24803,19923,1,0.256232,0.008067,0.000363,0.099437,5.953623,8.090058,0.000133,24.455246,6.511133,1.054319,201.832114,0.004734,6.845222,247.996063,254.846382,255.355193,0.508811,255.619492
2397,vehicle0,1443.230000,1443.124000,1886.273571,1,ok,24510,19666,1,0.232753,0.011641,0.000196,0.091007,6.429889,7.163411,0.000082,26.086305,6.898360,0.788138,204.626346,0.008140,7.539005,252.083538,259.630879,259.995617,0.364738,260.240011
2398,vehicle0,1443.433000,1443.322000,1887.053484,1,ok,24274,19472,1,0.119002,0.009729,0.000594,0.075727,5.128517,6.949721,0.000118,28.236521,6.872927,0.709151,191.341109,0.005390,6.909034,239.313791,246.228809,246.835577,0.606768,246.964308
2399,vehicle0,1443.640000,1443.524000,1887.819262,1,ok,23948,19189,1,0.215116,0.008025,0.000157,0.089694,10.976835,5.731087,0.000113,30.944572,7.581084,0.717462,194.953089,0.014985,6.981458,250.993936,257.990536,258.253051,0.262515,258.476192
2400,vehicle0,1443.832000,1443.723000,1888.542129,1,ok,23677,18949,1,0.137488,0.008477,0.000126,0.072259,6.208718,6.967778,0.000102,24.842352,7.384551,0.934764,185.899820,0.004348,6.341018,232.310344,238.655836,239.137202,0.481366,239.283167
2401,vehicle0,1444.032000,1443.923000,1889.324759,1,ok,23435,18748,1,0.090068,0.010055,0.000359,0.112770,6.298986,7.132600,0.000075,26.411141,6.418020,0.723143,186.815708,0.013157,8.873819,233.912443,242.799778,243.186311,0.386533,243.286434
2402,vehicle0,1444.235000,1444.125000,1890.068483,1,ok,23272,18619,1,0.260158,0.006887,0.000503,0.062727,4.316653,6.422160,0.000095,26.518430,7.164199,0.992334,184.849212,0.004540,8.397583,230.325810,238.728436,239.091182,0.362746,239.358227
2403,vehicle0,1444.431000,1444.325000,1890.818037,1,ok,23155,18536,1,0.081181,0.008193,0.000409,0.083199,4.998617,8.970246,0.000079,25.999825,8.028469,0.895349,181.182478,0.004049,8.488710,230.158262,238.651430,238.982212,0.330782,239.071586
2404,vehicle0,1444.629000,1444.525000,1891.595831,1,ok,23102,18493,1,0.110736,0.012190,0.000349,0.085862,4.938588,7.994506,0.000078,24.597720,6.159753,0.690189,194.316746,0.005085,6.466778,238.783442,245.255654,245.720788,0.465134,245.843714
2405,vehicle0,1444.829000,1444.724000,1892.354398,1,ok,23109,18496,1,0.225690,0.009240,0.000335,0.075153,3.350321,6.653515,0.000097,24.191356,4.910080,0.700079,169.778127,0.004057,7.291868,209.658728,216.954988,217.252146,0.297158,217.487076
2406,vehicle0,1445.033000,1444.926000,1893.118663,1,ok,23093,18477,1,0.070582,0.011960,0.000445,0.091477,6.562486,6.466183,0.000099,24.652376,5.143292,0.683311,172.119154,0.013650,7.664647,215.718378,223.397120,223.726307,0.329187,223.808849
2407,vehicle0,1445.230000,1445.124000,1893.874007,1,ok,23107,18491,1,0.085539,0.008656,0.000254,0.080196,4.365690,8.269513,0.000132,25.913932,4.954814,0.706846,156.832494,0.004041,7.571808,201.123617,208.699720,208.955675,0.255955,209.049870
2408,vehicle0,1445.433000,1445.324000,1894.658665,1,ok,23118,18501,1,0.068890,0.007876,0.000367,0.075578,3.875957,5.843921,0.000145,22.754152,4.367723,0.686244,142.205003,0.005400,8.639187,179.808723,188.453677,188.685033,0.231356,188.761799
2409,vehicle0,1445.626000,1445.524000,1895.446419,1,ok,23077,18460,1,0.212521,0.007096,0.000331,0.083912,9.672136,7.739405,0.000117,25.455073,6.876388,0.694937,158.889020,0.004809,7.760035,209.410988,217.176163,217.469987,0.293824,217.689604
2410,vehicle0,1445.832000,1445.725000,1896.190520,1,ok,23062,18446,1,0.103306,0.007224,0.000289,0.089087,4.482394,8.826798,0.000205,22.633465,6.827629,0.737858,161.723542,0.005185,9.126658,205.320978,214.453110,214.866752,0.413642,214.977282
2411,vehicle0,1446.032000,1445.924000,1896.916854,1,ok,23094,18478,1,0.182450,0.007065,0.000247,0.078080,3.633748,5.630052,0.000126,25.122853,4.129269,0.691496,133.440942,0.003866,7.025702,172.726566,179.756381,179.995943,0.239562,180.185458
2412,vehicle0,1446.233000,1446.124000,1897.703129,1,ok,23114,18498,1,0.116516,0.005590,0.000181,0.071471,4.700862,10.420491,0.000133,25.005922,6.068466,0.806612,132.946835,0.080867,11.867189,180.020792,191.969029,192.447775,0.478746,192.569881
2413,vehicle0,1446.423000,1446.328000,1898.417389,1,ok,23091,18474,1,0.235898,0.006976,0.000282,0.075049,9.297363,6.397921,0.000091,18.390152,4.291371,0.757011,87.205303,0.003869,7.437998,126.414261,133.856410,134.355247,0.498837,134.598121
2414,vehicle0,1446.632000,1446.524000,1899.208010,1,ok,23087,18470,1,0.182960,0.008165,0.000305,0.089008,3.241297,7.123309,0.000095,22.162384,3.623729,0.662863,121.272256,0.010529,8.652126,158.174941,166.837901,167.224177,0.386276,167.415302
2415,vehicle0,1446.832000,1446.724000,1899.961507,1,ok,23116,18499,1,0.082546,0.005217,0.000198,0.048070,3.346131,5.697917,0.000078,22.487562,4.114044,0.914807,114.290193,0.004208,7.904616,150.898802,158.807824,159.069411,0.261587,159.157174
2416,vehicle0,1447.024000,1446.926000,1900.728135,1,ok,23132,18514,1,0.092088,0.010232,0.000398,0.078742,4.090942,6.563118,0.000080,20.662811,5.198663,0.752538,94.916340,0.004976,6.840221,132.263234,139.108829,139.393625,0.284796,139.495945
2417,vehicle0,1447.234000,1447.123000,1901.578984,1,ok,23114,18496,1,0.198047,0.007236,0.000238,0.077945,3.931100,7.329954,0.000094,34.937632,7.232268,1.005255,179.426924,0.020129,6.623307,233.941172,240.584846,241.130780,0.545934,241.336063
2418,vehicle0,1447.426000,1447.323000,1902.234477,1,ok,23119,18502,1,0.093834,0.012536,0.000213,0.071023,3.309923,7.205306,0.000084,21.907535,4.391145,0.665797,100.998243,0.003576,6.411804,138.549056,144.964649,145.282719,0.318070,145.389089
2419,vehicle0,1447.630000,1447.525000,1902.992125,1,ok,23090,18474,1,0.108223,0.007575,0.000340,0.074272,3.131363,9.192976,0.000100,23.626647,8.693226,0.687371,96.561200,0.002370,8.660232,141.967155,150.630097,150.988037,0.357940,151.103835
2420,vehicle0,1447.823000,1447.726000,1903.673602,1,ok,23113,18498,1,0.123922,0.007825,0.000221,0.067561,4.018428,6.419975,0.000180,18.126790,2.869766,0.707210,51.070732,0.011863,6.411281,83.280642,89.704007,90.148034,0.444027,90.279781
2421,vehicle0,1448.021000,1447.925000,1904.408028,1,ok,23103,18487,1,0.075549,0.010399,0.000275,0.079919,3.612257,6.149840,0.000118,18.884961,2.777880,1.027715,18.771714,0.003125,7.187914,51.304404,58.495718,59.045598,0.549880,59.131546
2422,vehicle0,1448.226000,1448.123000,1905.161759,1,ok,23116,18500,1,0.169501,0.006783,0.000296,0.079613,3.060228,8.555587,0.000118,21.413023,2.083511,0.690200,30.854190,0.011016,7.120319,66.736470,73.868101,74.149062,0.280961,74.325346
2423,vehicle0,1448.413000,1448.324000,1905.704787,1,ok,23097,18482,1,0.084169,0.007661,0.000269,0.079051,3.994297,6.305266,0.000074,13.588325,1.717483,0.884846,22.159640,0.028301,6.768696,48.728982,55.526248,55.974145,0.447897,56.065975
2424,vehicle0,1448.624000,1448.524000,1906.509334,1,ok,23084,18469,1,0.385482,0.007547,0.000289,1.412407,2.582092,6.715291,0.000097,17.089745,4.262551,0.880286,47.970323,0.003099,8.153925,80.912792,89.070105,90.281178,1.211073,90.674207
2425,vehicle0,1448.825000,1448.725000,1907.245386,1,ok,23097,18480,1,0.206814,0.005412,0.000188,0.085850,3.088994,8.302766,0.000120,22.852725,3.194511,0.981565,33.301686,0.006526,6.584605,71.808217,78.399536,79.118394,0.718858,79.330620
2426,vehicle0,1449.024000,1448.927000,1907.987581,1,ok,23115,18498,1,0.235337,0.010154,0.000354,0.086222,3.528684,7.744302,0.000074,16.345890,2.558832,0.812920,21.307221,0.004950,8.434200,52.384145,60.823649,61.275965,0.452316,61.521456
2427,vehicle0,1449.224000,1449.124000,1908.745137,1,ok,23117,18501,1,0.219579,0.010210,0.000221,0.073758,2.548273,5.704211,0.000089,17.175289,1.821603,0.654429,30.176813,0.012902,7.472348,58.154465,65.639936,65.925134,0.285198,66.154923
2428,vehicle0,1449.425000,1449.324000,1909.514111,1,ok,23119,18503,1,0.092576,0.006042,0.000310,0.081460,3.124226,8.215622,0.000108,23.706147,2.898806,1.019283,27.341263,0.029581,6.702400,66.386915,73.119206,73.446023,0.326817,73.544641
2429,vehicle0,1449.624000,1449.525000,1910.323868,1,ok,23078,18461,1,0.116091,0.006566,0.000264,0.082997,2.971862,11.849110,0.000119,22.471557,3.703175,0.691015,44.153634,0.004030,6.877064,85.923469,92.804827,93.100812,0.295985,93.223469
2430,vehicle0,1449.817000,1449.724000,1911.066626,1,ok,23069,18453,1,0.091834,0.007245,0.000281,0.088191,3.198138,6.040945,0.000156,14.434905,1.606538,0.762689,15.630906,0.004053,6.967027,41.762468,48.733829,50.766605,2.032776,50.865684
2431,vehicle0,1450.023000,1449.924000,1911.836071,1,ok,23082,18467,1,0.184922,0.011668,0.000237,0.070093,2.676305,6.188246,0.000296,19.816691,2.103492,0.686014,22.280994,0.003610,7.920504,53.822131,61.746482,62.104489,0.358007,62.301079
2432,vehicle0,1450.225000,1450.125000,1912.582576,1,ok,23115,18498,1,0.212946,0.006827,0.000274,0.079753,2.918718,7.987365,0.000104,20.469291,2.813779,0.793838,21.934034,0.004659,6.308822,56.996882,63.310637,63.621454,0.310817,63.841227
2433,vehicle0,1450.420000,1450.325000,1913.337503,1,ok,23119,18501,1,0.159003,0.005575,0.000222,0.074010,2.532030,6.240504,0.000186,15.713174,2.259475,2.133814,11.545735,0.003480,7.542392,40.498928,48.045022,48.361286,0.316264,48.525864
2434,vehicle0,1450.625000,1450.524000,1914.099793,1,ok,23113,18496,1,0.108309,0.355144,0.000319,0.077441,3.041963,5.965951,0.000117,17.286831,1.886871,0.664427,26.892914,0.014775,7.969557,55.816515,63.801166,64.147955,0.346789,64.611408
2435,vehicle0,1450.824000,1450.723000,1914.874857,1,ok,23127,18511,1,0.114352,0.008212,0.000141,0.080318,3.664393,10.727022,0.000144,19.600518,2.263562,0.756414,37.116124,0.009515,7.405452,74.208495,81.623603,82.118119,0.494516,82.240683
2436,vehicle0,1451.020000,1450.924000,1915.652829,1,ok,23117,18501,1,0.229484,0.008756,0.000188,0.086023,2.929644,7.862416,0.000176,23.422768,2.488351,0.972353,7.823317,0.004952,10.551435,45.585048,56.141623,56.737739,0.596116,56.975979
2437,vehicle0,1451.220000,1451.123000,1916.399086,1,ok,23109,18492,1,0.113036,0.007400,0.000264,0.078306,3.594510,8.144394,0.000119,21.995157,2.749710,1.130784,10.670069,0.003662,7.740463,48.363049,56.107438,56.766411,0.658973,56.886847
2438,vehicle0,1451.424000,1451.327000,1917.188720,1,ok,23095,18478,1,0.195189,0.007667,0.000315,0.084657,2.392952,5.400557,0.000088,18.077858,2.673202,0.978469,19.619127,0.004459,11.015613,49.226910,60.247297,60.743425,0.496128,60.946281
2439,vehicle0,1451.625000,1451.525000,1917.959140,1,ok,23108,18492,1,0.101685,0.005669,0.000209,0.056442,2.382372,6.587643,0.000081,21.350379,4.751256,0.764207,29.699098,0.013899,6.269654,65.591478,71.875240,72.215597,0.340357,72.322951
2440,vehicle0,1451.826000,1451.724000,1918.756881,1,ok,23113,18497,1,0.209582,0.006907,0.000269,0.082486,2.797807,6.365893,0.000126,19.155559,2.507092,0.675894,47.090685,0.005275,9.075433,78.675542,87.756519,88.202570,0.446051,88.419059
2441,vehicle0,1452.025000,1451.924000,1919.498893,1,ok,23106,18489,1,0.375161,0.007810,0.000353,0.102757,2.959844,8.679443,0.000093,23.310042,3.180308,0.893234,28.555487,0.004408,7.939675,67.681208,75.625644,76.043542,0.417898,76.426513
2442,vehicle0,1452.212000,1452.123000,1920.233319,1,ok,23102,18485,1,0.188648,0.008830,0.000207,0.081141,2.736823,8.588240,0.000160,16.417643,1.440144,0.661999,7.132442,0.009863,7.247338,37.058592,44.316000,44.734520,0.418520,44.931998
2443,vehicle0,1452.424000,1452.324000,1921.018435,1,ok,23112,18496,1,0.103188,0.009037,0.000277,0.092717,3.659099,9.825425,0.000216,26.280876,2.642200,1.022726,17.075252,0.006211,11.235027,60.598511,71.840026,72.243151,0.403125,72.355376
2444,vehicle0,1452.618000,1452.524000,1921.779187,1,ok,23100,18484,1,0.213896,0.007537,0.000229,0.083158,3.059478,8.468639,0.000114,20.968474,1.670943,0.718784,11.502507,0.002404,7.327838,46.472097,53.802568,54.151522,0.348954,54.372955
2445,vehicle0,1452.823000,1452.722000,1922.563997,1,ok,23099,18483,1,0.115719,0.007953,0.000215,0.078017,2.942843,7.927427,0.000133,17.031243,2.380468,0.779941,27.364616,0.012862,6.309225,58.504688,64.826990,65.178266,0.351276,65.301938
2446,vehicle0,1453.012000,1452.925000,1923.311116,1,ok,23109,18493,1,0.134452,0.004779,0.000172,0.058312,2.252266,5.757652,0.000164,15.695824,1.786374,0.887534,9.796500,0.003480,7.178988,36.234626,43.417266,43.715143,0.297877,43.854374
2447,vehicle0,1453.208000,1453.124000,1924.079719,1,ok,23113,18498,1,0.106609,0.007843,0.000319,0.085028,6.724821,6.189622,0.000102,15.907331,1.356167,0.642535,4.102799,0.003740,7.101314,35.008405,42.113778,43.322726,1.208948,43.437178
2448,vehicle0,1453.423000,1453.324000,1924.884688,1,ok,23110,18495,1,0.100706,0.006612,0.000194,0.073033,2.878220,5.412140,0.000078,17.593124,3.142058,0.731419,13.822199,0.003547,7.736440,43.652271,51.392452,56.528103,5.135651,56.635421
2449,vehicle0,1453.624000,1453.524000,1925.646239,1,ok,23116,18500,1,0.093099,0.007208,0.000303,0.062541,2.681230,6.358817,0.000184,21.747979,3.363531,0.664593,33.959631,0.002608,9.329962,68.838506,78.171379,78.479362,0.307983,78.579669
2450,vehicle0,1453.811000,1453.725000,1926.406861,1,ok,23107,18490,1,0.107383,0.014222,0.000308,0.083499,2.828579,7.366646,0.000088,18.082246,2.663932,0.719457,12.909420,0.003918,7.995101,44.653867,52.653194,53.235359,0.582165,53.356964
2451,vehicle0,1454.014000,1453.925000,1927.157393,1,ok,23121,18504,1,0.208046,0.021416,0.000198,0.077349,5.914196,6.422801,0.000140,16.991043,1.860136,0.678412,12.686161,0.015529,8.732552,44.630238,53.378517,53.989001,0.610484,54.218463
2452,vehicle0,1454.224000,1454.124000,1927.937717,1,ok,23124,18506,1,0.128537,0.005006,0.000205,0.048179,2.224285,6.061230,0.000100,20.162237,1.927542,0.666785,32.930213,0.004230,6.228216,64.020571,70.253222,70.494692,0.241470,70.628235
2453,vehicle0,1454.425000,1454.324000,1928.761022,1,ok,23129,18511,1,0.122310,0.008426,0.000335,0.063397,3.164886,8.615197,0.000082,17.769026,2.075909,0.642133,44.078519,0.003295,7.041975,76.409149,83.454754,83.674689,0.219935,83.805425
2454,vehicle0,1454.626000,1454.524000,1929.500176,1,ok,23122,18505,1,0.215854,0.011875,0.000272,0.195507,4.058446,7.957064,0.000155,21.819011,2.554619,0.921556,29.751744,0.009587,8.516643,67.258102,75.784604,76.238101,0.453497,76.465830
2455,vehicle0,1454.825000,1454.725000,1930.262206,1,ok,23123,18505,1,0.102306,0.007380,0.000164,0.059422,2.278692,6.273307,0.000136,21.409246,2.666727,0.776558,23.017169,0.003672,7.958518,56.481257,64.443611,64.794703,0.351092,64.904389
2456,vehicle0,1455.015000,1454.926000,1931.027652,1,ok,23111,18494,1,0.096161,0.007953,0.000480,0.077707,2.997866,5.738431,0.000101,16.632401,1.485969,0.717572,7.789152,0.012213,7.768008,35.439199,43.219900,43.453907,0.234007,43.558021
2457,vehicle0,1455.209000,1455.124000,1931.803671,1,ok,23128,18511,1,0.268248,0.007838,0.000365,0.083726,2.755945,5.392390,0.000207,16.032945,1.753607,0.847284,15.069305,0.012597,7.883307,41.935409,49.831678,50.309507,0.477829,50.585593
2458,vehicle0,1455.399000,1455.327000,1932.541877,1,ok,23112,18496,1,0.206623,0.006944,0.000298,0.054515,2.463883,6.433105,0.000201,16.278362,1.381943,0.687662,4.859936,0.002426,7.503927,32.159607,39.666258,39.986206,0.319948,40.199773
2459,vehicle0,1455.625000,1455.525000,1933.354743,1,ok,23112,18495,1,0.107581,0.007854,0.000209,0.076650,3.272391,8.216849,0.000186,24.297247,3.493141,0.668526,39.704414,0.004022,8.898918,79.729404,88.632553,88.925967,0.293414,89.041402
2460,vehicle0,1455.824000,1455.724000,1934.103004,1,ok,23109,18491,1,0.093332,0.010365,0.000207,0.067817,2.734184,5.984026,0.000103,19.933299,2.186686,0.940303,28.023065,0.003095,7.072293,59.869483,66.945078,67.554809,0.609731,67.658506
2461,vehicle0,1456.020000,1455.923000,1934.871669,1,ok,23105,18486,1,0.274488,0.014877,0.000247,0.085214,3.208730,8.881695,0.000095,15.446291,2.476306,0.696122,21.136274,0.016335,8.255370,51.930727,60.202679,60.711538,0.508859,61.000903
2462,vehicle0,1456.219000,1456.123000,1935.628349,1,ok,23099,18481,1,0.115847,0.197745,0.000242,0.074705,3.307056,7.947577,0.000155,17.205236,1.778186,0.668500,19.339096,0.003826,6.554049,50.320511,56.878628,57.178420,0.299792,57.492012
2463,vehicle0,1456.410000,1456.323000,1936.406265,1,ok,23115,18499,1,0.229025,0.011297,0.000253,0.083585,3.084904,5.437845,0.000094,16.168130,1.451362,0.635816,11.337816,0.003500,7.914186,38.199552,46.117491,46.356219,0.238728,46.596541
2464,vehicle0,1456.623000,1456.526000,1937.174635,1,ok,23124,18509,1,0.185517,0.008590,0.000389,0.094318,3.267301,10.294511,0.000128,16.146065,2.088912,0.864709,20.229131,0.003602,7.003319,52.985075,59.992385,60.433504,0.441119,60.627611
2465,vehicle0,1456.808000,1456.725000,1937.926700,1,ok,23099,18484,1,0.105850,0.004738,0.000228,0.093868,2.546102,7.999077,0.000110,17.608520,2.104846,1.072400,6.729224,0.004644,6.977596,38.154147,45.136615,45.740021,0.603406,45.850609
2466,vehicle0,1457.026000,1456.925000,1938.729201,1,ok,23108,18493,1,0.099836,0.005121,0.000235,0.069763,3.765576,8.500353,0.000131,23.094795,2.098331,0.787768,26.171748,0.013788,6.279589,64.488465,70.782077,71.144992,0.362915,71.249949
2467,vehicle0,1457.226000,1457.125000,1939.466056,1,ok,23105,18488,1,0.099752,0.009382,0.000277,0.086483,2.945792,8.307687,0.000106,23.535079,2.786791,1.036452,16.561121,0.015584,10.847568,55.259511,66.122940,66.522618,0.399678,66.631752
2468,vehicle0,1457.418000,1457.324000,1940.249873,1,ok,23099,18482,1,0.118538,0.007280,0.000197,0.067311,2.953732,6.359879,0.000206,16.152846,2.056852,0.879980,29.955879,0.005290,6.998470,58.426685,65.430642,65.806848,0.376206,65.932666
2469,vehicle0,1457.625000,1457.525000,1941.010949,1,ok,23093,18477,1,0.095777,0.011179,0.000147,0.067480,2.722488,5.641464,0.000089,19.077508,3.102684,0.675952,32.041758,0.003913,7.842210,63.329423,71.175693,71.559742,0.384049,71.666698
2470,vehicle0,1457.824000,1457.724000,1941.777139,1,ok,23112,18497,1,0.086283,0.006490,0.000249,0.075697,3.086320,7.765643,0.000131,30.071303,3.725300,0.899034,34.259457,0.003566,7.751792,79.882885,87.638492,87.931359,0.292867,88.024132
2471,vehicle0,1458.013000,1457.926000,1942.501903,1,ok,23118,18503,1,0.237399,0.012969,0.000481,0.068825,2.852983,11.315699,0.000091,18.443975,1.548808,0.700683,11.591654,0.003436,7.598976,46.522718,54.125611,54.449186,0.323575,54.699554
2472,vehicle0,1458.224000,1458.124000,1943.278404,1,ok,23113,18497,1,0.113370,0.005206,0.000170,0.047146,2.459259,5.884582,0.000116,16.871448,2.109095,0.884015,40.069001,0.013511,6.231280,68.324662,74.569623,75.028878,0.459255,75.147454
2473,vehicle0,1458.424000,1458.325000,1944.048705,1,ok,23093,18476,1,0.100115,0.006293,0.000324,0.081881,3.017537,18.497042,0.000217,17.409062,2.146753,0.659389,39.072332,0.004055,6.736934,80.884213,87.625526,87.877528,0.252002,87.983936
2474,vehicle0,1458.625000,1458.524000,1944.807380,1,ok,23093,18477,1,0.201134,0.006119,0.000183,0.078122,3.352289,8.385710,0.000112,24.920426,2.983954,0.654656,31.933229,0.003909,6.401435,72.308498,78.714025,79.064541,0.350516,79.271794
2475,vehicle0,1458.824000,1458.724000,1945.544018,1,ok,23101,18485,1,0.100648,0.008521,0.000314,0.081703,2.433761,5.744017,0.000151,15.260384,2.234570,0.761860,23.901420,0.004823,6.216232,50.417866,56.639235,56.922279,0.283044,57.031448
2476,vehicle0,1459.023000,1458.924000,1946.302299,1,ok,23096,18480,1,0.180962,0.007762,0.000383,0.079292,3.732557,8.816326,0.000147,18.693571,1.478730,0.655753,15.821710,0.004718,6.760165,49.278086,56.043352,56.482383,0.439031,56.671107
2477,vehicle0,1459.217000,1459.125000,1947.026397,1,ok,23095,18480,1,0.202374,0.012957,0.000221,0.077516,2.940267,8.454464,0.000078,15.499418,1.727601,0.847558,7.211179,0.002752,8.608069,36.758081,45.369123,46.038978,0.669855,46.254309
2478,vehicle0,1459.413000,1459.325000,1947.803785,1,ok,23092,18476,1,0.082260,0.007248,0.000247,0.067998,2.687721,5.818657,0.000147,15.522101,1.934950,0.894493,4.840140,0.056274,7.560397,31.766207,39.383125,39.754484,0.371359,39.843992
2479,vehicle0,1459.623000,1459.525000,1948.596432,1,ok,23102,18485,1,0.106413,0.008565,0.000187,0.067652,2.911169,6.760529,0.000102,22.507854,4.417074,0.922384,47.674774,0.003569,7.338828,85.261538,92.604122,93.260293,0.656171,93.375271
2480,vehicle0,1459.820000,1459.725000,1949.309823,1,ok,23091,18473,1,0.216743,0.056051,0.000316,0.082124,2.505120,5.832651,0.000100,16.611346,2.437366,0.921172,24.166077,0.003494,7.255174,52.555956,59.814940,60.187270,0.372330,60.460064
2481,vehicle0,1460.015000,1459.924000,1950.107039,1,ok,23088,18471,1,0.124836,0.006196,0.000241,0.087356,3.472833,8.107054,0.000076,15.292102,1.509510,0.703066,6.359278,0.003222,7.500780,35.531275,43.035518,43.431876,0.396358,43.562908
2482,vehicle0,1460.219000,1460.124000,1950.840081,1,ok,23100,18484,1,0.087860,0.006166,0.000245,0.078742,2.735742,6.949000,0.000265,17.271071,2.035901,0.862313,16.049162,0.004797,7.379709,45.982196,53.366947,53.968731,0.601784,54.062757
2483,vehicle0,1460.424000,1460.324000,1951.634057,1,ok,23102,18485,1,0.252929,0.009372,0.000374,0.080648,3.848473,11.442316,0.000106,17.701004,5.384845,0.665201,38.518536,0.016680,7.283830,77.641129,84.942013,85.300947,0.358934,85.563248
2484,vehicle0,1460.624000,1460.523000,1952.390341,1,ok,23090,18474,1,0.098234,0.004708,0.000195,0.072730,3.183046,8.844107,0.000169,23.034148,3.033811,0.977921,35.376909,0.004718,11.682414,74.522841,86.210168,86.940595,0.730427,87.043537
2485,vehicle0,1460.825000,1460.724000,1953.114126,1,ok,23085,18470,1,0.183374,0.006855,0.000268,0.089363,3.614803,8.084839,0.000089,15.789421,2.267566,0.799190,35.462955,0.005222,6.623813,66.108226,72.737529,73.422304,0.684775,73.612533
2486,vehicle0,1461.025000,1460.924000,1953.850272,1,ok,23089,18473,1,0.240322,0.009172,0.000222,0.076415,3.017705,7.337223,0.000170,15.319189,2.324167,0.841554,28.458478,0.004632,7.314675,57.374901,64.694430,65.515193,0.820763,65.764687
2487,vehicle0,1461.223000,1461.124000,1954.589032,1,ok,23073,18456,1,0.191535,0.006497,0.000272,0.068791,3.292409,6.061883,0.000092,16.842875,1.869691,0.878794,9.804547,0.003096,11.157754,38.819082,49.980204,50.353776,0.373572,50.551808
2488,vehicle0,1461.421000,1461.325000,1955.343712,1,ok,23092,18475,1,0.102542,0.007686,0.000285,0.074231,3.582396,6.441922,0.000094,14.032945,1.606514,0.971655,20.216705,0.005198,7.762073,46.926462,54.694018,55.234943,0.540925,55.345171
2489,vehicle0,1461.625000,1461.523000,1956.122273,1,ok,23088,18471,1,0.177469,0.006846,0.000203,0.055470,2.405936,5.454503,0.000040,21.743334,4.650061,0.696474,41.173138,0.037002,9.167634,76.178956,85.383795,85.693123,0.309328,85.877438
2490,vehicle0,1461.824000,1461.725000,1956.863747,1,ok,23092,18474,1,0.100456,0.005922,0.000290,0.073460,3.173854,6.084067,0.000076,14.761248,2.526921,0.730075,24.696382,0.004081,19.451314,52.046083,71.501768,71.796148,0.294380,71.902526
2491,vehicle0,1462.025000,1461.925000,1957.600374,1,ok,23080,18461,1,0.204388,0.007064,0.000216,0.080865,2.943246,8.181479,0.000194,18.956651,2.791725,0.887328,18.149162,0.010875,8.648454,51.990650,60.650195,61.192821,0.542626,61.404273
2492,vehicle0,1462.217000,1462.125000,1958.332031,1,ok,23082,18465,1,0.160139,0.008936,0.000495,0.070509,3.137738,6.164997,0.000088,15.834760,1.588863,0.653007,15.371695,0.004185,6.497640,42.821657,49.323977,49.648780,0.324803,49.817855
2493,vehicle0,1462.420000,1462.324000,1959.072266,1,ok,23082,18466,1,0.117129,0.007048,0.000251,0.083168,3.177848,9.353744,0.000079,14.965307,1.816629,0.737955,3.848914,0.003278,8.198890,33.983644,42.186063,42.673710,0.487647,42.797887
2494,vehicle0,1462.605000,1462.526000,1959.814920,1,ok,23118,18502,1,0.118717,0.007971,0.000220,0.076604,2.529562,5.504628,0.000127,17.680183,1.893654,0.957417,4.465283,0.003499,6.468937,33.107458,39.580114,40.171882,0.591768,40.298570
2495,vehicle0,1462.824000,1462.725000,1960.596282,1,ok,23127,18510,1,0.126416,0.007854,0.000319,0.066729,2.661746,5.673685,0.000082,17.081716,2.069034,0.708355,31.072132,0.040644,8.235015,59.333479,67.609457,68.018005,0.408548,68.152275
2496,vehicle0,1463.017000,1462.924000,1961.341393,1,ok,23127,18511,1,0.187327,0.006981,0.000306,0.095663,2.859632,5.451419,0.000094,16.040916,1.716752,0.757184,17.884092,0.012939,8.607201,44.805752,53.426198,53.834521,0.408323,54.028829
2497,vehicle0,1463.225000,1463.124000,1962.105509,1,ok,23111,18494,1,0.096418,0.009608,0.000284,0.072987,2.418568,6.868635,0.000164,17.283889,2.115522,0.694883,22.127850,0.003477,7.882076,51.582498,59.468335,60.125611,0.657276,60.231637
2498,vehicle0,1463.409000,1463.324000,1962.874140,1,ok,23110,18493,1,0.086246,0.010025,0.000290,0.082808,2.819848,5.745787,0.000086,15.386536,1.346608,0.647771,4.112786,0.004244,8.496571,30.142230,38.643335,38.922724,0.279389,39.018995
2499,vehicle0,1463.625000,1463.525000,1963.676332,1,ok,23110,18493,1,0.241581,0.008239,0.000302,0.085351,7.932278,6.566328,0.000103,26.041193,3.327222,0.667581,36.915355,0.003857,7.440111,81.535411,88.979681,89.903320,0.923639,90.153140
2500,vehicle0,1463.826000,1463.723000,1964.432119,1,ok,23085,18470,1,0.215150,0.008227,0.000336,0.079262,3.260059,6.544237,0.000074,16.457793,1.964692,0.708454,26.215197,0.012154,6.873918,55.229768,62.116176,62.571186,0.455010,62.794563
2501,vehicle0,1463.998000,1463.925000,1965.198369,1,ok,23091,18475,1,0.165057,0.006068,0.000238,0.058511,2.231417,6.280757,0.000091,15.242004,2.654626,0.730271,4.900825,0.003495,7.474693,32.098502,39.576928,39.935515,0.358587,40.106640
2502,vehicle0,1464.218000,1464.124000,1965.968473,1,ok,23092,18476,1,0.222553,0.009021,0.000360,0.068900,5.059863,6.220163,0.000097,14.902638,1.653673,0.842546,12.720191,0.003861,8.255556,41.468071,49.727848,49.993024,0.265176,50.224598
2503,vehicle0,1464.423000,1464.325000,1966.768945,1,ok,23112,18496,1,0.106346,0.013720,0.000365,0.091580,3.563999,6.778941,0.000083,16.081933,2.517805,0.658895,27.838077,0.003854,6.121049,57.531313,63.656581,63.958185,0.301604,64.078251
2504,vehicle0,1464.606000,1464.525000,1967.490528,1,ok,23142,18525,1,0.110244,0.008739,0.000334,0.078715,2.610158,6.092547,0.000130,16.778470,1.726000,0.853648,12.154446,0.002695,7.613961,40.294114,47.911104,48.338664,0.427560,48.457647
2505,vehicle0,1464.818000,1464.725000,1968.274210,1,ok,23118,18501,1,0.113848,0.006786,0.000327,0.080386,3.080773,8.490615,0.000110,15.831597,2.303482,0.933791,18.161336,0.004430,7.082185,48.882090,55.969032,56.681701,0.712669,56.802335
2506,vehicle0,1465.021000,1464.925000,1969.029970,1,ok,23107,18490,1,0.096117,0.012405,0.000312,0.080320,2.862341,7.597670,0.000149,18.800327,2.203639,0.876508,20.323051,0.013249,8.010194,52.744005,60.767760,61.253702,0.485942,61.362224
2507,vehicle0,1465.218000,1465.124000,1969.786832,1,ok,23113,18495,1,0.219486,0.008893,0.000187,0.079024,2.505001,5.785133,0.000109,17.051215,1.657741,0.679405,12.198317,0.003327,8.364362,39.955945,48.323821,48.543064,0.219243,48.771443
2508,vehicle0,1465.413000,1465.325000,1970.545861,1,ok,23106,18490,1,0.145103,0.008342,0.000266,0.065094,2.880214,5.274452,0.000126,16.564854,1.979581,0.893665,10.608754,0.003310,9.077469,38.266740,47.347785,47.921817,0.574032,48.075262
2509,vehicle0,1465.625000,1465.524000,1971.349294,1,ok,23080,18464,1,0.108965,0.008157,0.000465,0.084641,2.529857,6.613328,0.000255,21.658697,3.519062,0.664253,36.929855,0.002683,8.735703,71.999948,80.738799,81.327543,0.588744,81.444665
2510,vehicle0,1465.816000,1465.725000,1972.079498,1,ok,23085,18470,1,0.099104,0.008009,0.000214,0.093692,2.604768,6.754706,0.000093,16.127557,2.878150,0.918869,17.817301,0.004372,7.727116,47.195136,54.926838,55.507823,0.580985,55.614936
2511,vehicle0,1466.011000,1465.925000,1972.849565,1,ok,23086,18470,1,0.217688,0.009052,0.000212,0.092134,3.298969,5.932215,0.000121,16.932758,1.699527,0.672504,6.872674,0.003198,7.708616,35.500902,43.212928,43.700565,0.487637,43.927305
2512,vehicle0,1466.225000,1466.123000,1973.605769,1,ok,23098,18481,1,0.191344,0.006754,0.000242,0.065730,2.877589,8.046939,0.000081,15.868897,2.013197,0.679662,20.164092,0.076165,7.948387,49.716187,57.740981,58.161463,0.420482,58.359561
2513,vehicle0,1466.421000,1466.325000,1974.389957,1,ok,23069,18453,1,0.089084,0.009815,0.000417,0.097085,2.714874,6.287393,0.000074,18.072635,1.904390,0.869982,15.737850,0.003348,8.296866,45.684283,53.984914,54.541481,0.556567,54.640380
2514,vehicle0,1466.618000,1466.524000,1975.142988,1,ok,23092,18476,1,0.115849,0.006838,0.000333,0.082012,3.472157,7.982859,0.000125,21.943637,2.234565,0.929418,5.041023,0.011998,10.839990,41.685796,52.538117,52.987141,0.449024,53.109828
2515,vehicle0,1466.824000,1466.723000,1975.935668,1,ok,23117,18499,1,0.115321,0.006537,0.000227,0.071796,2.776803,7.264125,0.000094,17.838409,2.757742,0.743434,39.246209,0.003848,6.226297,70.698612,76.928984,77.701248,0.772264,77.823106
2516,vehicle0,1467.021000,1466.924000,1976.681857,1,ok,23124,18505,1,0.223898,0.009324,0.000380,0.081894,2.696939,5.955336,0.000139,18.173492,1.706629,0.651021,17.080339,0.004487,7.283289,46.345789,53.633945,53.980480,0.346535,54.213702
2517,vehicle0,1467.211000,1467.124000,1977.432973,1,ok,23121,18504,1,0.732886,0.007918,0.000260,0.110737,3.489468,9.214836,0.000144,21.913669,2.445014,0.911817,8.516952,0.005667,11.353193,46.602637,57.961757,58.476782,0.515025,59.217586
2518,vehicle0,1467.424000,1467.327000,1978.196841,1,ok,23104,18488,1,0.198629,0.006051,0.000180,0.078118,2.877382,8.048580,0.000204,21.396648,2.639565,1.125011,26.424883,0.012620,7.029536,62.590391,69.632727,70.154225,0.521498,70.358905
2519,vehicle0,1467.618000,1467.525000,1978.953047,1,ok,23118,18501,1,0.110735,0.005802,0.000151,0.048882,2.334685,5.799868,0.000138,21.261778,4.440069,0.843983,34.766970,0.004274,9.079478,69.496373,78.580276,78.977683,0.397407,79.094220
2520,vehicle0,1467.821000,1467.721000,1979.713248,1,ok,23105,18489,1,0.201330,0.012377,0.000297,0.081655,3.118226,9.880342,0.000154,22.938610,1.678759,0.720025,11.685054,0.004235,8.772422,50.102825,58.879779,59.340466,0.460687,59.554173
2521,vehicle0,1468.026000,1467.924000,1980.524750,1,ok,23114,18498,1,0.071243,0.010584,0.000358,0.052996,2.908554,6.555319,0.000093,18.564021,2.247631,0.663994,53.896080,0.004162,8.155293,84.888688,93.048501,93.277915,0.229414,93.359742
2522,vehicle0,1468.225000,1468.127000,1981.225344,1,ok,23096,18480,1,0.254404,0.009697,0.000128,0.076340,2.713134,5.836037,0.000116,16.643221,2.166023,0.956937,28.767296,0.003398,8.194975,57.159104,65.357605,65.956542,0.598937,66.220643
2523,vehicle0,1468.414000,1468.326000,1981.948616,1,ok,23088,18471,1,0.110413,0.010197,0.000317,0.079577,3.048265,6.196537,0.000133,16.448437,1.692147,0.806570,8.228843,0.012037,7.650703,36.500509,44.163566,44.721212,0.557646,44.841822
2524,vehicle0,1468.610000,1468.526000,1982.672024,1,ok,23106,18488,1,0.118633,0.005436,0.000249,0.047405,2.180790,6.381967,0.000139,15.153121,1.301571,0.658893,4.973292,0.029159,7.516620,30.697178,38.243206,38.601546,0.358340,38.725615
2525,vehicle0,1468.829000,1468.725000,1983.437422,1,ok,23104,18487,1,0.102542,0.006575,0.000161,0.068217,2.787635,6.403817,0.000314,16.723433,1.787614,0.691279,28.657159,0.003782,7.488685,57.119468,64.612096,64.967063,0.354967,65.076180
2526,vehicle0,1469.025000,1468.925000,1984.198444,1,ok,23075,18458,1,0.088466,0.003796,0.000219,0.044930,2.176274,5.573076,0.000103,18.033438,1.789231,0.660374,22.630592,0.003295,7.931337,50.908018,58.842869,59.049752,0.206883,59.142014
2527,vehicle0,1469.226000,1469.125000,1984.975376,1,ok,23081,18465,1,0.071755,0.008308,0.000190,0.077398,3.748184,9.531783,0.000112,23.188768,2.994291,1.171630,21.802638,0.005252,6.203420,62.514804,68.723666,69.345920,0.622254,69.425983
2528,vehicle0,1469.425000,1469.326000,1985.719406,1,ok,23092,18474,1,0.139003,0.008723,0.000268,0.116332,3.386721,6.866767,0.000040,16.509686,2.455653,0.879923,23.769887,0.014325,8.864689,53.985009,62.864291,63.537976,0.673685,63.685702
2529,vehicle0,1469.626000,1469.526000,1986.470210,1,ok,23119,18501,1,0.115700,0.004953,0.000223,0.049195,2.366246,6.430202,0.000106,21.705377,3.257834,0.688899,36.840318,0.034910,6.993895,71.338177,78.367205,78.647109,0.279904,78.767762
2530,vehicle0,1469.822000,1469.725000,1987.214155,1,ok,23111,18495,1,0.159833,0.011540,0.000201,0.058934,2.777868,5.983283,0.000131,17.266796,2.035513,0.807618,16.699377,0.003476,7.900473,45.629520,53.533670,54.152264,0.618594,54.323637
2531,vehicle0,1470.024000,1469.926000,1988.005480,1,ok,23094,18479,1,0.113352,0.006656,0.000235,0.077752,2.943607,8.370750,0.000096,23.359683,3.096972,0.886140,39.911441,0.004765,6.555202,78.646441,85.206643,85.749194,0.542551,85.869202
2532,vehicle0,1470.226000,1470.124000,1988.703753,1,ok,23109,18494,1,0.203835,0.007213,0.000256,0.080063,3.063071,5.493508,0.000089,19.165747,3.097779,0.978928,26.009296,0.005948,7.636467,57.888481,65.531152,66.015252,0.484100,66.226300
2533,vehicle0,1470.419000,1470.326000,1989.451737,1,ok,23112,18497,1,0.204818,0.007697,0.000306,0.104201,4.282895,8.820831,0.000161,22.805634,2.549210,0.980519,12.961353,0.003518,8.092547,52.504804,60.601175,60.993938,0.392763,61.206453
2534,vehicle0,1470.625000,1470.527000,1990.191817,1,ok,23098,18482,1,0.169699,0.006841,0.000244,0.081071,2.937693,7.883180,0.000116,17.417526,2.264755,0.962626,22.006726,0.004911,7.289610,53.553693,60.848458,61.515777,0.667319,61.692317
2535,vehicle0,1470.827000,1470.725000,1990.950126,1,ok,23083,18468,1,0.118349,0.008490,0.000160,0.088804,3.303828,10.355697,0.000141,22.854353,3.120239,0.992187,26.003531,0.093620,8.502762,66.718780,75.315322,75.815184,0.499862,75.942023
2536,vehicle0,1471.026000,1470.926000,1991.729450,1,ok,23100,18485,1,0.099799,0.007033,0.000245,0.071540,2.959381,6.589380,0.000033,15.743529,1.746512,0.654252,39.991454,0.003955,7.629082,67.756081,75.389363,75.661116,0.271753,75.767948
2537,vehicle0,1471.227000,1471.125000,1992.481212,1,ok,23108,18492,1,0.191758,0.007016,0.000291,0.086256,3.324539,11.878277,0.000210,22.018160,1.856250,0.667792,23.075759,0.009989,9.870336,62.907243,72.787859,73.412422,0.624563,73.611196
2538,vehicle0,1471.409000,1471.326000,1993.233480,1,ok,23107,18491,1,0.083905,0.006688,0.000225,0.078740,2.935856,6.743409,0.000146,17.106932,1.348829,1.687378,7.038399,0.004519,8.101212,36.939689,45.045645,45.513873,0.468228,45.604466
2539,vehicle0,1471.625000,1471.527000,1994.027556,1,ok,23100,18483,1,0.196230,0.016821,0.000258,0.101761,2.905543,9.448964,0.000206,21.911978,4.582083,0.912400,40.622105,0.003855,6.161664,80.485040,86.650817,87.127799,0.476982,87.340850
2540,vehicle0,1471.826000,1471.725000,1994.789151,1,ok,23105,18488,1,0.126786,3.624521,0.000270,0.085593,2.759747,7.758420,0.000076,17.549777,1.857634,0.888853,21.842404,0.109136,8.062174,52.742504,60.914084,61.330263,0.416179,65.081570
2541,vehicle0,1472.025000,1471.925000,1995.572465,1,ok,23100,18485,1,0.264368,0.010002,0.000379,0.098454,3.179030,8.708532,0.000136,25.623910,2.370915,0.913739,5.000620,0.005229,11.551357,45.895336,57.452301,57.900977,0.448676,58.175347
2542,vehicle0,1472.216000,1472.124000,1996.300490,1,ok,23101,18484,1,0.092843,0.017118,0.000140,0.082575,3.537022,7.265348,0.000372,15.057496,2.165089,0.883573,15.674452,0.003709,8.114870,44.665927,52.784646,53.437875,0.653229,53.547836
2543,vehicle0,1472.416000,1472.327000,1997.067076,1,ok,23102,18484,1,0.094763,0.010454,0.000291,0.118009,3.377638,10.829013,0.000131,23.478928,2.415656,0.651711,5.533749,0.003607,7.288305,46.404835,53.697038,53.998479,0.301441,54.103696
2544,vehicle0,1472.625000,1472.525000,1997.869651,1,ok,23120,18502,1,0.123006,0.011145,0.000472,0.092290,3.295968,8.576465,0.000112,17.201256,2.124404,0.855133,30.384876,0.003272,6.180272,62.530504,68.714520,68.977131,0.262611,69.111282
2545,vehicle0,1472.815000,1472.726000,1998.616877,1,ok,23111,18495,1,0.121008,0.005771,0.000453,0.074702,2.699908,5.372116,0.000274,16.889267,1.955815,0.681299,12.822281,0.009477,8.770775,40.495662,49.276367,49.890966,0.614599,50.017745
2546,vehicle0,1473.025000,1472.926000,1999.435749,1,ok,23078,18461,1,0.110065,0.008984,0.000286,0.077048,2.662294,5.573291,0.000119,16.496857,1.890286,0.758094,31.591080,0.044207,6.645750,59.049069,65.739312,66.185487,0.446175,66.304536
2547,vehicle0,1473.225000,1473.124000,2000.189608,1,ok,23087,18470,1,0.094176,0.007983,0.000242,0.081275,3.865733,6.515225,0.000110,15.457524,1.494961,0.660335,6.600766,0.004386,8.118494,34.675929,42.799051,43.050227,0.251176,43.152386
2548,vehicle0,1473.427000,1473.325000,2000.987717,1,ok,23094,18477,1,0.206143,0.006135,0.000297,0.077472,3.012827,7.671526,0.000090,18.402308,2.379995,0.925508,21.953490,0.008163,9.711210,54.423216,64.142886,64.558937,0.416051,64.771215
2549,vehicle0,1473.626000,1473.526000,2001.771461,1,ok,23113,18497,1,0.152662,0.011138,0.000380,0.069996,4.271663,6.786691,0.000112,19.981588,4.355551,1.870782,43.308760,0.003770,7.814248,80.645143,88.463541,88.820046,0.356505,88.983846
2550,vehicle0,1473.826000,1473.725000,2002.526538,1,ok,23116,18501,1,0.189188,0.007112,0.000182,0.085100,3.306086,8.303908,0.000110,16.961776,2.843825,0.866806,31.261359,0.010375,8.769470,63.628970,72.408997,72.980702,0.571705,73.177002
2551,vehicle0,1474.025000,1473.925000,2003.271675,1,ok,23113,18498,1,0.209479,0.009144,0.000165,0.066183,2.622689,6.425107,0.000124,16.346247,1.934159,0.667341,18.503175,0.004035,7.270534,46.565025,53.839759,54.245643,0.405884,54.464266
2552,vehicle0,1474.223000,1474.125000,2004.020311,1,ok,23103,18488,1,0.109723,0.006448,0.000229,0.083264,2.997659,8.242796,0.000115,22.793549,2.600080,1.148809,6.213824,0.014887,10.527976,44.080096,54.623188,55.117513,0.494325,55.233684
2553,vehicle0,1474.426000,1474.325000,2004.808524,1,ok,23108,18492,1,0.107332,0.007074,0.000314,0.087870,3.705770,7.801328,0.000190,22.254821,2.957652,0.940160,17.477634,0.005048,10.924760,55.225425,66.155547,66.905043,0.749496,67.019449
2554,vehicle0,1474.618000,1474.525000,2005.545973,1,ok,23114,18498,1,0.168578,0.013407,0.000265,0.080725,3.077014,8.072359,0.000137,17.686252,1.633170,0.671228,11.185502,0.003666,6.986930,42.406387,49.397248,49.728665,0.331417,49.910650
2555,vehicle0,1474.827000,1474.726000,2006.304594,1,ok,23126,18510,1,0.245802,0.009727,0.000389,0.074205,3.314508,5.989460,0.000123,16.751109,2.087565,0.930660,32.503992,0.003819,8.391854,61.651622,70.047684,70.450501,0.402817,70.706030
2556,vehicle0,1475.022000,1474.927000,2007.049805,1,ok,23117,18501,1,0.183538,0.007247,0.000196,0.082978,3.177195,8.107325,0.000105,23.420680,1.851802,0.679384,18.410000,0.004048,7.671718,55.729469,63.405431,63.714690,0.309259,63.905475
2557,vehicle0,1475.212000,1475.127000,2007.775274,1,ok,23117,18502,1,0.115516,0.018301,0.000191,0.075057,3.069057,6.171035,0.000088,17.188898,1.858407,0.702535,7.234058,0.004365,9.175041,36.299135,45.478732,45.886100,0.407368,46.019917
2558,vehicle0,1475.415000,1475.327000,2008.571810,1,ok,23118,18502,1,0.194999,0.006339,0.000275,0.081119,2.931337,8.407474,0.000141,18.726049,1.511677,0.821858,9.870117,0.036240,8.444850,42.349772,50.831137,52.334795,1.503658,52.536133
2559,vehicle0,1475.628000,1475.529000,2009.345499,1,ok,23112,18494,1,0.187599,0.008009,0.000235,0.079023,2.817057,9.415724,0.000092,22.238207,3.922056,0.784597,35.674239,0.004459,7.705132,74.930995,82.640821,83.074776,0.433955,83.270384
2560,vehicle0,1475.804000,1475.728000,2010.060088,1,ok,23070,18452,1,0.104779,0.015148,0.000151,0.069734,2.297909,6.454904,0.000095,17.098004,2.112895,0.733003,8.209542,0.003715,7.399998,36.976086,44.379950,44.656081,0.276131,44.776008
2561,vehicle0,1476.012000,1475.927000,2010.860791,1,ok,23090,18471,1,0.134906,0.004836,0.000231,0.047741,2.540890,7.030799,0.000098,16.810662,2.297901,0.841395,8.847012,0.005026,9.411585,38.416498,47.833340,48.271036,0.437696,48.410778
2562,vehicle0,1476.227000,1476.126000,2011.660531,1,ok,23128,18509,1,0.114239,0.006843,0.000252,0.079675,3.373202,7.957495,0.000106,22.931069,2.936472,1.159327,33.679210,0.005050,11.352068,72.116556,83.473926,83.945036,0.471110,84.066118
2563,vehicle0,1476.422000,1476.328000,2012.401953,1,ok,23132,18512,1,0.218537,0.007962,0.000221,0.088311,3.195727,9.760033,0.000236,17.616945,1.749134,0.762559,17.200604,0.016402,7.405031,50.373549,57.795203,58.172322,0.377119,58.398821
2564,vehicle0,1476.627000,1476.528000,2013.156972,1,ok,23109,18491,1,0.105210,0.009309,0.000203,0.072883,2.196685,5.727929,0.000210,17.694536,1.949263,0.803428,21.991080,0.004656,10.451581,50.436014,60.892454,61.210616,0.318162,61.325135
2565,vehicle0,1476.829000,1476.725000,2013.906151,1,ok,23091,18474,1,0.254982,0.008795,0.000303,0.094000,3.317247,8.126101,0.000286,22.657037,2.753976,1.004013,26.813006,0.004634,6.845422,64.765666,71.616025,72.576570,0.960545,72.840347
2566,vehicle0,1477.027000,1476.929000,2014.687864,1,ok,23086,18469,1,0.105769,0.010597,0.000212,0.073075,3.829002,6.596226,0.000104,16.692681,2.360173,0.722938,22.493524,0.005461,10.364813,52.767723,63.138209,63.763810,0.625601,63.880176
2567,vehicle0,1477.229000,1477.129000,2015.454908,1,ok,23096,18480,1,0.214456,0.008317,0.000241,0.083329,5.691433,8.900186,0.000134,23.236655,3.313926,0.954644,19.605896,0.004311,9.009770,61.786203,70.800525,71.442421,0.641896,71.665194
2568,vehicle0,1477.426000,1477.330000,2016.216582,1,ok,23103,18487,1,0.213884,0.006033,0.000311,0.086271,2.985688,7.888614,0.000104,19.912128,1.594431,0.683157,12.016850,0.013847,7.738935,45.167243,52.920336,53.333344,0.413008,53.553261
2569,vehicle0,1477.626000,1477.528000,2016.990114,1,ok,23112,18497,1,0.080998,0.007091,0.000250,0.051548,2.569605,7.097421,0.000112,20.200955,3.286107,0.677928,38.385466,0.014390,7.869436,72.269142,80.153218,80.611332,0.458114,80.699421
2570,vehicle0,1477.830000,1477.729000,2017.744740,1,ok,23120,18505,1,0.133726,2.720206,0.000346,0.080587,2.657260,6.821512,0.000115,16.515924,2.355151,0.859647,28.289828,0.010377,9.470963,57.580024,67.061710,67.787983,0.726273,70.641915
2571,vehicle0,1478.018000,1477.924000,2018.432974,1,ok,23134,18519,1,0.128054,0.007435,0.000212,0.079268,2.655786,6.437421,0.000079,17.649148,1.929486,0.661241,19.025085,0.005489,7.378068,48.437514,55.821283,56.090445,0.269162,56.225934
2572,vehicle0,1478.218000,1478.127000,2019.204543,1,ok,23114,18499,1,0.083316,0.004252,0.000180,0.050104,2.270757,7.457991,0.000093,16.355365,1.962846,0.928868,26.576021,0.007130,8.088359,55.602045,63.697714,64.173447,0.475733,64.261015
2573,vehicle0,1478.420000,1478.329000,2019.987915,1,ok,23101,18485,1,0.111592,0.006007,0.000351,0.079324,2.665529,6.180940,0.000094,23.147293,1.633242,0.675483,14.860333,0.002964,8.351411,49.242238,57.596964,57.829046,0.232082,57.946645
2574,vehicle0,1478.629000,1478.528000,2020.774630,1,ok,23117,18499,1,0.113701,0.017751,0.000239,0.075483,2.531530,7.227747,0.000099,18.043554,1.843450,0.661712,28.356135,0.046375,10.852570,58.739710,69.638894,69.926209,0.287315,70.057661
2575,vehicle0,1478.821000,1478.730000,2021.550212,1,ok,23105,18487,1,0.110244,0.005419,0.000222,0.047067,2.161617,6.186771,0.000079,15.256161,1.719085,0.724551,23.970938,0.009122,11.208792,50.066269,61.284405,61.701455,0.417050,61.817118
2576,vehicle0,1479.005000,1478.929000,2022.233899,1,ok,23105,18489,1,0.189804,0.005219,0.000296,0.050787,2.571557,6.478901,0.000188,19.919303,1.881330,0.773497,7.079309,0.003690,7.741222,38.754872,46.500080,46.848286,0.348206,47.043309
2577,vehicle0,1479.229000,1479.128000,2023.067526,1,ok,23101,18485,1,0.141461,0.007487,0.000227,0.083873,2.908819,7.683651,0.000130,22.507813,3.162644,0.920872,31.345795,0.003914,6.848559,68.613597,75.466297,76.054113,0.587816,76.203061
2578,vehicle0,1479.419000,1479.329000,2023.832308,1,ok,23116,18500,1,0.217271,0.007389,0.000553,0.051785,2.729269,7.077790,0.000157,16.706823,1.702967,0.684427,14.274700,0.009906,8.725361,43.227918,51.963738,52.328462,0.364724,52.553122
2579,vehicle0,1479.628000,1479.530000,2024.682415,1,ok,23112,18496,1,0.265809,0.009576,0.000291,0.079655,3.657319,8.484018,0.000099,27.909477,6.024815,1.156395,52.225822,0.018384,6.382844,99.537600,105.939119,106.498989,0.559870,106.774374
2580,vehicle0,1479.827000,1479.729000,2025.392923,1,ok,23102,18486,1,0.100633,0.194174,0.000317,0.123345,3.265955,6.017432,0.000077,17.289761,1.959846,0.683364,25.929049,0.003327,8.025765,55.268829,63.298238,64.190234,0.891996,64.485041
2581,vehicle0,1480.028000,1479.929000,2026.197135,1,ok,23087,18470,1,0.358062,0.007807,0.000230,0.094186,3.778465,7.786719,0.000192,22.411911,2.907537,1.022469,33.754612,0.003887,7.083935,71.756091,78.844143,79.177758,0.333615,79.543627
2582,vehicle0,1480.228000,1480.130000,2026.954313,1,ok,23088,18472,1,0.182541,0.007681,0.000405,0.091916,3.399445,7.739934,0.000087,15.303317,1.891279,0.734197,29.205706,0.003447,7.898548,58.365881,66.268281,66.676406,0.408125,66.866628
2583,vehicle0,1480.425000,1480.330000,2027.698612,1,ok,23093,18477,1,0.192132,0.006844,0.000212,0.085875,3.102658,8.640300,0.000100,20.972237,1.742885,0.645553,19.928009,0.006354,7.646475,55.117617,62.770658,63.092245,0.321587,63.291221
2584,vehicle0,1480.615000,1480.532000,2028.460995,1,ok,23126,18510,1,0.750034,0.006196,0.000185,0.086234,3.300964,6.056926,0.000089,15.685125,1.638749,0.827413,15.496881,0.011166,10.524124,43.092381,53.627856,54.213111,0.585255,54.969341
2585,vehicle0,1480.804000,1480.727000,2029.215278,1,ok,23121,18505,1,0.132531,0.010748,0.000151,0.096415,2.867046,6.396419,0.000093,16.296768,1.891112,0.855441,5.013158,0.061713,9.892021,33.416452,43.370337,44.002112,0.631775,44.145391
2586,vehicle0,1481.023000,1480.928000,2029.998091,1,ok,23101,18485,1,0.172238,0.004865,0.000222,0.048271,2.762076,7.201756,0.000107,20.841601,2.697200,1.009402,26.046639,0.004748,6.841440,60.607052,67.453462,68.886785,1.433323,69.063888
2587,vehicle0,1481.229000,1481.128000,2030.752188,1,ok,23098,18482,1,0.091234,0.008463,0.000264,0.090395,2.853208,7.221855,0.000247,17.826749,1.847469,0.656562,21.305859,0.003342,8.639953,51.802344,60.445903,60.857982,0.412079,60.957679
2588,vehicle0,1481.398000,1481.329000,2031.485920,1,ok,23115,18500,1,0.227099,0.004710,0.000248,0.065542,2.585944,6.872313,0.000092,18.654746,1.494084,0.694695,7.308702,0.003715,7.944651,37.676118,45.624732,45.944741,0.320009,46.176550
2589,vehicle0,1481.628000,1481.528000,2032.319699,1,ok,23108,18491,1,0.188964,0.006250,0.000266,0.075026,3.614394,6.956286,0.000092,20.728631,3.711058,0.729139,31.496087,0.004430,9.385913,67.310713,76.701322,77.133929,0.432607,77.329143
2590,vehicle0,1481.819000,1481.727000,2033.078341,1,ok,23091,18474,1,0.087122,0.006134,0.000232,0.063522,2.223632,5.956353,0.000257,16.785937,2.126541,0.908576,25.347846,0.014844,8.937887,53.412664,62.365627,62.707407,0.341780,62.800663
2591,vehicle0,1482.025000,1481.928000,2033.917447,1,ok,23098,18481,1,0.116083,0.010688,0.000235,0.082919,2.673128,7.322971,0.000229,16.796538,1.891238,0.707333,33.919362,0.009376,10.824649,63.393718,74.227978,74.651313,0.423335,74.778084
2592,vehicle0,1482.217000,1482.131000,2034.672121,1,ok,23113,18496,1,0.112132,0.004881,0.000192,0.048737,2.143302,9.022762,0.000173,15.652754,1.975921,0.840747,24.392799,0.003108,6.403080,54.077195,60.483575,60.941765,0.458190,61.058778
2593,vehicle0,1482.426000,1482.328000,2035.398038,1,ok,23105,18487,1,0.077582,0.003778,0.000328,0.048056,2.579965,5.656152,0.000088,18.393928,2.404579,0.849253,28.212280,0.010799,10.342419,58.144301,68.497847,68.817064,0.319217,68.898424
2594,vehicle0,1482.628000,1482.531000,2036.224457,1,ok,23117,18499,1,0.179751,0.668769,0.000377,0.078438,3.250433,6.256624,0.000122,21.063326,3.464209,0.932336,53.439397,0.003264,6.664520,88.484885,95.153046,95.525256,0.372210,96.373776
2595,vehicle0,1482.828000,1482.726000,2036.980775,1,ok,23101,18484,1,0.088461,0.008907,0.000398,0.100163,4.407705,5.939872,0.000120,15.480776,2.599636,0.895628,29.472875,0.033493,7.505986,58.896775,66.436652,66.861633,0.424981,66.959001
2596,vehicle0,1483.029000,1482.928000,2037.800029,1,ok,23104,18487,1,0.105310,0.011960,0.000345,0.093024,3.643905,8.252878,0.000151,24.893008,2.627607,0.896877,35.838861,0.004858,7.040964,76.246311,83.292478,83.742315,0.449837,83.859585
2597,vehicle0,1483.198000,1483.129000,2038.531450,1,ok,23100,18483,1,0.210304,0.008512,0.000392,0.099225,11.238487,5.876150,0.000073,14.540017,2.131006,0.853500,6.063320,0.004351,8.629262,40.801778,49.435783,50.016279,0.580496,50.235095
2598,vehicle0,1483.429000,1483.329000,2039.326166,1,ok,23105,18488,1,0.110645,0.008502,0.000306,0.069907,2.908313,7.004193,0.000098,22.576644,3.302270,0.971647,33.350238,0.005896,9.737174,70.183310,79.926686,80.313902,0.387216,80.433049
2599,vehicle0,1483.626000,1483.529000,2040.137897,1,ok,23074,18459,1,0.117593,0.073273,0.000359,0.083080,9.136850,8.229637,0.000134,28.672119,5.562220,0.956392,59.630130,0.005323,9.098161,112.270562,121.374405,121.737838,0.363433,121.928704
2600,vehicle0,1483.816000,1483.729000,2040.866799,1,ok,23099,18483,1,0.114910,0.007614,0.000370,0.117599,2.563664,7.507378,0.000138,14.365223,2.121401,1.007373,18.352718,0.004918,7.429662,46.035494,53.470444,54.831267,1.360823,54.953791
2601,vehicle0,1484.026000,1483.928000,2041.648944,1,ok,23103,18487,1,0.241577,0.006513,0.000237,0.108967,2.748298,7.353404,0.000103,16.780003,1.957890,0.763316,20.432060,0.015837,6.692752,50.144041,56.852867,57.140262,0.287395,57.388352
2602,vehicle0,1484.215000,1484.128000,2042.423444,1,ok,23119,18504,1,0.082565,0.003662,0.000261,0.049353,1.736145,6.624072,0.000120,18.340133,1.919589,0.886229,13.215880,0.003342,8.140585,42.771521,50.915709,51.242490,0.326781,51.328717
2603,vehicle0,1484.430000,1484.328000,2043.226269,1,ok,23114,18499,1,0.114293,0.008837,0.000297,0.078520,2.130143,6.326799,0.000156,18.767619,3.044670,0.768575,36.328952,0.004766,8.360820,67.445434,75.811317,76.422157,0.610840,76.545287
2604,vehicle0,1484.629000,1484.525000,2043.991274,1,ok,23094,18478,1,0.211425,0.005951,0.000396,0.109347,2.536585,6.690292,0.000081,19.097583,1.788320,0.662599,19.045786,0.002933,9.052512,49.930593,58.986434,59.397479,0.411045,59.614855
2605,vehicle0,1484.811000,1484.728000,2044.757164,1,ok,23113,18497,1,0.244494,0.008614,0.000378,0.110968,3.277974,6.449409,0.000119,17.206595,1.607258,0.830621,3.926968,0.003989,8.497844,33.409912,41.912123,42.397726,0.485603,42.650834
2606,vehicle0,1485.026000,1484.927000,2045.569936,1,ok,23104,18488,1,0.196349,0.223201,0.000261,0.085485,2.251790,7.069335,0.000138,18.698941,2.582029,0.710025,26.651344,0.055358,7.492098,58.049087,65.596804,65.995915,0.399111,66.415465
2607,vehicle0,1485.216000,1485.127000,2046.348241,1,ok,23122,18505,1,0.208962,0.005881,0.000236,0.048193,1.836363,8.316798,0.000111,27.466053,3.767315,0.900411,17.166125,0.004971,9.671689,59.501369,69.178265,69.441352,0.263087,69.656195
2608,vehicle0,1485.425000,1485.329000,2047.152173,1,ok,23134,18515,1,0.180493,0.007049,0.000366,0.103574,2.480123,9.877132,0.000102,21.537077,2.867996,1.015641,17.063663,0.003803,8.514194,54.945308,63.463671,64.117277,0.653606,64.304819
2609,vehicle0,1485.630000,1485.530000,2047.857923,1,ok,23137,18517,1,0.123720,0.005881,0.000289,0.096768,2.030667,6.050775,0.000073,21.337717,3.895311,0.713135,32.117337,0.002971,9.135266,66.241783,75.380309,75.901034,0.520725,76.030635
2610,vehicle0,1485.829000,1485.730000,2048.646204,1,ok,23147,18528,1,0.100959,0.008001,0.000367,0.104768,1.964086,6.566216,0.000140,27.614007,3.002228,1.008146,26.501980,0.003291,7.135421,66.761571,73.900650,75.379129,1.478479,75.488089
2611,vehicle0,1486.026000,1485.929000,2049.441225,1,ok,23117,18499,1,0.100312,0.009053,0.000414,0.114589,3.122103,8.553686,0.000170,17.975392,2.312943,0.945359,28.079629,0.003160,9.119925,61.103871,70.227370,70.720871,0.493501,70.830236
2612,vehicle0,1486.227000,1486.129000,2050.206132,1,ok,23086,18470,1,0.178546,0.004720,0.000248,0.048213,1.797412,5.987054,0.000079,21.189408,2.522210,0.828603,24.815369,0.060679,10.824055,57.188348,68.073330,70.782824,2.709494,70.966090
2613,vehicle0,1486.413000,1486.329000,2050.993474,1,ok,23103,18486,1,0.103017,0.008434,0.000290,0.058232,1.881696,5.738658,0.000109,16.674705,2.464519,0.940464,12.701134,0.002600,7.690648,40.459517,48.153055,48.516869,0.363814,48.628320
2614,vehicle0,1486.619000,1486.528000,2051.829406,1,ok,23125,18508,1,0.216414,0.007804,0.000456,0.116110,2.104485,8.501776,0.000114,16.737704,2.328943,0.693271,12.423153,0.053277,8.144607,42.905556,51.103896,51.545024,0.441128,51.769242
2615,vehicle0,1486.823000,1486.728000,2052.597580,1,ok,23114,18495,1,0.171115,0.005300,0.000335,0.048199,1.771860,5.898668,0.000087,17.083913,1.981991,0.920011,26.271316,0.003247,7.907013,53.976045,61.886640,62.463308,0.576668,62.639723
2616,vehicle0,1487.028000,1486.929000,2053.388572,1,ok,23115,18497,1,0.064349,0.007150,0.000220,0.091332,2.489347,7.804337,0.000123,31.363296,3.502092,0.963407,19.498754,0.003035,7.597576,65.712688,73.313519,73.932813,0.619294,74.004312
2617,vehicle0,1487.218000,1487.128000,2054.160985,1,ok,23117,18500,1,0.402684,0.008615,0.000266,0.111458,2.637638,8.103983,0.000249,24.939068,2.538883,1.022187,8.378881,0.005797,11.399200,47.732347,59.137610,59.796095,0.658485,60.207394
2618,vehicle0,1487.428000,1487.328000,2054.975290,1,ok,23108,18491,1,0.103344,0.006162,0.000203,0.074730,1.721781,5.448387,0.000113,15.907497,2.498457,11.895708,30.188319,0.014828,6.451521,67.734992,74.201544,74.820456,0.618912,74.929962
2619,vehicle0,1487.629000,1487.529000,2055.780021,1,ok,23104,18487,1,0.288834,0.020181,0.000192,0.067991,1.932180,6.004323,0.000123,29.438005,4.590067,0.720166,42.964272,0.009393,9.287292,85.717127,95.014004,95.450344,0.436340,95.759359
2620,vehicle0,1487.803000,1487.730000,2056.525817,1,ok,23106,18488,1,0.086547,0.005745,0.000201,0.127378,2.568019,7.339175,0.000108,15.170693,1.784922,0.824188,3.869375,0.003278,7.637507,31.683858,39.324844,39.989181,0.664337,40.081473
2621,vehicle0,1488.023000,1487.928000,2057.376772,1,ok,23120,18502,1,0.461197,0.009823,0.000174,0.221146,2.737606,10.672252,0.000080,17.032020,2.268217,0.819515,19.296594,0.003506,13.680619,53.047430,66.731729,67.290888,0.559159,67.761908
2622,vehicle0,1488.217000,1488.130000,2058.137737,1,ok,23135,18518,1,0.092026,0.005383,0.005771,0.076072,1.711361,5.891477,0.000135,16.069414,1.583844,0.693760,9.337640,0.003855,8.586601,35.363703,43.959930,45.373722,1.413792,45.471131
2623,vehicle0,1488.404000,1488.329000,2058.945064,1,ok,23117,18502,1,0.111866,0.012233,0.000135,0.088907,1.975778,11.947006,0.000100,17.090890,1.967301,0.697297,11.833286,0.002538,7.192818,45.600565,52.796056,53.183518,0.387462,53.307617
2624,vehicle0,1488.623000,1488.530000,2059.752879,1,ok,23105,18490,1,0.206662,3.045417,0.000394,0.083931,2.284653,5.552803,0.000139,17.454622,2.146903,0.899293,18.159391,0.019760,7.907985,46.581735,54.509874,54.781001,0.271127,58.033080
2625,vehicle0,1488.825000,1488.728000,2060.547418,1,ok,23133,18518,1,0.103687,0.009092,0.000385,0.098118,2.157418,5.454640,0.000124,16.742776,2.510106,0.810376,29.868100,0.003412,6.583862,57.641658,64.229317,64.694577,0.465260,64.807356
2626,vehicle0,1489.011000,1488.930000,2061.350594,1,ok,23121,18506,1,0.148252,0.004387,0.000150,0.061572,1.747430,6.127760,0.000165,17.496962,1.971473,0.686516,18.848389,0.003442,8.578939,46.940267,55.522798,55.853591,0.330793,56.006230
2627,vehicle0,1489.218000,1489.127000,2062.125721,1,ok,23093,18478,1,0.062271,0.008008,0.000278,0.078050,2.502360,5.889522,0.000071,14.772191,1.562591,0.700124,10.003832,0.010188,9.356198,35.508741,44.875405,45.269096,0.393691,45.339375
2628,vehicle0,1489.415000,1489.329000,2062.920211,1,ok,23076,18461,1,0.164837,0.006550,0.000263,0.070713,2.485504,9.024660,0.000199,22.606519,2.592905,0.999569,9.269268,1.933071,7.544033,47.049337,56.526704,57.191208,0.664504,57.362595
2629,vehicle0,1489.630000,1489.527000,2063.744371,1,ok,23079,18461,1,0.087062,0.009618,0.000365,0.108695,2.636103,8.034214,0.000206,25.703096,4.719247,0.851979,38.032933,0.048102,9.705108,80.086473,89.840048,90.167273,0.327225,90.263953
2630,vehicle0,1489.830000,1489.729000,2064.507019,1,ok,23085,18466,1,0.099454,0.007184,0.000256,0.106409,2.154299,5.627425,0.000132,15.980520,5.407684,0.659333,43.718320,0.009458,8.178669,73.654122,81.842505,82.120104,0.277599,82.226742
2631,vehicle0,1490.029000,1489.929000,2065.288677,1,ok,23102,18483,1,0.108961,0.011200,0.000216,0.100122,2.367066,7.696833,0.000136,16.907329,2.288674,0.781772,39.626898,0.004188,9.434856,69.768830,79.208090,79.647685,0.439595,79.767846
2632,vehicle0,1490.210000,1490.125000,2066.037499,1,ok,23101,18483,1,0.118347,0.008560,0.000231,0.083354,2.115515,7.526322,0.000087,17.186885,1.559808,0.896377,3.983647,0.003313,7.553727,33.351995,40.909266,41.325815,0.416549,41.452722
2633,vehicle0,1490.428000,1490.328000,2066.850616,1,ok,23109,18490,1,0.235189,0.009393,0.000229,0.096757,2.164559,5.874573,0.000112,16.663535,1.861760,0.653760,20.176921,0.008199,8.324402,47.491977,55.824807,56.107719,0.282912,56.352301
2634,vehicle0,1490.624000,1490.528000,2067.547309,1,ok,23100,18482,1,0.101216,0.007144,0.000271,0.066681,2.472500,6.878459,0.000076,16.738062,2.072932,0.676845,27.716486,0.003632,8.052941,56.622041,64.678885,65.019463,0.340578,65.127823
2635,vehicle0,1490.801000,1490.729000,2068.226093,1,ok,23110,18493,1,0.200876,0.005437,0.000220,0.048305,2.239120,6.275486,0.000119,13.850349,1.845286,0.881785,6.134920,0.162562,9.054783,31.275370,40.492935,41.409957,0.917022,41.616270
2636,vehicle0,1491.015000,1490.931000,2068.830710,1,ok,23098,18481,1,0.097967,0.007138,0.000301,0.079852,1.912262,6.184286,0.000118,15.568030,1.851204,0.651101,13.412648,0.008519,10.483821,39.659501,50.152142,50.644008,0.491866,50.749113
2637,vehicle0,1491.231000,1491.130000,2069.638867,1,ok,23129,18512,1,0.110692,0.008059,0.000386,0.088533,1.935323,6.365064,0.000082,19.069851,1.775816,1.146166,33.022340,0.012519,8.344878,63.403175,71.760958,72.234818,0.473860,72.353569
2638,vehicle0,1491.419000,1491.331000,2070.410873,1,ok,23144,18527,1,0.220788,0.005248,0.000220,0.112035,2.029984,6.221670,0.000101,18.473804,1.774271,0.897916,14.275899,0.003057,7.970473,43.785680,51.759430,52.039320,0.279890,52.265356
2639,vehicle0,1491.631000,1491.531000,2071.222931,1,ok,23133,18517,1,0.062374,0.008433,0.000234,0.058118,2.027527,6.081509,0.000113,27.359879,3.374574,0.658663,39.907104,0.003972,8.759023,79.467487,88.230716,88.517479,0.286763,88.588286
2640,vehicle0,1491.827000,1491.730000,2071.959629,1,ok,23135,18517,1,0.082891,0.006631,0.000346,0.072008,1.740491,5.988086,0.000112,17.857203,2.787648,0.992964,26.894837,0.019829,7.408837,56.333349,63.762361,64.121725,0.359364,64.211247
2641,vehicle0,1492.029000,1491.929000,2072.807152,1,ok,23124,18506,1,0.266348,0.008282,0.000271,0.111400,2.631887,8.430356,0.000164,21.857207,2.662282,0.892074,14.915480,0.006264,8.212534,51.500850,59.719919,60.058322,0.338403,60.332952
2642,vehicle0,1492.205000,1492.131000,2073.554952,1,ok,23146,18529,1,0.209263,0.004525,0.000188,0.047566,1.762795,5.899242,0.000108,14.282654,1.343156,0.690833,5.105335,0.012731,8.313633,29.131689,37.458241,37.785009,0.326768,37.998797
2643,vehicle0,1492.412000,1492.331000,2074.360443,1,ok,23118,18501,1,0.100920,0.007263,0.000254,0.097413,2.441821,7.875582,0.000274,21.570271,2.297540,0.936183,5.018830,0.005650,10.836621,40.237914,51.080439,52.707544,1.627105,52.815727
2644,vehicle0,1492.627000,1492.531000,2075.158389,1,ok,23126,18509,1,0.098798,0.007771,0.000333,0.092469,2.330567,7.119030,0.000094,18.529711,2.525570,0.807273,25.053210,0.003707,8.342964,56.457924,64.804928,65.122189,0.317261,65.228758
2645,vehicle0,1492.829000,1492.731000,2075.940286,1,ok,23112,18496,1,0.098881,0.008033,0.000634,0.084740,2.562077,7.041816,0.000095,17.075028,2.342170,0.770305,23.829295,0.016057,7.125287,53.705526,60.847504,61.176687,0.329183,61.283601
2646,vehicle0,1493.016000,1492.932000,2076.749618,1,ok,23108,18492,1,0.110669,0.007239,0.000357,0.086433,2.071953,6.110211,0.000086,16.092855,2.251421,0.934529,12.482092,0.004065,6.812304,40.029580,46.846306,47.236388,0.390082,47.354296
2647,vehicle0,1493.231000,1493.131000,2077.533876,1,ok,23111,18494,1,0.106149,0.007540,0.000321,0.095097,2.480847,5.942377,0.000104,18.777274,2.684818,0.790881,29.771152,0.004175,7.759367,60.542550,68.306413,68.820547,0.514134,68.934236
2648,vehicle0,1493.417000,1493.331000,2078.223200,1,ok,23094,18476,1,0.090550,0.024775,0.000226,0.076011,2.853433,7.807818,0.000242,19.629346,1.732733,0.723012,13.497442,0.004015,7.612070,46.320037,53.936348,54.452827,0.516479,54.568152
2649,vehicle0,1493.630000,1493.532000,2079.023295,1,ok,23103,18485,1,0.221865,0.009344,0.000544,0.130856,2.794804,7.660140,0.000074,20.749967,3.603035,0.695266,35.225186,0.012695,8.415519,70.859328,79.288086,79.664371,0.376285,79.895580
2650,vehicle0,1493.814000,1493.731000,2079.755512,1,ok,23108,18492,1,0.130999,0.005907,0.000231,0.090955,2.600443,11.924086,0.000157,14.752529,1.822473,0.667379,9.849005,0.003432,9.774686,41.707027,51.485376,51.888075,0.402699,52.024981
2651,vehicle0,1494.031000,1493.931000,2080.575284,1,ok,23115,18499,1,0.194962,0.007689,0.000399,0.084096,2.683373,12.346099,0.000129,20.864732,1.929750,0.661390,19.146296,0.030670,9.358843,57.715865,67.105777,67.481561,0.375784,67.684212
2652,vehicle0,1494.231000,1494.131000,2081.382015,1,ok,23107,18491,1,0.104369,0.009474,0.000270,0.070304,1.858380,5.579022,0.000100,18.512374,3.577963,0.788561,70.531166,0.009335,7.257678,100.917870,108.185153,108.616796,0.431643,108.730639
2653,vehicle0,1494.421000,1494.330000,2082.118270,1,ok,23103,18486,1,0.122357,0.005353,0.000244,0.101378,1.972671,6.776851,0.000098,16.526795,2.135899,0.825839,17.288366,0.003548,7.024443,45.627897,52.656132,52.955159,0.299027,53.082869
2654,vehicle0,1494.631000,1494.531000,2082.886662,1,ok,23096,18479,1,0.251079,0.010264,0.000394,0.122243,2.557888,7.783086,0.000161,17.307910,2.738649,0.906747,31.548553,0.004130,7.165985,62.965237,70.135746,70.486685,0.350939,70.748028
2655,vehicle0,1494.831000,1494.730000,2083.472420,1,ok,23062,18446,1,0.207622,0.009952,0.000230,0.081444,2.076373,7.317615,0.000111,17.428169,2.240395,0.661008,32.387443,0.003358,7.048707,62.192558,69.244853,69.575644,0.330791,69.793218
2656,vehicle0,1495.015000,1494.931000,2084.263217,1,ok,23061,18444,1,0.093260,0.008854,0.000391,0.094233,2.005129,5.364681,0.000085,18.778858,2.004817,0.942887,25.914361,0.010970,8.389863,55.105051,63.506275,63.929785,0.423510,64.031899
2657,vehicle0,1495.203000,1495.131000,2085.041087,1,ok,23075,18458,1,0.193986,0.006120,0.000255,0.092128,1.666856,7.073339,0.000116,16.111638,1.595627,0.677397,4.034446,0.036550,7.887580,31.251547,39.175932,39.519166,0.343234,39.719272
2658,vehicle0,1495.431000,1495.331000,2085.854827,1,ok,23085,18469,1,0.134816,0.007634,0.000272,0.100015,2.339633,6.033985,0.000138,16.894515,3.019345,0.753874,32.537375,0.003393,7.658170,61.678880,69.340715,69.858957,0.518242,70.001407
2659,vehicle0,1495.631000,1495.532000,2086.668095,1,ok,23096,18480,1,0.196337,0.007520,0.000326,0.098429,2.662792,8.226897,0.000101,28.003973,6.640344,0.996501,51.232600,0.003649,7.168761,97.861637,105.034373,105.474075,0.439702,105.677932
2660,vehicle0,1495.831000,1495.731000,2087.433614,1,ok,23092,18477,1,0.184000,0.043620,0.000262,0.062297,1.714127,5.722403,0.000095,16.854502,2.439692,0.812687,37.518722,0.003608,6.364290,65.124525,71.492685,71.937833,0.445148,72.165453
2661,vehicle0,1496.026000,1495.929000,2088.179320,1,ok,23072,18456,1,0.223764,0.006269,0.000312,0.097894,2.334406,7.373279,0.000207,15.313812,3.355276,0.925834,27.455224,0.002877,7.912648,56.855932,64.771769,65.211073,0.439304,65.441106
2662,vehicle0,1496.222000,1496.131000,2088.755144,1,ok,23084,18467,1,0.215462,0.006960,0.000253,0.095448,2.213074,7.953174,0.000196,23.011199,1.705415,0.658507,11.025837,0.017056,8.989986,46.662850,55.670145,55.933352,0.263207,56.155774
2663,vehicle0,1496.420000,1496.331000,2089.549021,1,ok,23128,18511,1,0.088470,0.006602,0.000217,0.088380,2.278078,7.091807,0.000139,19.939840,2.051496,1.048910,13.541455,0.005144,6.857266,46.040105,52.902732,54.439935,1.537203,54.535007
2664,vehicle0,1496.602000,1496.530000,2090.300005,1,ok,23105,18490,1,0.243136,0.008458,0.000331,0.087831,2.340081,6.453820,0.000107,17.051801,1.351842,0.648359,3.945245,0.013258,8.495424,31.879086,40.388099,40.847937,0.459838,41.099531
2665,vehicle0,1496.810000,1496.731000,2091.099821,1,ok,23102,18487,1,0.198042,0.005136,0.000227,0.059065,2.495113,7.353106,0.000086,15.435090,1.379218,0.646924,4.198159,0.005374,8.777469,31.566761,40.349831,41.177805,0.827974,41.380983
2666,vehicle0,1497.014000,1496.931000,2091.879542,1,ok,23099,18483,1,0.174855,0.006138,0.000266,0.082449,2.000074,7.109959,0.000118,15.258867,2.223815,0.838333,14.112408,0.003281,7.972729,41.626023,49.602299,50.069989,0.467690,50.250982
2667,vehicle0,1497.215000,1497.132000,2092.666827,1,ok,23108,18492,1,0.194370,0.007188,0.000159,0.102785,2.723712,5.304810,0.000120,17.484192,2.199636,1.119091,15.217714,0.008050,6.736056,44.152060,50.896325,51.410219,0.513894,51.611777
2668,vehicle0,1497.411000,1497.331000,2093.453730,1,ok,23096,18480,1,0.083938,0.009040,0.000518,0.106792,1.886728,5.438413,0.000360,20.646919,1.929842,0.733908,9.877242,0.033881,7.021359,40.620204,47.675962,48.079076,0.403114,48.172054
2669,vehicle0,1497.633000,1497.532000,2094.280164,1,ok,23103,18487,1,0.121849,0.017729,0.000303,0.185582,2.339274,7.907463,0.000102,21.818296,4.002737,0.915202,37.546857,0.005111,6.595565,74.715513,81.316492,81.906656,0.590164,82.046234
2670,vehicle0,1497.823000,1497.731000,2094.951925,1,ok,23103,18486,1,0.202161,0.007777,0.000327,0.095437,5.426774,8.357898,0.000128,17.742376,1.970963,0.884437,15.165195,0.004433,7.926367,49.643208,57.574335,57.927125,0.352790,58.137063
2671,vehicle0,1498.017000,1497.931000,2095.536520,1,ok,23117,18500,1,0.079678,0.007882,0.000271,0.100016,2.603508,7.369238,0.000108,25.092260,2.346758,0.885443,11.815244,0.003664,6.859400,50.212575,57.075910,57.506987,0.431077,57.594547
2672,vehicle0,1498.226000,1498.131000,2096.300369,1,ok,23098,18480,1,0.196006,0.007325,0.000233,0.095088,1.972907,6.652165,0.000158,16.488340,2.090303,1.020334,24.360214,0.009354,7.198060,52.679509,59.887156,60.442689,0.555533,60.646020
2673,vehicle0,1498.418000,1498.331000,2097.059705,1,ok,23104,18486,1,0.164443,0.004845,0.000280,0.077003,2.155978,5.965543,0.000163,23.261859,2.467364,0.967060,11.957751,0.016636,8.347459,46.852721,55.217096,55.619732,0.402636,55.789020
2674,vehicle0,1498.627000,1498.531000,2097.852368,1,ok,23093,18476,1,0.175816,0.005348,0.000381,0.047944,1.759261,6.782041,0.000135,16.612028,3.093437,0.733844,26.045984,0.004568,9.365037,55.074674,64.444660,67.438301,2.993641,67.619465
2675,vehicle0,1498.815000,1498.731000,2098.624627,1,ok,23091,18474,1,0.177557,0.004392,0.000187,0.061012,1.761046,7.360882,0.000080,18.788361,1.659792,0.803861,14.851819,0.013224,13.104172,45.286853,58.404436,58.954675,0.550239,59.136624
2676,vehicle0,1499.024000,1498.933000,2099.409599,1,ok,23102,18485,1,0.081790,0.008057,0.000392,0.124913,2.573700,7.832699,0.000123,20.956647,1.781422,0.826225,9.185066,0.003628,6.960594,43.280795,50.245409,50.525961,0.280552,50.615808
2677,vehicle0,1499.231000,1499.131000,2100.213833,1,ok,23113,18497,1,0.206558,0.014389,0.000244,0.097812,2.761692,7.008403,0.000142,18.600386,2.623725,0.823287,28.377026,0.003224,7.799431,60.292473,68.095372,68.516905,0.421533,68.737852
2678,vehicle0,1499.432000,1499.331000,2100.979100,1,ok,23112,18497,1,0.083966,0.007252,0.000289,0.106174,3.142501,8.605091,0.000186,17.484273,2.824564,0.910873,23.147253,0.015764,9.023954,56.220915,65.260922,65.690871,0.429949,65.782089
2679,vehicle0,1499.632000,1499.531000,2101.733482,1,ok,23113,18498,1,0.206726,0.009991,0.000253,0.094564,2.357970,6.078206,0.000102,18.888978,3.771871,0.698648,30.673184,0.003240,7.998354,62.563523,70.565370,71.000999,0.435629,71.217716
2680,vehicle0,1499.834000,1499.732000,2102.527663,1,ok,23114,18497,1,0.122801,0.009111,0.000277,0.097436,2.313667,5.542249,0.000086,15.693821,2.760514,0.906337,38.431544,0.013364,10.739753,65.745654,76.499048,76.893315,0.394267,77.025227
2681,vehicle0,1500.016000,1499.931000,2103.262354,1,ok,23099,18481,1,0.106732,0.004720,0.000276,0.081422,2.339076,7.648007,0.000078,16.353593,1.790794,0.713660,15.569053,0.003259,7.153803,44.495683,51.653021,52.236257,0.583236,52.347709
2682,vehicle0,1500.229000,1500.131000,2104.052603,1,ok,23095,18477,1,0.085206,0.008095,0.000277,0.107433,2.290142,7.668030,0.000109,18.053220,2.108782,0.786919,18.264604,0.004580,8.760737,49.279239,58.044833,58.367822,0.322989,58.461123
2683,vehicle0,1500.411000,1500.332000,2104.793811,1,ok,23094,18476,1,0.194535,0.005167,0.000186,0.045430,1.753842,6.647889,0.000131,18.371652,2.418278,0.753086,12.966148,0.006108,8.026524,42.956456,50.989274,51.277136,0.287862,51.476838
2684,vehicle0,1500.628000,1500.529000,2105.605034,1,ok,23084,18468,1,0.075829,0.006911,0.000316,0.078123,2.324204,12.602104,0.000086,16.620775,2.375612,0.722718,30.121445,0.039463,7.970310,64.845067,72.855156,73.139239,0.284083,73.221979
2685,vehicle0,1500.831000,1500.732000,2106.358863,1,ok,23094,18478,1,0.112477,0.004752,0.000328,0.062733,2.144397,5.963079,0.000177,17.628527,3.646403,0.781823,21.700661,0.003530,7.511415,51.927800,59.443073,59.890822,0.447749,60.008051
2686,vehicle0,1501.024000,1500.931000,2107.132714,1,ok,23109,18494,1,0.207395,0.006568,0.000255,0.096854,1.911382,5.538020,0.000185,17.696556,2.110802,0.773458,25.369307,0.003370,6.496847,53.496564,59.997036,60.398451,0.401415,60.612414
2687,vehicle0,1501.221000,1501.132000,2107.895709,1,ok,23119,18503,1,0.201229,0.007793,0.000347,0.094560,2.486154,8.387834,0.000135,19.222139,2.210765,0.827809,19.653065,0.004132,8.238695,52.882461,61.125635,61.514882,0.389247,61.723904
2688,vehicle0,1501.407000,1501.331000,2108.657078,1,ok,23127,18510,1,0.137174,0.007408,0.000384,0.103842,2.110309,5.574705,0.000103,17.019175,2.069043,0.858397,6.876075,0.003959,6.772600,34.611649,41.388592,41.876136,0.487544,42.020718
2689,vehicle0,1501.631000,1501.532000,2109.485162,1,ok,23114,18497,1,0.059979,0.007014,0.000354,0.109167,2.815325,8.517678,0.000221,27.231860,4.125087,0.837063,47.846798,0.017957,8.644566,91.483199,100.146076,100.508510,0.362434,100.575503
2690,vehicle0,1501.816000,1501.731000,2110.205524,1,ok,23109,18491,1,0.176577,0.005643,0.000358,0.063416,1.741792,5.617267,0.000114,17.788321,2.267103,0.864896,15.491714,0.002751,8.142913,43.834623,51.980645,52.280015,0.299370,52.462235
2691,vehicle0,1502.013000,1501.932000,2111.020578,1,ok,23098,18480,1,0.144035,0.009390,0.000289,0.107600,2.552252,6.224055,0.000074,16.901283,2.240474,0.767076,14.416755,0.004562,7.979461,43.209569,51.193881,51.851698,0.657817,52.005123
2692,vehicle0,1502.221000,1502.131000,2111.794397,1,ok,23103,18485,1,0.101560,0.009828,0.000500,0.103392,2.256780,6.850692,0.000095,16.733086,2.067998,0.793606,15.569018,0.003392,6.390000,44.374667,50.768559,51.225938,0.457379,51.337326
2693,vehicle0,1502.422000,1502.334000,2112.592201,1,ok,23109,18493,1,0.203972,0.007307,0.000284,0.094918,2.574697,7.567162,0.000089,17.135358,1.723512,0.774475,21.166817,0.003872,8.773444,51.037028,59.814628,60.063897,0.249269,60.275176
2694,vehicle0,1502.614000,1502.532000,2113.345816,1,ok,23105,18489,1,0.171296,0.006868,0.000269,0.087781,2.088139,6.124488,0.000130,16.767856,1.702825,0.826153,6.741371,0.003379,6.825435,34.338743,41.167826,41.462859,0.295033,41.641023
2695,vehicle0,1502.826000,1502.728000,2114.137815,1,ok,23109,18493,1,0.248613,0.008348,0.000197,0.050131,1.833202,7.082457,0.000123,16.771078,3.166133,0.878050,21.636826,0.015039,8.372934,51.418000,59.806170,60.584509,0.778339,60.841470
2696,vehicle0,1503.021000,1502.931000,2114.922172,1,ok,23098,18481,1,0.118739,0.007248,0.000309,0.080283,2.502930,7.849845,0.000158,18.061415,1.942927,0.868578,15.760669,0.010916,9.084741,47.066805,56.162771,56.662367,0.499596,56.788354
2697,vehicle0,1503.221000,1503.132000,2115.688280,1,ok,23094,18476,1,0.198075,0.004781,0.000267,0.072441,2.050326,6.263172,0.000129,18.946476,2.916915,0.775411,23.562083,0.003038,7.259910,54.586953,61.850168,62.170959,0.320791,62.373815
2698,vehicle0,1503.431000,1503.331000,2116.450308,1,ok,23116,18498,1,0.157176,0.008740,0.000647,0.106153,1.934150,6.334718,0.000145,15.707790,1.772732,0.682327,30.405080,0.004452,7.869424,56.943095,64.817618,65.064451,0.246833,65.230367
2699,vehicle0,1503.631000,1503.531000,2117.229840,1,ok,23113,18496,1,0.122841,0.010789,0.000414,0.092899,2.839929,9.429712,0.000101,19.356653,3.842838,0.714042,40.637200,0.004358,6.165086,76.913374,83.083232,83.519420,0.436188,83.653050
2700,vehicle0,1503.832000,1503.732000,2118.001320,1,ok,23105,18490,1,0.194120,0.006093,0.000342,0.112849,2.397572,8.721744,0.000147,23.436968,7.539621,1.008492,40.747386,0.031303,6.715641,83.964779,90.712065,91.168633,0.456568,91.368846
2701,vehicle0,1504.007000,1503.932000,2118.757403,1,ok,23103,18487,1,0.210442,0.010863,0.000339,0.093249,2.258876,7.131543,0.000197,15.103719,2.109769,0.817722,5.735645,0.003251,8.274552,33.250720,41.528862,42.273955,0.745093,42.495260
2702,vehicle0,1504.231000,1504.132000,2119.555497,1,ok,23101,18484,1,0.183245,0.004689,0.000374,0.061171,1.918122,5.569064,0.000080,16.339274,1.977020,0.728087,37.794078,0.003638,6.845070,64.386896,71.235978,71.547430,0.311452,71.735364
2703,vehicle0,1504.413000,1504.331000,2120.270806,1,ok,23122,18504,1,0.129792,0.009002,0.000290,0.119853,2.581093,6.695737,0.000136,15.610287,1.696451,0.774515,14.476715,0.009703,7.484368,41.954787,49.449148,50.036196,0.587048,50.174990
2704,vehicle0,1504.625000,1504.532000,2121.040231,1,ok,23090,18472,1,0.260889,0.014339,0.000310,0.099018,2.622031,8.943974,0.000096,17.981863,2.304187,0.721483,18.835143,0.003364,7.571989,51.507795,59.083458,59.527292,0.443834,59.802520
2705,vehicle0,1504.809000,1504.731000,2121.812703,1,ok,23080,18462,1,0.185147,0.005816,0.000216,0.063875,1.700892,6.178530,0.000086,16.322467,1.518925,0.785031,8.590913,0.003702,8.484948,35.160719,43.649585,43.941847,0.292262,44.132810
2706,vehicle0,1505.013000,1504.931000,2122.602089,1,ok,23088,18471,1,0.129839,0.009784,0.000325,0.097019,1.968443,5.838157,0.000092,17.800635,1.705758,0.651633,6.707148,0.014953,6.549650,34.768885,41.333813,41.562015,0.228202,41.701638
2707,vehicle0,1505.212000,1505.131000,2123.371170,1,ok,23103,18488,1,0.110212,0.006395,0.000207,0.092656,2.170326,6.293841,0.000082,16.950825,1.791980,0.718177,7.906444,0.003336,7.126152,35.924331,43.054026,43.613629,0.559603,43.730236
2708,vehicle0,1505.431000,1505.331000,2124.165867,1,ok,23117,18502,1,0.185282,0.521666,0.000297,0.097428,2.517764,6.726384,0.000092,17.809924,2.800649,0.697545,33.501359,0.003238,6.279915,64.151145,70.434595,70.848191,0.413596,71.555139
2709,vehicle0,1505.631000,1505.532000,2124.939684,1,ok,23112,18497,1,0.182957,0.007749,0.000346,0.096309,3.006730,7.905410,0.000106,25.266274,4.219849,0.858949,40.943800,0.004007,6.948209,82.297427,89.249989,89.711182,0.461193,89.901888
2710,vehicle0,1505.831000,1505.730000,2125.677581,1,ok,23100,18485,1,0.117973,0.007131,0.000334,0.089628,2.208818,10.414373,0.000142,15.860226,1.939008,0.667615,26.675755,0.003618,6.592135,57.855565,64.451652,64.706579,0.254927,64.831683
2711,vehicle0,1506.031000,1505.931000,2126.438700,1,ok,23093,18477,1,0.100280,0.009678,0.000362,0.120846,2.289151,8.334473,0.000101,18.082761,1.907778,0.689638,26.850687,0.019670,7.847940,58.275435,66.143407,66.416974,0.273567,66.526932
2712,vehicle0,1506.225000,1506.131000,2127.194803,1,ok,23093,18477,1,0.107686,0.004768,0.000383,0.051378,1.674787,6.515084,0.000207,19.276115,2.285875,0.748797,19.698237,0.004013,8.897434,50.250480,59.152310,59.456184,0.303874,59.568638
2713,vehicle0,1506.414000,1506.333000,2127.965407,1,ok,23092,18477,1,0.724744,0.009088,0.000228,0.083302,2.401557,7.181654,0.000103,17.419664,2.031489,0.863581,13.033365,0.003139,7.599541,43.014715,50.617623,51.146952,0.529329,51.880784
2714,vehicle0,1506.608000,1506.533000,2128.724671,1,ok,23090,18473,1,0.234927,0.009907,0.000885,0.069901,1.848561,6.905146,0.000120,18.348051,1.911691,0.681266,15.671732,0.003989,8.298383,45.436468,53.739725,54.128687,0.388962,54.373521
2715,vehicle0,1506.817000,1506.731000,2129.526893,1,ok,23111,18493,1,0.175448,0.005096,0.000242,0.048961,1.668984,5.742298,0.000089,14.927282,2.151685,0.910698,21.841439,0.010333,8.357889,47.291436,55.659900,56.169537,0.509637,56.350081
2716,vehicle0,1507.030000,1506.932000,2130.381110,1,ok,23100,18483,1,0.198419,0.472664,0.000306,0.101015,2.810924,7.541183,0.000295,21.650053,2.042191,0.702781,20.896716,0.047703,9.172829,55.745158,64.965996,65.553188,0.587192,66.224271
2717,vehicle0,1507.232000,1507.130000,2131.147791,1,ok,23109,18491,1,0.229877,0.010105,0.000333,0.097699,2.413115,5.716549,0.000097,18.014373,2.002854,0.666534,31.707084,0.003112,7.190123,60.618305,67.811873,68.147178,0.335305,68.387160
2718,vehicle0,1507.424000,1507.332000,2131.918574,1,ok,23091,18473,1,0.179114,2.068201,0.000386,0.077200,3.828554,7.085070,0.000099,16.539296,2.046323,0.693225,17.185900,0.008163,7.838822,47.455667,55.303038,55.794844,0.491806,58.042159
2719,vehicle0,1507.629000,1507.532000,2132.729110,1,ok,23090,18472,1,0.116074,0.005666,0.000240,0.094368,2.277637,7.907821,0.000092,20.754265,3.323202,0.794124,29.461692,0.002484,7.940651,64.613201,72.556576,73.276025,0.719449,73.397765
2720,vehicle0,1507.820000,1507.733000,2133.520083,1,ok,23083,18467,1,0.141300,0.004351,0.000164,0.060945,1.782031,5.886399,0.000170,16.648576,2.322172,0.846933,15.516811,0.003823,7.034765,43.064037,50.102789,50.462592,0.359803,50.608243
2721,vehicle0,1508.023000,1507.933000,2134.310116,1,ok,23123,18507,1,0.117681,0.119520,0.000285,0.110319,2.196178,7.830936,0.000229,17.232108,2.320755,0.953491,22.619680,0.010731,8.863608,53.263696,62.138320,62.604649,0.466329,62.841850
2722,vehicle0,1508.220000,1508.129000,2135.059734,1,ok,23116,18501,1,0.078806,0.006606,0.000319,0.099776,2.469608,8.238900,0.000130,23.097221,2.388137,1.031352,5.278288,0.034645,11.204501,42.603412,53.842877,54.596288,0.753411,54.681700
2723,vehicle0,1508.427000,1508.332000,2135.840809,1,ok,23110,18494,1,0.205668,0.007657,0.000165,0.099451,2.310779,8.953135,0.000107,17.764548,2.561240,1.074616,22.085667,0.024925,8.381617,54.849543,63.256250,64.518498,1.262248,64.731823
2724,vehicle0,1508.632000,1508.531000,2136.616624,1,ok,23105,18489,1,0.281472,0.010485,0.000356,0.089245,2.496620,7.224731,0.000092,16.513192,1.791864,0.661853,31.421432,0.003452,7.490068,60.199029,67.692905,67.960731,0.267826,68.252688
2725,vehicle0,1508.821000,1508.732000,2137.392664,1,ok,23108,18492,1,0.192499,0.006265,0.000219,0.099589,2.173784,5.526763,0.000108,16.599645,2.544994,0.806221,22.650670,0.004828,7.373394,50.401774,57.780215,58.234429,0.454214,58.433193
2726,vehicle0,1509.019000,1508.931000,2138.191313,1,ok,23124,18509,1,0.201057,0.005279,0.000215,0.086852,2.313109,6.763115,0.000152,18.482011,2.262496,0.873164,18.624273,0.008378,6.683026,49.405172,56.096791,56.648714,0.551923,56.855050
2727,vehicle0,1509.227000,1509.131000,2138.994020,1,ok,23114,18498,1,0.263406,0.009960,0.000151,0.100742,2.213305,6.941208,0.000081,23.467656,2.578038,0.899700,25.151694,0.031494,8.788400,61.352424,70.172469,70.454027,0.281558,70.727393
2728,vehicle0,1509.431000,1509.331000,2139.785249,1,ok,23118,18500,1,0.250752,0.007664,0.000284,0.102352,1.865860,6.389659,0.000100,15.830050,1.800992,0.685710,27.520184,0.003835,10.596369,54.194907,64.795395,65.138059,0.342664,65.396475
2729,vehicle0,1509.632000,1509.532000,2140.492949,1,ok,23133,18514,1,0.203123,0.007067,0.000221,0.080526,2.784390,8.499538,0.000124,22.443750,4.080171,0.702539,37.344002,0.008894,9.614878,75.935040,85.559033,85.984347,0.425314,86.194537
2730,vehicle0,1509.809000,1509.731000,2141.254695,1,ok,23112,18493,1,0.085229,0.004553,0.000293,0.071520,1.971313,5.488417,0.000086,19.627234,1.746136,0.800599,15.423118,0.003021,7.834678,45.128423,52.966415,53.225515,0.259100,53.315297
2731,vehicle0,1510.016000,1509.932000,2142.025588,1,ok,23110,18492,1,0.102460,0.006688,0.000260,0.090733,2.535155,6.282573,0.000142,19.196060,3.088962,0.932790,18.296404,0.003905,9.316882,50.422819,59.743866,60.245426,0.501560,60.354574
2732,vehicle0,1510.221000,1510.132000,2142.808628,1,ok,23115,18497,1,0.123801,0.006895,0.000378,0.098774,1.927642,5.176830,0.000184,17.219705,2.211467,0.902118,20.290046,0.009087,7.742608,47.826766,55.578839,56.066305,0.487466,56.197001
2733,vehicle0,1510.428000,1510.331000,2143.566256,1,ok,23127,18509,1,0.108233,0.004663,0.000408,0.061711,1.771429,5.569359,0.000077,19.580308,3.370769,0.862304,28.093495,0.016951,7.998057,59.309452,67.324868,67.655175,0.330307,67.768071
2734,vehicle0,1510.631000,1510.532000,2144.353817,1,ok,23133,18515,1,0.184807,0.006381,0.000334,0.101271,2.523408,8.179683,0.000105,22.457772,3.249937,0.890018,52.922298,0.010788,11.408325,90.324492,101.743939,102.032481,0.288542,102.223669
2735,vehicle0,1510.805000,1510.732000,2145.034198,1,ok,23103,18486,1,0.118016,0.007043,0.000202,0.074103,1.997750,5.689507,0.000103,15.937867,1.410641,0.669920,3.607205,0.003421,7.599185,29.387096,36.989904,37.236892,0.246988,37.361951
2736,vehicle0,1511.014000,1510.931000,2145.826741,1,ok,23126,18509,1,0.195201,0.005441,0.000234,0.065686,2.095280,6.271876,0.000129,20.655381,2.088603,0.686415,21.015469,0.004171,8.243203,52.878839,61.126447,61.541633,0.415186,61.742275
2737,vehicle0,1511.228000,1511.131000,2146.592852,1,ok,23127,18510,1,0.240575,0.014589,0.000234,0.098905,3.439603,18.211708,0.000101,22.083740,2.628446,1.015907,11.329189,0.006207,10.208220,58.807599,69.022260,69.509664,0.487404,69.764828
2738,vehicle0,1511.419000,1511.332000,2147.135611,1,ok,23122,18506,1,0.092644,0.006636,0.000336,0.075705,1.816799,6.199477,0.000105,15.353471,1.602395,0.643619,20.760558,0.005618,6.685960,46.452129,53.144043,53.398064,0.254021,53.497344
2739,vehicle0,1511.629000,1511.533000,2147.910147,1,ok,23101,18485,1,0.122486,0.007915,0.000196,0.090285,2.179142,6.669520,0.000078,19.942432,4.277059,0.735694,42.319997,0.015075,6.311797,76.214207,82.541275,82.887237,0.345962,83.017638
2740,vehicle0,1511.828000,1511.732000,2148.687713,1,ok,23103,18487,1,0.184621,0.006684,0.000242,0.096244,2.491642,9.040918,0.000153,18.738112,2.036625,0.796180,20.022811,0.004383,8.208388,53.222685,61.435698,61.814330,0.378632,62.005635
2741,vehicle0,1512.031000,1511.932000,2149.449636,1,ok,23107,18493,1,0.102122,0.006307,0.000174,0.090402,2.881339,8.770575,0.000107,22.541008,2.832159,0.975038,20.923921,0.006959,11.395582,59.014549,70.417264,70.894434,0.477170,71.002863
2742,vehicle0,1512.232000,1512.132000,2150.241450,1,ok,23087,18472,1,0.118967,0.006920,0.000305,0.087040,2.699550,5.978829,0.000090,17.245995,2.494329,0.814626,29.196544,0.006116,7.128810,58.517003,65.652234,65.975803,0.323569,66.101690
2743,vehicle0,1512.423000,1512.333000,2150.991797,1,ok,23106,18491,1,0.170361,0.005174,0.000161,0.062187,2.125754,6.428500,0.000179,17.369620,2.645641,0.826616,26.750221,0.004177,6.685103,56.208718,62.898159,63.531531,0.633372,63.707066
2744,vehicle0,1512.631000,1512.534000,2151.778595,1,ok,23121,18505,1,0.114021,0.005531,0.000204,0.092604,2.365005,7.956515,0.000113,29.630740,3.141108,1.008334,28.042032,0.026826,12.701903,72.236451,84.965384,86.694573,1.729189,86.814125
2745,vehicle0,1512.812000,1512.734000,2152.512252,1,ok,23125,18508,1,0.131462,0.005394,0.000133,0.075536,2.166807,8.176885,0.000088,15.288612,2.867740,0.679756,12.304547,0.008501,8.057581,41.559971,49.626186,49.894152,0.267966,50.031008
2746,vehicle0,1513.019000,1512.932000,2153.289374,1,ok,23106,18489,1,0.189059,0.004691,0.000175,0.062236,1.798933,6.664511,0.000122,19.084141,1.922680,0.806751,11.061620,0.004406,8.320040,41.400994,49.725615,50.697313,0.971698,50.891063
2747,vehicle0,1513.226000,1513.132000,2154.065421,1,ok,23101,18484,1,0.115959,0.010416,0.000163,0.103111,2.554657,14.299603,0.000292,19.854271,1.971835,0.730268,17.029844,0.003694,7.448765,56.543881,63.996503,64.263465,0.266962,64.389840
2748,vehicle0,1513.410000,1513.333000,2154.822035,1,ok,23085,18469,1,0.170765,0.006121,0.000185,0.069385,2.123465,7.165296,0.000085,16.250034,1.715047,0.651104,12.321876,0.003547,7.811567,40.296292,48.111591,48.459900,0.348309,48.636786
2749,vehicle0,1513.634000,1513.534000,2155.654816,1,ok,23090,18473,1,0.104186,1.093182,0.000236,0.078273,2.345337,6.850093,0.000088,19.753546,3.654401,0.751325,34.375590,0.015316,6.655194,67.808653,74.479399,74.725169,0.245770,75.922537
2750,vehicle0,1513.817000,1513.732000,2156.212831,1,ok,23088,18470,1,0.074566,0.007912,0.000493,0.102780,1.990031,6.298056,0.000137,14.875967,1.975743,0.782198,16.828805,0.003152,7.590472,42.853717,50.447834,51.253771,0.805937,51.336249
2751,vehicle0,1514.005000,1513.933000,2156.966148,1,ok,23086,18467,1,0.160679,0.006418,0.000258,0.046894,1.781785,5.251151,0.000078,15.592781,1.789810,0.758800,7.432250,0.005972,9.793670,32.653549,42.453449,42.798792,0.345343,42.965889
2752,vehicle0,1514.212000,1514.133000,2157.741571,1,ok,23083,18465,1,0.186453,0.008416,0.000325,0.078283,2.149857,6.342518,0.000090,16.720059,1.834086,0.731827,11.056965,0.003724,9.381845,38.913685,48.299579,48.665954,0.366375,48.860823
2753,vehicle0,1514.399000,1514.332000,2158.509388,1,ok,23101,18484,1,0.101138,0.005538,0.000315,0.078383,2.248910,6.337030,0.000119,16.631182,1.576983,0.710822,3.623912,0.004711,6.761564,31.207341,37.973931,38.325494,0.351563,38.432170
2754,vehicle0,1514.634000,1514.533000,2159.360011,1,ok,23106,18490,1,0.084341,0.372534,0.000423,0.127234,2.055804,7.906219,0.000306,20.278500,2.723999,0.675004,52.924506,0.019243,6.833170,86.691572,93.544408,93.916170,0.371762,94.373045
2755,vehicle0,1514.829000,1514.735000,2160.107117,1,ok,23100,18484,1,0.277247,0.028939,0.000554,0.123126,2.258216,6.040192,0.000108,16.255550,2.233008,0.785055,21.894559,0.003151,7.152703,49.589814,56.746222,57.075948,0.329726,57.382134
2756,vehicle0,1515.018000,1514.935000,2160.916761,1,ok,23105,18487,1,0.118120,0.007404,0.000374,0.093161,2.077175,5.805144,0.000113,19.565498,2.596156,0.941721,18.199340,0.003478,7.380008,49.278308,56.662168,57.062978,0.400810,57.188502
2757,vehicle0,1515.233000,1515.133000,2161.749605,1,ok,23117,18500,1,0.086431,0.008022,0.000345,0.093351,2.676559,8.045725,0.000163,24.014560,3.770919,1.055022,52.644212,0.005452,11.183323,92.300511,103.489631,104.215596,0.725965,104.310049
2758,vehicle0,1515.416000,1515.334000,2162.448169,1,ok,23117,18499,1,0.091288,0.007635,0.000358,0.084619,2.951256,7.275429,0.000079,16.086979,1.912077,0.686378,15.966834,0.003917,7.182437,44.963651,52.150363,52.558999,0.408636,52.657922
2759,vehicle0,1515.636000,1515.533000,2163.243958,1,ok,23098,18481,1,0.206242,0.013455,0.000315,0.071861,2.340606,6.179607,0.000090,21.933219,3.512724,0.715745,34.518170,0.014537,6.821753,69.272022,76.108627,78.041813,1.933186,78.261510
2760,vehicle0,1515.833000,1515.733000,2163.900432,1,ok,23066,18448,1,0.092573,0.011738,0.000198,0.113841,2.238961,6.450159,0.000127,16.373827,1.903183,0.809636,34.986023,0.004012,6.430145,62.875757,69.310112,69.609582,0.299470,69.713893
2761,vehicle0,1516.035000,1515.934000,2164.677836,1,ok,23081,18464,1,0.107115,0.006601,0.000253,0.096310,2.429206,8.321210,0.000203,26.496860,2.543165,0.706511,27.181060,0.003422,6.284731,67.774525,74.062931,74.360994,0.298063,74.474710
2762,vehicle0,1516.224000,1516.132000,2165.419093,1,ok,23102,18486,1,0.195677,0.004999,0.000240,0.061639,2.028702,6.335519,0.000122,16.012534,3.822779,1.010796,22.887584,0.003288,7.981737,52.159675,60.144940,60.819870,0.674930,61.020546
2763,vehicle0,1516.420000,1516.333000,2166.153043,1,ok,23121,18506,1,0.200647,0.016184,0.000342,0.086568,2.499496,12.097014,0.000208,21.768162,2.208799,0.775065,4.752215,0.003389,7.596209,44.187527,51.787467,52.458512,0.671045,52.675343
2764,vehicle0,1516.634000,1516.533000,2166.951510,1,ok,23114,18498,1,0.125412,0.005794,0.000221,0.095161,2.561471,8.705224,0.030307,24.745848,3.442579,1.014878,45.759116,0.014723,8.980935,86.354584,95.350463,96.092587,0.742124,96.223793
2765,vehicle0,1516.814000,1516.733000,2167.669441,1,ok,23148,18532,1,0.102943,0.007976,0.000329,0.120838,2.497887,10.598797,0.000214,15.623125,1.778989,0.696182,14.106329,0.034637,8.912981,45.422361,54.370308,54.873382,0.503074,54.984301
2766,vehicle0,1517.006000,1516.933000,2168.429098,1,ok,23137,18521,1,0.077373,0.005987,0.000311,0.103613,1.927244,5.943721,0.000195,16.487546,2.022513,0.870129,4.660834,0.003294,6.626296,32.015795,38.645696,39.014703,0.369007,39.098063
2767,vehicle0,1517.208000,1517.132000,2169.198393,1,ok,23108,18491,1,0.143877,0.009421,0.000271,0.132395,2.607262,10.658856,0.000122,16.475698,1.498068,0.771881,3.949375,0.003451,7.118560,36.093657,43.215939,43.657632,0.441693,43.810930
2768,vehicle0,1517.418000,1517.334000,2169.959281,1,ok,23114,18498,1,0.116339,0.005251,0.000235,0.099466,2.382663,6.444604,0.000213,14.182740,1.612026,0.704963,17.124096,0.008902,7.288064,42.550771,49.847972,50.317341,0.469369,50.438931
2769,vehicle0,1517.630000,1517.534000,2170.741498,1,ok,23092,18475,1,0.131334,0.426450,0.000211,0.093310,2.171596,7.533326,0.000098,19.889774,3.944087,0.874615,32.134489,0.003595,8.230479,66.641295,74.875580,75.310486,0.434906,75.868270
2770,vehicle0,1517.824000,1517.733000,2171.498802,1,ok,23101,18483,1,0.092428,0.008792,0.000254,0.077179,2.461612,8.481974,0.000123,16.935212,1.685766,0.647402,20.558940,0.019942,7.018909,50.848208,57.887313,58.234155,0.346842,58.335375
2771,vehicle0,1518.029000,1517.934000,2172.282049,1,ok,23118,18500,1,0.101716,0.018941,0.000306,0.115169,2.185310,5.917451,0.000086,16.768379,1.702236,0.695653,14.945488,0.008560,9.682175,42.329772,52.020813,52.529486,0.508673,52.650143
2772,vehicle0,1518.212000,1518.133000,2173.062875,1,ok,23129,18512,1,0.106488,0.009323,0.000370,0.110125,2.737418,8.652284,0.000136,21.668077,2.388436,0.980456,5.126627,0.004719,11.382592,41.663559,53.051240,53.978853,0.927613,54.094664
2773,vehicle0,1518.434000,1518.335000,2173.891022,1,ok,23127,18511,1,0.196794,0.006031,0.000274,0.081057,2.466655,7.566664,0.000153,22.791167,2.936034,1.062102,23.986626,0.006544,8.015237,60.890458,68.912513,69.566497,0.653984,69.769322
2774,vehicle0,1518.634000,1518.534000,2174.660264,1,ok,23126,18510,1,0.101649,0.007093,0.000231,0.088108,2.018957,6.351840,0.000113,17.905692,3.225673,0.947840,28.732374,0.006990,11.909505,59.270597,71.187323,71.604576,0.417253,71.713318
2775,vehicle0,1518.834000,1518.733000,2175.472525,1,ok,23116,18499,1,0.199030,0.008811,0.000189,0.063540,1.933579,6.853596,0.000089,17.496015,2.388801,0.708464,42.379662,0.021918,7.529963,71.823746,79.375816,79.682461,0.306645,79.890302
2776,vehicle0,1519.019000,1518.934000,2176.237962,1,ok,23129,18512,1,0.113127,0.007316,0.000306,0.072876,2.017311,5.643288,0.000109,16.773413,1.924875,0.790427,11.278397,0.004489,6.768965,38.500696,45.274456,45.577863,0.303407,45.698306
2777,vehicle0,1519.221000,1519.132000,2176.903210,1,ok,23105,18488,1,0.933829,0.007832,0.000177,0.085444,2.303163,7.376173,0.000095,20.669127,1.813288,0.684946,24.159873,0.003384,7.445982,57.092109,64.541652,64.848151,0.306499,65.789812
2778,vehicle0,1519.405000,1519.333000,2177.643320,1,ok,23120,18504,1,0.110094,0.005556,0.000276,0.100705,2.279283,6.539208,0.000075,14.939434,1.813614,0.719019,12.052175,0.002823,7.258011,38.443513,45.704623,46.109680,0.405057,46.225330
2779,vehicle0,1519.633000,1519.532000,2178.461931,1,ok,23111,18496,1,0.116817,0.019496,0.000335,0.090017,2.225430,7.555114,0.000091,24.459850,3.711068,0.706506,35.598059,0.008254,10.727717,74.346135,85.082441,85.433516,0.351075,85.569829
2780,vehicle0,1519.813000,1519.734000,2179.200099,1,ok,23131,18515,1,0.184515,0.005685,0.000197,0.092798,2.352571,6.269649,0.000162,14.730198,2.242926,0.747431,12.270485,0.005977,6.872251,38.706220,45.584645,45.935270,0.350625,46.125470
2781,vehicle0,1520.019000,1519.934000,2179.920027,1,ok,23134,18518,1,0.151115,0.009315,0.000198,0.064408,2.413132,6.766668,0.000095,15.996629,2.202196,0.694039,18.328637,0.035531,9.153176,46.465804,55.654709,56.025591,0.370882,56.186021
2782,vehicle0,1520.216000,1520.132000,2180.667362,1,ok,23139,18522,1,0.124837,0.006284,0.000272,0.079259,2.039425,6.332255,0.000086,25.713025,2.058311,0.838456,13.555359,0.012662,7.470516,50.616176,58.099626,58.441075,0.341449,58.572196
2783,vehicle0,1520.414000,1520.333000,2181.412439,1,ok,23139,18522,1,0.215825,0.007047,0.000368,0.091765,2.148746,6.684243,0.000094,17.945102,2.572991,0.987969,4.761119,0.006350,8.916952,35.192029,44.115699,44.683598,0.567899,44.906470
2784,vehicle0,1520.634000,1520.534000,2182.213951,1,ok,23114,18497,1,0.089906,0.005975,0.000267,0.084551,1.787155,5.821709,0.000099,18.773568,7.770160,0.892796,31.333650,0.003528,6.201443,66.463688,72.668926,72.955619,0.286693,73.051500
2785,vehicle0,1520.832000,1520.733000,2182.958048,1,ok,23119,18502,1,0.193483,0.006115,0.000222,0.063724,1.943757,6.980428,0.000103,17.206963,2.537518,0.839792,27.512200,0.045949,7.731361,57.084485,64.862017,65.174473,0.312456,65.374071
2786,vehicle0,1521.011000,1520.934000,2183.705046,1,ok,23117,18501,1,0.205644,0.004987,0.000141,0.047497,1.917851,7.927494,0.000078,18.887823,2.409727,0.877986,17.115275,0.003228,8.549578,49.183731,57.736678,58.601587,0.864909,58.812218
2787,vehicle0,1521.223000,1521.133000,2184.477507,1,ok,23122,18505,1,0.327641,0.011245,0.000145,0.083773,2.367715,6.708575,0.000092,20.377147,2.643592,0.895265,21.950300,0.033288,7.900054,55.026459,62.959946,63.325425,0.365479,63.664311
2788,vehicle0,1521.416000,1521.333000,2185.240741,1,ok,23129,18512,1,0.096304,0.006611,0.000278,0.056514,1.746114,5.487405,0.000101,14.572796,1.997979,0.873446,18.156250,0.003496,7.874741,42.890605,50.769120,51.115395,0.346275,51.218310
2789,vehicle0,1521.633000,1521.535000,2186.026504,1,ok,23110,18493,1,0.098417,0.006265,0.000349,0.095169,3.063298,6.426159,0.000103,21.986336,3.626675,0.697618,33.596443,0.019857,7.678489,69.491801,77.190496,77.502862,0.312366,77.607544
2790,vehicle0,1521.835000,1521.733000,2186.789266,1,ok,23107,18490,1,0.085825,0.007131,0.000358,0.080808,2.968598,8.576878,0.000147,23.688428,3.130453,0.682120,28.465616,0.005055,8.251695,67.593048,75.850156,76.340150,0.489994,76.433106
2791,vehicle0,1522.033000,1521.932000,2187.541349,1,ok,23092,18476,1,0.180850,0.013873,0.000127,0.073451,2.187207,6.851196,0.000080,17.320268,2.770768,0.894692,33.177309,0.003561,7.244271,63.274971,70.522930,70.834418,0.311488,71.029141
2792,vehicle0,1522.234000,1522.132000,2188.322464,1,ok,23103,18487,1,0.181107,0.006457,0.000187,0.094757,2.498191,7.944628,0.000125,23.405077,3.435289,1.036197,54.250575,0.025149,10.990571,92.664839,103.680746,104.153713,0.472967,104.341277
2793,vehicle0,1522.422000,1522.334000,2189.028589,1,ok,23122,18504,1,0.080054,0.006019,0.000372,0.106783,2.473337,9.760876,0.000286,22.483074,2.749885,0.993163,11.901833,0.004213,7.667743,50.469237,58.141565,58.425903,0.284338,58.511976
2794,vehicle0,1522.614000,1522.533000,2189.763729,1,ok,23117,18498,1,0.240433,0.008305,0.000374,0.109266,2.876712,8.468209,0.000139,14.985710,1.780619,0.862015,13.112547,0.004504,6.685286,42.195217,48.885381,49.313249,0.427868,49.561987
2795,vehicle0,1522.828000,1522.733000,2190.536690,1,ok,23103,18483,1,0.097367,0.007567,0.000254,0.095282,2.501662,5.745038,0.000074,17.615918,3.888296,1.011307,31.567018,0.003969,7.980659,62.424595,70.409477,70.734430,0.324953,70.839364
2796,vehicle0,1523.032000,1522.933000,2191.213584,1,ok,23095,18477,1,0.101289,0.008766,0.000564,0.095830,2.828086,7.107301,0.000232,15.106454,1.859704,0.664231,29.047028,0.005637,6.755192,56.708866,63.470259,63.768606,0.298347,63.878661
2797,vehicle0,1523.211000,1523.133000,2191.947307,1,ok,23132,18513,1,0.106168,0.005946,0.000290,0.106679,2.547608,6.278023,0.000088,17.044779,1.593534,0.781060,11.010077,0.003977,7.674281,39.361848,47.040396,47.569591,0.529195,47.681705
2798,vehicle0,1523.434000,1523.333000,2192.704623,1,ok,23129,18512,1,0.182426,0.007370,0.000205,0.094308,2.092301,5.797139,0.000082,16.731502,2.067488,0.891778,31.508839,0.013411,6.498901,59.183437,65.695954,66.039398,0.343444,66.229194
2799,vehicle0,1523.633000,1523.534000,2193.482950,1,ok,23110,18494,1,0.091157,0.008570,0.000179,0.082845,2.243914,6.680009,0.000120,20.650977,5.019827,0.689484,42.603214,0.005166,7.599055,77.970390,85.574790,85.979759,0.404969,86.079486
2800,vehicle0,1523.818000,1523.732000,2194.178469,1,ok,23109,18493,1,0.107182,0.004294,0.000188,0.066100,1.819673,7.019053,0.000095,19.216408,2.169290,0.665396,13.340625,0.003938,6.418023,44.296640,50.718789,50.975034,0.256245,51.086510
2801,vehicle0,1524.022000,1523.933000,2194.963940,1,ok,23123,18507,1,0.177583,0.007245,0.000464,0.109998,2.843412,7.813426,0.000139,21.539438,2.509078,0.995313,15.930062,0.005085,10.961614,51.740866,62.708029,65.235176,2.527147,65.420004
2802,vehicle0,1524.229000,1524.133000,2195.522464,1,ok,23112,18495,1,0.103019,0.005863,0.000174,0.097865,1.737866,6.403384,0.000110,17.290849,2.791976,0.878816,25.318041,0.004139,7.550516,54.518907,62.073736,62.521337,0.447601,62.630219
2803,vehicle0,1524.427000,1524.333000,2196.306744,1,ok,23104,18487,1,0.161804,0.045981,0.000274,0.096400,2.581882,8.031895,0.000093,15.161603,1.920374,0.671750,30.336375,0.004113,6.907242,58.800372,65.712001,66.061523,0.349522,66.269308
2804,vehicle0,1524.617000,1524.534000,2197.047783,1,ok,23092,18474,1,0.156642,0.010754,0.000266,0.099492,1.878777,6.454835,0.000078,18.837919,1.856468,0.700996,16.203591,0.016040,8.194687,46.032156,54.243149,54.642571,0.399422,54.809967
2805,vehicle0,1524.826000,1524.733000,2197.819063,1,ok,23096,18478,1,0.091668,0.008357,0.000410,0.099666,1.910816,6.211136,0.000172,14.380023,1.898981,0.935707,27.538347,0.004509,10.491530,52.974848,63.471297,63.743002,0.271705,63.843027
2806,vehicle0,1525.034000,1524.934000,2198.575091,1,ok,23113,18497,1,0.206027,0.006402,0.000302,0.095543,2.390337,8.241514,0.000116,23.628050,3.020143,0.984839,26.310141,0.004856,11.043562,64.670683,75.719403,75.984695,0.265292,76.197124
2807,vehicle0,1525.224000,1525.133000,2199.304499,1,ok,23103,18487,1,0.076266,0.007591,0.000365,0.106698,2.662053,8.407948,0.000099,18.604800,1.874825,0.651372,26.947739,0.004326,6.876438,59.255534,66.136663,66.473286,0.336623,66.557143
2808,vehicle0,1525.409000,1525.333000,2200.044846,1,ok,23102,18485,1,0.104661,0.011220,0.000229,0.102082,2.016956,6.010171,0.000095,16.051133,1.710567,0.701166,12.194470,0.003157,6.713404,38.786640,45.503430,45.800405,0.296975,45.916286
2809,vehicle0,1525.633000,1525.534000,2200.839368,1,ok,23099,18482,1,0.169694,0.007368,0.000280,0.084538,2.712451,7.948640,0.000118,27.079402,4.291295,0.928879,38.474428,0.015332,6.510415,81.519751,88.045778,88.557458,0.511680,88.734520
2810,vehicle0,1525.816000,1525.734000,2201.540529,1,ok,23092,18475,1,0.119864,0.004444,0.000189,0.074202,1.836062,5.844248,0.000089,16.014090,2.194715,0.922567,14.242968,0.006022,6.743430,41.128941,47.878582,48.322287,0.443705,48.446595
2811,vehicle0,1526.024000,1525.934000,2202.306361,1,ok,23094,18477,1,0.071435,0.005612,0.000171,0.065239,2.170979,6.147436,0.000077,20.335188,3.388455,0.956140,24.599984,0.007283,6.893980,57.663498,64.564932,65.005035,0.440103,65.082082
2812,vehicle0,1526.225000,1526.134000,2203.043274,1,ok,23103,18487,1,0.202489,0.004586,0.000192,0.067906,1.954587,5.811177,0.000082,16.852566,2.065629,0.773630,25.780662,0.005602,8.116895,53.306239,61.428928,61.754225,0.325297,61.961300
2813,vehicle0,1526.427000,1526.333000,2203.806614,1,ok,23099,18482,1,0.194262,0.007476,0.000225,0.100211,2.344244,7.720446,0.000149,26.797270,1.989348,0.689903,16.501993,0.003810,9.518952,56.143564,65.666551,65.961387,0.294836,66.163125
2814,vehicle0,1526.631000,1526.533000,2204.554626,1,ok,23089,18472,1,0.147050,0.005866,0.000308,0.065223,1.685327,5.760970,0.000073,18.230021,2.623095,0.940020,27.719844,0.003463,8.781933,57.024573,65.810277,67.059349,1.249072,67.212265
2815,vehicle0,1526.827000,1526.732000,2205.311438,1,ok,23117,18500,1,0.212141,0.009847,0.000212,0.106498,2.109959,5.586345,0.000226,17.190501,2.943870,0.984201,21.863675,0.019718,7.197337,50.785275,58.002542,58.291756,0.289214,58.513744
2816,vehicle0,1527.036000,1526.933000,2206.076362,1,ok,23122,18505,1,0.087149,0.010134,0.000370,0.098528,2.048861,6.590143,0.000097,17.670012,2.299003,0.767632,39.275886,0.005764,7.297678,68.750162,76.053974,76.358546,0.304572,76.455829
2817,vehicle0,1527.227000,1527.134000,2206.817266,1,ok,23082,18466,1,0.099042,0.013246,0.000390,0.077411,1.772791,6.288652,0.000126,15.458643,2.393114,0.881151,23.955382,0.002855,7.479638,50.827270,58.310153,58.761720,0.451567,58.874008
2818,vehicle0,1527.434000,1527.333000,2207.588429,1,ok,23092,18475,1,0.103163,0.003999,0.000225,0.067279,1.765442,5.655782,0.000079,16.710114,2.140794,0.806304,28.754559,0.009774,9.171350,55.900353,65.081702,65.556173,0.474471,65.663335
2819,vehicle0,1527.634000,1527.533000,2208.362996,1,ok,23111,18493,1,0.154986,0.007438,0.000223,0.073417,2.623074,7.932041,0.000150,26.985486,5.244306,1.141572,42.180319,0.005650,9.792555,86.180365,95.978793,96.596889,0.618096,96.759313
2820,vehicle0,1527.824000,1527.734000,2209.073533,1,ok,23099,18481,1,0.093829,0.008037,0.000340,0.107359,2.706033,5.777934,0.000097,16.272019,1.932767,0.811629,21.929085,0.003884,6.524606,49.536923,56.065753,56.366138,0.300385,56.468004
2821,vehicle0,1528.035000,1527.935000,2209.861801,1,ok,23110,18493,1,0.089840,0.010330,0.000426,0.099994,2.204849,6.631012,0.000095,17.497156,2.037740,0.686604,29.057726,0.014767,6.820844,58.215176,65.051213,65.269259,0.218046,65.369429
2822,vehicle0,1528.211000,1528.135000,2210.574497,1,ok,23106,18490,1,0.106313,0.006203,0.000233,0.115048,2.431606,6.024273,0.000076,15.222843,2.094716,0.890252,14.392987,0.003054,7.996964,41.171801,49.172052,49.656380,0.484328,49.768896
2823,vehicle0,1528.414000,1528.334000,2211.327676,1,ok,23107,18492,1,0.079741,0.009919,0.000343,0.130406,2.763406,9.113752,0.000116,18.311443,1.483083,0.709818,6.685489,0.003235,7.677077,39.197513,46.878168,47.213329,0.335161,47.302989
2824,vehicle0,1528.620000,1528.536000,2212.077912,1,ok,23102,18487,1,0.101965,0.006137,0.000227,0.072945,1.682659,5.692655,0.000132,14.350388,2.181544,0.732968,21.082715,0.003341,7.714620,45.796006,53.514194,53.743838,0.229644,53.851940
2825,vehicle0,1528.832000,1528.734000,2212.807806,1,ok,23127,18511,1,0.184749,0.005826,0.000306,0.074625,3.362286,7.811120,0.000210,16.418514,1.935043,0.652111,31.212154,0.003886,7.317434,61.466063,68.787689,69.120953,0.333264,69.311528
2826,vehicle0,1529.020000,1528.935000,2213.564176,1,ok,23110,18494,1,0.117271,0.009783,0.000493,0.109564,2.733200,6.212885,0.000152,21.268174,1.823866,0.763981,13.028780,0.010136,7.916922,45.940602,53.868153,54.447773,0.579620,54.574827
2827,vehicle0,1529.207000,1529.134000,2214.313506,1,ok,23103,18487,1,0.192578,0.007221,0.000288,0.091990,2.296807,5.626236,0.000104,16.938575,2.125811,0.840451,12.726718,0.019568,6.961560,40.646692,47.628108,47.891700,0.263592,48.091499
2828,vehicle0,1529.434000,1529.334000,2215.086953,1,ok,23090,18473,1,0.239391,0.013848,0.000417,0.092960,2.542892,6.479669,0.000108,16.443656,2.149382,0.664970,37.829723,0.005000,7.158783,66.203360,73.367560,73.682328,0.314768,73.935567
2829,vehicle0,1529.635000,1529.533000,2215.823863,1,ok,23094,18476,1,0.279894,0.010577,0.000215,0.090786,2.538821,6.889283,0.000075,20.055921,3.240520,0.822102,34.165690,0.003225,8.861487,67.803198,76.668125,77.018676,0.350551,77.309147
2830,vehicle0,1529.830000,1529.734000,2216.565709,1,ok,23087,18470,1,0.114920,0.024978,0.000391,0.086096,2.695534,6.148417,0.000083,15.148484,2.481989,0.764594,31.946754,0.003391,6.945152,59.271951,66.220885,66.523928,0.303043,66.663826
2831,vehicle0,1530.027000,1529.935000,2217.327477,1,ok,23090,18474,1,0.096409,0.897631,0.000274,0.077141,2.107482,6.919552,0.000133,17.127811,2.053134,0.692179,26.287611,0.004039,6.540152,55.265043,61.809508,62.057299,0.247791,63.051339
2832,vehicle0,1530.229000,1530.135000,2218.064134,1,ok,23088,18471,1,0.104251,0.004850,0.000400,0.075698,1.719955,5.739192,0.000083,16.906569,2.160410,0.673768,30.073304,0.048422,7.020855,57.348979,64.418656,64.690624,0.271968,64.799725
2833,vehicle0,1530.431000,1530.335000,2218.824474,1,ok,23076,18458,1,0.134586,0.006329,0.000328,0.114138,2.326895,8.076093,0.000174,21.788851,1.698729,0.663424,27.518260,0.004004,6.634171,62.186564,68.825067,69.074739,0.249672,69.215654
2834,vehicle0,1530.604000,1530.534000,2219.530667,1,ok,23098,18481,1,0.180343,0.004452,0.000208,0.060857,1.891325,6.054143,0.000083,16.757377,1.350198,0.662815,3.506718,0.002819,6.900614,30.283516,37.187157,37.422422,0.235265,37.607217
2835,vehicle0,1530.814000,1530.733000,2220.291490,1,ok,23075,18458,1,0.114076,0.006211,0.000404,0.047419,2.079436,6.457528,0.000103,16.139617,1.714017,0.682276,16.802227,0.220940,8.245739,43.922623,52.389706,52.719518,0.329812,52.839805
2836,vehicle0,1531.028000,1530.934000,2221.071909,1,ok,23103,18487,1,0.067140,0.005477,0.000329,0.050835,2.007980,6.532609,0.000129,23.034990,1.961676,0.825545,22.829031,0.004253,6.623763,57.242795,63.871140,64.188107,0.316967,64.260724
2837,vehicle0,1531.201000,1531.133000,2221.795869,1,ok,23100,18483,1,0.209775,0.005690,0.000250,0.057285,1.633125,6.985240,0.000155,14.113147,1.929766,0.824233,7.545239,0.003328,7.575195,33.088190,40.666963,41.126153,0.459190,41.341618
2838,vehicle0,1531.413000,1531.335000,2222.554454,1,ok,23089,18470,1,0.288691,0.007730,0.000278,0.095676,2.239379,7.032977,0.000350,15.412587,1.589880,0.668157,8.250072,0.011084,8.549473,35.289078,43.849913,44.097214,0.247301,44.393635
2839,vehicle0,1531.633000,1531.536000,2223.329890,1,ok,23077,18459,1,0.213965,0.267691,0.000384,0.079496,2.614566,6.856760,0.000140,18.564226,4.634965,0.907753,38.576736,0.008919,6.950084,72.234642,79.194029,79.589005,0.394976,80.070661
2840,vehicle0,1531.835000,1531.735000,2224.059981,1,ok,23090,18471,1,0.101384,0.009401,0.000450,0.103004,2.467933,7.422462,0.000121,14.476946,1.917784,0.858398,43.344238,0.004260,7.186071,70.590886,77.781667,78.121620,0.339953,78.232405
2841,vehicle0,1532.014000,1531.934000,2224.828199,1,ok,23109,18491,1,0.220218,0.006478,0.000158,0.089858,2.789966,8.768142,0.000165,21.966894,2.008940,0.833341,5.037943,0.004546,7.811081,41.495249,49.311034,49.850748,0.539714,50.077444
2842,vehicle0,1532.206000,1532.133000,2225.596538,1,ok,23118,18500,1,0.115666,0.023648,0.000185,0.336823,2.141574,5.931449,0.000235,15.357261,1.551094,0.868429,8.030234,0.003317,8.321595,34.217099,42.542196,42.975453,0.433257,43.114767
2843,vehicle0,1532.430000,1532.333000,2226.399218,1,ok,23096,18480,1,0.084240,0.009622,0.000299,0.093933,1.658493,6.217358,0.000106,16.754015,2.185897,0.760471,30.878473,0.025088,7.263804,58.548746,65.837937,66.182352,0.344415,66.276214
2844,vehicle0,1532.614000,1532.535000,2227.135582,1,ok,23094,18478,1,0.140703,0.004491,0.000145,0.073271,2.007521,5.518850,0.000104,15.802004,1.664353,0.859898,11.706580,0.025396,8.631483,37.632581,46.289605,46.617419,0.327814,46.762613
2845,vehicle0,1532.816000,1532.733000,2227.900054,1,ok,23084,18469,1,0.118507,0.006318,0.000417,0.104438,2.108603,6.042554,0.000075,15.704872,1.590358,0.820203,10.710571,0.002934,9.135128,37.081674,46.220153,46.478397,0.258244,46.603222
2846,vehicle0,1533.034000,1532.935000,2228.699218,1,ok,23096,18481,1,0.096669,1.877728,0.000200,0.083911,1.843123,5.970480,0.000089,18.497557,2.496737,0.734072,33.867658,0.003363,7.699927,63.493627,71.197117,71.621754,0.424637,73.596151
2847,vehicle0,1533.234000,1533.134000,2229.523543,1,ok,23089,18472,1,0.125058,0.007698,0.000294,0.087042,2.468902,8.303273,0.000170,26.291466,3.670448,1.075953,76.117938,0.005324,11.511351,118.015192,129.532161,130.037442,0.505281,130.170198
2848,vehicle0,1533.434000,1533.334000,2230.232401,1,ok,23093,18475,1,0.187090,0.005733,0.000288,0.095750,2.477125,8.041624,0.000129,21.722994,2.162030,0.698195,32.933848,0.020667,8.280869,68.131695,76.433519,76.681838,0.248319,76.874661
2849,vehicle0,1533.635000,1533.535000,2231.007934,1,ok,23088,18471,1,0.185947,0.005814,0.000307,0.088138,2.119225,6.477732,0.000115,18.990910,3.938879,0.732463,35.765157,0.013452,7.517962,68.112619,75.644340,76.011021,0.366681,76.202782
2850,vehicle0,1533.831000,1533.734000,2231.761401,1,ok,23105,18489,1,0.112308,0.006833,0.000238,0.098765,2.289475,8.463190,0.000137,22.114956,2.631639,0.970185,21.976303,0.003828,7.294034,58.544650,65.842750,66.420517,0.577767,66.539658
2851,vehicle0,1534.020000,1533.935000,2232.536054,1,ok,23120,18505,1,0.233283,0.009905,0.000252,0.085698,2.507172,7.941244,0.000388,15.137169,1.673136,0.684780,13.960328,0.012714,10.929359,41.989915,52.932240,53.285214,0.352974,53.528402
2852,vehicle0,1534.230000,1534.134000,2233.314939,1,ok,23119,18503,1,0.089952,0.007098,0.000310,0.079227,1.675373,6.898609,0.000149,19.621421,2.819873,0.824922,35.204805,0.003309,7.937405,67.124379,75.065403,75.626619,0.561216,75.723669
2853,vehicle0,1534.430000,1534.336000,2234.058860,1,ok,23109,18492,1,0.079731,0.005171,0.000210,0.048257,1.763520,5.640497,0.000106,16.965392,4.772826,0.680396,28.472051,0.003429,11.188577,58.343045,69.535261,69.857034,0.321773,69.941936
2854,vehicle0,1534.623000,1534.536000,2234.788703,1,ok,23107,18490,1,0.083411,0.004676,0.000231,0.061315,1.764108,5.288559,0.000106,18.340532,2.569259,0.843135,19.897642,0.020554,11.038257,48.764656,59.823698,60.331134,0.507436,60.419221
2855,vehicle0,1534.832000,1534.735000,2235.560803,1,ok,23141,18525,1,0.180641,0.005375,0.000134,0.063136,1.788226,5.624475,0.000112,18.542447,1.796493,1.041044,23.791566,0.004424,6.743922,52.647499,59.395979,59.876078,0.480099,60.062094
2856,vehicle0,1535.029000,1534.934000,2236.322657,1,ok,23145,18529,1,0.189973,0.006892,0.000189,0.105333,2.577142,5.892361,0.000118,16.392409,1.989821,0.747945,27.135087,0.003924,8.582313,54.840216,63.426642,63.927158,0.500516,64.124023
2857,vehicle0,1535.216000,1535.136000,2237.059652,1,ok,23126,18510,1,0.098826,0.062166,0.000365,0.132202,2.053720,6.520757,0.000197,18.313944,1.964676,0.674280,21.825280,0.005145,9.698093,51.485056,61.188659,61.459948,0.271289,61.620940
2858,vehicle0,1535.412000,1535.335000,2237.866343,1,ok,23117,18500,1,0.116369,0.009079,0.000168,0.074114,6.108857,7.448646,0.000138,19.032019,1.985927,0.846693,4.522194,0.004114,7.520624,40.018588,47.543494,48.080742,0.537248,48.206190
2859,vehicle0,1535.635000,1535.535000,2238.648367,1,ok,23121,18503,1,0.108073,0.008064,0.000200,0.097762,2.438169,7.773197,0.000171,30.963244,5.098132,0.938224,27.538750,0.019166,7.998337,74.847649,82.865352,83.209663,0.344311,83.325800
2860,vehicle0,1535.818000,1535.736000,2239.364522,1,ok,23131,18515,1,0.081776,0.009230,0.000443,0.120422,2.704373,8.166701,0.000096,15.571501,1.545426,0.638366,15.217814,0.003631,6.902069,43.964699,50.870842,51.110582,0.239740,51.201588
2861,vehicle0,1536.013000,1535.937000,2240.109261,1,ok,23139,18522,1,0.178175,0.004746,0.000191,0.061096,1.679444,5.638729,0.000095,15.986510,3.266375,0.724013,12.425307,0.002889,7.017882,39.781569,46.802531,47.356844,0.554313,47.539765
2862,vehicle0,1536.215000,1536.135000,2240.759177,1,ok,23133,18517,1,0.218940,0.005042,0.000346,0.076142,1.824795,7.015561,0.000102,15.567680,1.559301,0.665950,12.114681,0.004013,8.472488,38.824212,47.301059,47.521408,0.220349,47.745390
2863,vehicle0,1536.415000,1536.334000,2241.497349,1,ok,23127,18510,1,0.173894,0.006612,0.000281,0.054562,2.064600,7.133592,0.000208,15.702394,1.630224,0.643425,14.762404,0.015198,8.356321,41.991409,50.363209,50.562480,0.199271,50.742986
2864,vehicle0,1536.620000,1536.536000,2242.241175,1,ok,23100,18484,1,0.089797,0.009283,0.000321,0.073986,1.806762,6.045966,0.000150,16.870674,1.670782,0.666318,20.100786,0.003160,7.361086,47.235424,54.599991,54.826547,0.226556,54.925627
2865,vehicle0,1536.802000,1536.734000,2242.978530,1,ok,23086,18469,1,0.093376,0.006056,0.000266,0.094611,2.446295,6.103619,0.000233,17.831234,1.310345,0.654941,3.912890,0.013533,7.300472,32.354168,39.668439,39.966945,0.298506,40.066377
2866,vehicle0,1536.959000,1536.934000,2243.641706,1,ok,23095,18479,1,0.182660,0.007321,0.000336,0.100203,2.574933,5.465640,0.000170,15.377566,1.487599,0.650955,7.634695,0.009969,7.332514,33.291761,40.634580,41.009767,0.375187,41.199748
2867,vehicle0,1537.209000,1537.133000,2244.400587,1,ok,23081,18464,1,0.080634,0.007040,0.005281,0.121609,1.759416,5.805092,0.000116,18.614162,1.609939,0.750350,12.316290,0.004072,6.988822,40.976974,47.975149,48.188408,0.213259,48.276082
2868,vehicle0,1537.434000,1537.334000,2245.154348,1,ok,23090,18474,1,0.096986,0.008336,0.000185,0.090714,1.907533,6.034799,0.000099,16.594921,2.424127,1.773763,25.261119,0.005566,10.842502,54.087075,64.935328,65.383855,0.448527,65.489177
2869,vehicle0,1537.634000,1537.535000,2245.917496,1,ok,23116,18500,1,0.196627,0.007382,0.000178,0.086028,2.448242,7.455389,0.000505,18.930219,4.060363,0.696055,28.735727,0.011112,11.025403,62.412528,73.449221,74.056464,0.607243,74.260473
2870,vehicle0,1537.808000,1537.734000,2246.661837,1,ok,23126,18509,1,0.234967,0.017025,0.000642,0.122468,2.372533,5.741442,0.000080,16.264265,1.913332,0.680866,3.814209,0.013618,6.910196,30.909195,37.833651,38.334070,0.500419,38.586062
2871,vehicle0,1538.028000,1537.934000,2247.428957,1,ok,23104,18487,1,0.129548,0.005825,0.000150,0.069088,2.062981,7.072493,0.000106,19.082841,1.949217,0.714105,21.574869,0.004439,7.613573,52.525700,60.143862,60.411898,0.268036,60.547271
2872,vehicle0,1538.235000,1538.134000,2248.167328,1,ok,23082,18465,1,0.101370,0.011254,0.000303,0.074899,2.391257,7.446826,0.000082,16.310183,2.460544,1.013911,34.012896,0.007392,8.715244,63.710598,72.433537,72.938657,0.505120,73.051281
2873,vehicle0,1538.419000,1538.335000,2248.877136,1,ok,23086,18469,1,0.093445,0.201021,0.000365,0.241775,1.878137,6.860217,0.000095,16.937187,3.247513,0.701413,16.356965,0.003803,7.219725,46.223302,53.447195,53.791487,0.344292,54.085953
2874,vehicle0,1538.608000,1538.534000,2249.600213,1,ok,23084,18467,1,0.113136,0.010475,0.000162,0.089305,2.130326,6.341135,0.000082,15.592050,1.883379,0.703390,5.970823,0.007685,6.825428,32.710490,39.543765,41.015215,1.471450,41.138826
2875,vehicle0,1538.818000,1538.732000,2250.342981,1,ok,23107,18490,1,0.220275,0.009345,0.000248,0.087528,3.004489,6.978352,0.000089,15.455203,1.972255,0.815607,7.397716,0.044133,10.059268,35.711239,45.814888,46.282668,0.467780,46.512288
2876,vehicle0,1539.032000,1538.936000,2251.127341,1,ok,23119,18504,1,0.208277,0.005324,0.000245,0.105224,2.581776,8.537824,0.000253,23.965592,1.814931,0.961207,18.807010,0.017093,8.613684,56.773817,65.404839,65.818127,0.413288,66.031728
2877,vehicle0,1539.235000,1539.135000,2251.902370,1,ok,23119,18504,1,0.129125,0.007239,0.000238,0.099475,2.339203,7.648295,0.000122,38.512708,1.799174,0.802169,27.415206,0.003494,6.232320,78.616352,84.852404,85.123341,0.270937,85.259705
2878,vehicle0,1539.412000,1539.334000,2252.637319,1,ok,23099,18483,1,0.181087,0.005245,0.000195,0.065325,1.673243,5.582352,0.000204,15.988067,2.116323,0.891989,13.922182,0.003387,7.146529,40.239685,47.389796,47.994656,0.604860,48.180988
2879,vehicle0,1539.635000,1539.534000,2253.430117,1,ok,23078,18462,1,0.194844,0.008042,0.000220,0.112844,2.853818,8.182408,0.000210,27.377201,3.762838,0.698385,32.266632,0.003512,7.073047,75.254336,82.331115,82.594869,0.263754,82.797755
2880,vehicle0,1539.821000,1539.735000,2254.181531,1,ok,23089,18473,1,0.184712,0.006619,0.000262,0.082976,2.875530,7.892255,0.000139,21.045712,1.718524,0.651284,14.339221,0.022902,7.721487,48.605641,56.350292,56.601082,0.250790,56.792413
2881,vehicle0,1540.014000,1539.935000,2254.914554,1,ok,23100,18483,1,0.102833,0.005367,0.000298,0.074419,1.681432,6.593905,0.000107,18.318348,6.356786,0.704970,11.770855,0.003871,7.071016,45.500822,52.576007,52.932703,0.356696,53.040903
2882,vehicle0,1540.219000,1540.135000,2255.688463,1,ok,23102,18486,1,0.103621,0.012505,0.000185,0.079284,2.106134,9.246222,0.000076,15.229663,1.703870,0.642848,21.274012,0.003145,8.253968,50.282109,58.539407,58.850445,0.311038,58.966571
2883,vehicle0,1540.435000,1540.334000,2256.460754,1,ok,23105,18489,1,0.103609,0.006658,0.000198,0.066133,1.804623,5.423676,0.000124,18.724345,1.913790,0.666264,29.619597,0.003840,9.582527,58.218552,67.805117,68.078680,0.273563,68.188947
2884,vehicle0,1540.606000,1540.535000,2257.205944,1,ok,23091,18473,1,0.141735,0.005466,0.000319,0.086747,1.941811,6.129953,0.000076,15.088222,1.974067,0.902862,8.342586,0.003562,9.005317,34.466324,43.475522,43.943672,0.468150,44.090873
2885,vehicle0,1540.818000,1540.735000,2257.958564,1,ok,23104,18487,1,0.102230,0.004692,0.000180,0.048242,1.731810,6.114008,0.000084,15.605244,1.773656,0.894265,16.963136,0.009730,10.349871,43.130445,53.490226,54.091534,0.601308,54.198456
2886,vehicle0,1541.030000,1540.935000,2258.745598,1,ok,23087,18469,1,0.234035,0.009329,0.000298,0.100096,2.591984,7.937526,0.000188,19.599472,2.857195,0.835390,12.787301,0.020192,6.879576,46.709152,53.609218,54.122725,0.513507,54.366089
2887,vehicle0,1541.232000,1541.136000,2259.488324,1,ok,23090,18471,1,0.188778,0.007371,0.000219,0.087609,2.257355,7.074393,0.000082,16.858311,1.843279,0.820339,27.085136,0.003324,10.005132,56.026504,66.035179,66.450157,0.414978,66.646306
2888,vehicle0,1541.428000,1541.336000,2260.236820,1,ok,23091,18473,1,0.211465,0.007570,0.000345,0.098307,2.523644,7.971915,0.000180,22.081794,1.843509,0.819139,20.251474,0.003131,6.336364,55.589962,61.929802,62.229871,0.300069,62.448906
2889,vehicle0,1541.637000,1541.536000,2261.004980,1,ok,23118,18501,1,0.116726,0.007941,0.000183,0.061843,1.886263,5.438756,0.000114,20.472057,3.851622,0.694449,27.896731,0.004363,7.154697,60.301835,67.461078,67.745026,0.283948,67.869693
2890,vehicle0,1541.822000,1541.736000,2261.752137,1,ok,23117,18501,1,0.111358,0.070613,0.000248,0.088698,7.413294,6.290159,0.000111,16.367300,2.289593,0.944955,18.270799,0.008185,9.194264,51.664909,60.867606,61.562202,0.694596,61.744173
2891,vehicle0,1542.025000,1541.936000,2262.535435,1,ok,23102,18487,1,0.108339,0.010045,0.000201,0.072656,1.824976,6.992262,0.000098,18.534407,2.178706,0.949715,20.526847,0.003475,6.738275,51.079667,57.821618,58.300779,0.479161,58.419163
2892,vehicle0,1542.225000,1542.138000,2263.284916,1,ok,23113,18498,1,0.117412,0.008047,0.000219,0.082818,2.211886,5.605394,0.000111,17.537852,3.698649,0.825672,21.325957,0.016096,8.505823,51.288339,59.810477,60.259110,0.448633,60.384569
2893,vehicle0,1542.433000,1542.338000,2263.956949,1,ok,23112,18497,1,0.106170,0.009240,0.000471,0.101551,2.934128,6.720562,0.000098,16.766249,2.262995,0.921221,39.268308,0.003461,8.099410,68.975112,77.078454,77.462521,0.384067,77.577931
2894,vehicle0,1542.637000,1542.534000,2264.607100,1,ok,23123,18506,1,0.182611,0.006234,0.000217,0.094576,2.439169,10.569482,0.000152,26.425831,2.120031,0.698285,30.733560,0.003169,7.923643,73.081086,81.008115,81.272087,0.263972,81.460932
2895,vehicle0,1542.825000,1542.734000,2265.351517,1,ok,23127,18509,1,0.115160,0.056778,0.000255,0.106492,1.950928,5.390448,0.000078,17.880162,2.403135,0.834873,28.825927,0.003908,8.486262,57.392043,65.882468,66.383484,0.501016,66.555422
2896,vehicle0,1543.030000,1542.935000,2266.130979,1,ok,23125,18506,1,0.116078,0.005655,0.000199,0.072378,2.723198,6.416144,0.000310,20.382369,2.688092,0.984820,23.889112,0.004794,6.730876,57.156423,63.892292,64.288875,0.396583,64.410608
2897,vehicle0,1543.221000,1543.137000,2266.900416,1,ok,23110,18494,1,0.104078,0.007178,0.000328,0.094215,2.136909,6.272477,0.000096,16.606438,1.752535,0.696712,22.559717,0.003126,7.083340,50.119099,57.205893,57.480670,0.274777,57.591926
2898,vehicle0,1543.410000,1543.336000,2267.644409,1,ok,23079,18464,1,0.176093,0.007508,0.000202,0.092630,1.830979,5.869601,0.000263,16.187038,1.567044,0.667438,12.815435,0.097924,7.461998,39.030428,46.590552,46.934014,0.343462,47.117615
2899,vehicle0,1543.639000,1543.534000,2268.471889,1,ok,23077,18461,1,0.107741,0.008107,0.000276,0.094346,3.705677,15.654950,0.000095,19.300262,4.496984,0.668594,37.527988,0.004224,8.132820,81.448896,89.586216,89.889637,0.303421,90.005485
2900,vehicle0,1543.826000,1543.735000,2269.214657,1,ok,23101,18484,1,0.230987,0.013536,0.000262,0.134477,2.608254,6.397736,0.000290,17.035152,1.944148,0.670591,30.023600,0.004097,7.325326,58.814248,66.143933,66.415823,0.271890,66.660346
2901,vehicle0,1544.021000,1543.935000,2269.970967,1,ok,23114,18498,1,0.081519,0.010217,0.000259,0.073707,3.465329,5.667864,0.000103,17.057586,1.930541,0.689001,17.055946,0.003174,6.718624,45.940077,52.662134,52.925984,0.263850,53.017720
2902,vehicle0,1544.205000,1544.135000,2270.719872,1,ok,23117,18501,1,0.213234,0.007072,0.000227,0.088542,3.065734,6.419088,0.000133,15.722751,1.720872,0.728616,4.371040,0.002909,8.123455,32.116776,40.243367,41.336687,1.093320,41.556993
2903,vehicle0,1544.435000,1544.335000,2271.530984,1,ok,23119,18503,1,0.116887,0.006924,0.000208,0.099544,2.145231,5.446021,0.000091,17.629953,1.724146,0.757537,34.567783,0.011213,6.327774,62.370306,68.709501,69.072571,0.363070,69.196382
2904,vehicle0,1544.618000,1544.536000,2272.272829,1,ok,23105,18488,1,0.188084,0.004813,0.000199,0.064134,1.887304,5.571417,0.000109,14.136003,1.780941,0.720135,19.316632,0.003431,7.111449,43.476675,50.591754,50.894836,0.303082,51.087733
2905,vehicle0,1544.812000,1544.736000,2273.019499,1,ok,23104,18488,1,0.078768,0.004836,0.000142,0.066428,2.271204,7.014553,0.000183,15.286387,1.889448,0.905583,4.759481,0.005246,7.736364,32.193267,39.935019,40.325798,0.390779,40.409402
2906,vehicle0,1545.018000,1544.936000,2273.776667,1,ok,23097,18479,1,0.177886,0.005588,0.000233,0.058547,1.734903,5.736642,0.000237,16.687569,2.319455,0.755754,20.419199,0.003432,7.118104,47.712306,54.834075,55.138553,0.304478,55.322027
2907,vehicle0,1545.217000,1545.135000,2274.540962,1,ok,23110,18492,1,0.195848,0.031182,0.000175,0.070086,1.865443,5.534879,0.000106,15.915839,1.763469,0.684597,21.248145,0.003437,6.951480,47.082564,54.037656,54.336669,0.299013,54.563699
2908,vehicle0,1545.428000,1545.335000,2275.306978,1,ok,23100,18483,1,0.106553,0.004987,0.000155,0.048982,1.756368,5.620437,0.000099,17.141117,2.525486,0.893893,28.079539,0.003023,7.147022,56.065921,63.216121,63.452456,0.236335,63.563996
2909,vehicle0,1545.636000,1545.538000,2276.107442,1,ok,23098,18483,1,0.204610,0.007988,0.000222,0.079654,1.772616,5.332060,0.000087,22.485816,3.453635,0.715790,38.395058,0.014926,6.212420,72.234716,78.462284,78.773084,0.310800,78.985682
2910,vehicle0,1545.821000,1545.733000,2276.738619,1,ok,23109,18492,1,0.224624,0.007939,0.000240,0.098368,2.670101,8.040935,0.000127,22.246689,2.685699,1.018881,6.278602,0.005032,7.007194,43.039402,50.051868,50.617953,0.566085,50.850516
2911,vehicle0,1546.011000,1545.934000,2277.492926,1,ok,23118,18501,1,0.120576,0.006002,0.000231,0.064268,1.740922,6.583796,0.000129,15.272984,2.416652,0.905992,14.327491,0.010796,8.873262,41.312234,50.196523,50.621352,0.424829,50.747930
2912,vehicle0,1546.204000,1546.136000,2278.272003,1,ok,23115,18499,1,0.111057,0.005192,0.000195,0.087103,2.253428,8.428359,0.000129,22.166316,1.553425,0.700365,4.478741,0.003521,8.544001,39.667866,48.215583,48.918117,0.702534,49.034366
2913,vehicle0,1546.426000,1546.338000,2279.060352,1,ok,23110,18494,1,0.204588,0.007638,0.000243,0.074149,2.364214,6.172364,0.000100,17.815275,2.461531,0.864362,22.367235,0.004021,7.715153,52.119230,59.838647,60.141268,0.302621,60.353494
2914,vehicle0,1546.622000,1546.536000,2279.821345,1,ok,23111,18493,1,0.199408,0.007305,0.000294,0.097809,1.735256,5.511990,0.000082,17.070100,2.224740,0.691378,19.289914,0.013074,8.092608,46.621269,54.727245,55.040708,0.313463,55.247421
2915,vehicle0,1546.836000,1546.735000,2280.576640,1,ok,23116,18498,1,0.172381,0.009999,0.000211,0.091130,2.192050,6.826765,0.000121,15.891172,2.632721,0.950658,33.061547,0.016086,7.296621,61.646164,68.959082,69.299255,0.340173,69.481635
2916,vehicle0,1547.036000,1546.937000,2281.378636,1,ok,23109,18492,1,0.111023,0.005729,0.000271,0.103001,2.568700,7.203541,0.000098,20.225431,2.543485,0.669712,47.542721,0.006302,6.632766,80.856689,87.496028,87.744372,0.248344,87.861124
2917,vehicle0,1547.235000,1547.136000,2282.111638,1,ok,23113,18496,1,0.110778,0.007757,0.000266,0.084142,1.736265,5.720942,0.000108,15.493349,1.953774,0.741778,25.626865,0.012232,7.098051,51.357223,58.467772,58.966546,0.498774,59.085081
2918,vehicle0,1547.435000,1547.336000,2282.872607,1,ok,23124,18507,1,0.189271,0.006170,0.000150,0.078852,2.088949,6.137087,0.000253,16.664503,2.205076,0.675623,36.036814,0.003979,7.205322,63.887157,71.096608,71.319332,0.222724,71.514773
2919,vehicle0,1547.642000,1547.532000,2283.652706,1,ok,23123,18507,1,0.213595,0.010664,0.000224,0.084909,2.079578,6.164791,0.000112,23.741348,4.514648,0.681130,52.783977,0.003994,6.809730,90.050493,96.864441,97.115520,0.251079,97.339779
2920,vehicle0,1547.837000,1547.735000,2284.351420,1,ok,23124,18508,1,0.222005,0.011608,0.000383,0.099690,2.280293,6.208207,0.000082,17.691217,2.570888,0.883522,62.606550,0.016039,7.437322,92.340449,99.794193,100.166494,0.372301,100.400107
2921,vehicle0,1548.038000,1547.936000,2285.118194,1,ok,23135,18519,1,0.206464,0.004985,0.000156,0.092043,2.562386,7.783578,0.000159,23.926050,3.459132,0.935451,44.038105,0.005213,10.292499,82.796904,93.094772,93.413045,0.318273,93.624494
2922,vehicle0,1548.220000,1548.135000,2285.831930,1,ok,23118,18502,1,0.180196,0.006147,0.000181,0.082371,2.677106,8.315465,0.000177,16.904347,2.216386,0.923074,15.877350,0.003783,6.928701,46.996276,53.928941,54.253705,0.324764,54.440048
2923,vehicle0,1548.420000,1548.334000,2286.637717,1,ok,23099,18483,1,0.143488,0.011064,0.000188,0.092080,2.220660,7.340932,0.000136,14.936536,1.756490,0.686081,25.797664,0.003879,7.060419,52.830579,59.895065,60.100021,0.204956,60.254573
2924,vehicle0,1548.628000,1548.535000,2287.397502,1,ok,23086,18471,1,0.227466,0.013165,0.000460,0.099732,2.190322,5.884618,0.000173,21.674661,2.456738,4.552744,9.652638,0.005578,12.907662,46.511626,59.425326,60.020305,0.594979,60.260936
2925,vehicle0,1548.823000,1548.735000,2288.160615,1,ok,23093,18478,1,0.107342,0.007059,0.000313,0.092096,2.341044,7.503177,0.000109,20.795379,2.465098,0.917394,8.492971,0.006527,11.087565,42.607268,53.701673,54.113703,0.412030,54.228104
2926,vehicle0,1549.035000,1548.934000,2288.977505,1,ok,23100,18485,1,0.204529,0.007120,0.000227,0.098768,2.087958,6.311124,0.000097,18.931436,2.035610,0.740036,39.385210,0.017818,6.568556,69.590239,76.176840,76.402778,0.225938,76.614427
2927,vehicle0,1549.236000,1549.134000,2289.707023,1,ok,23115,18500,1,0.202746,0.008317,0.000255,0.094759,2.476510,7.732465,0.000116,21.936133,2.641868,0.916282,24.894167,0.004570,11.065927,60.692300,71.763052,72.133796,0.370744,72.344859
2928,vehicle0,1549.417000,1549.336000,2290.438966,1,ok,23100,18483,1,0.088171,0.008257,0.000272,0.116362,2.460918,8.140794,0.000128,25.718960,2.191900,0.728685,3.690374,0.003083,6.929101,43.048121,49.980577,50.343370,0.362793,50.439798
2929,vehicle0,1549.637000,1549.538000,2291.249214,1,ok,23103,18485,1,0.105884,0.011589,0.000615,0.103099,2.740675,13.791327,0.000130,23.947579,3.865787,0.748186,38.812977,0.004206,6.262786,84.009760,90.277367,90.655187,0.377820,90.772660
2930,vehicle0,1549.827000,1549.735000,2291.968612,1,ok,23106,18489,1,0.210249,0.006675,0.000262,0.070012,1.749383,5.694158,0.000049,17.742585,1.899207,0.684018,25.336686,0.008965,8.172283,53.176098,61.357608,61.866267,0.508659,62.083191
2931,vehicle0,1550.028000,1549.936000,2292.757927,1,ok,23114,18498,1,0.188220,0.008396,0.000170,0.103767,1.930098,7.290452,0.000136,31.340301,3.305795,1.005199,24.515274,0.003259,7.980786,69.491022,77.475237,77.878311,0.403074,78.074927
2932,vehicle0,1550.236000,1550.135000,2293.559479,1,ok,23112,18496,1,0.112528,0.006869,0.000317,0.095511,2.401214,7.490562,0.000108,22.333573,3.107410,0.900207,36.098051,0.029344,11.332238,72.426636,83.788535,84.122480,0.333945,84.241877
2933,vehicle0,1550.419000,1550.336000,2294.308627,1,ok,23093,18478,1,0.115936,0.007487,0.000269,0.080235,2.583129,7.957918,0.000231,20.667765,2.193035,0.899819,9.440222,0.012900,7.332481,43.822354,51.168004,51.944494,0.776490,52.067917
2934,vehicle0,1550.625000,1550.535000,2295.063231,1,ok,23091,18475,1,0.220730,0.010118,0.000413,0.114221,3.439812,12.711241,0.000098,16.004820,1.836331,0.662628,17.206496,0.004316,7.455250,51.975647,59.435626,59.709763,0.274137,59.940611
2935,vehicle0,1550.810000,1550.735000,2295.802707,1,ok,23092,18475,1,0.192297,0.006633,0.000230,0.071800,2.855413,5.260178,0.000031,16.032841,1.992417,0.700826,18.051352,0.004212,7.022946,44.964858,51.992246,52.271677,0.279431,52.470607
2936,vehicle0,1551.033000,1550.935000,2296.607064,1,ok,23087,18470,1,0.215165,0.007055,0.000314,0.081329,2.449545,7.735961,0.000109,23.184012,3.424887,1.130520,54.450321,0.003419,8.212831,92.456684,100.673248,101.446702,0.773454,101.668922
2937,vehicle0,1551.235000,1551.135000,2297.322338,1,ok,23081,18464,1,0.077597,0.006511,0.000304,0.099202,2.447958,7.975988,0.000151,24.717588,3.432140,0.988543,34.170145,0.003624,8.981364,73.831715,82.817007,83.419945,0.602938,83.504053
2938,vehicle0,1551.396000,1551.335000,2298.010070,1,ok,23081,18465,1,0.155465,0.005442,0.000198,0.066488,1.734491,7.083306,0.000096,21.286533,1.710377,0.739410,5.928473,0.016971,7.620672,38.549174,46.187015,46.395494,0.208479,46.556401
2939,vehicle0,1551.635000,1551.537000,2298.817441,1,ok,23096,18480,1,0.202273,0.006231,0.000155,0.060218,1.838957,6.412738,0.000074,24.589430,4.055233,0.804234,36.546509,0.003365,7.811776,74.307393,82.122689,82.441484,0.318795,82.649988
2940,vehicle0,1551.826000,1551.734000,2299.552908,1,ok,23111,18493,1,0.200255,0.005804,0.000115,0.084715,2.659832,8.371717,0.000110,18.359977,1.520701,0.892238,6.970372,0.003643,8.466754,38.859662,47.330174,47.683725,0.353551,47.889784
2941,vehicle0,1552.028000,1551.935000,2300.322072,1,ok,23098,18481,1,0.242168,0.008300,0.000317,0.052324,1.923324,6.061088,0.000120,18.220408,1.733348,0.639730,19.203893,0.004469,7.929587,47.834235,55.768608,55.970445,0.201837,56.220913
2942,vehicle0,1552.207000,1552.136000,2301.058640,1,ok,23099,18483,1,0.211198,0.010789,0.000189,0.068834,1.916777,6.590171,0.000135,19.978366,1.824147,0.710040,7.204223,0.012641,8.268036,38.292693,46.573559,46.948194,0.374635,47.170181
2943,vehicle0,1552.404000,1552.335000,2301.799065,1,ok,23108,18492,1,0.107160,0.006770,0.000137,0.046231,1.765664,5.431596,0.000076,14.562345,1.698101,0.925392,5.980838,0.277678,9.663654,30.410243,40.351712,40.809899,0.458187,40.923829
2944,vehicle0,1552.643000,1552.536000,2302.713106,1,ok,23133,18518,1,0.079622,0.003588,0.000169,0.050103,3.503005,6.556577,0.000248,28.561395,10.873370,1.030350,148.977694,0.003972,7.182853,199.552742,206.739736,207.208945,0.469209,207.292155
2945,vehicle0,1552.843000,1552.737000,2303.510961,1,ok,23093,18486,1,0.211491,0.012371,0.000298,0.078996,3.221442,5.485502,0.000117,30.939424,9.105343,0.697045,165.494307,0.003860,7.045459,215.022176,222.071793,222.359180,0.287387,222.583042
2946,vehicle0,1553.045000,1552.937000,2304.297459,1,ok,23045,18451,1,0.227560,0.007402,0.000257,0.082410,4.984268,8.074132,0.000195,38.932422,9.940078,0.797115,165.800014,0.003125,7.306351,228.610634,235.920367,237.147155,1.226788,237.382117
2947,vehicle0,1553.244000,1553.136000,2305.015341,1,ok,23072,18480,1,0.176184,0.007059,0.000141,0.061890,2.888065,6.920645,0.000076,29.867454,10.126346,0.711695,149.891992,0.004027,7.392275,200.468163,207.864606,208.104564,0.239958,208.287807
2948,vehicle0,1553.444000,1553.336000,2305.790892,1,ok,23026,18435,1,0.198322,0.007755,0.000280,0.099713,3.270359,6.244775,0.000103,30.786711,8.030385,0.939760,136.743033,0.018081,6.843477,186.114839,192.976677,193.382438,0.405761,193.588515
2949,vehicle0,1553.643000,1553.535000,2306.567062,1,ok,22938,18357,1,0.196484,0.011654,0.000203,0.070311,3.256342,6.137028,0.000084,41.608921,13.814872,0.949801,126.224350,0.003827,6.623663,192.061709,198.689402,199.397696,0.708294,199.605834
2950,vehicle0,1553.846000,1553.737000,2307.313488,1,ok,22827,18266,1,0.114296,0.148220,0.000175,0.086883,2.842846,6.389639,0.000125,29.199182,7.788897,0.712322,129.834266,0.004275,7.194489,176.854160,184.053099,184.283469,0.230370,184.545985
2951,vehicle0,1554.044000,1553.936000,2308.109124,1,ok,22833,18261,1,0.190061,0.008993,0.000275,0.080817,3.821422,6.900157,0.000077,29.461418,8.713712,0.713100,154.785384,0.003183,7.435640,204.476087,211.915185,212.259857,0.344672,212.458911
2952,vehicle0,1554.248000,1554.137000,2308.890191,1,ok,22782,18206,1,0.091520,0.008154,0.000314,0.097882,2.901092,5.511087,0.000073,30.182747,7.819103,0.755300,163.199843,0.004581,12.467845,210.467127,222.939867,223.264525,0.324658,223.364199
2953,vehicle0,1554.440000,1554.337000,2309.626686,1,ok,22743,18172,1,0.082009,0.005920,0.000205,0.095859,2.497183,6.121899,0.000077,25.997059,6.297021,0.915381,121.433170,0.003736,7.596840,163.357649,170.958430,171.203166,0.244736,171.291095
2954,vehicle0,1554.642000,1554.536000,2310.430998,1,ok,22743,18159,1,0.109591,0.007772,0.000194,0.104780,2.377279,6.895755,0.000092,24.208471,7.035392,0.857568,126.732658,0.017978,7.097713,168.211995,175.327880,175.763935,0.436055,175.881298
2955,vehicle0,1554.835000,1554.737000,2311.146291,1,ok,22761,18174,1,0.215008,0.006387,0.000280,0.088338,2.891803,6.073578,0.000082,24.155164,3.899935,0.809941,106.026978,0.005153,6.247756,143.945819,150.199008,150.563864,0.364856,150.785259
2956,vehicle0,1555.042000,1554.936000,2311.973880,1,ok,22745,18140,1,0.102810,0.005730,0.000270,0.070127,1.950910,6.567278,0.000092,28.269239,5.552730,0.770430,119.552852,0.008841,8.123544,162.733658,170.866313,171.206953,0.340640,171.315493
2957,vehicle0,1555.242000,1555.136000,2312.757546,1,ok,22714,18107,1,0.209972,0.006164,0.000221,0.076144,2.897347,5.672712,0.000089,22.502360,4.391744,0.736770,133.174622,0.003739,6.827089,169.451788,176.282837,176.637669,0.354832,176.853805
2958,vehicle0,1555.436000,1555.336000,2313.481447,1,ok,22716,18110,1,0.181579,0.006000,0.000224,0.061732,2.024516,6.846918,0.000149,31.583078,4.979008,0.760643,88.373009,0.003674,6.779339,134.629053,141.412290,141.682815,0.270525,141.870394
2959,vehicle0,1555.636000,1555.536000,2314.248435,1,ok,22745,18139,1,0.172386,0.007362,0.000158,0.093327,2.923785,8.532997,0.000119,23.408567,5.453235,0.778935,98.505167,0.003965,6.280901,139.696132,145.981156,146.267370,0.286214,146.447118
2960,vehicle0,1555.836000,1555.738000,2314.996533,1,ok,22750,18144,1,0.356580,0.006417,0.000347,0.103010,2.664981,5.585050,0.000086,19.338714,3.391364,0.822195,103.551866,0.012902,7.067821,135.457266,142.538336,142.784911,0.246575,143.147908
2961,vehicle0,1556.037000,1555.937000,2315.719205,1,ok,22749,18144,1,0.096219,0.004699,0.000229,0.063085,2.226873,6.361376,0.000078,20.941730,3.731948,0.716454,69.951918,0.003303,6.814480,103.993462,110.811474,111.105924,0.294450,111.206842
2962,vehicle0,1556.247000,1556.136000,2316.554079,1,ok,22732,18128,1,0.177861,0.006844,0.000265,0.093841,2.782354,9.025544,0.000190,28.595483,5.987457,0.931110,122.796492,0.003980,7.693821,170.212471,177.910537,178.312171,0.401634,178.496876
2963,vehicle0,1556.437000,1556.336000,2317.261405,1,ok,22738,18135,1,0.244018,0.007108,0.000154,0.083236,2.833933,6.103282,0.000088,20.974546,4.355788,0.799464,83.358220,0.003576,6.196475,118.508557,124.708762,125.121208,0.412446,125.372334
2964,vehicle0,1556.638000,1556.536000,2318.017189,1,ok,22755,18151,1,0.093162,0.005870,0.000338,0.093084,2.516301,5.957021,0.000083,21.552926,3.576003,1.039853,94.836149,0.004355,7.223377,129.571420,136.799490,137.103421,0.303931,137.202453
2965,vehicle0,1556.837000,1556.737000,2318.732444,1,ok,22728,18121,1,0.211274,0.016116,0.000285,0.083385,2.394020,6.774227,0.000110,21.499801,3.228120,0.686248,61.102982,0.029399,8.039068,95.768893,103.837645,104.053437,0.215792,104.280827
2966,vehicle0,1557.036000,1556.937000,2319.510912,1,ok,22724,18118,1,0.081176,0.006347,0.000312,0.094300,2.857717,7.779999,0.000198,20.935247,3.573388,0.863447,57.203987,0.009811,8.366953,93.308283,101.685359,102.179432,0.494073,102.266955
2967,vehicle0,1557.237000,1557.136000,2320.268647,1,ok,22714,18109,1,0.175522,0.005556,0.000150,0.046859,1.954766,7.583292,0.000103,21.100193,3.328324,0.702113,66.989532,0.004226,6.312271,101.705182,108.021829,108.234580,0.212751,108.415658
2968,vehicle0,1557.441000,1557.336000,2321.094049,1,ok,22721,18115,1,0.181491,0.006324,0.000238,0.089971,2.777662,5.749315,0.000131,24.325882,4.606236,0.926749,107.143379,0.003829,8.239710,145.619325,153.863102,154.121357,0.258255,154.309172
2969,vehicle0,1557.647000,1557.540000,2321.968605,1,ok,22736,18130,1,0.105525,0.008780,0.000265,0.168953,4.816866,6.068379,0.000113,25.886852,5.899065,0.693504,133.299631,0.008430,6.588367,176.833363,183.430425,183.766599,0.336174,183.880904
2970,vehicle0,1557.840000,1557.741000,2322.670638,1,ok,22751,18146,1,0.205445,0.005446,0.000174,0.088448,2.532515,6.047458,0.000228,19.522677,4.076135,0.925377,76.634233,0.016120,6.244829,109.827071,116.088194,116.374842,0.286648,116.585733
2971,vehicle0,1558.041000,1557.942000,2323.446257,1,ok,22752,18146,1,0.196254,0.007228,0.000148,0.088130,2.082209,6.028820,0.000109,16.700266,2.019879,0.661386,37.293099,0.003275,7.913670,64.873898,72.790991,73.080444,0.289453,73.283926
2972,vehicle0,1558.235000,1558.141000,2323.969256,1,ok,22758,18152,1,0.222184,0.007474,0.000299,0.166016,2.879747,6.172484,0.000144,15.624649,1.549506,0.714681,12.584273,0.003215,6.863045,39.691500,46.558059,46.887555,0.329496,47.117213
2973,vehicle0,1558.441000,1558.341000,2324.723874,1,ok,22740,18135,1,0.183991,0.006609,0.000292,0.086259,2.476676,6.486552,0.000093,17.392135,2.323987,0.807253,24.527666,0.003552,7.715826,54.100621,61.820291,62.176258,0.355967,62.366858
2974,vehicle0,1558.641000,1558.542000,2325.387914,1,ok,22747,18144,1,0.128893,1.570154,0.000369,0.083727,2.568286,6.341617,0.000088,17.696461,2.336382,0.682917,50.851967,0.009755,7.400887,80.561445,87.972456,88.603789,0.631333,90.302836
2975,vehicle0,1558.836000,1558.740000,2326.089825,1,ok,22741,18138,1,0.169231,0.008113,0.000286,0.074002,2.280751,6.492190,0.000236,17.356362,1.768665,0.771132,13.006889,0.002713,7.255574,41.750227,49.008800,49.484027,0.475227,49.661371
2976,vehicle0,1559.040000,1558.939000,2326.847965,1,ok,22736,18133,1,0.118234,0.016088,0.000268,0.095763,1.964161,9.471922,0.000095,17.856822,1.970181,0.781084,24.239364,0.114771,11.188736,56.379392,67.683167,68.096633,0.413466,68.230955
2977,vehicle0,1559.241000,1559.140000,2327.635892,1,ok,22736,18131,1,0.125812,0.009976,0.000340,0.106698,2.642951,7.948864,0.000142,22.376058,3.034282,0.888164,43.860764,0.006299,10.808588,80.857923,91.673150,92.394973,0.721823,92.530761
2978,vehicle0,1559.440000,1559.339000,2328.383677,1,ok,22736,18130,1,0.106718,0.007819,0.000330,0.100378,2.460447,7.361743,0.000177,26.474557,2.875311,0.959690,12.217998,0.015000,10.982892,52.450301,63.448523,64.001067,0.552544,64.115604
2979,vehicle0,1559.640000,1559.540000,2329.181159,1,ok,22760,18154,1,0.116607,0.012604,0.000329,0.162626,2.441763,6.184832,0.000090,20.846882,4.965100,0.971299,53.178779,0.003268,7.187278,88.751371,95.942246,96.607888,0.665642,96.737099
2980,vehicle0,1559.835000,1559.742000,2329.878484,1,ok,22759,18152,1,0.111528,0.007305,0.000332,0.088206,2.168759,6.146368,0.000088,15.541126,2.415528,1.898461,17.692187,0.003259,7.727031,45.950723,53.681345,54.060320,0.378975,54.179153
2981,vehicle0,1560.039000,1559.941000,2330.694317,1,ok,22749,18143,1,0.116437,0.010438,0.000362,0.188326,4.797801,8.216736,0.000105,23.078475,3.272467,1.031371,58.692070,0.005310,7.707645,99.277351,106.990668,107.538098,0.547430,107.664973
2982,vehicle0,1560.242000,1560.141000,2331.426564,1,ok,22731,18125,1,0.200528,0.006440,0.000274,0.095165,2.446765,7.198560,0.000082,19.603201,2.210092,0.883998,22.163244,0.019714,8.467611,54.601107,63.088706,63.359579,0.270873,63.566547
2983,vehicle0,1560.440000,1560.340000,2332.168367,1,ok,22728,18124,1,0.208485,0.006985,0.000280,0.073863,2.094936,5.924227,0.000088,17.485314,1.828849,0.673697,26.866599,0.003759,6.266970,54.947573,61.218582,61.469749,0.251167,61.685219
2984,vehicle0,1560.641000,1560.541000,2332.944225,1,ok,22713,18108,1,0.139711,0.009256,0.000242,0.097522,2.273336,6.494720,0.000106,18.542720,2.143476,0.732163,41.327049,0.004172,7.534237,71.611092,79.149743,79.516555,0.366812,79.665522
2985,vehicle0,1560.840000,1560.741000,2333.669161,1,ok,22730,18124,1,0.216629,0.024042,0.000284,0.099545,2.463760,7.636144,0.000124,15.441116,1.490964,0.658590,14.668386,0.002655,7.084270,42.458629,49.545838,49.884855,0.339017,50.125526
2986,vehicle0,1561.039000,1560.941000,2334.456954,1,ok,22727,18121,1,0.104350,0.008252,0.000350,0.096354,2.552880,12.857176,0.000107,20.601535,2.045469,0.680403,37.688263,0.010994,10.548156,76.522187,87.081687,87.338901,0.257214,87.451503
2987,vehicle0,1561.240000,1561.140000,2335.208126,1,ok,22725,18120,1,0.177795,0.009031,0.000220,0.111467,2.604727,8.915221,0.000137,17.657401,1.722853,0.694344,26.501243,0.003771,7.466344,58.207393,65.677728,65.903081,0.225353,66.089907
2988,vehicle0,1561.442000,1561.339000,2336.000227,1,ok,22716,18111,1,0.184875,0.008203,0.000302,0.094580,2.442394,7.963645,0.000113,23.728961,3.456659,0.945032,48.220231,0.025674,7.106614,86.851615,93.984205,94.221495,0.237290,94.414573
2989,vehicle0,1561.640000,1561.540000,2336.746680,1,ok,22707,18102,1,0.334284,0.011950,0.000387,0.108503,2.573993,6.262706,0.000119,21.345228,3.421422,0.698897,33.704042,0.006042,7.931181,68.114910,76.052520,76.333695,0.281175,76.679929
2990,vehicle0,1561.838000,1561.740000,2337.504157,1,ok,22714,18107,1,0.102427,0.006393,0.000282,0.118604,2.059784,5.883203,0.000093,14.580491,2.602527,0.715876,17.024923,0.002621,7.315114,42.985501,50.303518,50.724086,0.420568,50.832906
2991,vehicle0,1562.039000,1561.942000,2338.278835,1,ok,22727,18121,1,0.242438,0.007814,0.000263,0.098050,1.947914,6.365313,0.000102,16.821173,2.833518,1.014200,41.869231,0.003823,6.472056,70.949501,77.425643,77.694270,0.268627,77.944522
2992,vehicle0,1562.227000,1562.142000,2339.025399,1,ok,22732,18127,1,0.207924,0.008914,0.000600,0.076390,2.847757,5.372006,0.000086,15.976811,1.655290,0.797588,6.595356,0.003722,8.830229,33.321284,42.155835,42.717606,0.561771,42.934444
2993,vehicle0,1562.441000,1562.340000,2339.846991,1,ok,22714,18108,1,0.114782,0.003956,0.000279,0.060170,1.685468,5.189223,0.000163,15.832637,2.089201,0.704304,40.149108,0.003541,6.605003,65.710274,72.319097,72.645326,0.326229,72.764064
2994,vehicle0,1562.641000,1562.540000,2340.563144,1,ok,22701,18095,1,0.321851,0.010514,0.000289,0.163372,2.675032,7.565239,0.000077,14.586909,1.916505,0.779521,13.265718,0.020676,8.108163,40.952373,49.081501,49.412742,0.331241,49.745107
2995,vehicle0,1562.840000,1562.740000,2341.298499,1,ok,22719,18114,1,0.104732,0.008560,0.000332,0.119641,2.382946,5.899358,0.000102,16.107102,1.500230,0.692267,18.127070,0.004430,7.197605,44.828716,52.031083,52.333846,0.302763,52.447138
2996,vehicle0,1563.040000,1562.940000,2342.025868,1,ok,22744,18139,1,0.198773,0.006991,0.000248,0.077798,2.122851,5.813041,0.000088,16.752378,2.102458,0.701795,22.160716,0.003179,7.676677,49.731125,57.411229,57.701064,0.289835,57.906828
2997,vehicle0,1563.242000,1563.142000,2342.787976,1,ok,22759,18155,1,0.112907,0.063194,0.000363,0.118026,3.009479,8.438598,0.000189,21.453795,2.722850,1.099664,26.713735,0.004320,11.201749,63.556336,74.762768,75.675991,0.913223,75.852092
2998,vehicle0,1563.440000,1563.340000,2343.561065,1,ok,22736,18132,1,0.075242,0.009697,0.000293,0.097228,2.510609,5.647616,0.000119,15.950050,1.732511,0.699733,31.783914,0.007912,6.603873,58.421780,65.033858,65.431913,0.398055,65.516852
2999,vehicle0,1563.641000,1563.540000,2344.342045,1,ok,22720,18116,1,0.102953,0.010427,0.000238,0.089831,2.596704,6.097272,0.000112,20.883278,3.709252,0.724974,37.350391,0.016466,7.298922,71.451814,78.767440,79.174011,0.406571,79.287391
3000,vehicle0,1563.838000,1563.741000,2345.071795,1,ok,22729,18125,1,0.352286,0.007910,0.000187,0.118497,2.735053,11.396531,0.000100,16.351231,2.035100,0.794973,20.165858,0.003260,7.121475,53.597343,60.722265,61.217699,0.495434,61.577895
3001,vehicle0,1564.031000,1563.942000,2345.803027,1,ok,22757,18153,1,0.100835,1.183850,0.000471,0.163899,2.816976,7.348257,0.000156,14.979416,2.907660,0.712513,5.914970,0.004101,10.703468,34.843847,45.551887,45.873722,0.321835,47.158407
3002,vehicle0,1564.242000,1564.141000,2346.505716,1,ok,22755,18151,1,0.198458,0.006825,0.000341,0.097396,2.251383,7.413021,0.000142,22.007543,2.545440,0.896289,22.190973,0.013484,11.503946,57.402187,68.919958,69.339007,0.419049,69.544290
3003,vehicle0,1564.436000,1564.343000,2347.262408,1,ok,22738,18133,1,0.111076,0.007390,0.000239,0.102420,1.889853,6.819493,0.000072,16.671567,1.452322,0.661280,19.332612,0.003893,7.358682,46.929619,54.292433,54.530909,0.238476,54.649375
3004,vehicle0,1564.637000,1564.543000,2348.031692,1,ok,22714,18108,1,0.189167,0.004881,0.000293,0.062579,1.844722,6.701982,0.000111,16.987071,2.411040,0.886232,19.699044,0.010835,6.852984,48.592781,55.456893,56.064381,0.607488,56.258429
3005,vehicle0,1564.832000,1564.744000,2348.682698,1,ok,22734,18126,1,0.205236,0.008505,0.000218,0.089238,2.017719,5.671011,0.000090,15.233407,1.924120,1.409278,14.360581,0.017767,6.880561,40.705444,47.603990,48.022571,0.418581,48.236312
3006,vehicle0,1565.045000,1564.941000,2349.377655,1,ok,22739,18131,1,0.225234,0.006888,0.000164,0.111871,2.597315,6.112113,0.000085,17.543783,2.149148,0.665584,26.718530,0.004007,6.622212,55.898429,62.524812,62.867453,0.342641,63.099575
3007,vehicle0,1565.242000,1565.142000,2350.021491,1,ok,22717,18109,1,0.076642,0.006453,0.000212,0.087215,2.344577,7.804616,0.000109,21.872210,2.455496,0.957629,19.848081,0.003207,9.752422,55.369933,65.125774,65.440369,0.314595,65.523464
3008,vehicle0,1565.443000,1565.343000,2350.801932,1,ok,22707,18100,1,0.191779,0.005865,0.000278,0.107381,2.570722,8.805679,0.000142,21.987727,2.232245,0.749143,27.712104,0.003485,7.700685,64.165143,71.869591,72.140310,0.270719,72.337954
3009,vehicle0,1565.643000,1565.542000,2351.593143,1,ok,22717,18111,1,0.195252,0.006315,0.000372,0.110176,2.855628,6.591067,0.000132,22.802858,3.504338,0.654046,51.778663,0.003599,12.543305,88.296908,100.844184,101.064874,0.220690,101.266441
3010,vehicle0,1565.842000,1565.744000,2352.281610,1,ok,22728,18122,1,0.444246,0.011363,0.000401,0.114101,2.979032,7.236893,0.000093,16.513795,2.517470,1.029524,16.054784,0.017006,11.218543,46.445692,57.681642,58.211897,0.530255,58.667506
3011,vehicle0,1566.035000,1565.942000,2353.034879,1,ok,22744,18139,1,0.089077,0.013672,0.000084,0.092896,2.320452,6.115972,0.000074,22.053790,1.592553,0.786481,5.832997,0.004094,7.772688,38.795215,46.572081,46.905080,0.332999,47.007829
3012,vehicle0,1566.235000,1566.142000,2353.779688,1,ok,22751,18146,1,0.095815,0.006618,0.000298,0.069169,2.755895,6.495409,0.000316,19.265449,1.334613,0.641689,5.594301,0.003503,6.541726,36.156841,42.702368,43.021108,0.318740,43.123541
3013,vehicle0,1566.442000,1566.343000,2354.439126,1,ok,22718,18113,1,0.179187,0.005515,0.000200,0.043680,1.677259,5.229688,0.000086,17.853712,1.942801,0.687704,31.835086,0.006979,7.488759,59.270016,66.765954,67.114110,0.348156,67.298812
3014,vehicle0,1566.637000,1566.543000,2355.190908,1,ok,22721,18116,1,0.195251,0.006932,0.000186,0.095819,2.484288,8.062580,0.000132,21.939141,1.814203,0.664843,9.959354,0.004177,8.771860,45.020360,53.796583,54.045018,0.248435,54.247201
3015,vehicle0,1566.841000,1566.743000,2355.956849,1,ok,22747,18142,1,0.170633,0.011872,0.000226,0.069854,1.872476,5.578196,0.000086,16.121234,1.606139,0.726714,25.695160,0.004621,8.638317,51.669859,60.313023,60.547731,0.234708,60.730236
3016,vehicle0,1567.043000,1566.944000,2356.640205,1,ok,22761,18156,1,0.120529,0.006411,0.000264,0.098249,3.118486,5.467156,0.000097,16.501497,2.128483,0.727541,21.255667,0.079940,8.158220,49.297176,57.535600,57.947370,0.411770,58.074310
3017,vehicle0,1567.242000,1567.145000,2357.434912,1,ok,22758,18153,1,0.150476,0.331021,0.000251,0.128888,2.641483,7.962305,0.000142,33.361685,3.127243,0.969901,44.278314,0.023506,10.492195,92.469961,102.985913,103.321263,0.335350,103.802760
3018,vehicle0,1567.444000,1567.343000,2358.178062,1,ok,22749,18144,1,0.190709,0.007783,0.000356,0.077069,2.534256,11.698035,0.000091,19.031742,2.001430,0.689447,43.567002,0.003995,7.716729,79.599072,87.320152,87.592798,0.272646,87.791290
3019,vehicle0,1567.644000,1567.543000,2358.737144,1,ok,22717,18112,1,0.092631,0.007464,0.000314,0.075889,2.781761,5.528181,0.000107,19.487493,3.973181,0.761431,42.058755,0.003482,6.151648,74.666798,80.822242,81.112687,0.290445,81.212782
3020,vehicle0,1567.843000,1567.742000,2359.530689,1,ok,22732,18127,1,0.217873,0.007843,0.000294,0.095349,2.693258,11.128398,0.000119,18.965270,2.126847,0.669164,55.468707,0.003385,7.028270,91.147112,98.179061,98.421969,0.242908,98.647685
3021,vehicle0,1568.045000,1567.940000,2360.255014,1,ok,22741,18136,1,0.115822,0.005865,0.000215,0.108049,2.637050,8.037765,0.000187,17.525466,1.919288,0.744916,22.768371,0.022442,8.334617,53.741092,62.098366,62.493436,0.395070,62.615123
3022,vehicle0,1568.242000,1568.142000,2361.060124,1,ok,22733,18128,1,0.213188,0.007515,0.000386,0.099074,2.222319,6.800503,0.000091,17.059414,2.429518,0.846262,34.878618,0.009807,7.679700,64.335799,72.025692,72.618727,0.593035,72.839430
3023,vehicle0,1568.442000,1568.342000,2361.830563,1,ok,22752,18147,1,0.214458,0.009210,0.000275,0.087016,2.547613,7.763483,0.000125,25.511905,1.653014,0.646481,21.246223,0.006353,6.927496,59.455860,66.389984,66.685770,0.295786,66.909438
3024,vehicle0,1568.642000,1568.542000,2362.608336,1,ok,22771,18168,1,0.102876,0.006383,0.000300,0.071958,1.859722,6.505812,0.000180,17.225870,2.008433,0.757977,34.335892,0.005901,6.584973,62.765844,69.357018,69.643139,0.286121,69.752398
3025,vehicle0,1568.836000,1568.742000,2363.368920,1,ok,22749,18146,1,0.248271,0.006232,0.000122,0.098634,3.808633,6.633933,0.000144,16.253015,1.542406,0.681256,16.830962,0.004548,7.424127,45.848983,53.277780,53.568509,0.290729,53.823012
3026,vehicle0,1569.023000,1568.943000,2364.153639,1,ok,22734,18131,1,0.183845,0.008102,0.000294,0.115754,3.302050,6.526026,0.000094,17.114743,1.852642,0.834210,17.040705,0.004856,9.096176,46.786224,55.887550,56.228816,0.341266,56.420763
3027,vehicle0,1569.229000,1569.142000,2364.921194,1,ok,22727,18124,1,0.101683,0.007865,0.000211,0.094412,1.846266,6.788127,0.000102,16.657137,1.620399,0.676339,8.648184,0.028564,7.959708,36.330966,44.319449,44.574099,0.254650,44.683647
3028,vehicle0,1569.440000,1569.343000,2365.699436,1,ok,22751,18147,1,0.096462,0.011370,0.000234,0.089851,2.077668,6.017519,0.000079,17.769011,2.055278,0.650090,23.519978,0.003203,8.037190,52.179474,60.220101,60.452221,0.232120,60.560053
3029,vehicle0,1569.641000,1569.543000,2366.468626,1,ok,22723,18119,1,0.291626,0.757752,0.000388,0.090836,2.419759,5.638111,0.000082,19.916528,3.844901,0.913110,34.089197,0.004318,7.149605,66.912524,74.066835,74.706932,0.640097,75.756310
3030,vehicle0,1569.842000,1569.742000,2367.220758,1,ok,22726,18122,1,0.220788,0.008804,0.000387,0.131037,3.112846,6.510133,0.000082,18.438074,1.808605,0.717272,32.238398,0.003548,8.463938,62.956447,71.424320,71.796871,0.372551,72.026463
3031,vehicle0,1570.037000,1569.942000,2368.003275,1,ok,22723,18120,1,0.179004,0.012381,0.000208,0.086798,2.305341,6.943515,0.000105,17.716922,2.016168,0.667281,20.906205,0.944258,9.145310,50.642335,60.732111,61.040540,0.308429,61.231925
3032,vehicle0,1570.222000,1570.142000,2368.765285,1,ok,22731,18127,1,0.118982,0.005483,0.000253,0.090270,2.365230,7.509791,0.000077,17.881232,1.925762,0.741849,7.121194,0.003331,6.595101,37.635405,44.234090,45.262365,1.028275,45.386830
3033,vehicle0,1570.443000,1570.342000,2369.522087,1,ok,22746,18142,1,0.228774,0.008935,0.000257,0.078468,2.207574,6.082308,0.000167,14.903749,2.259500,0.786171,19.099448,0.041721,10.118941,45.417385,55.578304,55.921862,0.343558,56.159571
3034,vehicle0,1570.642000,1570.542000,2370.305051,1,ok,22759,18154,1,0.233569,0.008480,0.000335,0.121001,2.816734,8.223067,0.000123,23.167160,3.343177,1.053922,28.537050,0.004890,7.520816,67.262234,74.788275,75.304520,0.516245,75.546569
3035,vehicle0,1570.829000,1570.743000,2371.014312,1,ok,22738,18133,1,0.095310,0.009000,0.000200,0.095757,2.782297,7.627801,0.000288,16.597183,2.087300,0.910119,14.214584,0.003382,6.422077,44.315329,50.740988,51.188681,0.447693,51.292991
3036,vehicle0,1571.043000,1570.942000,2371.805123,1,ok,22720,18115,1,0.114918,0.007556,0.000286,0.107059,2.503514,8.622869,0.000177,21.610704,2.317018,0.765592,24.118055,0.004681,7.568726,60.044988,67.618681,68.065586,0.446905,68.188060
3037,vehicle0,1571.232000,1571.141000,2372.558529,1,ok,22728,18124,1,0.113675,0.009159,0.000207,0.086739,2.095393,5.902824,0.000096,17.581799,1.772031,0.694463,15.390205,0.004991,8.158442,43.523550,51.687190,51.976295,0.289105,52.099129
3038,vehicle0,1571.441000,1571.345000,2373.351591,1,ok,22740,18138,1,0.080972,0.006813,0.000274,0.116328,2.729122,8.043390,0.000120,23.300639,3.657686,0.673672,24.476757,0.058717,6.567494,62.997714,69.624199,69.991609,0.367410,70.079394
3039,vehicle0,1571.644000,1571.542000,2374.131208,1,ok,22738,18136,1,0.095372,0.010332,0.000240,0.116408,2.128821,7.879516,0.000097,21.377345,3.140593,0.735857,27.711917,0.005561,7.811339,63.090554,70.907694,71.235320,0.327626,71.341024
3040,vehicle0,1571.842000,1571.742000,2374.884450,1,ok,22755,18153,1,0.095796,0.010625,0.000335,0.088188,2.685963,7.454646,0.000117,16.519113,3.089546,0.862154,37.278339,0.004256,7.382484,67.978066,75.365141,75.818172,0.453031,75.924593
3041,vehicle0,1572.042000,1571.942000,2375.658805,1,ok,22776,18173,1,0.247847,0.009399,0.000275,0.104607,2.595549,8.589575,0.000125,21.658647,2.519511,0.986703,21.604690,0.011937,12.407475,58.059407,70.479094,71.431772,0.952678,71.689018
3042,vehicle0,1572.244000,1572.144000,2376.436791,1,ok,22776,18173,1,0.120493,0.007843,0.000390,0.083534,2.125634,6.454153,0.000083,16.081483,2.852593,0.699145,31.672086,0.003509,6.844385,59.968711,66.816995,67.260637,0.443642,67.388973
3043,vehicle0,1572.436000,1572.342000,2377.167535,1,ok,22785,18180,1,0.107045,0.009620,0.000171,0.089675,2.037151,6.162421,0.000175,14.588132,1.530811,0.685700,9.513089,0.004216,7.960817,34.607154,42.572358,42.828043,0.255685,42.944708
3044,vehicle0,1572.636000,1572.542000,2377.949673,1,ok,22762,18157,1,0.188652,0.004786,0.000205,0.063677,1.816897,5.431449,0.000225,17.150596,2.451007,0.909651,18.878309,0.017202,7.758134,46.701811,54.477352,54.903993,0.426641,55.097431
3045,vehicle0,1572.842000,1572.743000,2378.675864,1,ok,22748,18145,1,0.211297,0.013285,0.000308,0.101100,2.410483,6.135939,0.000083,16.189210,1.763146,0.679436,16.186095,0.003984,8.599161,43.465492,52.068945,52.345497,0.276552,52.570079
3046,vehicle0,1573.026000,1572.940000,2379.446134,1,ok,22744,18141,1,0.081059,0.004611,0.000196,0.046142,2.824817,7.959984,0.000148,18.990236,1.638932,0.713185,7.610036,0.004584,7.404531,39.783480,47.192791,47.978374,0.785583,48.064044
3047,vehicle0,1573.242000,1573.143000,2380.249465,1,ok,22737,18133,1,0.191947,0.012826,0.000200,0.076497,2.360680,8.207885,0.000144,22.353168,3.523550,1.036902,28.973377,0.004799,10.925458,66.532203,77.462660,78.356079,0.893419,78.560852
3048,vehicle0,1573.441000,1573.342000,2380.985117,1,ok,22758,18153,1,0.186503,0.006256,0.000268,0.093430,2.208567,6.557222,0.000088,15.043592,2.490042,0.730407,27.199762,0.004045,6.738580,54.323110,61.066003,61.387808,0.321805,61.580567
3049,vehicle0,1573.642000,1573.544000,2381.736847,1,ok,22743,18137,1,0.205534,0.036424,0.000245,0.090589,2.605608,7.698384,0.000093,18.817176,4.016037,0.799465,37.199545,0.015849,7.311982,71.226897,78.554973,78.909713,0.354740,79.151671
3050,vehicle0,1573.843000,1573.742000,2382.476400,1,ok,22728,18124,1,0.056864,0.009090,0.000362,0.123366,2.545836,7.374534,0.000091,17.652049,1.906304,0.669738,24.228165,0.003558,9.365538,54.500083,63.869541,64.117179,0.247638,64.183133
3051,vehicle0,1574.042000,1573.942000,2383.222593,1,ok,22754,18148,1,0.242103,0.870437,0.000242,0.069946,2.045432,5.851365,0.000088,17.157226,2.168096,0.734142,29.133181,0.004618,7.252779,57.159476,64.417115,64.761144,0.344029,65.873684
3052,vehicle0,1574.241000,1574.142000,2383.995842,1,ok,22758,18153,1,0.207656,0.007564,0.000240,0.094563,2.402718,7.293988,0.000153,19.323573,1.585533,0.677534,15.503187,0.023989,8.082683,46.881249,54.988161,55.315047,0.326886,55.530267
3053,vehicle0,1574.441000,1574.343000,2384.781174,1,ok,22747,18142,1,0.085083,0.006682,0.000337,0.090249,7.363912,6.572906,0.000138,14.624992,2.872952,0.883546,21.677008,0.003679,7.344403,54.085703,61.434122,61.715361,0.281239,61.807126
3054,vehicle0,1574.644000,1574.543000,2385.563224,1,ok,22731,18126,1,0.261343,0.008390,0.000278,0.109604,2.577279,7.592313,0.000135,18.216931,2.120181,0.937124,35.159167,0.049594,7.490913,66.712734,74.253519,74.790944,0.537425,75.060677
3055,vehicle0,1574.843000,1574.743000,2386.323292,1,ok,22741,18136,1,0.306451,0.011224,0.000306,0.118939,2.583971,8.568451,0.000118,16.869039,2.332845,0.799384,36.151819,0.003690,8.181970,67.424566,75.610532,75.864052,0.253520,76.181727
3056,vehicle0,1575.036000,1574.944000,2387.040043,1,ok,22764,18159,1,0.071056,0.021539,0.000594,0.134190,3.172818,5.881738,0.000085,16.894896,1.931961,0.681205,21.493903,0.009395,8.426847,50.190796,58.627632,59.038782,0.411150,59.131377
3057,vehicle0,1575.245000,1575.143000,2387.854548,1,ok,22773,18168,1,0.222936,0.007303,0.000321,0.090242,2.040724,7.113097,0.000086,17.190746,2.847893,0.668298,43.277257,0.004482,10.652336,73.228343,83.885482,84.341796,0.456314,84.572035
3058,vehicle0,1575.444000,1575.343000,2388.494304,1,ok,22755,18150,1,0.080092,0.006333,0.000272,0.097956,2.134265,5.998378,0.000083,17.059625,4.672576,0.812368,34.215721,0.003955,6.639673,64.990972,71.634872,71.929791,0.294919,72.016216
3059,vehicle0,1575.643000,1575.544000,2389.295063,1,ok,22750,18145,1,0.296388,0.011190,0.000271,0.084763,2.262315,7.250057,0.000152,20.102853,4.699582,0.673955,36.813124,0.003625,6.211184,71.886801,78.101881,78.372240,0.270359,78.679818
3060,vehicle0,1575.827000,1575.744000,2390.017280,1,ok,22753,18149,1,0.110100,0.007669,0.000345,0.102968,2.482472,7.668926,0.000112,20.967153,1.976974,0.880894,6.505300,0.017545,6.768369,40.584799,47.371058,47.857962,0.486904,47.975731
3061,vehicle0,1576.045000,1575.942000,2390.777702,1,ok,22743,18138,1,0.074807,0.007871,0.000409,0.117069,2.594319,8.657721,0.000159,25.804223,2.765184,1.066354,18.840941,0.006330,11.369058,59.845970,71.221767,71.746462,0.524695,71.829140
3062,vehicle0,1576.231000,1576.144000,2391.513392,1,ok,22746,18139,1,0.090723,0.007588,0.000334,0.084446,2.085002,7.162992,0.000102,15.572801,1.763483,0.779706,11.308445,0.003258,7.682400,38.756977,46.442969,47.004455,0.561486,47.102766
3063,vehicle0,1576.424000,1576.344000,2392.141136,1,ok,22735,18131,1,0.098586,0.007136,0.000189,0.098784,2.563720,5.458808,0.000123,15.903199,1.371508,0.660541,5.692937,0.004374,6.451285,31.749620,38.205468,38.444680,0.239212,38.550402
3064,vehicle0,1576.638000,1576.544000,2392.904116,1,ok,22743,18139,1,0.235129,3.880008,0.000428,0.093470,2.514419,7.379215,0.000114,15.673729,1.855625,0.726587,19.343192,0.003983,7.439108,47.586351,55.029870,55.424234,0.394364,59.539371
3065,vehicle0,1576.825000,1576.743000,2393.634268,1,ok,22727,18124,1,0.229363,0.008193,0.000194,0.075501,2.629458,5.619772,0.000105,13.877839,1.331292,1.854878,7.810188,0.017392,8.054177,33.199033,41.270796,41.545160,0.274364,41.782716
3066,vehicle0,1577.044000,1576.943000,2394.445525,1,ok,22739,18135,1,0.217723,0.008318,0.000288,0.101496,2.284058,6.951190,0.000236,18.576547,2.344847,0.895546,19.961574,0.002716,6.957049,51.115494,58.075547,58.596425,0.520878,58.822466
3067,vehicle0,1577.244000,1577.141000,2395.235813,1,ok,22751,18149,1,0.195195,0.022137,0.000112,0.096532,2.465010,8.441526,0.000125,21.092042,2.223978,0.871101,36.847376,0.005233,8.282211,72.037690,80.325246,80.648797,0.323551,80.866129
3068,vehicle0,1577.439000,1577.344000,2395.957590,1,ok,22775,18174,1,0.106487,0.006404,0.000153,0.074611,2.181841,7.095424,0.000140,18.189564,1.609605,0.743448,17.198797,0.003663,7.103287,47.093430,54.200533,54.456475,0.255942,54.569366
3069,vehicle0,1577.644000,1577.545000,2396.771868,1,ok,22780,18179,1,0.107145,0.023454,0.000095,0.075406,2.799758,9.930624,0.000278,28.521727,5.830472,0.904917,48.597656,0.007371,7.267112,96.660838,103.935416,104.362763,0.427347,104.493362
3070,vehicle0,1577.844000,1577.744000,2397.366357,1,ok,22766,18166,1,0.203927,0.006319,0.000408,0.096543,2.344034,7.692832,0.000086,17.261905,2.213521,0.788736,14.520796,0.016300,9.305834,44.918453,54.240995,54.604289,0.363294,54.814535
3071,vehicle0,1578.039000,1577.943000,2398.178610,1,ok,22743,18141,1,0.132859,0.008543,0.000239,0.083460,2.341007,5.653713,0.000179,15.212569,1.734876,0.795938,22.401930,0.002539,8.394355,48.223672,56.620805,57.003173,0.382368,57.144575
3072,vehicle0,1578.241000,1578.143000,2398.981191,1,ok,22752,18148,1,0.229692,0.007443,0.000361,0.105355,2.683594,9.313248,0.000247,21.479925,2.774380,0.841249,29.720682,0.003490,9.538319,66.918680,76.460850,76.889523,0.428673,77.126658
3073,vehicle0,1578.445000,1578.343000,2399.772662,1,ok,22752,18147,1,0.299042,0.007072,0.000266,0.106756,3.054796,9.466148,0.000140,21.496082,2.939822,0.944236,20.240650,0.003520,7.071947,58.248630,65.324363,65.771129,0.446766,66.077243
3074,vehicle0,1578.643000,1578.544000,2400.542634,1,ok,22751,18146,1,0.247488,0.009593,0.000295,0.081389,2.332284,6.771408,0.000090,17.061740,2.514768,0.665200,24.311590,0.003476,7.126367,53.738469,60.868607,61.194285,0.325678,61.451366
3075,vehicle0,1578.843000,1578.744000,2401.331768,1,ok,22754,18151,1,0.222118,0.048427,0.000301,0.101459,2.504117,5.932127,0.000078,17.360875,2.003599,0.726439,42.142124,0.132029,9.157347,70.770818,80.060495,80.533671,0.473176,80.804216
3076,vehicle0,1579.043000,1578.942000,2402.112935,1,ok,22748,18144,1,0.221811,0.007698,0.000278,0.105157,2.430024,8.249490,0.000170,19.917778,1.995001,0.773647,20.631235,0.003072,6.998249,54.102502,61.104101,61.578883,0.474782,61.808392
3077,vehicle0,1579.243000,1579.143000,2402.904753,1,ok,22734,18131,1,0.108055,0.007797,0.000281,0.110048,2.578305,8.396093,0.000105,21.854880,2.706545,0.972521,28.422060,0.007015,8.039370,65.040557,73.087223,73.421619,0.334396,73.537471
3078,vehicle0,1579.427000,1579.344000,2403.669419,1,ok,22748,18145,1,0.288662,0.007279,0.000291,0.086036,1.867570,6.295836,0.000130,16.638880,2.089138,0.857292,15.162934,0.004673,7.802888,42.997816,50.805668,51.159243,0.353575,51.455184
3079,vehicle0,1579.645000,1579.543000,2404.514276,1,ok,22728,18124,1,0.234105,0.010697,0.000253,0.097875,3.546624,6.972952,0.000121,21.910610,3.971366,0.698864,50.128233,0.006425,9.079563,87.326645,96.412886,96.776379,0.363493,97.021181
3080,vehicle0,1579.832000,1579.742000,2405.227536,1,ok,22729,18124,1,0.214253,0.006615,0.000220,0.082052,2.206489,6.407945,0.000078,15.870611,2.080204,0.791829,19.810494,0.010194,11.054081,47.249702,58.314197,58.776530,0.462333,58.997398
3081,vehicle0,1580.043000,1579.942000,2406.055310,1,ok,22731,18127,1,0.215132,0.006464,0.000406,0.099315,2.390641,6.983811,0.000116,15.319296,1.672314,0.768396,21.402667,0.012661,10.495645,48.636556,59.145268,59.450788,0.305520,59.672384
3082,vehicle0,1580.245000,1580.144000,2406.844329,1,ok,22737,18133,1,0.101643,0.007751,0.000292,0.105657,3.506770,8.370007,0.000138,22.168443,3.762722,1.007469,16.714297,0.003430,8.023119,55.635503,63.662344,64.125335,0.462991,64.234729
3083,vehicle0,1580.439000,1580.344000,2407.636590,1,ok,22747,18142,1,0.124407,0.008502,0.000157,0.057653,1.899938,7.417594,0.000123,17.017752,2.555545,0.866653,19.954519,0.004838,9.656397,49.769777,59.431169,59.751672,0.320503,59.884581
3084,vehicle0,1580.638000,1580.541000,2408.442830,1,ok,22731,18127,1,0.214093,0.006860,0.000256,0.078639,2.733737,6.525072,0.000097,29.908229,2.797776,0.796005,16.192288,0.010198,7.844790,59.031843,66.887087,67.240222,0.353135,67.461175
3085,vehicle0,1580.825000,1580.745000,2409.204204,1,ok,22744,18140,1,0.087248,0.005873,0.000236,0.097276,2.451998,7.300816,0.000124,17.746722,1.459351,1.886909,5.738115,0.003941,8.006771,36.681311,44.692259,44.998909,0.306650,45.092030
3086,vehicle0,1581.045000,1580.945000,2410.028898,1,ok,22767,18164,1,0.114302,2.363045,0.000353,0.106980,2.392717,6.884447,0.000115,19.353639,1.932831,0.693832,28.999872,0.014998,6.419637,60.364433,66.799421,67.131308,0.331887,69.608655
3087,vehicle0,1581.242000,1581.143000,2410.777853,1,ok,22773,18169,1,0.113069,0.008317,0.000205,0.111873,2.387848,7.790826,0.000119,17.823259,1.406116,0.892769,6.566627,0.004127,8.295007,36.979437,45.278776,45.546012,0.267236,45.667398
3088,vehicle0,1581.439000,1581.343000,2411.564551,1,ok,22756,18151,1,0.206651,0.005761,0.000266,0.101735,2.563039,9.024467,0.000186,16.820130,1.679452,0.657509,23.215257,0.003242,7.788923,54.061775,61.854206,62.116087,0.261881,62.328499
3089,vehicle0,1581.643000,1581.543000,2412.397201,1,ok,22755,18153,1,0.088189,0.010535,0.000374,0.111070,2.667484,8.036309,0.000185,24.985550,4.748530,0.749277,43.706201,0.003407,7.571675,85.004606,92.580062,92.867193,0.287131,92.965917
3090,vehicle0,1581.843000,1581.742000,2413.131727,1,ok,22763,18161,1,0.143643,0.009766,0.000213,0.110851,2.637584,6.372400,0.000263,17.757553,2.478027,0.895610,29.731159,0.002838,8.106468,59.983447,68.092966,68.554622,0.461656,68.708031
3091,vehicle0,1582.046000,1581.943000,2413.942225,1,ok,22740,18137,1,0.097728,0.009423,0.000263,0.107601,2.738776,8.389276,0.000205,22.667865,1.948498,0.649132,40.569912,0.059651,7.035649,77.071265,84.166828,84.574051,0.407223,84.681202
3092,vehicle0,1582.245000,1582.147000,2414.705628,1,ok,22732,18129,1,0.077545,0.005488,0.000294,0.098238,2.514060,9.881546,0.000109,37.675871,2.655762,1.391904,15.509499,0.004297,7.847609,69.726989,77.579189,78.121565,0.542376,78.204598
3093,vehicle0,1582.444000,1582.343000,2415.479874,1,ok,22756,18152,1,0.205598,0.007413,0.000340,0.099966,2.470249,10.910670,0.000120,17.084379,2.517634,0.974260,19.125374,0.004319,8.071649,53.182652,61.258960,61.895063,0.636103,62.108074
3094,vehicle0,1582.643000,1582.545000,2416.304792,1,ok,22780,18176,1,0.187703,0.010940,0.000310,0.104056,2.541188,8.415435,0.000215,24.091086,1.990433,0.727141,34.257032,0.003533,6.612024,72.126586,78.742453,78.959388,0.216935,79.158031
3095,vehicle0,1582.842000,1582.743000,2417.045361,1,ok,22765,18161,1,0.280295,0.008771,0.000167,0.099962,2.658440,8.067656,0.000081,15.634053,2.220060,0.711876,25.108831,0.003569,8.169723,54.500959,62.674418,63.023752,0.349334,63.312818
3096,vehicle0,1583.044000,1582.942000,2417.864213,1,ok,22754,18152,1,0.228564,0.010903,0.000244,0.094639,2.371878,7.159817,0.000088,20.406552,2.467067,0.849283,23.968613,0.003412,8.345181,57.317937,65.666774,66.300582,0.633808,66.540049
3097,vehicle0,1583.244000,1583.143000,2418.637339,1,ok,22750,18149,1,0.217629,0.006919,0.000369,0.109632,2.095152,6.379695,0.000106,15.146462,1.819756,0.645375,28.533170,0.016328,6.160182,54.729348,60.906227,61.084358,0.178131,61.308906
