cycle_index,robot_namespace,ros_time_s,source_stamp_s,wall_elapsed_s,cycle_valid,status,input_point_count,filtered_point_count,fine_enabled,ros_to_pcl_ms,queue_wait_ms,task_setup_ms,preprocessing_ms,height_mapping_ms,bgk_mapping_ms,startup_hole_fill_ms,geometric_mapping_ms,step_mapping_ms,traversability_mapping_ms,fine_traversability_mapping_ms,viewpoint_update_ms,map_publication_ms,algorithm_total_ms,accounted_total_ms,cycle_wall_ms,unaccounted_ms,end_to_end_ms
0,vehicle1,963.737000,963.570000,2.768826,1,ok,12056,10842,1,0.175640,0.005999,0.000231,0.075588,57.721157,11.534051,1.883122,40.611236,12.135118,0.731291,357.030965,0.033339,6.756499,481.722528,488.512597,488.704345,0.191748,488.885984
1,vehicle1,963.937000,963.770000,3.548222,1,ok,22542,20199,1,0.309980,0.014233,0.000702,0.249967,39.261815,11.297630,0.000078,41.858145,11.462615,0.745965,351.513362,0.004001,6.400948,456.389577,462.795228,463.273922,0.478694,463.598135
2,vehicle1,964.237000,964.048000,4.708708,1,ok,26143,23752,1,0.305133,0.005262,0.000223,0.131323,32.185372,15.323573,0.000243,56.830825,12.270696,0.723253,392.592011,0.005109,6.418689,510.057296,516.481317,516.794762,0.313445,517.105157
3,vehicle1,964.437000,964.245000,5.499816,1,ok,25008,22982,1,0.317936,0.006953,0.000216,0.094528,27.274913,10.723947,0.000282,43.097279,11.314116,0.703360,384.140642,0.003598,6.536366,477.349067,483.889247,484.128749,0.239502,484.453638
4,vehicle1,964.638000,964.444000,6.253921,1,ok,25330,23219,1,0.320811,0.004389,0.000176,0.053154,16.738663,10.323492,0.000074,42.072652,12.323729,0.845936,385.510310,0.006446,8.948682,467.868010,476.823314,477.009018,0.185704,477.334218
5,vehicle1,964.772000,964.647000,7.105001,1,ok,25125,23091,1,0.312340,0.005684,0.000149,0.050884,10.268499,10.797404,0.000090,40.734715,10.525985,0.720602,444.113644,0.014467,8.013663,517.211823,525.240102,525.459654,0.219552,525.777678
6,vehicle1,965.037000,964.846000,8.016269,1,ok,25133,23072,1,0.241832,0.007460,0.000315,0.088994,10.360874,11.123995,0.000099,43.809015,11.938974,0.909743,389.835453,0.004050,6.327182,468.067147,474.398694,474.622117,0.223423,474.871409
7,vehicle1,965.237000,965.044000,8.821214,1,ok,25199,23132,1,0.225695,0.004900,0.000233,0.046455,11.729907,12.461095,0.000072,43.235633,10.822315,0.753531,399.714191,0.003112,6.418551,478.763199,485.185095,485.385870,0.200775,485.616465
8,vehicle1,965.439000,965.245000,9.652230,1,ok,25172,23139,1,0.309129,0.233615,0.000323,0.070645,6.948949,10.344510,0.000103,42.545399,11.274902,0.754375,448.199913,0.008932,19.121244,520.138796,539.269295,539.791023,0.521728,540.333767
9,vehicle1,965.617000,965.447000,10.543164,1,ok,25107,23100,1,0.453819,0.006867,0.000324,0.069162,11.389611,13.577345,0.000080,51.429124,12.465897,0.728269,403.467106,0.003961,6.680523,493.126594,499.811402,500.081049,0.269647,500.541735
10,vehicle1,965.793000,965.645000,11.343256,1,ok,25056,23055,1,0.220236,0.003809,0.000245,0.046836,4.688102,9.745445,0.000141,39.036134,10.244160,0.710419,369.226299,0.016325,7.133682,433.697536,440.847788,441.129990,0.282202,441.354035
11,vehicle1,965.971000,965.845000,12.134995,1,ok,25091,23088,1,0.302166,0.005285,0.000233,0.047698,3.840412,9.085707,0.000093,34.274220,7.409851,0.871599,339.201233,0.003783,7.104283,394.730813,401.839112,402.126584,0.287472,402.434035
12,vehicle1,966.154000,966.044000,12.910579,1,ok,25127,23123,1,0.346119,0.004024,0.000202,0.046890,3.856668,10.107387,0.000131,36.012525,9.278633,1.012874,305.564831,0.003779,6.551817,365.879939,372.435737,372.694439,0.258702,373.044582
13,vehicle1,966.394000,966.244000,13.754499,1,ok,25114,23113,1,0.281683,0.004621,0.000205,0.047378,3.885611,8.996908,0.000121,35.518458,8.734657,0.817327,356.203340,0.003042,6.456588,414.203800,420.663635,420.921497,0.257862,421.207801
14,vehicle1,966.600000,966.444000,14.595210,1,ok,25070,23083,1,0.351966,0.005112,0.000283,0.053375,5.504261,9.592379,0.000092,36.595768,8.959524,0.698023,386.278999,0.003739,7.928659,447.682421,455.615102,455.866798,0.251696,456.223876
15,vehicle1,966.771000,966.645000,15.357946,1,ok,25016,23022,1,0.412180,0.006505,0.000293,0.064388,5.332998,10.750895,0.000161,35.106057,9.130236,0.921794,321.966380,0.003229,6.394537,383.272909,389.670968,390.052017,0.381049,390.470702
16,vehicle1,967.010000,966.845000,16.207083,1,ok,25011,23025,1,0.220524,0.003794,0.000264,0.047266,4.791890,8.927028,0.000190,36.328104,10.038925,0.867556,369.904945,0.015381,7.388269,430.905904,438.309818,438.520558,0.210740,438.744876
17,vehicle1,967.237000,967.044000,17.081315,1,ok,25038,23020,1,0.272813,0.004578,0.000289,0.046512,7.494810,9.949341,0.000164,40.415017,10.761080,0.707811,435.703832,0.004362,6.106351,505.078567,511.189569,511.494682,0.305113,511.772073
18,vehicle1,967.437000,967.243000,17.908692,1,ok,25022,22997,1,0.235228,0.006565,0.000294,0.082063,9.895711,10.034128,0.000139,42.523169,13.119153,0.859478,422.833444,0.003589,6.782133,499.347285,506.133301,506.445938,0.312637,506.687731
19,vehicle1,967.637000,967.445000,18.756537,1,ok,24997,22938,1,0.275262,0.005472,0.000240,0.049348,12.279426,10.274982,0.000097,43.790601,12.739612,0.757126,440.440883,0.003002,7.031968,520.332075,527.367285,527.588703,0.221418,527.869437
20,vehicle1,967.837000,967.645000,19.572847,1,ok,24999,22953,1,0.363744,0.013066,0.000189,0.082270,7.606445,9.512988,0.000138,39.559222,11.162500,0.715230,417.795562,0.003413,7.673480,486.434355,494.111437,494.352628,0.241191,494.729438
21,vehicle1,968.038000,967.845000,20.428322,1,ok,25018,22984,1,0.365731,0.008930,0.000258,0.186092,7.325142,9.374930,0.000112,41.566751,10.507978,0.719381,435.207958,0.039122,7.377942,504.888344,512.305666,512.532317,0.226651,512.906978
22,vehicle1,968.238000,968.044000,21.242244,1,ok,24981,22932,1,0.326124,0.004915,0.000291,0.054381,7.154004,9.600810,0.000116,39.873215,9.947460,0.718269,411.722444,0.005278,6.314752,479.070699,485.391020,485.604965,0.213945,485.936004
23,vehicle1,968.439000,968.246000,22.132193,1,ok,24950,22879,1,0.378410,0.007131,0.000163,0.056029,13.832018,9.616392,0.000272,44.372568,13.875098,0.918564,455.993243,0.004539,8.306954,538.664184,546.975840,547.230364,0.254524,547.615905
24,vehicle1,968.638000,968.446000,22.901180,1,ok,24882,22737,1,0.308525,0.005366,0.000215,0.095334,9.547178,9.296486,0.000095,45.374073,11.460235,0.747068,407.219355,0.003906,7.244532,483.739824,490.988477,491.250089,0.261612,491.563980
25,vehicle1,968.837000,968.645000,23.768190,1,ok,24922,22659,1,0.387495,0.013298,0.000470,0.148808,15.574043,9.526324,0.000101,43.937867,13.538700,0.700106,442.892400,0.003511,6.097857,526.318349,532.420187,532.720526,0.300339,533.121319
26,vehicle1,969.038000,968.843000,24.564646,1,ok,24812,22415,1,0.261519,0.007589,0.000336,0.098989,11.703158,9.316484,0.000099,44.965939,12.492717,1.008796,432.708586,0.016678,7.196573,512.294768,519.508355,519.970608,0.462253,520.239716
27,vehicle1,969.239000,969.045000,25.370203,1,ok,24779,22225,1,0.313149,0.007568,0.000179,0.080914,10.369795,9.693106,0.000095,43.062863,14.255565,0.738218,420.561707,0.003739,6.151973,498.762263,504.918154,505.170489,0.252335,505.491206
28,vehicle1,969.433000,969.246000,26.191932,1,ok,24763,22015,1,0.229960,0.004240,0.000186,0.047452,6.764879,9.559974,0.000071,40.370120,13.393706,0.931301,410.411590,0.003917,6.943797,481.479093,488.426993,488.911528,0.484535,489.145728
29,vehicle1,969.638000,969.446000,27.039911,1,ok,24799,21883,1,0.223222,0.004350,0.000290,0.110482,7.849979,10.622680,0.000112,45.152749,11.798282,0.731874,419.700483,0.003382,6.842929,495.966641,502.813242,503.175430,0.362188,503.403002
30,vehicle1,969.837000,969.645000,27.859837,1,ok,24839,21888,1,0.298781,0.009583,0.000331,0.101337,10.536938,8.662463,0.000096,40.848055,17.982047,0.988543,406.705899,0.010967,6.939786,485.825378,492.776462,493.076140,0.299678,493.384504
31,vehicle1,970.017000,969.845000,28.649159,1,ok,24898,21926,1,0.234692,0.005646,0.000152,0.075889,8.525456,8.869719,0.000110,42.247117,10.629966,0.720733,383.480861,0.003258,8.185784,454.549851,462.739045,462.945588,0.206543,463.185926
32,vehicle1,970.238000,970.045000,29.494493,1,ok,25056,22010,1,0.385080,0.006802,0.000247,0.084503,13.555349,9.257302,0.000089,43.290307,12.115996,0.730982,400.800024,0.026928,8.337569,479.834552,488.199296,488.473370,0.274074,488.865252
33,vehicle1,970.437000,970.246000,30.309403,1,ok,25277,22116,1,0.241725,0.005105,0.000298,0.115479,16.800304,8.900614,0.000107,48.899056,13.071138,0.718092,396.817544,0.003293,6.716333,485.322334,492.042258,492.274411,0.232153,492.521241
34,vehicle1,970.621000,970.446000,31.115054,1,ok,25568,22308,1,0.234434,0.005048,0.000245,0.056727,11.013047,8.388034,0.000097,43.298273,13.812332,0.740055,398.255962,0.007386,7.615436,475.564527,483.187594,483.480979,0.293385,483.720461
35,vehicle1,970.833000,970.645000,31.947849,1,ok,25845,22485,1,0.369036,0.006705,0.000195,0.055667,11.084257,7.976069,0.000126,43.529276,15.797746,0.896817,391.954140,0.004671,6.739821,471.294098,478.038785,478.292155,0.253370,478.667896
36,vehicle1,971.023000,970.846000,32.754602,1,ok,26073,22628,1,0.275318,0.007108,0.000278,0.102207,10.145576,7.690466,0.000085,40.851636,13.639903,1.031389,374.425103,0.017576,9.331641,447.886365,457.235860,457.588666,0.352806,457.871092
37,vehicle1,971.219000,971.044000,33.568262,1,ok,26190,22677,1,0.240606,0.004971,0.000256,0.127580,10.043631,7.991963,0.000109,43.718115,11.179434,0.833075,381.590524,0.004052,6.361497,455.484431,461.850236,462.228541,0.378305,462.474118
38,vehicle1,971.425000,971.247000,34.381251,1,ok,26243,22721,1,0.467285,0.006756,0.000315,0.084454,10.165238,8.844942,0.000075,39.185817,12.426559,0.793734,380.564084,0.094271,8.963471,452.064903,461.122960,461.479594,0.356634,461.953635
39,vehicle1,971.602000,971.441000,35.185234,1,ok,26256,22733,1,0.236619,0.007341,0.000320,0.082303,8.698162,9.863616,0.000104,40.336835,11.013055,0.733132,360.299252,0.003617,6.830952,431.026459,437.861348,438.216148,0.354800,438.460108
40,vehicle1,971.811000,971.645000,36.018370,1,ok,26298,22798,1,0.316586,0.004268,0.000299,0.097658,11.911911,8.681212,0.000103,43.055257,14.465209,0.977332,377.497257,0.004603,8.248725,456.685939,464.939566,465.412155,0.472589,465.733009
41,vehicle1,972.037000,971.845000,36.846739,1,ok,26259,22765,1,0.258155,0.004400,0.000248,0.046980,12.129348,9.655586,0.000074,43.064736,13.255364,0.720569,378.408425,0.004085,8.284969,457.281082,465.570384,465.960283,0.389899,466.222838
42,vehicle1,972.231000,972.045000,37.655121,1,ok,26294,22832,1,0.343819,0.006384,0.000361,0.087693,13.895078,8.126930,0.000073,41.515258,14.177529,0.733324,385.641974,0.009508,7.599246,464.177859,471.786974,472.083895,0.296921,472.434098
43,vehicle1,972.428000,972.242000,38.472103,1,ok,26422,22925,1,0.293269,0.007208,0.000236,0.089967,14.211549,9.629324,0.000079,42.506516,13.462606,0.731083,375.850962,0.026259,7.711475,456.482086,464.220056,464.670465,0.450409,464.970942
44,vehicle1,972.626000,972.445000,39.280818,1,ok,26676,23094,1,0.281068,0.004021,0.000194,0.133066,10.041065,8.689202,0.000169,43.045027,13.349881,0.795789,381.751088,0.009674,8.118782,457.805287,465.933937,466.878411,0.944474,467.163500
45,vehicle1,972.822000,972.644000,40.090495,1,ok,26836,23194,1,0.391655,0.022640,0.000325,0.090512,9.596938,8.174265,0.000092,42.601143,13.228630,0.713728,383.442720,0.014895,6.441951,457.848028,464.305199,464.544061,0.238862,464.958356
46,vehicle1,973.037000,972.846000,40.940776,1,ok,26976,23322,1,0.267764,0.003953,0.000112,0.053223,9.006624,9.482905,0.000136,45.781101,11.817565,0.840991,383.091572,0.002844,6.454427,460.074117,466.531500,466.733758,0.202258,467.005475
47,vehicle1,973.214000,973.044000,41.736181,1,ok,27076,23492,1,0.413536,0.005902,0.000244,0.053573,7.432578,9.514364,0.000155,43.423226,11.096094,0.714137,383.164399,0.012699,9.154929,455.398526,464.566398,465.030839,0.464441,465.450277
48,vehicle1,973.436000,973.245000,42.574443,1,ok,27233,23697,1,0.329873,0.004301,0.000225,0.054899,8.392047,10.251119,0.000148,42.833134,13.822087,0.711876,387.907544,0.016945,7.160638,463.972854,471.150662,471.443102,0.292440,471.777276
49,vehicle1,973.607000,973.444000,43.390110,1,ok,27307,23822,1,0.386282,0.174058,0.000341,0.204430,8.393248,9.105414,0.000133,40.372924,11.332721,0.716117,377.982250,0.010815,6.863439,448.107237,454.981832,455.457604,0.475772,456.017944
50,vehicle1,973.832000,973.646000,44.231526,1,ok,27456,23996,1,0.264666,0.004648,0.000229,0.061261,7.867299,8.878988,0.000114,41.346058,14.965335,0.709753,385.254187,0.002993,8.105098,459.082995,467.191315,467.446343,0.255028,467.715657
51,vehicle1,974.013000,973.844000,45.047522,1,ok,27551,24134,1,0.431957,0.010277,0.000437,0.089888,10.229867,7.682124,0.000084,40.388907,13.341848,0.850911,375.241674,0.005988,8.764156,447.825303,456.595884,456.907546,0.311662,457.349780
52,vehicle1,974.219000,974.046000,45.889165,1,ok,27612,24225,1,0.381647,0.005050,0.000197,0.057711,8.628248,8.863465,0.000184,42.850285,13.003883,0.784460,399.440248,0.005888,6.742705,473.628484,480.377274,480.996525,0.619251,481.383222
53,vehicle1,974.430000,974.244000,46.720640,1,ok,27615,24203,1,0.248247,0.006158,0.000367,0.098970,13.329734,8.294072,0.000103,45.468979,14.434313,0.715969,379.180478,0.002962,6.381660,461.522618,467.907607,468.143111,0.235504,468.397516
54,vehicle1,974.598000,974.447000,47.529708,1,ok,27537,24123,1,0.317864,0.004847,0.000289,0.091045,9.375248,10.320576,0.000200,39.727947,11.092091,0.937053,379.216966,0.023866,7.451822,450.761126,458.237103,458.592380,0.355277,458.915091
55,vehicle1,974.779000,974.645000,48.356253,1,ok,27484,24057,1,0.284145,0.010705,0.000248,0.083941,9.736270,8.932581,0.000278,42.314477,13.981013,0.773486,367.194733,0.002911,7.050178,443.016779,450.070116,450.378671,0.308555,450.673521
56,vehicle1,975.002000,974.845000,49.237633,1,ok,27545,24025,1,0.390545,0.004368,0.000421,0.055896,10.069367,9.832288,0.000103,42.508844,12.149391,0.873995,364.011232,0.002646,7.248553,439.501116,446.752736,447.276941,0.524205,447.671854
57,vehicle1,975.174000,975.047000,50.065288,1,ok,27359,23772,1,0.368450,0.006542,0.000277,0.088915,9.365309,8.752172,0.000087,45.715887,11.106837,0.866391,358.386474,0.003872,7.870354,434.282072,442.156575,442.511712,0.355137,442.886704
58,vehicle1,975.390000,975.244000,50.947348,1,ok,27128,23465,1,0.350055,0.004852,0.000163,0.050415,14.756509,9.277131,0.000087,48.160739,13.431356,0.732973,361.272382,0.008508,9.717487,447.681592,457.407750,457.731938,0.324188,458.086845
59,vehicle1,975.571000,975.445000,51.775462,1,ok,26947,23251,1,0.377049,0.004410,0.000207,0.051339,9.574461,8.285355,0.000100,44.709154,13.069714,0.707774,351.868745,0.004574,6.938044,428.266642,435.209467,435.394633,0.185166,435.776092
60,vehicle1,975.794000,975.648000,52.626641,1,ok,26697,23052,1,0.451980,0.009677,0.000245,0.095844,10.091174,9.173432,0.000105,42.510432,12.378507,0.880516,334.860070,0.014740,6.849785,409.990080,416.854850,417.363089,0.508239,417.824746
61,vehicle1,976.019000,975.848000,53.492762,1,ok,26439,22831,1,0.321295,0.337024,0.000226,0.083891,9.095207,8.222253,0.000147,40.285997,12.008835,0.709467,344.919552,0.002444,8.604277,415.325349,423.932296,424.279345,0.347049,424.937664
62,vehicle1,976.155000,976.044000,54.292761,1,ok,26246,22650,1,0.344332,0.004673,0.000216,0.053230,10.136882,8.266248,0.000093,43.995571,12.866282,0.933946,339.080724,0.004445,7.467102,415.332976,422.804739,423.014855,0.210116,423.363860
63,vehicle1,976.353000,976.247000,55.110899,1,ok,25986,22448,1,0.234133,0.005499,0.000281,0.051879,11.087347,8.776394,0.000113,42.605781,11.305319,0.821460,311.562458,0.003898,7.730143,386.210751,393.945073,394.208155,0.263082,394.447787
64,vehicle1,976.556000,976.445000,55.999543,1,ok,25675,22189,1,0.308024,0.004272,0.000216,0.068681,7.728105,8.392387,0.000380,43.240843,12.234740,0.729479,345.365455,0.003466,9.411800,417.760070,427.175552,427.372686,0.197134,427.684982
65,vehicle1,976.754000,976.644000,56.851341,1,ok,25480,22015,1,0.314406,0.004286,0.000196,0.052507,8.034363,12.424501,0.000083,41.863268,11.089583,0.958287,326.586586,0.003611,7.132407,401.009178,408.145392,408.439095,0.293703,408.757787
66,vehicle1,976.965000,976.846000,57.702874,1,ok,25257,21813,1,0.355976,0.005240,0.000295,0.059195,10.553575,8.670824,0.000094,40.560017,11.573816,0.879104,331.921102,0.022234,7.001153,404.217727,411.241409,411.524915,0.283506,411.886131
67,vehicle1,977.164000,977.048000,58.562043,1,ok,25051,21851,1,0.306067,0.006072,0.000213,0.050546,11.519792,8.497031,0.000090,43.362794,11.330282,0.922499,331.473194,0.003428,7.563575,407.156228,414.723444,414.953879,0.230435,415.266018
68,vehicle1,977.390000,977.249000,59.429950,1,ok,24675,21981,1,0.235284,0.004880,0.000269,0.055327,10.854102,8.539567,0.000129,42.532337,11.874581,0.889821,324.511637,0.003126,7.822855,399.257501,407.083751,407.325595,0.241844,407.565759
69,vehicle1,977.556000,977.448000,60.263257,1,ok,24304,22074,1,0.316122,0.007396,0.000311,0.085222,10.681896,9.612769,0.000075,42.344489,13.209447,0.817264,333.053633,0.002686,7.107184,409.804795,416.914976,417.261490,0.346514,417.585008
70,vehicle1,977.754000,977.648000,61.110797,1,ok,24297,22253,1,0.229585,0.006750,0.000362,0.087902,11.927532,12.105226,0.000144,43.110773,13.087490,0.900194,302.193748,0.003513,7.596361,383.413009,391.013245,391.363832,0.350587,391.600167
71,vehicle1,977.954000,977.847000,61.916789,1,ok,24632,22610,1,0.412442,0.121375,0.000239,0.082667,10.024185,8.248464,0.000105,37.131620,10.043549,1.045968,289.219414,0.003420,6.974650,355.795972,362.774281,363.156220,0.381939,363.690037
72,vehicle1,978.154000,978.046000,62.784272,1,ok,25003,23061,1,0.231463,0.005140,0.000255,0.048886,7.663007,8.580162,0.000155,40.992245,10.481228,0.755933,296.176785,0.026410,7.128328,364.698401,371.853394,372.146424,0.293030,372.383027
73,vehicle1,978.354000,978.247000,63.599228,1,ok,25297,23352,1,0.306656,0.004428,0.000206,0.116196,6.201940,9.048560,0.000093,36.915111,9.682804,0.883220,283.222278,0.003039,8.305494,346.070202,354.378941,354.843019,0.464078,355.154103
74,vehicle1,978.551000,978.445000,64.461327,1,ok,25558,23574,1,0.248983,0.004324,0.000261,0.056107,7.765439,8.656939,0.000088,36.622767,8.475262,0.834059,296.153523,0.004346,6.834896,358.564184,365.403687,365.682080,0.278393,365.935387
75,vehicle1,978.753000,978.645000,65.363823,1,ok,25790,23736,1,0.314081,0.021410,0.000242,0.082254,9.236729,14.239672,0.000123,40.025530,10.784206,0.741060,312.123156,0.005702,8.314241,387.232730,395.552915,395.896664,0.343749,396.232155
76,vehicle1,978.955000,978.845000,66.192197,1,ok,25814,23705,1,0.255666,0.003892,0.000262,0.050704,8.588217,10.322479,0.000090,38.325156,9.637330,0.723285,299.780291,0.007136,7.559504,367.427552,374.994454,375.217938,0.223484,375.477496
77,vehicle1,979.173000,979.048000,67.084772,1,ok,25586,23415,1,0.322647,0.011628,0.000408,0.077833,11.722130,8.482146,0.000094,39.608350,10.115834,0.888012,315.933023,0.053609,8.288267,386.827422,395.169706,395.646382,0.476676,395.980657
78,vehicle1,979.356000,979.247000,67.881358,1,ok,25530,23285,1,0.299066,0.004700,0.000286,0.047928,10.178343,9.110267,0.000147,36.869537,9.265836,0.714756,286.540230,0.003970,6.511053,352.727044,359.242353,359.485068,0.242715,359.788834
79,vehicle1,979.558000,979.446000,68.739504,1,ok,25760,23434,1,0.354109,0.007603,0.000224,0.085761,6.364785,8.168258,0.000095,40.095636,11.387944,0.754963,300.786270,0.003908,6.600735,367.643712,374.248579,374.559708,0.311129,374.921420
80,vehicle1,979.753000,979.646000,69.626675,1,ok,26281,23767,1,0.272123,0.336277,0.000241,0.064540,7.556042,8.376219,0.000118,37.001840,10.378617,0.808658,296.561471,0.005991,6.799907,360.747505,367.553644,367.815969,0.262325,368.424369
81,vehicle1,979.953000,979.848000,70.541395,1,ok,26654,23917,1,0.326583,0.006785,0.000470,0.096960,9.219615,8.718322,0.000154,37.569005,11.259090,0.781420,312.430285,0.004187,6.519717,380.074851,386.599225,386.898375,0.299150,387.231743
82,vehicle1,980.154000,980.046000,71.418300,1,ok,27058,23910,1,0.278476,0.004557,0.000198,0.063155,8.843304,9.666319,0.000179,41.924301,10.913216,0.907538,336.833535,0.003957,6.792913,409.151547,415.948615,416.494973,0.546358,416.778006
83,vehicle1,980.354000,980.245000,72.261019,1,ok,27561,23957,1,0.475526,0.015282,0.000294,0.136290,10.126607,9.051758,0.000090,39.312334,12.223108,0.915116,321.654481,0.013336,9.607398,393.419784,403.040812,403.371769,0.330957,403.862577
84,vehicle1,980.556000,980.445000,73.126337,1,ok,28076,24071,1,0.411770,0.006523,0.000209,0.117647,9.275039,10.153784,0.000115,39.436361,9.577681,1.022376,331.659038,0.003517,7.191379,401.242041,408.437146,408.820490,0.383344,409.238783
85,vehicle1,980.794000,980.650000,74.044441,1,ok,28427,24164,1,0.402215,0.010758,0.000247,0.109094,10.963803,7.579024,0.000101,40.698950,11.517500,0.882122,359.084775,0.013071,8.483445,430.835369,439.332132,439.729335,0.397203,440.142308
86,vehicle1,980.991000,980.849000,74.905456,1,ok,28780,24214,1,0.366804,0.008145,0.000336,0.237972,11.386606,9.596395,0.000128,37.945700,12.676827,1.010088,335.892856,0.003664,6.877310,408.746572,415.627882,415.916473,0.288591,416.291422
87,vehicle1,981.192000,981.046000,75.758022,1,ok,29090,24278,1,0.320671,0.005593,0.000304,0.115755,12.828116,8.690645,0.000102,40.741181,13.698501,0.796110,370.822754,0.003576,8.016114,447.693164,455.713158,456.130174,0.417016,456.456438
88,vehicle1,981.396000,981.246000,76.585612,1,ok,29329,24327,1,0.329492,0.004773,0.000182,0.074991,11.741526,8.652470,0.000087,38.325369,10.906005,0.709057,355.227462,0.010941,7.467835,425.636967,433.115925,433.426829,0.310904,433.761094
89,vehicle1,981.617000,981.448000,77.442391,1,ok,29630,24448,1,0.339009,0.006611,0.000353,0.240816,12.319743,7.910978,0.000086,40.346762,11.297722,0.704151,360.450996,0.007064,7.307674,433.271254,440.586345,440.911398,0.325053,441.257018
90,vehicle1,981.819000,981.644000,78.234305,1,ok,29900,24594,1,0.364880,0.006258,0.000239,0.132771,15.729542,7.803892,0.000084,36.680449,11.514031,0.708532,358.912110,0.008402,6.975386,431.481411,438.465438,438.897237,0.431799,439.268375
91,vehicle1,982.025000,981.844000,79.048460,1,ok,30164,24841,1,0.295461,0.005551,0.000174,0.136566,16.875730,7.594879,0.000077,42.067917,14.926639,0.726085,368.299102,0.009758,9.320248,450.626995,459.957175,460.213949,0.256774,460.514961
92,vehicle1,982.226000,982.046000,79.847148,1,ok,30434,25157,1,0.405905,0.004886,0.000182,0.084551,14.584025,7.998335,0.000083,39.030488,12.159378,0.717741,368.729021,0.003343,6.967948,443.303622,450.275095,450.613488,0.338393,451.024279
93,vehicle1,982.431000,982.243000,80.647901,1,ok,30761,25424,1,0.989543,0.006494,0.000418,0.154365,13.189964,7.736205,0.000093,41.064869,13.815838,0.871170,366.627135,0.015108,8.017334,443.459639,451.492499,451.741834,0.249335,452.737871
94,vehicle1,982.588000,982.444000,81.440182,1,ok,31052,25643,1,0.499609,0.007398,0.000344,0.622319,14.040117,7.411113,0.000093,40.925472,12.702199,0.728519,358.194444,0.003163,7.175386,434.624276,441.803169,442.530810,0.727641,443.037817
95,vehicle1,982.837000,982.648000,82.300821,1,ok,31306,25820,1,0.504335,0.008302,0.000216,0.117560,16.042044,7.589105,0.000086,39.981303,12.960805,0.691725,378.267127,0.012229,7.147264,455.649755,462.809464,463.059366,0.249902,463.572003
96,vehicle1,983.035000,982.844000,83.102556,1,ok,31629,25769,1,0.431581,0.009539,0.000333,0.137469,19.508119,8.202873,0.000073,41.640783,12.927538,0.716167,377.793552,0.020737,6.612135,460.926574,467.559779,467.764404,0.204625,468.205524
97,vehicle1,983.236000,983.045000,83.905350,1,ok,31784,25522,1,0.512125,0.006292,0.000214,0.220242,16.894663,7.183480,0.000077,42.963799,14.906350,0.709329,382.936666,0.002872,6.857776,465.814606,472.675468,472.868168,0.192700,473.386585
98,vehicle1,983.438000,983.245000,84.718750,1,ok,31719,25105,1,0.456936,0.006868,0.000503,0.121565,17.884748,8.804181,0.000200,44.682102,13.856985,0.725995,376.843925,0.017092,7.540213,462.919701,470.477509,470.714572,0.237063,471.178376
99,vehicle1,983.622000,983.446000,85.526050,1,ok,31583,24679,1,0.299155,0.005365,0.000215,0.074582,15.938737,7.212332,0.000074,40.012276,14.106821,0.935742,386.436041,0.002874,8.462087,464.716605,473.181781,473.385361,0.203580,473.689881
100,vehicle1,983.838000,983.645000,86.349729,1,ok,31318,24196,1,0.406099,0.008025,0.000474,0.124422,14.256015,8.278881,0.000079,48.886076,13.744466,0.743609,382.594186,0.003508,7.564717,468.627734,476.196433,476.419092,0.222659,476.833216
101,vehicle1,984.038000,983.845000,87.187815,1,ok,31069,23796,1,0.267319,0.004237,0.000247,0.077524,18.807622,7.561334,0.000138,44.509342,14.548646,0.731702,395.192202,0.003701,6.988948,481.428510,488.421406,488.661580,0.240174,488.933136
102,vehicle1,984.216000,984.046000,87.995227,1,ok,30850,23470,1,0.187301,0.009416,0.000443,0.154016,14.495099,7.975143,0.000093,40.645384,14.006082,0.870055,369.984367,0.010342,7.667483,448.130239,455.808507,456.184555,0.376048,456.381272
103,vehicle1,984.426000,984.246000,88.801291,1,ok,30747,23128,1,0.212967,0.006751,0.000228,0.084385,20.212503,7.492115,0.000103,42.576570,18.026085,0.722504,353.885717,0.003054,6.968309,442.999982,449.971573,450.193729,0.222156,450.413447
104,vehicle1,984.597000,984.444000,89.628359,1,ok,30606,22724,1,0.146515,0.005236,0.000226,0.110921,16.070706,7.931788,0.000254,42.094216,14.435611,0.726187,368.526115,0.040207,8.424422,449.895798,458.360653,458.853279,0.492626,459.005030
105,vehicle1,984.789000,984.645000,90.421565,1,ok,30288,22210,1,0.230100,0.004857,0.000242,0.077653,15.506833,7.485115,0.000099,38.471948,15.671467,1.007046,324.556744,0.003214,7.359699,402.776905,410.140060,410.989734,0.849674,411.224691
106,vehicle1,984.957000,984.844000,91.206061,1,ok,29832,21708,1,0.110867,0.006881,0.000276,0.127860,16.650625,8.146440,0.000150,37.842452,13.461229,0.727783,312.874748,0.007039,6.796913,389.831287,396.635515,396.978762,0.343247,397.096510
107,vehicle1,985.205000,985.044000,92.068764,1,ok,29392,21248,1,0.213923,0.005984,0.000118,0.080703,16.542866,7.066297,0.000085,44.348600,17.714269,0.716523,358.052358,0.003633,6.851975,444.521701,451.377427,451.717069,0.339642,451.936976
108,vehicle1,985.399000,985.248000,92.872010,1,ok,29008,20773,1,0.242598,0.009083,0.000300,0.092800,18.566506,6.214275,0.000089,37.745356,16.051526,0.966610,327.590179,0.003382,7.135592,407.227341,414.366615,415.180402,0.813787,415.432083
109,vehicle1,985.622000,985.443000,93.740699,1,ok,28577,20369,1,0.106239,0.007766,0.000408,0.125396,24.646938,6.635018,0.000259,47.312212,20.580876,0.925636,371.781752,0.027860,7.694225,472.008087,479.730580,480.559647,0.829067,480.673652
110,vehicle1,985.752000,985.646000,94.477424,1,ok,28078,20041,1,0.251935,0.007666,0.000319,0.136453,16.040521,6.023533,0.000076,38.405979,15.242470,0.714830,302.961501,0.004623,7.244340,379.525363,386.774645,387.001357,0.226712,387.260958
111,vehicle1,985.997000,985.844000,95.349604,1,ok,27753,19811,1,0.095884,0.013029,0.000208,0.078907,22.369106,5.935838,0.000072,44.666082,17.257171,0.722313,338.148618,0.003804,8.654857,429.178107,437.836976,438.319853,0.482877,438.428766
112,vehicle1,986.165000,986.045000,96.106793,1,ok,27534,19668,1,0.217071,0.004390,0.000432,0.076918,16.288994,6.970843,0.000105,38.618445,14.266790,0.753830,308.164737,0.002952,7.040919,385.140662,392.184965,392.444937,0.259972,392.666398
113,vehicle1,986.376000,986.245000,96.908859,1,ok,27439,19584,1,0.205468,0.005933,0.000189,0.075842,10.969121,6.266461,0.000085,35.040126,13.912904,0.707818,327.993738,0.002745,7.001779,394.966095,401.970808,402.376081,0.405273,402.587482
114,vehicle1,986.554000,986.446000,97.713584,1,ok,27247,19506,1,0.131147,0.003602,0.000219,0.073767,15.440996,6.777693,0.000110,41.506759,13.373866,0.805225,314.857922,0.004828,7.386833,392.836338,400.228218,401.150996,0.922778,401.285745
115,vehicle1,986.771000,986.646000,98.518059,1,ok,27024,19441,1,0.224811,0.005670,0.000169,0.074534,11.733077,5.883986,0.000122,37.160636,14.271048,0.953290,309.510202,0.023424,7.515520,379.586895,387.126008,387.676135,0.550127,387.906616
116,vehicle1,986.982000,986.845000,99.336545,1,ok,26753,19327,1,0.142740,0.006630,0.000271,0.102818,12.474145,6.362698,0.000129,43.950735,13.459903,0.716666,311.022790,0.005833,9.666896,388.089884,397.762884,398.095109,0.332225,398.244479
117,vehicle1,987.157000,987.045000,100.123349,1,ok,26469,19142,1,0.087562,0.006260,0.000344,0.122870,12.299253,5.190610,0.000116,32.619552,12.015372,0.695978,333.926916,0.003718,7.222069,396.870667,404.096798,404.347997,0.251199,404.441819
118,vehicle1,987.381000,987.246000,100.945245,1,ok,26322,18951,1,0.099019,0.004181,0.000228,0.072531,10.783970,7.610412,0.000177,32.754084,15.070790,0.923742,328.659180,0.002675,7.752732,395.874886,403.630521,404.131368,0.500847,404.234568
119,vehicle1,987.570000,987.447000,101.739987,1,ok,26201,18863,1,0.135354,0.007367,0.000373,0.111310,10.278476,7.537931,0.000095,42.001042,13.256712,0.706072,324.539994,0.006811,8.388122,398.431632,406.826938,407.076173,0.249235,407.218894
120,vehicle1,987.756000,987.647000,102.508173,1,ok,26106,18832,1,0.144855,0.004958,0.000253,0.068340,8.465358,5.702836,0.000087,32.714000,13.256523,1.017751,306.598467,0.004853,6.906814,367.823362,374.735282,375.123404,0.388122,375.273217
121,vehicle1,987.961000,987.845000,103.353540,1,ok,25970,18869,1,0.163148,0.005720,0.000228,0.088994,8.226368,5.461278,0.000150,36.918320,14.306844,0.796350,338.280093,0.027218,6.878160,404.078397,410.984003,411.335807,0.351804,411.504675
122,vehicle1,988.156000,988.047000,104.141353,1,ok,25906,18863,1,0.077891,0.007129,0.000328,0.114059,9.634716,5.390804,0.000350,32.955749,11.816442,0.701912,315.445819,0.004747,6.877611,376.059851,382.942537,383.328439,0.385902,383.413459
123,vehicle1,988.350000,988.244000,104.925928,1,ok,25940,18768,1,0.128337,0.007095,0.000371,0.123011,7.875711,7.684955,0.000125,31.801027,11.691914,0.800318,308.358180,0.004137,6.363747,368.335241,374.703496,375.012187,0.308691,375.147619
124,vehicle1,988.552000,988.445000,105.751557,1,ok,25933,18773,1,0.182991,0.007944,0.000245,0.087632,9.043462,6.251195,0.000123,33.092952,14.032718,0.703662,310.595737,0.003490,7.087982,373.807481,380.899198,381.219893,0.320695,381.410828
125,vehicle1,988.760000,988.645000,106.560451,1,ok,25943,18778,1,0.198611,0.004997,0.000444,0.066937,10.273274,7.260050,0.000098,35.332730,13.791968,0.712938,309.500656,0.002989,7.126083,376.938651,384.068167,384.309479,0.241312,384.513087
126,vehicle1,988.990000,988.846000,107.386678,1,ok,25909,18768,1,0.169743,0.004364,0.000192,0.068861,10.914832,6.524309,0.000289,40.681716,13.857053,0.705029,331.719014,0.037787,7.772411,404.471103,412.281493,412.653900,0.372407,412.828007
127,vehicle1,989.153000,989.045000,108.167519,1,ok,25937,18785,1,0.130424,0.005385,0.000198,0.066791,9.349849,5.706714,0.000085,36.621151,14.698989,0.705046,321.320416,0.021373,7.475595,388.469041,395.966207,396.227059,0.260852,396.362868
128,vehicle1,989.354000,989.245000,108.993405,1,ok,25998,18785,1,0.200689,0.004933,0.000252,0.130191,7.292130,5.610384,0.000168,33.562544,14.209724,0.970429,312.236994,0.003625,7.129647,374.012564,381.146088,381.552321,0.406233,381.757943
129,vehicle1,989.581000,989.445000,109.830617,1,ok,25985,18808,1,0.110870,0.006500,0.000289,0.117226,10.547073,4.950238,0.000075,35.419741,15.522995,0.739876,322.621684,0.003272,7.594473,389.918908,397.516942,397.763218,0.246276,397.880588
130,vehicle1,989.783000,989.644000,110.647884,1,ok,25952,18778,1,0.296438,0.007953,0.000398,0.100658,14.089723,4.936702,0.000100,43.168375,16.686100,0.714766,335.494172,0.006479,9.474093,415.190596,424.671566,425.017461,0.345895,425.321852
131,vehicle1,989.952000,989.844000,111.413480,1,ok,25982,18802,1,0.267982,0.007379,0.000172,0.080653,8.583392,4.795565,0.000342,33.859425,14.370869,0.732562,305.060920,0.003639,7.232138,367.483728,374.719677,374.965980,0.246303,375.241341
132,vehicle1,990.149000,990.045000,112.248545,1,ok,26069,18842,1,0.240151,0.018961,0.000265,0.119222,8.473697,5.156782,0.000081,32.065029,12.238991,0.946898,313.805261,0.014867,8.071383,372.805961,380.892476,381.236600,0.344124,381.495712
133,vehicle1,990.351000,990.245000,113.076959,1,ok,26205,18892,1,0.124366,0.007543,0.000258,0.110699,8.787264,5.463260,0.000084,33.355927,14.350073,0.721215,305.337989,0.003081,7.621724,368.126511,375.751574,376.145584,0.394010,376.277493
134,vehicle1,990.585000,990.446000,113.927071,1,ok,26407,18995,1,0.099751,0.003607,0.000284,0.078450,11.680211,6.555840,0.000153,40.749116,15.297479,0.728304,341.993263,0.005269,7.625116,417.082816,424.713485,425.050654,0.337169,425.154012
135,vehicle1,990.793000,990.645000,114.719286,1,ok,26533,19026,1,0.114070,0.008093,0.000326,0.115117,12.725182,6.312556,0.000077,34.127168,13.397760,0.713939,337.651828,0.003702,6.592090,405.043627,411.639745,411.898893,0.259148,412.021056
136,vehicle1,990.959000,990.845000,115.517501,1,ok,26727,19106,1,0.188766,0.005684,0.000190,0.071591,10.663596,6.936659,0.000138,39.895289,16.197931,0.831693,332.561785,0.009309,7.636389,407.158682,414.804570,415.275764,0.471194,415.470214
137,vehicle1,991.189000,991.046000,116.336926,1,ok,26879,19188,1,0.171485,0.006689,0.000222,0.118642,9.674492,4.925657,0.000086,36.117911,16.347768,0.715940,336.220858,0.033964,7.423562,404.121354,411.579102,411.833232,0.254130,412.011406
138,vehicle1,991.383000,991.246000,117.139605,1,ok,27074,19269,1,0.229391,0.006206,0.000274,0.215448,12.164990,4.612922,0.000211,32.616070,13.776674,0.873184,333.369690,0.003409,7.227510,397.629189,404.860382,405.214221,0.353839,405.449818
139,vehicle1,991.578000,991.446000,117.943751,1,ok,27199,19299,1,0.211262,0.007302,0.000279,0.140856,9.860254,7.284665,0.000080,30.728258,10.908584,0.720320,328.589465,0.005827,8.590062,388.232482,396.828650,397.135773,0.307123,397.354337
140,vehicle1,991.805000,991.647000,118.787037,1,ok,27260,19299,1,0.264819,0.010158,0.000414,0.094198,8.700341,5.976796,0.000125,33.145757,14.188446,0.725275,363.559705,0.012986,7.308254,426.390643,433.712297,433.987794,0.275497,434.262771
141,vehicle1,991.997000,991.844000,119.604008,1,ok,27279,19302,1,0.261643,0.010570,0.000324,0.096314,10.307947,5.128035,0.000082,32.929218,14.291617,0.866669,363.722434,0.004014,7.117705,427.342316,434.464359,434.835962,0.371603,435.108175
142,vehicle1,992.163000,992.046000,120.404433,1,ok,27225,19255,1,0.316952,0.012101,0.000368,0.141917,10.068903,5.359195,0.000199,31.595298,16.391749,0.981508,344.179933,0.004073,8.003753,408.718702,416.726896,417.260642,0.533746,417.589695
143,vehicle1,992.377000,992.247000,121.278350,1,ok,27201,19224,1,0.086464,0.008380,0.000324,0.105352,9.302651,4.616370,0.000228,33.228908,13.756871,0.954957,353.731950,0.012258,6.620984,415.697287,422.330853,422.753634,0.422781,422.848478
144,vehicle1,992.597000,992.446000,122.119321,1,ok,27238,19254,1,0.105233,0.005256,0.000459,0.149759,8.389690,5.985987,0.000196,36.130594,13.277472,0.870204,368.597874,0.002614,7.071922,433.401776,440.476771,440.958225,0.481454,441.068714
145,vehicle1,992.787000,992.645000,122.922951,1,ok,27194,19204,1,0.257942,0.005304,0.000219,0.081710,7.066197,4.419465,0.000087,30.516548,13.535318,0.738807,361.156269,0.004585,6.693842,417.514401,424.213047,424.521551,0.308504,424.784797
146,vehicle1,992.965000,992.845000,123.741397,1,ok,27211,19243,1,1.107582,0.008430,0.000328,0.084120,8.665064,4.892488,0.000133,31.429242,14.038730,0.754991,360.606204,0.004848,6.676566,420.470972,427.152714,427.586114,0.433400,428.702126
147,vehicle1,993.200000,993.044000,124.602173,1,ok,27284,19307,1,0.099563,0.007055,0.000388,0.127148,13.111276,5.597647,0.000075,38.231892,16.494450,0.829720,368.226558,0.007877,8.933017,442.618766,451.560048,452.045600,0.485552,452.152218
148,vehicle1,993.384000,993.244000,125.418236,1,ok,27269,19299,1,0.141931,0.004706,0.000176,1.066009,8.209898,5.020169,0.000097,31.726656,13.764222,0.827636,362.020870,0.010007,6.944677,422.635557,429.590417,429.966459,0.376042,430.113096
149,vehicle1,993.580000,993.446000,126.268065,1,ok,27240,19281,1,0.102729,0.004848,0.000161,0.075848,8.944038,4.577636,0.000096,36.280474,16.494965,0.719199,372.224455,0.010719,9.437499,439.316711,448.765090,449.049109,0.284019,449.156686
150,vehicle1,993.803000,993.645000,127.121513,1,ok,27185,19242,1,0.131079,0.005136,0.000246,0.075838,7.813920,6.022341,0.000205,38.487942,14.979481,0.710254,363.651853,0.005796,6.570987,431.741834,438.318863,438.630088,0.311225,438.766303
151,vehicle1,993.980000,993.845000,127.951277,1,ok,27180,19236,1,0.270906,0.009572,0.000266,0.092547,8.390914,4.254851,0.000235,35.843709,13.105548,0.750910,358.304066,0.003535,7.632739,420.742780,428.379320,428.695650,0.316330,428.976128
152,vehicle1,994.215000,994.045000,128.784882,1,ok,27219,19264,1,0.103100,0.006680,0.000363,0.124915,12.277803,5.245523,0.000076,34.362198,15.112357,0.722923,373.312018,0.003668,6.967136,441.157813,448.128980,448.430874,0.301894,448.540654
153,vehicle1,994.365000,994.247000,129.574054,1,ok,27227,19275,1,0.249630,0.070604,0.000358,0.115417,7.941440,4.877431,0.000094,31.532574,12.934282,0.859591,343.263863,0.003359,6.702196,401.524692,408.230605,408.471548,0.240943,408.791782
154,vehicle1,994.608000,994.446000,130.429629,1,ok,27231,19298,1,0.211226,0.004688,0.000314,0.091361,7.376531,4.894833,0.000148,29.872274,13.803825,0.717659,382.287098,0.011948,7.723849,439.043729,446.779840,447.092130,0.312290,447.308044
155,vehicle1,994.792000,994.645000,131.244775,1,ok,27293,19378,1,0.097665,0.005649,0.000252,0.080449,10.459565,4.152229,0.000120,33.483318,15.243700,0.729322,365.455789,0.004512,6.787751,429.604492,436.397007,436.642947,0.245940,436.746261
156,vehicle1,994.985000,994.846000,132.066498,1,ok,27320,19386,1,0.112593,0.005646,0.000394,0.147064,7.537332,5.429274,0.000146,32.297200,13.157556,0.706603,357.187177,0.013964,8.166536,416.462352,424.643246,424.949299,0.306053,425.067538
157,vehicle1,995.185000,995.045000,132.870955,1,ok,27286,19366,1,0.143111,0.007225,0.000327,0.116538,9.037169,6.082604,0.000111,29.357023,11.888012,0.708172,344.720864,0.004556,7.871583,401.910493,409.786959,410.237446,0.450487,410.387782
158,vehicle1,995.387000,995.249000,133.685765,1,ok,27288,19386,1,0.207448,0.004461,0.000133,0.073426,7.775642,6.784459,0.000097,28.837717,11.015238,0.917259,338.909949,0.003416,8.441969,394.313787,402.759305,403.204787,0.445482,403.416696
159,vehicle1,995.575000,995.446000,134.518293,1,ok,27277,19394,1,0.231606,0.005690,0.000232,0.074591,6.685524,4.127966,0.000091,32.272300,15.277646,0.773295,373.459737,0.005709,8.084080,432.671150,440.761171,441.118675,0.357504,441.355971
160,vehicle1,995.838000,995.646000,135.418756,1,ok,27289,19394,1,0.219438,0.005170,0.000309,0.077052,11.880650,7.703083,0.000113,36.730347,14.418839,0.753934,396.111441,0.024272,7.453613,467.675459,475.153653,475.820677,0.667024,476.045285
161,vehicle1,996.036000,995.845000,136.244234,1,ok,27289,19356,1,0.163114,0.016545,0.000384,0.103873,16.560108,4.819239,0.000116,48.712858,16.247268,0.789275,386.833930,0.003310,7.747448,474.066667,481.817809,482.241010,0.423201,482.420669
162,vehicle1,996.237000,996.044000,137.079120,1,ok,27067,19297,1,0.184859,0.005237,0.000281,0.109066,15.528199,5.821376,0.000253,36.673008,14.397232,0.797936,414.898176,0.003483,7.917697,488.225246,496.146707,496.612431,0.465724,496.802527
163,vehicle1,996.412000,996.246000,137.855342,1,ok,26739,19270,1,0.211968,0.004880,0.000255,0.078740,12.710474,5.101416,0.000139,33.437365,14.237552,0.782942,374.297558,0.041543,9.556630,440.646186,450.244614,450.982090,0.737476,451.198938
164,vehicle1,996.626000,996.447000,138.691957,1,ok,26428,19267,1,0.112341,0.004648,0.000300,0.081086,11.189114,4.832117,0.000114,33.627096,18.428792,0.709432,381.643244,0.003447,7.020995,450.510995,457.535737,457.973941,0.438204,458.090930
165,vehicle1,996.817000,996.645000,139.494404,1,ok,26418,19251,1,0.100729,0.003906,0.000236,0.070950,12.426232,4.470774,0.000087,35.223859,15.380294,0.692077,384.327687,0.003375,6.939936,452.591960,459.535507,459.991849,0.456342,460.096484
166,vehicle1,997.010000,996.847000,140.307757,1,ok,26530,19292,1,0.204656,0.004798,0.000299,0.070361,12.304555,4.286096,0.000108,35.652067,18.770586,0.703175,362.605089,0.045693,7.001070,434.392037,441.439099,441.912793,0.473694,442.122247
167,vehicle1,997.200000,997.045000,141.116018,1,ok,26623,19341,1,0.126727,0.005324,0.000231,0.069025,12.552107,9.006840,0.000272,33.985901,14.138078,0.819940,367.444924,0.003401,7.585966,438.017087,445.606685,446.191951,0.585266,446.324002
168,vehicle1,997.438000,997.244000,141.974984,1,ok,26653,19489,1,0.138239,0.011588,0.000252,0.098348,12.618701,4.277029,0.000113,31.436722,14.630566,0.896693,407.621172,0.004119,7.431232,471.579344,479.014947,479.633260,0.618313,479.783087
169,vehicle1,997.602000,997.444000,142.757476,1,ok,26586,19652,1,0.099287,0.004490,0.000310,0.075230,12.523172,5.290887,0.000111,35.688408,13.808923,0.792435,372.883068,0.003909,6.496452,441.062234,447.562905,447.833454,0.270549,447.937231
170,vehicle1,997.793000,997.645000,143.555171,1,ok,26493,19757,1,0.104873,0.007639,0.000497,0.122538,8.973677,3.939113,0.000152,31.339595,12.296722,0.727883,362.780312,0.003934,6.628847,420.179992,426.813270,427.081192,0.267922,427.193704
171,vehicle1,998.010000,997.844000,144.410914,1,ok,26395,19722,1,0.105989,0.198465,0.000245,0.094077,12.866778,4.330439,0.000265,34.720863,15.335773,0.721487,381.572142,0.015414,6.865147,449.641824,456.522630,456.790633,0.268003,457.095087
172,vehicle1,998.205000,998.045000,145.240585,1,ok,26399,19743,1,0.218837,0.004425,0.000327,0.083080,9.271979,6.339597,0.000330,31.620845,12.905763,0.944969,369.381777,0.002878,7.141076,430.548340,437.692621,438.105857,0.413236,438.329119
173,vehicle1,998.407000,998.246000,146.062956,1,ok,26349,19757,1,0.094689,0.004300,0.000253,0.070161,10.485588,3.992296,0.000087,33.465477,16.230222,0.882401,363.373558,0.007434,6.992185,428.499790,435.499662,436.370360,0.870698,436.469349
174,vehicle1,998.571000,998.447000,146.855081,1,ok,26282,19695,1,0.116624,0.005728,0.000449,0.125519,9.981589,4.717436,0.000092,34.225647,12.952252,0.762390,357.903581,0.002945,6.972504,420.668506,427.644404,427.924162,0.279758,428.046514
175,vehicle1,998.789000,998.644000,147.692489,1,ok,26273,19608,1,0.114772,0.008239,0.000330,0.118391,13.011786,5.583284,0.000147,31.189400,12.638498,0.968911,354.868367,0.011023,7.486055,418.378784,425.876192,426.411827,0.535635,426.534838
176,vehicle1,999.005000,998.847000,148.521524,1,ok,26176,19425,1,0.117047,0.012071,0.000325,0.213903,12.907880,4.500418,0.000076,34.236997,14.272961,0.833536,351.923202,0.005840,7.369906,418.888973,426.265044,427.164800,0.899756,427.293918
177,vehicle1,999.183000,999.046000,149.326865,1,ok,26000,19331,1,0.134566,0.004052,0.000166,0.073868,13.266822,6.258343,0.000122,34.198956,15.246388,0.853656,347.103656,0.016970,8.202728,417.001811,425.221675,425.713762,0.492087,425.852380
178,vehicle1,999.399000,999.248000,150.156880,1,ok,25719,19168,1,0.196763,0.007858,0.000417,0.090792,8.840037,4.734163,0.000233,30.521683,11.584848,0.697998,343.377048,0.003663,6.670897,399.846802,406.521779,406.785360,0.263581,406.989981
179,vehicle1,999.558000,999.445000,150.954295,1,ok,25489,19041,1,0.196451,0.005287,0.000306,0.069190,8.214354,4.259570,0.000109,28.992618,13.176121,0.727966,358.652633,0.003560,6.310990,414.092561,420.407417,420.637768,0.230351,420.839506
180,vehicle1,999.833000,999.646000,151.858236,1,ok,25361,18806,1,0.123747,0.009080,0.000216,0.128871,16.230783,6.155291,0.000136,33.735077,13.234883,0.754991,385.693296,0.003296,7.231309,455.933328,463.168149,463.812993,0.644844,463.945820
181,vehicle1,1000.035000,999.846000,152.696721,1,ok,25289,18684,1,0.089573,0.005235,0.000259,0.067472,14.327737,3.676421,0.000075,34.029398,19.600262,2.215048,392.538709,0.003507,10.247682,466.455122,476.706570,476.953508,0.246938,477.048316
182,vehicle1,1000.205000,1000.046000,153.521147,1,ok,25085,18533,1,0.202371,0.004557,0.000384,0.074419,16.719645,4.862638,0.000233,32.884627,14.115683,0.704008,390.991390,0.013568,6.450882,460.352643,466.817477,467.340537,0.523060,467.547465
183,vehicle1,1000.385000,1000.247000,154.341979,1,ok,24601,18140,1,0.089380,0.005194,0.000388,0.077430,11.103996,5.229017,0.000256,33.977901,12.697143,0.854738,377.169163,0.003880,7.212150,441.109644,448.326062,448.578755,0.252693,448.673329
184,vehicle1,1000.587000,1000.445000,155.167673,1,ok,23870,17453,1,0.112552,0.005202,0.000282,0.064609,9.629539,3.964591,0.000181,28.922812,12.569832,0.799161,360.349184,0.003819,6.717034,416.299909,423.021044,423.266247,0.245203,423.384001
185,vehicle1,1000.752000,1000.646000,155.954194,1,ok,23063,16682,1,0.724290,0.018444,0.000296,0.106514,11.665200,5.101529,0.000274,28.906606,11.171381,0.854359,313.473467,0.004128,8.826903,371.279330,380.110657,380.475533,0.364876,381.218267
186,vehicle1,1000.955000,1000.845000,156.774331,1,ok,22407,16076,1,0.174089,0.005630,0.000144,0.059517,6.852209,3.696035,0.000154,26.501828,11.709573,0.927095,306.219610,0.003446,6.159284,355.966021,362.128895,362.433809,0.304914,362.613528
187,vehicle1,1001.155000,1001.043000,157.599943,1,ok,21749,15517,1,0.171433,0.007934,0.000145,0.097407,8.126202,4.765323,0.000092,25.126559,11.261126,0.782078,293.539057,0.012321,6.211675,343.697844,349.921985,350.166998,0.245013,350.346365
188,vehicle1,1001.354000,1001.245000,158.402347,1,ok,20941,14891,1,0.090538,0.006536,0.000509,0.077285,9.432363,3.954842,0.000091,26.975331,11.634730,0.840971,270.036117,0.012047,7.052617,322.951730,330.016903,330.287342,0.270439,330.384416
189,vehicle1,1001.552000,1001.446000,159.226825,1,ok,20146,14322,1,0.103477,0.004068,0.000249,0.056660,11.181144,4.491315,0.000110,32.291728,12.906037,0.703868,270.525156,0.004259,7.423327,332.156018,339.583853,339.969703,0.385850,340.077248
190,vehicle1,1001.756000,1001.645000,160.068835,1,ok,19438,13829,1,0.101096,0.007173,0.000413,0.087173,11.719059,3.564007,0.000079,28.040694,14.091098,0.719354,241.750851,0.003693,7.626801,299.972315,307.603222,307.855393,0.252171,307.963662
191,vehicle1,1001.944000,1001.846000,160.874507,1,ok,18861,13464,1,0.088490,0.007039,0.000266,0.056842,6.764268,4.056185,0.000254,24.357277,8.855293,0.692312,214.198929,0.003899,7.377929,258.981360,266.363454,266.639267,0.275813,266.734796
192,vehicle1,1002.147000,1002.046000,161.752159,1,ok,18435,13195,1,0.142579,0.005340,0.000214,0.046520,8.650378,4.158653,0.000134,24.118398,10.479788,0.683737,226.652779,0.004450,7.288028,274.790387,282.083079,282.348465,0.265386,282.496384
193,vehicle1,1002.345000,1002.251000,162.624925,1,ok,18146,13102,1,0.094744,0.008340,0.000181,0.073524,7.112589,4.339412,0.000181,20.168992,7.603302,0.711728,210.012354,0.003573,6.622542,250.022082,256.648378,256.913148,0.264770,257.016232
194,vehicle1,1002.546000,1002.444000,163.472434,1,ok,17970,13080,1,0.125866,0.004825,0.000286,0.042692,6.056925,3.794230,0.000154,21.899361,8.646661,0.712360,217.587249,0.013041,7.131663,258.739632,265.884622,266.127177,0.242555,266.257868
195,vehicle1,1002.746000,1002.648000,164.383505,1,ok,17785,13144,1,0.160379,0.014244,0.000328,0.070251,5.781866,3.505826,0.000084,23.109542,8.288358,0.692668,207.813935,0.004432,6.760063,249.262530,256.027353,256.266736,0.239383,256.441359
196,vehicle1,1002.947000,1002.849000,165.265980,1,ok,17584,13164,1,0.079912,0.006480,0.000349,0.069594,6.703017,4.601039,0.000148,21.052977,8.017838,0.958551,218.711240,0.003863,6.429844,260.114404,266.548460,266.815075,0.266615,266.901467
197,vehicle1,1003.146000,1003.046000,166.112771,1,ok,17462,13210,1,0.074918,0.004214,0.000302,0.040492,6.423051,3.871436,0.000082,22.101669,8.614307,0.701803,223.540787,0.011797,6.434539,265.293627,271.740265,272.000805,0.260540,272.079937
198,vehicle1,1003.347000,1003.246000,166.969715,1,ok,17400,13288,1,0.084664,0.004282,0.000242,0.038528,5.025729,4.185272,0.000128,25.565275,10.211744,0.687526,224.403865,0.012182,7.282306,270.118067,277.412797,277.732230,0.319433,277.821176
199,vehicle1,1003.545000,1003.445000,167.823976,1,ok,17333,13447,1,0.094441,0.007473,0.000154,0.064001,8.441048,4.824971,0.000145,22.825754,7.858412,0.683435,225.389024,0.004244,6.918310,270.086790,277.009498,277.497890,0.488392,277.599804
200,vehicle1,1003.746000,1003.644000,168.667190,1,ok,17322,13633,1,0.161841,0.005516,0.000187,0.046837,6.057396,4.348123,0.000082,20.162545,7.966241,0.854321,225.081324,0.033892,7.080649,264.516869,271.631597,271.947634,0.316037,272.114991
201,vehicle1,1003.943000,1003.844000,169.538356,1,ok,17307,13765,1,0.106582,0.005654,0.000290,0.062350,8.539561,3.812307,0.000024,27.649759,9.652408,0.688450,237.889089,0.004230,8.645871,288.293948,296.944339,297.265377,0.321038,297.377613
202,vehicle1,1004.146000,1004.047000,170.401220,1,ok,17218,13854,1,0.157861,0.006193,0.000194,0.072488,12.151272,5.775753,0.000115,29.863574,8.797081,0.872468,246.293002,0.003427,6.633046,303.825753,310.462420,310.902767,0.440347,311.066821
203,vehicle1,1004.355000,1004.247000,171.282465,1,ok,17153,13991,1,0.150546,0.008714,0.000324,0.050462,6.689175,4.360674,0.000152,23.321873,9.191090,0.688468,250.665514,0.006011,6.736252,294.967408,301.709995,302.082904,0.372909,302.242164
204,vehicle1,1004.550000,1004.446000,172.137653,1,ok,17135,14125,1,0.500589,0.008461,0.000302,0.068424,5.479130,4.384228,0.000208,23.594658,7.524033,0.675747,255.622200,0.003660,6.235322,297.348628,303.587912,303.866514,0.278602,304.375564
205,vehicle1,1004.754000,1004.646000,173.003858,1,ok,17181,14253,1,0.064481,0.004557,0.000220,0.041149,8.546521,4.173384,0.000106,25.206313,9.786726,0.777653,250.449848,0.028410,7.205646,298.981700,306.215976,306.465295,0.249319,306.534333
206,vehicle1,1004.955000,1004.845000,173.895655,1,ok,17260,14466,1,0.069588,0.004393,0.000340,0.040630,9.702347,4.026012,0.000113,22.826788,8.687014,0.670894,256.872118,0.003872,8.771832,302.825916,311.601960,311.887568,0.285608,311.961549
207,vehicle1,1005.151000,1005.046000,174.743686,1,ok,17369,14682,1,0.062840,0.006723,0.000340,0.064243,7.928758,4.331082,0.000126,26.534825,8.625752,0.752621,258.458329,0.004882,7.024907,306.695736,313.725865,314.008622,0.282757,314.078185
208,vehicle1,1005.354000,1005.245000,175.601990,1,ok,17569,14983,1,0.167980,0.014766,0.000498,0.132541,9.474672,5.463818,0.000262,24.209378,12.066178,0.726800,262.911752,0.003723,7.203703,314.985401,322.193325,322.521073,0.327748,322.703819
209,vehicle1,1005.553000,1005.445000,176.460311,1,ok,17806,15229,1,0.138680,0.045540,0.000341,0.071654,8.374528,4.109662,0.000213,26.328078,9.874757,0.685467,265.202875,0.004273,7.230323,314.647234,321.882171,322.113413,0.231242,322.297633
210,vehicle1,1005.753000,1005.646000,177.297104,1,ok,17962,15451,1,0.094637,0.531081,0.000380,0.079030,7.599186,4.975103,0.000086,24.403503,9.252115,0.895445,267.517660,0.011148,6.958873,314.722128,321.692529,322.231530,0.539001,322.857248
211,vehicle1,1005.954000,1005.845000,178.154072,1,ok,18141,15740,1,0.088953,0.005848,0.000233,0.092601,6.573706,4.545344,0.000111,26.816868,8.918563,0.691066,275.843460,0.020027,6.409660,323.481719,329.911639,331.010226,1.098587,331.105027
212,vehicle1,1006.152000,1006.046000,178.985094,1,ok,18315,16010,1,0.096035,0.003839,0.000255,0.053219,7.675552,4.620564,0.000086,25.958436,8.292173,0.795985,277.635457,0.042616,6.178220,325.031472,331.252563,331.553085,0.300522,331.652959
213,vehicle1,1006.350000,1006.245000,179.801882,1,ok,18549,16256,1,0.181823,0.005043,0.000359,0.038770,7.580757,4.603673,0.000082,23.933419,9.507388,0.690168,262.643914,0.010048,8.250154,308.998171,317.258732,317.542961,0.284229,317.729827
214,vehicle1,1006.552000,1006.445000,180.650280,1,ok,18855,16593,1,0.069380,0.004679,0.000260,0.049477,8.088409,4.723445,0.000075,25.759414,8.205747,0.938344,260.120266,0.009142,7.110888,307.885177,315.005467,315.244623,0.239156,315.318682
215,vehicle1,1006.751000,1006.648000,181.525950,1,ok,19130,16895,1,0.088280,0.009586,0.000425,0.114220,10.466688,6.375574,0.000104,28.209020,10.036015,0.721859,279.594960,0.003974,6.935962,335.518440,342.458801,342.758040,0.299239,342.855906
216,vehicle1,1006.953000,1006.847000,182.309244,1,ok,19390,17203,1,0.070288,0.003583,0.000235,0.109729,6.256244,5.425343,0.000074,26.678881,9.079430,0.815387,272.045601,0.008001,6.740433,320.410689,327.159358,327.403798,0.244440,327.477669
217,vehicle1,1007.151000,1007.046000,183.151237,1,ok,19629,17502,1,0.084334,0.006865,0.000233,0.094918,7.292433,4.959531,0.000088,23.827898,8.861418,0.772822,265.527884,0.016131,7.715606,311.336992,319.068962,319.363922,0.294960,319.455121
218,vehicle1,1007.353000,1007.246000,184.029545,1,ok,19849,17770,1,0.100073,0.006889,0.000407,0.088147,6.762887,6.314369,0.000137,25.826262,9.384004,0.791886,272.216746,0.004964,7.398213,321.384438,328.788022,329.155860,0.367838,329.262822
219,vehicle1,1007.554000,1007.446000,184.878977,1,ok,20085,18022,1,0.100128,0.008065,0.000239,0.079696,5.847089,4.881153,0.000200,27.566748,8.729722,0.718065,282.900223,0.003518,6.816202,330.722896,337.542855,337.769551,0.226696,337.877744
220,vehicle1,1007.751000,1007.646000,185.701080,1,ok,20343,18290,1,0.106216,0.003593,0.000287,0.052959,6.287864,4.765879,0.000083,26.071946,10.098509,0.797890,273.556929,0.004001,6.109215,321.632059,327.745562,328.052377,0.306815,328.162186
221,vehicle1,1007.953000,1007.845000,186.567290,1,ok,20610,18571,1,0.109142,0.008365,0.000210,0.141799,8.071433,4.716614,0.000084,26.662742,8.574403,0.739807,309.675201,0.010420,6.397381,358.582083,364.990094,365.377716,0.387622,365.495223
222,vehicle1,1008.149000,1008.046000,187.413342,1,ok,20834,18847,1,0.109722,0.005369,0.000358,0.084638,13.846858,5.967634,0.000088,40.748359,13.896931,1.349319,289.684339,0.011985,7.676647,365.578166,373.267156,373.695039,0.427883,373.810130
223,vehicle1,1008.354000,1008.247000,188.243714,1,ok,21034,19088,1,0.184684,0.005996,0.000335,0.062051,12.473516,6.216745,0.000146,29.031173,8.945094,0.684775,299.629801,0.003161,6.883626,357.043301,363.930423,364.151601,0.221178,364.342281
224,vehicle1,1008.552000,1008.446000,189.042857,1,ok,21165,19210,1,0.188803,0.007588,0.000340,0.090894,10.386765,5.117283,0.000080,27.571188,8.547244,0.695041,294.533268,0.003230,8.966340,346.941763,355.911673,356.199234,0.287561,356.395625
225,vehicle1,1008.752000,1008.645000,189.847612,1,ok,21410,19395,1,0.876214,0.008657,0.000331,0.171522,7.880490,5.537649,0.000092,26.790001,10.610005,0.782697,276.855243,0.004142,7.546441,328.627699,336.178613,336.514971,0.336358,337.399842
226,vehicle1,1008.953000,1008.845000,190.698911,1,ok,21577,19577,1,0.090348,0.006952,0.000349,0.090000,8.390562,5.239430,0.000109,29.821139,9.846474,0.741707,307.413871,0.003648,7.110001,361.543292,368.657290,368.916289,0.258999,369.013589
227,vehicle1,1009.152000,1009.044000,191.533718,1,ok,21692,19709,1,0.099364,0.011461,0.000280,0.072795,9.856556,10.104404,0.000085,29.149291,8.503726,0.719597,289.052485,0.012503,7.475158,347.458939,354.946880,355.316956,0.370076,355.427781
228,vehicle1,1009.353000,1009.247000,192.415210,1,ok,21871,19860,1,0.099689,0.004548,0.000211,0.055081,9.753778,9.342399,0.000122,36.170967,9.753423,1.013833,314.987941,0.005137,8.506417,381.077544,389.589309,389.942053,0.352744,390.046290
229,vehicle1,1009.553000,1009.445000,193.228921,1,ok,22039,20067,1,0.091880,0.005423,0.000138,0.163368,8.972231,5.615502,0.000106,29.791525,10.818094,1.023933,332.435400,0.008389,7.271435,388.820159,396.100121,396.621186,0.521065,396.718489
230,vehicle1,1009.753000,1009.646000,194.063790,1,ok,22240,20218,1,0.148073,0.008980,0.000169,0.073681,14.288509,5.415011,0.000175,30.152439,10.192497,0.694670,324.255961,0.004394,7.344771,385.072943,392.422277,392.652609,0.230332,392.809662
231,vehicle1,1009.953000,1009.844000,194.899099,1,ok,22425,20331,1,0.084963,0.007938,0.000671,0.114197,9.889717,5.928290,0.000096,29.853326,9.948683,0.770768,347.507442,0.006419,6.637986,404.012519,410.657595,410.937083,0.279488,411.029984
232,vehicle1,1010.185000,1010.046000,195.733176,1,ok,22563,20432,1,0.137488,0.005890,0.000163,0.083616,12.542850,7.495337,0.000172,33.265705,9.847001,0.908987,344.758633,0.014298,8.409174,408.902301,417.325936,417.742520,0.416584,417.885898
233,vehicle1,1010.388000,1010.244000,196.552357,1,ok,22778,20599,1,0.080850,0.006401,0.000232,0.174884,10.127218,5.709515,0.000089,30.664065,10.477072,0.757425,349.847444,0.003822,6.925669,407.757712,414.687435,414.933808,0.246373,415.021059
234,vehicle1,1010.584000,1010.446000,197.355877,1,ok,22980,20780,1,0.108097,0.006352,0.000312,0.058386,10.190565,5.977307,0.000171,30.174262,11.530688,0.798250,364.659032,0.003704,7.482578,423.388661,430.875255,431.193569,0.318314,431.308018
235,vehicle1,1010.819000,1010.645000,198.232775,1,ok,23212,21030,1,0.205406,0.188481,0.000354,0.083101,12.586222,6.989701,0.000124,35.773372,9.819198,0.714725,382.498941,0.003595,9.309051,448.465384,457.778384,457.998790,0.220406,458.392677
236,vehicle1,1011.029000,1010.847000,199.044324,1,ok,23479,21314,1,0.069233,0.006726,0.000384,0.066773,12.902920,5.414813,0.000076,32.229675,11.554877,0.705380,384.516379,0.003629,6.811971,447.390893,454.206877,454.420184,0.213307,454.496143
237,vehicle1,1011.227000,1011.046000,199.865237,1,ok,23750,21534,1,0.115303,0.006601,0.000319,0.190638,14.185072,6.973070,0.000173,31.471446,10.403361,0.917134,391.351997,0.042265,10.027019,455.492891,465.562494,465.928749,0.366255,466.050653
238,vehicle1,1011.420000,1011.246000,200.681117,1,ok,23935,21683,1,0.164471,0.005926,0.000237,0.060368,8.272746,5.478554,0.000106,32.223611,10.910941,0.918075,389.711167,0.003473,7.090851,447.575568,454.670129,455.128144,0.458015,455.298541
239,vehicle1,1011.626000,1011.446000,201.526806,1,ok,24051,21773,1,0.077247,0.006621,0.000189,0.075095,9.447379,5.915150,0.000076,37.366804,12.956078,0.871919,414.103965,0.004913,8.795385,480.736466,489.536953,489.857350,0.320397,489.941218
240,vehicle1,1011.844000,1011.646000,202.381029,1,ok,24169,21849,1,0.190150,0.006878,0.000267,0.101468,9.352950,7.484341,0.000172,34.037270,10.686835,0.880441,415.558019,0.005687,7.544400,478.101496,485.651850,485.965582,0.313732,486.162610
241,vehicle1,1012.038000,1011.850000,203.218443,1,ok,24286,21928,1,0.252472,0.009640,0.000277,0.116852,14.258238,8.962255,0.000100,33.725386,10.983993,0.682877,417.323942,0.003803,7.226081,486.053643,493.283804,493.542282,0.258478,493.804394
242,vehicle1,1012.239000,1012.046000,204.014448,1,ok,24280,21879,1,0.063693,0.006988,0.000190,0.104787,12.234452,6.567838,0.000121,33.609581,13.228169,1.008171,419.186577,0.012407,6.383450,485.939696,492.335743,492.715751,0.380008,492.786432
243,vehicle1,1012.438000,1012.248000,204.824403,1,ok,24228,21771,1,0.104070,0.007317,0.000265,0.090517,11.185535,6.249995,0.000266,33.093398,10.644904,0.704932,421.960012,0.003366,7.199257,483.929559,491.132447,491.519766,0.387319,491.631153
244,vehicle1,1012.638000,1012.445000,205.589413,1,ok,24250,21764,1,0.109377,0.007070,0.000264,0.149164,9.258078,6.987606,0.000165,33.890251,10.823474,0.752880,422.829023,0.003681,7.127350,484.690641,491.821936,492.060548,0.238612,492.176995
245,vehicle1,1012.838000,1012.645000,206.386293,1,ok,24305,21777,1,0.102357,0.005485,0.000526,0.100680,10.070870,6.312177,0.000198,32.607100,11.015705,0.721682,415.054127,0.003718,7.581971,475.882539,483.468754,483.693380,0.224626,483.801222
246,vehicle1,1013.028000,1012.845000,207.195702,1,ok,24355,21794,1,0.155675,0.005612,0.000254,0.048737,9.361622,6.041623,0.000086,35.123984,11.863846,0.708215,408.855854,0.003829,7.308720,472.003967,479.316770,479.543961,0.227191,479.705248
247,vehicle1,1013.201000,1013.046000,207.966042,1,ok,24408,21797,1,0.117968,0.004934,0.000279,0.051826,7.174834,6.398538,0.000085,30.662761,9.016903,0.772788,384.312881,0.003832,8.964310,438.390616,447.359037,447.681904,0.322867,447.804806
248,vehicle1,1013.439000,1013.245000,208.847483,1,ok,24577,21897,1,0.129805,0.007128,0.000406,0.126223,10.041372,6.529747,0.000099,32.811479,10.228648,0.906951,447.208811,0.016571,6.857495,507.853330,514.727802,515.019984,0.292182,515.156917
249,vehicle1,1013.638000,1013.446000,209.672876,1,ok,24731,21955,1,0.181277,0.004140,0.000239,0.057642,12.133861,6.733098,0.000154,36.011774,11.464038,0.693614,467.116311,0.004583,7.103244,534.210492,541.318558,541.669921,0.351363,541.855338
250,vehicle1,1013.838000,1013.646000,210.434594,1,ok,24910,22067,1,0.238928,0.011554,0.000481,0.168725,11.198235,7.023965,0.000103,33.904868,12.838263,0.834300,454.356941,0.003511,6.819991,520.325400,527.149383,527.423781,0.274398,527.674263
251,vehicle1,1014.039000,1013.845000,211.292794,1,ok,25054,22204,1,0.097758,0.009473,0.000234,0.153646,12.233645,6.299771,0.000123,35.857865,12.500741,0.889197,467.106337,0.006742,6.667586,535.041325,541.715887,542.059934,0.344047,542.167165
252,vehicle1,1014.238000,1014.047000,212.126412,1,ok,25223,22393,1,0.193293,0.006713,0.000442,0.097869,11.593493,7.130178,0.000138,35.202476,12.229032,0.750914,480.188556,0.003991,7.351621,547.192656,554.548710,554.887515,0.338805,555.087521
253,vehicle1,1014.439000,1014.245000,212.976232,1,ok,25314,22451,1,0.091411,0.004280,0.000243,0.077352,8.710237,6.733697,0.000140,37.874081,11.479367,0.736798,457.939057,0.011989,6.872461,523.550729,530.435422,530.682275,0.246853,530.777966
254,vehicle1,1014.639000,1014.447000,213.777809,1,ok,25400,22468,1,0.244564,0.016401,0.000433,0.097473,10.997952,6.821348,0.000139,33.799233,12.438040,0.849982,468.631475,0.004498,6.862805,533.635642,540.503378,540.937550,0.434172,541.198515
255,vehicle1,1014.839000,1014.646000,214.567525,1,ok,25508,22533,1,0.134031,0.005062,0.000202,0.144532,11.068409,7.156338,0.000136,34.591131,11.899042,0.710957,476.203128,0.004251,6.242090,541.773673,548.020216,548.272703,0.252487,548.411796
256,vehicle1,1015.048000,1014.846000,215.404049,1,ok,25590,22609,1,0.143946,0.006572,0.000434,0.100444,13.171257,6.282894,0.000135,36.210836,25.759976,0.707706,477.023833,0.003039,7.462429,559.257081,566.722983,566.954725,0.231742,567.105243
257,vehicle1,1015.245000,1015.048000,216.242854,1,ok,25545,22497,1,0.113960,0.007078,0.000268,0.084691,15.967939,6.541402,0.000224,35.385461,12.351116,0.937017,504.009285,0.003757,6.993233,575.277135,582.274393,582.561551,0.287158,582.682589
258,vehicle1,1015.438000,1015.245000,217.063821,1,ok,25529,22481,1,0.136437,0.032042,0.000388,0.082288,13.251309,5.989022,0.000120,35.466641,12.187509,0.748115,528.136300,0.003366,6.302729,595.861304,602.167787,602.473736,0.305949,602.642215
259,vehicle1,1015.639000,1015.446000,217.969240,1,ok,25508,22427,1,0.258083,0.009660,0.000509,0.078599,10.776225,6.757346,0.000088,38.670968,15.078770,0.769211,542.565075,0.016102,7.619974,614.696282,622.332867,622.639796,0.306929,622.907539
260,vehicle1,1015.846000,1015.648000,218.872077,1,ok,25486,22366,1,0.097894,0.052599,0.000493,0.146890,10.925086,6.671721,0.000260,38.083174,14.279871,0.762457,550.315605,0.003203,8.056377,621.185064,629.245137,629.738924,0.493787,629.889417
261,vehicle1,1016.047000,1015.846000,219.725267,1,ok,25446,22288,1,0.257854,0.015328,0.000274,0.094426,13.640009,8.039002,0.000255,41.771707,14.425772,0.798110,562.972914,0.003641,6.962279,641.742195,648.708389,649.053439,0.345050,649.326621
262,vehicle1,1016.246000,1016.047000,220.568600,1,ok,25447,22187,1,0.100808,0.007076,0.000342,0.207356,19.391899,6.491367,0.000086,37.711099,13.280300,0.792364,526.616528,0.007655,7.703132,604.490999,612.202128,613.804928,1.602800,613.912812
263,vehicle1,1016.445000,1016.246000,221.423779,1,ok,25639,22235,1,0.177683,0.005956,0.000235,0.060721,16.935373,6.877299,0.000105,37.959554,13.221249,0.740018,531.594283,0.004109,9.078160,607.388602,616.471106,617.887635,1.416529,618.071274
264,vehicle1,1016.646000,1016.445000,222.271641,1,ok,25989,22370,1,0.122718,0.004474,0.000265,0.121834,18.359615,7.704225,0.000080,38.339939,17.824383,0.957072,577.648436,0.040393,6.984431,660.955584,667.980673,668.914663,0.933990,669.041855
265,vehicle1,1016.845000,1016.646000,223.035392,1,ok,26339,22551,1,0.235191,0.006317,0.000434,0.106699,19.098554,6.898934,0.000086,37.703809,11.814314,0.706885,548.070938,0.007133,7.601440,624.400219,632.009226,632.288831,0.279605,632.530339
266,vehicle1,1017.046000,1016.845000,223.826383,1,ok,26570,22680,1,0.140848,0.011239,0.000432,0.155512,13.378163,10.027035,0.000154,34.687347,10.962573,0.709362,541.245945,0.003567,7.137365,611.166091,618.307455,618.580187,0.272732,618.732274
267,vehicle1,1017.246000,1017.046000,224.638872,1,ok,26565,22832,1,0.226929,0.009166,0.000221,0.098336,14.727256,5.752489,0.000092,37.706144,13.789171,0.700746,547.857319,0.005043,6.957754,620.631553,627.594571,627.825186,0.230615,628.061281
268,vehicle1,1017.448000,1017.247000,225.476871,1,ok,26487,22914,1,0.093161,0.003924,0.000326,0.051596,25.708186,7.758244,0.000306,40.911253,14.404363,0.707179,576.552842,0.004876,6.734681,666.093969,672.833852,673.164360,0.330508,673.261445
269,vehicle1,1017.645000,1017.448000,226.337854,1,ok,26320,22918,1,0.130431,0.005821,0.000384,0.076426,13.903858,7.730321,0.000425,38.453828,15.391269,0.715808,589.913880,0.002863,7.283074,666.185815,673.472136,674.096418,0.624282,674.232670
270,vehicle1,1017.847000,1017.645000,227.107621,1,ok,26153,22757,1,0.210406,0.010613,0.000245,0.083455,15.963997,5.763124,0.000088,36.188016,12.946012,0.962310,553.843913,0.033683,6.501240,625.750915,632.286083,632.603649,0.317566,632.824668
271,vehicle1,1018.046000,1017.847000,227.928420,1,ok,25976,22604,1,0.102675,0.010621,0.000435,0.110110,23.221180,6.580455,0.000094,38.232579,14.196569,0.953726,571.504298,0.006197,7.376599,654.799011,662.182242,662.760952,0.578710,662.874248
272,vehicle1,1018.248000,1018.046000,228.704971,1,ok,25736,22356,1,0.218672,0.005134,0.000374,0.087069,13.434391,6.895239,0.000270,38.641036,13.862189,0.696366,561.035430,0.004336,6.287330,634.651990,640.944030,641.352878,0.408848,641.576684
273,vehicle1,1018.446000,1018.248000,229.575827,1,ok,25578,22177,1,0.099971,0.005157,0.000344,0.065299,16.751822,5.357136,0.000108,34.566110,13.268140,0.714105,582.654288,0.004681,6.126102,653.377008,659.508135,660.890319,1.382184,660.995447
274,vehicle1,1018.643000,1018.446000,230.358181,1,ok,25470,22027,1,0.198517,0.004642,0.000241,0.051137,12.841124,6.410965,0.000115,37.051596,11.718015,1.093531,572.216795,0.003842,8.021987,641.383278,649.409348,649.788402,0.379054,649.991561
275,vehicle1,1018.846000,1018.649000,231.262895,1,ok,25560,22032,1,0.102385,0.008389,0.000368,0.202259,13.656300,6.810584,0.000284,36.838465,12.263396,0.698170,562.848403,0.020948,6.953081,633.317861,640.292258,640.758084,0.465826,640.868858
276,vehicle1,1019.046000,1018.846000,232.062774,1,ok,25617,21994,1,0.119181,0.006393,0.000316,0.088863,17.518966,7.575562,0.000114,35.926280,12.966382,0.764570,516.533579,0.059002,9.832807,591.374316,601.266441,602.410181,1.143740,602.535755
277,vehicle1,1019.243000,1019.046000,232.941607,1,ok,25566,21864,1,0.125178,0.007210,0.000286,0.073427,11.883718,8.692109,0.000078,35.711773,13.999777,0.873830,554.123043,0.003978,6.138772,625.357755,631.500791,632.024646,0.523855,632.157034
278,vehicle1,1019.447000,1019.243000,233.812369,1,ok,25487,21796,1,0.087140,0.005351,0.000400,0.054841,11.006168,6.016749,0.000219,38.306097,12.270156,0.706807,551.760881,0.003942,6.585153,620.121918,626.711413,627.117404,0.405991,627.209895
279,vehicle1,1019.645000,1019.447000,234.636530,1,ok,25415,21757,1,0.202340,0.005624,0.000294,0.048952,10.872540,6.564847,0.000078,37.303671,13.366345,0.712273,544.674968,0.004806,6.615851,613.543674,620.164625,620.441430,0.276805,620.649394
280,vehicle1,1019.847000,1019.645000,235.468610,1,ok,25399,21718,1,0.218483,0.006904,0.000335,0.102770,12.307102,6.497911,0.000113,38.643507,13.197525,0.882917,539.385077,0.003530,6.983550,611.016922,618.004337,618.442324,0.437987,618.667711
281,vehicle1,1020.046000,1019.847000,236.320632,1,ok,25385,21688,1,0.129266,0.004239,0.000221,0.052131,12.888294,6.039244,0.000117,44.884379,14.266842,0.696105,516.905173,0.023167,8.115866,595.732285,603.871539,604.280881,0.409342,604.414386
282,vehicle1,1020.245000,1020.046000,237.177037,1,ok,25205,21463,1,0.098114,0.003965,0.000287,0.057694,13.629972,5.856284,0.000096,40.734266,14.298859,0.680304,535.609053,0.003593,7.391387,610.866528,618.261795,618.712785,0.450990,618.814864
283,vehicle1,1020.451000,1020.245000,238.045381,1,ok,24816,21060,1,0.127343,0.009838,0.000363,0.086124,12.859576,6.674503,0.000180,39.149116,12.571691,0.789535,530.679600,0.004865,7.521877,602.810325,610.337430,610.815809,0.478379,610.952990
284,vehicle1,1020.646000,1020.451000,238.891494,1,ok,24268,20497,1,0.134145,0.006592,0.000320,0.097976,15.148972,8.838301,0.000087,38.662598,13.185545,0.732763,520.361002,0.003466,7.703516,597.027244,604.734546,605.133413,0.398867,605.274150
285,vehicle1,1020.840000,1020.646000,239.694197,1,ok,23877,20095,1,0.202710,0.006110,0.000382,0.094796,11.963460,6.024234,0.000101,33.042656,14.675746,1.009745,522.910964,0.004275,6.443754,589.721702,596.170113,596.541476,0.371363,596.750296
286,vehicle1,1021.046000,1020.849000,240.606527,1,ok,23522,19752,1,0.117762,0.004109,0.000126,0.054795,8.769374,6.052634,0.000099,34.107872,13.584166,0.877289,501.035314,0.046886,7.456673,564.481543,571.985228,572.513940,0.528712,572.635811
287,vehicle1,1021.238000,1021.046000,241.426096,1,ok,23306,19528,1,0.090733,0.008773,0.000226,0.086379,12.606017,6.557113,0.000082,44.077760,13.460467,1.034055,510.112927,0.004475,8.042185,587.934800,595.981686,596.367645,0.385959,596.467151
288,vehicle1,1021.435000,1021.245000,242.228261,1,ok,23011,19241,1,0.195380,0.006127,0.000186,0.055712,9.901986,5.957714,0.000110,33.960060,13.096401,0.839269,484.517327,0.040433,7.396703,548.328579,555.765901,556.310493,0.544592,556.512000
289,vehicle1,1021.638000,1021.443000,243.165580,1,ok,22712,18927,1,0.195996,0.006469,0.000240,0.061915,10.185678,6.293731,0.000277,39.538669,20.392083,0.701543,514.635261,0.005120,7.922614,591.809157,599.737131,600.246114,0.508983,600.448579
290,vehicle1,1021.847000,1021.645000,244.032678,1,ok,22482,18664,1,0.108577,0.015295,0.000481,0.093148,8.417839,6.149832,0.000167,41.194398,11.571241,0.893088,499.826464,0.005383,11.519690,568.146177,579.671731,580.044855,0.373124,580.168727
291,vehicle1,1022.037000,1021.847000,244.843176,1,ok,22259,18341,1,0.214821,0.012490,0.000343,0.082275,12.329348,8.014285,0.000268,38.673897,14.727023,0.914152,490.088432,0.003897,6.143597,564.829680,570.977517,571.419943,0.442426,571.647254
292,vehicle1,1022.241000,1022.047000,245.676043,1,ok,22123,18200,1,0.082546,0.007372,0.000206,0.087691,9.676594,6.559108,0.000078,33.653269,11.972793,0.936287,474.041751,0.038588,6.904074,536.927571,543.870439,544.275839,0.405400,544.365757
293,vehicle1,1022.439000,1022.249000,246.545877,1,ok,22082,18167,1,0.196919,0.006857,0.000172,0.077483,9.991758,6.247700,0.000135,34.469725,12.282909,0.691482,465.238516,0.003722,6.200532,528.999708,535.204134,535.473997,0.269863,535.677773
294,vehicle1,1022.640000,1022.450000,247.398453,1,ok,22022,18087,1,0.082892,0.007238,0.000344,0.061520,9.064073,6.784865,0.000222,34.547778,12.806325,0.850708,478.517172,0.004400,6.584749,542.632663,549.222156,549.745319,0.523163,549.835449
295,vehicle1,1022.838000,1022.645000,248.210015,1,ok,21964,18071,1,0.205879,0.009484,0.000486,0.073476,10.733654,6.280709,0.000096,34.889367,11.675341,0.774199,474.047030,0.015220,6.685110,538.473872,545.174688,545.595596,0.420908,545.810959
296,vehicle1,1023.038000,1022.845000,249.023347,1,ok,21854,17969,1,0.064123,0.010995,0.000848,0.112368,14.520331,6.813715,0.000144,31.652070,12.285764,0.710789,426.487509,0.004354,8.083536,492.582690,500.671428,501.354182,0.682754,501.429300
297,vehicle1,1023.238000,1023.047000,249.844030,1,ok,21782,17949,1,0.108213,0.007939,0.000244,0.065494,8.804751,8.948248,0.000174,32.043178,11.186553,0.903985,425.195723,0.004027,6.925248,487.148106,494.077625,494.644474,0.566849,494.760626
298,vehicle1,1023.438000,1023.245000,250.764187,1,ok,21774,17933,1,0.169929,0.006669,0.000262,0.075767,9.958559,8.441089,0.000152,35.838323,12.151336,0.695550,474.911807,0.014231,7.603378,542.072583,549.690454,550.602398,0.911944,550.778996
299,vehicle1,1023.641000,1023.447000,251.606783,1,ok,21796,17935,1,0.157481,0.007480,0.000203,0.122336,12.730740,5.817881,0.000086,32.831208,12.134197,0.805289,463.773974,0.002901,7.063429,528.215711,535.282244,535.646809,0.364565,535.811770
300,vehicle1,1023.841000,1023.648000,252.534386,1,ok,21877,17972,1,0.193846,0.388006,0.000304,0.058191,6.120716,6.130971,0.000244,35.899648,10.245245,0.854764,466.343286,0.004012,7.516321,525.653065,533.173702,533.602312,0.428610,534.184164
301,vehicle1,1024.042000,1023.848000,253.395082,1,ok,21847,18022,1,0.141067,0.005579,0.000271,0.073199,7.295857,6.167256,0.000091,33.311176,11.035397,0.912472,430.904272,0.006008,6.347149,489.699720,496.053148,496.429984,0.376836,496.576630
302,vehicle1,1024.242000,1024.049000,254.213764,1,ok,21801,18040,1,0.145416,0.007682,0.000481,0.085427,11.237688,8.785622,0.000165,31.693677,11.400395,0.872775,405.721545,0.004921,6.776420,469.797294,476.579116,477.059162,0.480046,477.212260
303,vehicle1,1024.440000,1024.248000,255.059286,1,ok,21800,18101,1,0.284894,0.016490,0.000202,0.068077,9.545531,7.167734,0.000113,31.834589,10.575728,0.725619,403.791055,0.008609,12.203444,463.708446,475.920701,476.476339,0.555638,476.777723
304,vehicle1,1024.618000,1024.449000,255.847541,1,ok,21815,18160,1,0.100025,0.013290,0.000207,0.073000,6.770166,5.652044,0.000087,29.790487,9.484108,0.686876,355.522528,0.013060,7.313999,407.979296,415.306562,415.599860,0.293298,415.713175
305,vehicle1,1024.813000,1024.647000,256.638797,1,ok,21810,18167,1,0.227503,0.010860,0.000402,0.067676,8.756664,6.877548,0.000124,31.308452,9.394000,0.829233,384.146710,0.010828,8.183771,441.380407,449.575408,450.002881,0.427473,450.241244
306,vehicle1,1024.993000,1024.851000,257.467038,1,ok,21881,18208,1,0.078560,0.015383,0.000354,0.080263,8.999060,5.785012,0.000139,32.446281,10.617680,0.802105,361.360647,0.003480,7.339546,420.091187,427.434567,427.891782,0.457215,427.985725
307,vehicle1,1025.196000,1025.045000,258.316874,1,ok,22007,18300,1,0.176688,0.007276,0.000315,0.075542,6.291895,6.827453,0.000108,31.791570,10.060716,0.742746,391.037361,0.002914,7.653935,446.827391,454.484555,454.766939,0.282384,454.950903
308,vehicle1,1025.384000,1025.252000,259.157819,1,ok,22126,18445,1,0.078028,0.007612,0.000228,0.197516,8.974638,5.559445,0.000078,29.302306,8.310123,0.698147,344.168379,0.010641,8.631646,397.210632,405.853147,406.252189,0.399042,406.337829
309,vehicle1,1025.642000,1025.451000,260.073737,1,ok,22185,18609,1,0.180232,0.006737,0.000213,0.091248,12.113243,8.479161,0.000101,36.579283,9.701310,0.828461,422.381561,0.011698,7.012529,490.174368,497.198808,497.601029,0.402221,497.787998
310,vehicle1,1025.833000,1025.652000,260.895204,1,ok,22266,18770,1,0.093189,0.006469,0.000260,0.076007,8.075691,8.562888,0.000115,35.420885,12.638817,0.680864,384.625334,0.006005,9.264541,450.080601,459.351407,459.652941,0.301534,459.752599
311,vehicle1,1026.041000,1025.851000,261.771165,1,ok,22309,18831,1,0.195587,0.006657,0.000277,0.071426,5.887929,6.487614,0.000233,30.906626,9.912529,0.746591,404.821807,0.011431,7.671851,458.834755,466.518314,466.902616,0.384302,467.104860
312,vehicle1,1026.243000,1026.049000,262.604766,1,ok,22291,18773,1,1.054503,0.010106,0.000263,0.077558,7.514091,6.951037,0.000101,38.349065,8.747509,0.754743,425.991955,0.002840,6.974564,488.386059,495.363726,495.954578,0.590852,497.019187
313,vehicle1,1026.407000,1026.251000,263.404476,1,ok,22296,18777,1,0.129059,0.010113,0.000380,0.097531,8.635674,7.853573,0.000076,32.856081,11.278344,0.959955,367.814413,0.005641,9.009408,429.495647,438.511076,438.995639,0.484563,439.134811
314,vehicle1,1026.615000,1026.455000,264.240487,1,ok,22309,18821,1,0.215162,0.005575,0.000177,0.080402,6.956152,6.267095,0.000244,29.447103,9.228105,0.874046,398.827312,0.003358,8.189192,451.680459,459.873186,460.233826,0.360640,460.454563
315,vehicle1,1026.822000,1026.650000,265.078336,1,ok,22286,18772,1,0.223091,0.011423,0.000317,0.101320,8.966637,7.379736,0.000296,30.514393,11.324184,0.997113,390.877299,0.011810,7.552147,450.160978,457.725252,458.092895,0.367643,458.327409
316,vehicle1,1027.041000,1026.850000,265.921557,1,ok,22247,18701,1,0.181555,0.009506,0.000308,0.090935,6.399205,5.933705,0.000108,36.327902,9.313394,0.711628,386.803571,0.004623,7.626268,445.580448,453.211647,453.470103,0.258456,453.661164
317,vehicle1,1027.236000,1027.051000,266.761538,1,ok,22323,18739,1,0.126449,0.005088,0.000152,0.070400,9.100290,7.621808,0.000093,37.805193,9.924325,0.710588,406.297980,0.004347,7.158767,471.530677,478.693943,479.155293,0.461350,479.286830
318,vehicle1,1027.442000,1027.251000,267.605001,1,ok,22397,18799,1,0.108333,2.610329,0.000614,0.094321,7.505167,6.887369,0.000083,33.654636,12.081800,0.887772,396.951640,0.004440,6.245580,458.062788,464.313422,464.868293,0.554871,467.586955
319,vehicle1,1027.641000,1027.452000,268.436362,1,ok,22367,18759,1,0.206748,0.007934,0.000208,0.076960,7.261267,8.581343,0.000104,39.268939,9.780438,0.707050,387.932187,0.003506,8.073460,453.608288,461.685462,461.898876,0.213414,462.113558
320,vehicle1,1027.806000,1027.647000,269.215116,1,ok,22338,18749,1,0.169721,0.005562,0.000299,0.045960,4.863735,6.967609,0.000213,29.684811,11.235595,0.967481,393.906383,0.003915,7.083710,447.671787,454.759711,455.081764,0.322053,455.257047
321,vehicle1,1028.001000,1027.849000,270.088991,1,ok,22269,18684,1,0.221570,0.007012,0.000247,0.075445,5.784597,6.132209,0.000106,30.556423,10.322299,0.714823,371.439931,0.074591,8.498939,425.025833,433.599610,433.961083,0.361473,434.189665
322,vehicle1,1028.234000,1028.046000,270.956769,1,ok,22186,18556,1,0.159470,0.004085,0.000217,0.043901,6.689929,6.066631,0.000136,32.245505,10.406178,0.779388,415.619139,0.003956,8.705847,471.850807,480.560827,480.913076,0.352249,481.076631
323,vehicle1,1028.422000,1028.250000,271.766208,1,ok,22101,18357,1,0.109880,0.007833,0.000223,0.082173,7.741391,7.105879,0.000161,33.018942,9.139926,0.994415,374.115832,0.005202,7.293570,432.198719,439.497714,439.867587,0.369873,439.985300
324,vehicle1,1028.623000,1028.451000,272.629189,1,ok,22050,18219,1,0.218260,0.009867,0.000291,0.087536,7.064102,6.222520,0.000171,29.935608,13.504043,1.088478,415.671925,0.013387,9.163949,473.574383,482.752010,483.133705,0.381695,483.361832
325,vehicle1,1028.842000,1028.651000,273.483903,1,ok,21991,18160,1,0.157688,0.007535,0.000337,0.077317,7.483585,5.862293,0.000101,33.057327,9.686592,0.975625,398.858743,0.003326,9.219302,456.001583,465.224548,465.655466,0.430918,465.820689
326,vehicle1,1029.023000,1028.850000,274.312473,1,ok,21869,18141,1,0.210440,0.007592,0.000176,0.095676,9.494880,6.258689,0.000153,34.877164,12.405768,0.736465,385.128308,0.018089,7.813467,448.997103,456.828835,457.401588,0.572753,457.619620
327,vehicle1,1029.242000,1029.053000,275.178428,1,ok,21285,17845,1,0.072555,0.010173,0.000783,0.105836,10.685309,5.897153,0.000090,30.834982,10.054560,0.864680,428.409237,0.002939,7.920017,486.851847,494.775586,495.288358,0.512772,495.371086
328,vehicle1,1029.443000,1029.250000,276.013083,1,ok,20863,17559,1,0.099461,0.004185,0.000297,0.045610,6.779137,6.341484,0.000072,34.003271,10.797341,0.854496,435.119185,0.004732,6.531186,493.940596,500.476811,500.861569,0.384758,500.965215
329,vehicle1,1029.638000,1029.451000,276.845626,1,ok,20858,17411,1,0.184344,0.007642,0.000415,0.076105,7.889980,6.423223,0.000097,36.837827,12.933022,0.867797,440.166456,0.003382,7.915087,505.194507,513.113391,513.584797,0.471406,513.776783
330,vehicle1,1029.846000,1029.650000,277.771052,1,ok,21110,17516,1,0.267235,1.592264,0.000486,0.087277,9.129347,6.409494,0.000255,36.960109,10.006884,0.944315,477.190848,0.004505,8.198815,540.728529,548.932335,549.266374,0.334039,551.125873
331,vehicle1,1030.042000,1029.851000,278.577426,1,ok,21714,17895,1,0.086955,0.013594,0.000698,0.069164,12.949042,7.794299,0.000090,36.544926,12.618260,0.699962,458.333173,0.012724,8.291240,529.008916,537.313578,537.527128,0.213550,537.627677
332,vehicle1,1030.243000,1030.050000,279.460588,1,ok,22172,18201,1,0.077017,0.007175,0.000686,0.079916,10.825383,6.671636,0.000129,37.836648,17.336075,1.017804,478.540638,0.003970,8.257303,552.308229,560.570188,561.317143,0.746955,561.401335
333,vehicle1,1030.443000,1030.253000,280.293387,1,ok,22149,18136,1,0.093977,0.012249,0.000380,0.090014,9.861033,6.942952,0.000133,37.012430,12.176991,0.701053,462.537942,0.004239,7.037429,529.322548,536.364596,536.760169,0.395573,536.866395
334,vehicle1,1030.643000,1030.448000,281.147199,1,ok,22147,18184,1,0.201299,0.006227,0.000231,0.089549,10.500724,5.584438,0.000087,35.276748,12.400619,0.997504,487.583673,0.003931,6.478868,552.433342,558.916372,559.222131,0.305759,559.429657
335,vehicle1,1030.843000,1030.650000,282.004729,1,ok,22891,18756,1,0.108475,0.007532,0.000249,0.111569,10.782098,5.521096,0.000100,38.189450,14.935114,0.886394,490.270585,0.003576,6.958008,560.696406,567.658239,567.941017,0.282778,568.057024
336,vehicle1,1031.043000,1030.851000,282.844450,1,ok,23585,19382,1,0.243873,0.008346,0.000301,0.108905,11.291379,6.744547,0.000094,36.752749,10.947079,0.822796,484.155784,0.011905,6.299872,550.823333,557.135411,557.419268,0.283857,557.671487
337,vehicle1,1031.251000,1031.051000,283.704866,1,ok,24023,19854,1,0.149522,0.012185,0.000468,0.162912,12.821394,6.448412,0.000087,39.350433,13.042710,0.689199,489.107778,0.002957,8.881141,561.622925,570.507491,571.137791,0.630300,571.299498
338,vehicle1,1031.454000,1031.251000,284.573534,1,ok,23668,19581,1,0.176605,0.006738,0.000341,0.066931,11.749353,6.219745,0.000088,40.468566,11.002912,0.704431,516.347569,0.027645,6.802880,586.559595,593.390461,593.735115,0.344654,593.918458
339,vehicle1,1031.651000,1031.454000,285.418023,1,ok,23282,19365,1,0.190617,0.009601,0.000277,0.086891,18.254095,9.804174,0.000088,39.212480,14.330961,0.754463,516.692241,0.006832,6.495065,599.135393,605.637567,606.144871,0.507304,606.345089
340,vehicle1,1031.852000,1031.651000,286.254644,1,ok,23247,19534,1,0.093517,0.004454,0.000128,0.051725,15.636365,7.753095,0.000172,41.856794,13.937122,0.689419,536.270388,0.003547,6.121533,616.195080,622.320288,622.657458,0.337170,622.755429
341,vehicle1,1032.049000,1031.852000,287.128937,1,ok,24002,20187,1,0.228202,0.007650,0.000292,0.125548,16.817072,6.837508,0.000153,40.975606,15.998487,0.724410,538.019247,0.041150,9.432762,619.498031,628.972235,629.628077,0.655842,629.863929
342,vehicle1,1032.247000,1032.049000,288.004321,1,ok,24880,20916,1,0.203190,0.005126,0.000327,0.069036,11.138183,8.053850,0.000092,42.056416,17.853505,0.927819,537.861223,0.010359,6.609467,617.960124,624.580277,625.177424,0.597147,625.385740
343,vehicle1,1032.445000,1032.247000,288.828339,1,ok,25075,21061,1,0.156400,0.007776,0.000443,0.106196,12.826078,7.731164,0.000162,41.238965,17.935693,0.714458,542.614478,0.004084,7.239807,623.167194,630.411528,630.761274,0.349746,630.925450
344,vehicle1,1032.652000,1032.445000,289.662755,1,ok,25125,21073,1,0.290004,0.020459,0.000500,0.145681,11.490116,5.468978,0.000126,35.832959,13.882039,2.043003,559.272606,0.009257,6.825460,628.135508,634.970725,635.324088,0.353363,635.634551
345,vehicle1,1032.854000,1032.652000,290.572131,1,ok,25339,21283,1,0.234021,0.014972,0.000233,0.093368,13.187744,6.239168,0.000076,39.708340,14.440407,0.704443,564.706056,0.004362,6.251403,639.079602,645.335600,645.632087,0.296487,645.881080
346,vehicle1,1033.052000,1032.854000,291.389006,1,ok,25589,21598,1,0.135965,0.007270,0.000391,0.103023,15.306519,7.019304,0.000122,40.993946,13.119670,1.005554,545.258916,0.013064,6.912124,622.807054,629.732633,630.169525,0.436892,630.312760
347,vehicle1,1033.251000,1033.052000,292.255445,1,ok,25757,21750,1,0.234482,0.008732,0.000230,0.105795,13.670935,6.345018,0.000135,42.660895,15.307082,0.762926,558.949394,0.004075,8.062196,637.802180,645.868681,646.840927,0.972246,647.084141
348,vehicle1,1033.450000,1033.251000,293.069089,1,ok,25829,21778,1,0.128601,0.012335,0.000192,0.155121,14.539867,7.517708,0.000121,36.991202,14.715202,0.733550,538.624164,0.003931,6.805389,613.276935,620.086447,620.389290,0.302843,620.530226
349,vehicle1,1033.647000,1033.450000,293.907017,1,ok,25867,21786,1,0.262213,0.008499,0.000440,0.092556,13.774048,6.126182,0.000090,38.258471,12.662132,1.227467,542.160529,0.004251,8.200717,614.301475,622.506883,622.974339,0.467456,623.245051
350,vehicle1,1033.851000,1033.647000,294.768106,1,ok,25873,21812,1,0.120828,0.003952,0.000236,0.055854,11.904917,6.992702,0.000119,38.064470,13.183788,0.886653,551.795088,0.003688,6.662847,622.883591,629.550362,629.947251,0.396889,630.072031
351,vehicle1,1034.050000,1033.851000,295.648724,1,ok,25894,21920,1,0.287052,0.011476,0.000423,0.070155,13.768480,5.879995,0.000197,39.782489,19.926536,0.987121,542.605890,0.008017,7.034352,623.020863,630.063655,630.508237,0.444582,630.806765
352,vehicle1,1034.252000,1034.050000,296.508026,1,ok,25942,21952,1,0.125747,0.008320,0.000362,0.116131,12.952184,5.169581,0.000116,39.680198,12.668258,1.004661,557.226269,0.014499,6.234308,628.817398,635.066567,635.565579,0.499012,635.699646
353,vehicle1,1034.449000,1034.252000,297.341638,1,ok,25902,21824,1,0.167386,0.004721,0.000138,0.068570,12.254546,5.726719,0.000117,38.092475,13.924721,0.840619,517.025514,0.004031,6.920379,587.933281,594.857829,595.716112,0.858283,595.888219
354,vehicle1,1034.652000,1034.449000,298.186364,1,ok,25767,21667,1,0.148391,0.008381,0.000236,0.073149,9.806802,6.938055,0.000089,37.717944,14.143237,0.722170,541.899132,0.003438,6.502089,611.300578,617.806341,618.467572,0.661231,618.624344
355,vehicle1,1034.852000,1034.652000,299.008878,1,ok,25623,21557,1,0.265897,0.009829,0.000235,0.103354,10.799634,5.535062,0.000129,38.216705,13.858123,0.757867,547.638205,0.003457,6.415648,616.909079,623.328419,623.702333,0.373914,623.978059
356,vehicle1,1035.046000,1034.852000,299.846138,1,ok,25546,21571,1,0.237102,0.007363,0.000292,0.090813,10.242250,5.026747,0.000086,40.150137,14.183426,0.719490,533.714311,0.009459,9.244697,604.127260,613.381708,613.733152,0.351444,613.977617
357,vehicle1,1035.251000,1035.046000,300.760846,1,ok,25910,21885,1,0.070602,0.006421,0.000569,0.093004,18.377553,10.602329,0.000102,41.573786,16.352167,0.877084,551.449592,0.004206,6.440637,639.325617,645.771029,646.273491,0.502462,646.350514
358,vehicle1,1035.452000,1035.251000,301.639472,1,ok,26168,22155,1,0.274682,0.009288,0.000259,0.104915,12.628929,5.910208,0.000135,38.671386,14.178400,0.752951,543.462444,0.017101,7.621181,615.709368,623.347909,623.812988,0.465079,624.096958
359,vehicle1,1035.654000,1035.452000,302.514483,1,ok,26359,22380,1,0.221556,0.007567,0.000238,0.073215,14.698368,5.080118,0.046973,39.539965,13.558639,0.918160,551.013939,0.004977,6.965360,624.929377,631.899952,632.321597,0.421645,632.550720
360,vehicle1,1035.850000,1035.654000,303.347941,1,ok,26281,22450,1,0.207082,0.005049,0.000178,0.065964,11.332344,5.560714,0.000076,37.083870,14.313660,0.921754,541.489996,0.003224,7.821513,610.768378,618.593293,618.893074,0.299781,619.105205
361,vehicle1,1036.051000,1035.851000,304.208781,1,ok,26288,22587,1,0.127260,0.020421,0.000231,0.088957,18.720498,5.468950,0.000130,44.901384,17.390952,0.708436,548.212683,0.003807,6.489885,635.491990,641.985913,642.265928,0.280015,642.413609
362,vehicle1,1036.252000,1036.051000,305.023899,1,ok,26208,22643,1,0.098264,0.008439,0.000549,0.124944,13.587440,7.286124,0.000178,39.628296,12.312142,0.968356,530.952487,0.003745,6.231919,604.859967,611.096180,611.698361,0.602181,611.805064
363,vehicle1,1036.451000,1036.252000,305.931498,1,ok,26228,22728,1,0.130237,0.024575,0.000630,0.092628,10.075361,5.865691,0.000121,38.154330,12.885278,0.708857,546.642250,0.004750,6.770758,614.424516,621.200654,621.755247,0.554593,621.910059
364,vehicle1,1036.654000,1036.451000,306.826146,1,ok,26235,22744,1,0.110265,0.004115,0.000452,0.054911,11.089529,5.815960,0.000179,39.789822,13.972967,0.790127,552.908407,0.025529,7.310591,624.421902,631.758474,632.255654,0.497180,632.370034
365,vehicle1,1036.851000,1036.654000,307.661334,1,ok,26221,22739,1,0.283105,0.241623,0.000547,0.112447,9.080762,5.993397,0.000096,44.075472,12.442670,0.706284,548.228341,0.005959,6.996054,620.639469,627.642029,628.027686,0.385657,628.552414
366,vehicle1,1037.053000,1036.851000,308.531253,1,ok,26230,22597,1,0.284267,0.008562,0.000306,0.106229,15.950885,6.040601,0.000092,40.277374,15.775928,1.162754,562.926115,0.003589,7.439116,642.239978,649.682989,650.097830,0.414841,650.390659
367,vehicle1,1037.253000,1037.053000,309.383726,1,ok,26226,22513,1,0.107644,0.007173,0.000223,0.128375,14.334795,4.895350,0.000146,37.257139,15.025601,0.733736,563.811802,0.003244,6.921345,636.186944,643.111756,643.476773,0.365017,643.591590
368,vehicle1,1037.453000,1037.253000,310.250716,1,ok,26122,22497,1,0.128871,0.007242,0.000313,0.095284,17.127301,4.825573,0.000144,40.475206,14.658493,0.707177,589.919370,0.013546,7.721723,667.808548,675.544130,675.828588,0.284458,675.964701
369,vehicle1,1037.652000,1037.453000,311.092854,1,ok,26068,22596,1,0.119883,0.007372,0.000190,0.092089,11.831092,5.450040,0.000102,38.731064,14.928232,0.717955,580.912540,0.004230,8.424468,652.663114,661.092002,661.429457,0.337455,661.556712
370,vehicle1,1037.850000,1037.652000,311.932288,1,ok,26221,22730,1,0.106608,0.013397,0.000348,0.085750,14.491023,6.674322,0.000095,39.630408,15.061288,0.939653,550.358014,0.055584,9.417699,627.240553,636.714184,637.258735,0.544551,637.378740
371,vehicle1,1038.049000,1037.850000,312.773354,1,ok,26408,22868,1,0.101011,0.010425,0.000226,0.123585,16.878772,4.339016,0.000142,39.251340,13.420857,0.772150,558.772185,0.003533,7.120117,633.558047,640.681923,640.945979,0.264056,641.057415
372,vehicle1,1038.255000,1038.049000,313.677766,1,ok,26546,22964,1,0.239548,0.006504,0.000182,0.109813,13.040796,4.777608,0.000137,38.501706,13.148602,0.715480,615.902399,0.004951,8.034056,686.196541,694.235730,694.809678,0.573948,695.055730
373,vehicle1,1038.451000,1038.256000,314.518895,1,ok,26528,22770,1,0.156419,0.004465,0.000238,0.060446,13.422841,4.978577,0.000104,37.324484,16.050656,0.735953,575.897378,0.004510,6.479775,648.470439,654.954962,655.494112,0.539150,655.654996
374,vehicle1,1038.652000,1038.451000,315.364143,1,ok,26400,22556,1,0.235541,0.005578,0.000210,0.059437,13.477645,4.183223,0.000093,36.880890,12.650069,0.699103,573.390129,0.003727,6.482232,641.340589,647.826758,648.017592,0.190834,648.258711
375,vehicle1,1038.850000,1038.652000,316.251524,1,ok,26211,22496,1,0.141493,0.009128,0.000279,0.097909,12.903077,4.768000,0.000092,38.688405,16.403212,0.787668,598.759171,0.026559,9.258285,672.407534,681.692657,682.116764,0.424107,682.267385
376,vehicle1,1039.050000,1038.850000,317.062736,1,ok,25857,22420,1,0.249235,0.008784,0.000192,0.089387,14.546078,5.093412,0.000108,38.133762,17.082067,0.809218,559.615839,0.003594,8.020696,635.369871,643.394353,644.166790,0.772437,644.424809
377,vehicle1,1039.253000,1039.051000,317.900926,1,ok,25655,22418,1,0.106469,0.018679,0.000226,0.091063,15.120174,5.060523,0.000160,37.469155,14.584384,0.705896,565.606073,0.003772,6.872859,638.637428,645.514285,645.799852,0.285567,645.925000
378,vehicle1,1039.451000,1039.253000,318.714751,1,ok,25623,22445,1,0.233394,0.007230,0.000263,0.096004,10.317416,4.867282,0.000176,38.554519,13.046719,0.746128,535.775644,0.005597,7.844454,603.403888,611.254202,611.625250,0.371048,611.865874
379,vehicle1,1039.653000,1039.451000,319.572782,1,ok,25624,22428,1,0.131672,0.008578,0.000275,0.085439,9.492630,4.194813,0.000132,36.974257,13.301353,0.870799,551.817392,0.004197,7.789021,616.736815,624.530308,624.999365,0.469057,625.139615
380,vehicle1,1039.849000,1039.653000,320.411575,1,ok,25618,22409,1,0.106649,0.006750,0.000324,0.066448,10.160754,4.850719,0.000133,35.455627,14.495217,0.719910,519.331446,0.007284,7.706446,585.080254,592.794308,593.376516,0.582208,593.489915
381,vehicle1,1040.053000,1039.849000,321.296673,1,ok,25632,22422,1,0.186686,0.004249,0.000146,0.053358,8.236242,4.669238,0.000085,35.013827,11.665339,0.776262,517.774006,0.029709,7.138393,578.188357,585.356605,585.664913,0.308308,585.855848
382,vehicle1,1040.257000,1040.053000,322.149160,1,ok,25635,22421,1,0.098065,0.006530,0.000260,0.119494,9.581166,4.424474,0.000085,36.356958,14.273696,0.725584,538.318463,0.004969,6.157311,603.799920,609.962460,610.685538,0.723078,610.790133
383,vehicle1,1040.454000,1040.257000,323.000634,1,ok,25658,22433,1,0.107943,0.007078,0.000227,0.090882,9.946869,4.130972,0.000113,35.445453,13.003045,0.710194,552.244514,0.007346,8.850134,615.572042,624.429749,624.843501,0.413752,624.958522
384,vehicle1,1040.656000,1040.454000,323.833605,1,ok,25734,22525,1,0.084058,0.004148,0.000193,0.054527,10.550450,4.746444,0.000134,36.776226,13.770508,0.707672,593.674765,0.004759,8.289227,660.280726,668.574905,668.887895,0.312990,668.976101
385,vehicle1,1040.862000,1040.656000,324.694732,1,ok,25844,22700,1,0.132489,0.009680,0.000280,0.073351,12.364752,4.364587,0.000155,37.820415,14.076180,0.944829,610.620590,0.006331,7.672685,680.264859,687.944155,688.443620,0.499465,688.585789
386,vehicle1,1041.059000,1040.853000,325.530980,1,ok,25927,22916,1,0.160637,0.009859,0.000390,0.086103,14.363858,4.464272,0.000154,37.700988,14.314143,0.778487,603.247187,0.012070,6.346280,674.955192,681.313932,681.671870,0.357938,681.842366
387,vehicle1,1041.255000,1041.051000,326.346908,1,ok,25821,23016,1,0.132278,0.008375,0.000199,0.094262,14.301937,4.983534,0.000104,40.164451,14.717225,0.874296,592.277108,0.005710,7.640579,667.412917,675.059405,675.568980,0.509575,675.709633
388,vehicle1,1041.453000,1041.253000,327.152745,1,ok,25576,22973,1,0.135998,0.008823,0.000256,0.087292,11.847774,4.321693,0.000086,35.721438,15.001450,0.728060,582.583071,0.009216,6.316132,650.290864,656.616468,657.029636,0.413168,657.174457
389,vehicle1,1041.651000,1041.453000,327.974102,1,ok,25223,22736,1,0.119389,0.007624,0.000483,0.088039,11.838271,3.739094,0.000118,35.780579,13.755987,0.792031,559.868090,0.005032,7.276059,625.862209,633.143783,633.638945,0.495162,633.765958
390,vehicle1,1041.850000,1041.651000,328.769359,1,ok,25014,22617,1,0.217901,0.005735,0.000444,0.058137,10.379426,4.709883,0.000136,35.828979,11.426375,0.692701,541.780457,0.003793,7.199102,604.876094,612.079433,612.538839,0.459406,612.762475
391,vehicle1,1042.050000,1041.850000,329.574856,1,ok,24904,22521,1,0.121378,0.249440,0.000171,0.087656,15.813634,5.310403,0.000123,29.354905,14.323863,0.700429,496.912995,0.003615,7.609272,562.504008,570.117066,570.389114,0.272048,570.759932
392,vehicle1,1042.255000,1042.050000,330.403785,1,ok,24944,22557,1,0.091536,0.007959,0.000342,0.093312,7.790774,4.097523,0.000092,31.054932,11.217578,0.690459,510.018921,0.015718,7.378840,564.963591,572.358491,572.649077,0.290586,572.748572
393,vehicle1,1042.452000,1042.255000,331.240230,1,ok,25016,22610,1,0.207658,0.005548,0.000277,0.078368,12.496911,4.393790,0.000099,36.015443,11.337003,0.689656,504.648046,0.004407,7.448011,569.659316,577.112011,577.438963,0.326952,577.652169
394,vehicle1,1042.656000,1042.452000,332.116624,1,ok,25021,22594,1,0.260663,0.006295,0.000234,0.077738,12.782393,3.579799,0.000100,35.984852,14.905863,0.874413,544.655925,0.004275,6.265957,612.861083,619.131549,619.578834,0.447285,619.845792
395,vehicle1,1042.856000,1042.656000,332.967055,1,ok,25130,22668,1,0.096628,0.005356,0.000143,0.052055,10.508300,3.687211,0.000151,35.014490,14.122813,0.734373,548.877428,0.003739,6.251433,612.996821,619.252136,619.537693,0.285557,619.639677
396,vehicle1,1043.052000,1042.856000,333.804348,1,ok,25220,22732,1,0.133199,0.007383,0.000271,0.073197,11.134352,4.175294,0.000317,35.007686,11.359851,0.717345,515.063244,0.005085,6.457809,577.531286,583.994451,584.465055,0.470604,584.605637
397,vehicle1,1043.251000,1043.052000,334.704621,1,ok,25244,22780,1,0.211761,0.004017,0.000231,0.052041,13.909875,4.344508,0.000138,36.602156,14.461998,0.731540,574.948296,0.012084,8.336522,645.050552,653.399389,653.726790,0.327401,653.942568
398,vehicle1,1043.457000,1043.251000,335.546937,1,ok,25261,22829,1,0.095706,0.027854,0.000390,0.094182,13.345102,4.573308,0.000107,34.051679,14.697793,0.942535,554.496889,0.004003,7.288180,622.201595,629.494168,629.893910,0.399742,630.017470
399,vehicle1,1043.657000,1043.457000,336.434683,1,ok,25241,22865,1,0.153079,0.008029,0.000276,0.093419,22.671999,3.631150,0.000167,34.361612,15.215775,0.692971,590.886244,0.019151,8.538284,667.553337,676.111048,676.531972,0.420924,676.693080
400,vehicle1,1043.853000,1043.653000,337.223539,1,ok,25241,22859,1,0.245378,0.010239,0.000415,0.117672,10.989977,3.363824,0.000076,33.176674,12.255998,0.705994,563.185616,0.004593,8.328768,623.795831,632.129607,632.421725,0.292118,632.677342
401,vehicle1,1044.055000,1043.853000,338.058443,1,ok,25196,22849,1,0.254653,0.005335,0.000264,0.055022,15.653406,4.040601,0.000115,33.011963,13.147434,0.870771,566.512851,0.004089,7.216199,633.292163,640.512715,641.170763,0.658048,641.430751
402,vehicle1,1044.250000,1044.055000,338.864828,1,ok,25179,22853,1,0.113331,0.008474,0.000474,0.078739,9.146808,4.435096,0.000252,31.942345,13.047157,0.699290,557.722483,0.003846,7.144398,617.072170,624.220888,624.699995,0.479107,624.821800
403,vehicle1,1044.451000,1044.250000,339.732101,1,ok,25247,22904,1,0.159204,0.006213,0.000286,0.055588,9.170200,4.456721,0.000114,32.954971,13.220362,0.706684,562.188518,0.033279,6.185320,622.753158,628.972043,629.405548,0.433505,629.570965
404,vehicle1,1044.655000,1044.451000,340.547638,1,ok,25269,22917,1,0.130870,0.005983,0.000329,0.086109,9.411054,4.370624,0.000246,33.108355,17.859481,0.738351,554.302419,0.015413,8.140800,619.876639,628.033181,628.326799,0.293618,628.463652
405,vehicle1,1044.851000,1044.655000,341.332826,1,ok,25197,22862,1,0.206068,0.005834,0.000275,0.064436,8.083187,4.228879,0.000177,38.776232,11.502064,0.995111,531.727531,0.004732,7.713621,595.377617,603.096245,603.403491,0.307246,603.615393
406,vehicle1,1045.052000,1044.851000,342.181870,1,ok,25166,22886,1,0.085897,0.007088,0.000291,0.092559,13.663930,3.275071,0.000090,33.089059,16.128952,0.974813,520.275630,0.005564,7.465431,587.500104,594.971390,595.584458,0.613068,595.677443
407,vehicle1,1045.253000,1045.052000,343.061811,1,ok,25009,22830,1,0.212064,0.007676,0.000145,0.089519,16.354895,4.625286,0.000150,34.521992,15.260249,0.942417,572.362438,0.004009,7.153180,644.156946,651.314280,651.745164,0.430884,651.964904
408,vehicle1,1045.445000,1045.253000,343.861039,1,ok,24926,22793,1,0.222732,0.005934,0.000205,0.083525,10.163984,4.025057,0.000077,30.539553,14.992112,0.987647,500.116555,0.003464,7.247639,560.908510,568.159818,568.742626,0.582808,568.971292
409,vehicle1,1045.648000,1045.454000,344.713137,1,ok,24860,22738,1,0.213126,0.088286,0.000183,0.102424,13.150061,3.035848,0.000098,30.523165,14.181402,0.872745,515.226879,0.045088,6.971707,577.092622,584.109600,584.553859,0.444259,584.855271
410,vehicle1,1045.849000,1045.653000,345.552952,1,ok,24811,22742,1,0.214447,0.006025,0.000204,0.089305,12.721202,4.587928,0.000293,40.099234,10.837988,0.955903,504.563744,0.005031,9.726874,573.855597,583.587706,584.138554,0.550848,584.359026
411,vehicle1,1046.046000,1045.849000,346.399934,1,ok,24703,22759,1,0.097572,0.005529,0.000303,0.057448,12.006438,4.378293,0.000101,34.015181,14.659397,0.697608,495.536520,0.007803,8.045277,561.350986,569.404369,569.810878,0.406509,569.913979
412,vehicle1,1046.245000,1046.053000,347.206653,1,ok,24444,22674,1,0.165607,0.005412,0.000224,0.093685,10.840404,3.994168,0.000136,32.329363,11.964611,0.716233,474.054173,0.004086,6.995134,533.992773,540.992217,542.267307,1.275090,542.438326
413,vehicle1,1046.445000,1046.255000,348.064638,1,ok,24348,22651,1,0.175487,0.007996,0.000675,0.104197,11.970539,2.905525,0.000292,26.515909,12.927042,0.869775,482.220375,0.004066,8.301853,537.513654,545.820248,546.260905,0.440657,546.444388
414,vehicle1,1046.653000,1046.453000,348.957011,1,ok,24330,22683,1,0.084488,0.004942,0.000155,0.050169,9.406800,2.962674,0.000140,32.487990,14.778669,0.716258,518.668626,0.034789,6.344666,579.071326,585.450936,585.814861,0.363925,585.904291
415,vehicle1,1046.843000,1046.653000,349.765019,1,ok,24534,22869,1,0.087727,0.007197,0.000205,0.090906,11.239463,3.264357,0.000077,35.133631,12.405828,0.862889,488.448608,0.005087,7.506814,551.445759,558.957865,559.359530,0.401665,559.454454
416,vehicle1,1047.044000,1046.850000,350.588105,1,ok,24745,22978,1,0.102636,0.008743,0.000321,0.084166,9.178299,3.039483,0.000203,35.034578,11.436365,0.687298,476.256711,0.003980,6.197837,535.717103,541.919241,542.275597,0.356356,542.386976
417,vehicle1,1047.244000,1047.053000,351.444050,1,ok,24992,23167,1,0.072882,0.007203,0.000393,0.091470,9.470795,3.323207,0.000254,31.996949,11.061925,0.704433,501.391127,0.004129,7.610184,558.040160,565.654866,565.936022,0.281156,566.016107
418,vehicle1,1047.445000,1047.250000,352.300085,1,ok,24909,23087,1,0.228099,0.008501,0.000399,0.114472,13.352401,3.852869,0.000107,29.217383,13.060123,0.679628,452.527976,0.012082,7.018537,512.804959,519.835977,520.213405,0.377428,520.450005
419,vehicle1,1047.645000,1047.452000,353.170777,1,ok,24829,22967,1,0.105535,0.007222,0.000183,0.099796,9.777485,2.698140,0.000231,27.901406,14.167980,0.841502,466.006081,0.003559,6.769151,521.492621,528.265514,528.675234,0.409720,528.787991
420,vehicle1,1047.843000,1047.653000,354.052152,1,ok,24695,22868,1,0.085574,0.008971,0.000693,0.120610,10.039012,4.481058,0.000188,28.547990,13.680253,0.688747,469.077543,0.013102,7.502744,526.635401,534.151940,534.555255,0.403315,534.649800
421,vehicle1,1048.046000,1047.849000,354.928582,1,ok,24434,22676,1,0.069753,0.009918,0.000319,0.108449,10.821019,3.478020,0.000471,32.126642,13.015171,0.915129,447.297855,0.004107,9.509393,507.762756,517.276575,517.743921,0.467346,517.823592
422,vehicle1,1048.247000,1048.053000,355.769892,1,ok,24225,22553,1,0.218933,0.008782,0.000314,0.072548,9.171878,3.455414,0.000085,29.077741,14.965944,0.945441,477.851318,0.003524,7.622602,535.540369,543.166809,543.725633,0.558824,543.953348
423,vehicle1,1048.444000,1048.256000,356.602870,1,ok,24180,22489,1,0.185512,0.005780,0.000118,0.051840,11.924136,2.419112,0.000082,31.040222,16.205762,0.709772,454.978138,0.009612,8.573105,517.329064,525.911899,526.340751,0.428852,526.532043
424,vehicle1,1048.643000,1048.453000,357.434450,1,ok,24220,22535,1,0.212115,0.007370,0.000222,0.065705,8.131833,4.103649,0.000118,28.958994,11.557528,0.711793,461.858130,0.005341,7.760276,515.387750,523.153589,523.426860,0.273271,523.646345
425,vehicle1,1048.845000,1048.655000,358.297971,1,ok,24334,22573,1,0.199310,0.005441,0.000266,0.055229,8.215629,3.030545,0.000093,25.198015,13.066468,0.870264,465.283964,0.016072,8.643344,515.720207,524.379889,525.006138,0.626249,525.210889
426,vehicle1,1049.045000,1048.854000,359.139457,1,ok,24429,22560,1,0.203768,0.006369,0.000357,0.083744,10.273379,2.427826,0.000105,25.568569,12.641778,0.709478,451.655144,0.003708,7.648446,503.360023,511.012534,511.493671,0.481137,511.703808
427,vehicle1,1049.246000,1049.052000,360.008065,1,ok,24311,22405,1,0.158143,0.007452,0.000426,0.081812,18.097712,2.446897,0.000076,32.587492,14.892506,0.696673,481.758594,0.004772,6.882125,550.561762,557.449085,558.028803,0.579718,558.194398
428,vehicle1,1049.430000,1049.256000,360.809754,1,ok,23682,21843,1,0.207003,0.005331,0.000284,0.050919,9.755885,2.282585,0.000101,27.604640,12.334887,0.716636,442.654069,0.003188,7.676533,495.399722,503.079727,503.464866,0.385139,503.677200
429,vehicle1,1049.644000,1049.453000,361.692762,1,ok,23314,21519,1,0.103734,0.010853,0.000485,0.084913,8.603509,2.939750,0.000078,28.712201,12.005788,0.932266,444.724727,0.005018,8.086680,498.003232,506.095415,506.574873,0.479458,506.689460
430,vehicle1,1049.845000,1049.654000,362.550656,1,ok,23318,21433,1,0.108660,0.006142,0.000213,0.080884,9.368026,2.403650,0.000257,27.223597,11.997231,1.009614,453.156789,0.017488,8.293981,505.240048,513.551730,513.931911,0.380181,514.046713
431,vehicle1,1050.044000,1049.852000,363.384383,1,ok,23291,21261,1,0.242220,0.009575,0.000431,0.109000,15.774685,2.585974,0.000103,29.195768,13.265472,0.855963,436.897776,0.003840,8.976376,498.684741,507.665388,508.011000,0.345612,508.262795
432,vehicle1,1050.245000,1050.052000,364.233870,1,ok,23395,21126,1,0.106448,0.108203,0.000202,0.071150,10.537427,3.376790,0.000090,29.779860,18.295712,1.012900,450.322485,0.005086,7.750905,513.396414,521.152607,521.482105,0.329498,521.696756
433,vehicle1,1050.444000,1050.252000,365.039326,1,ok,23420,20972,1,0.091233,0.007203,0.000392,0.091001,8.306285,2.149586,0.000039,28.262270,11.610912,1.116217,408.411539,0.003179,6.516007,459.947849,466.467427,467.009218,0.541791,467.107654
434,vehicle1,1050.645000,1050.453000,365.867302,1,ok,23378,20712,1,0.310600,0.007079,0.000245,0.084157,9.190701,2.184427,0.000091,27.008407,13.135929,0.740081,405.992250,0.009906,9.615456,458.336043,467.961650,468.434241,0.472591,468.751920
435,vehicle1,1050.835000,1050.649000,366.699328,1,ok,23349,20565,1,0.112827,0.015296,0.000167,0.082805,7.349724,2.229659,0.000127,25.987420,11.279343,0.683166,409.413231,0.003783,7.209159,457.025475,464.238584,464.648350,0.409766,464.776473
436,vehicle1,1051.045000,1050.854000,367.560484,1,ok,23365,20450,1,0.222779,0.009485,0.000364,0.083999,10.965563,2.268236,0.000099,28.663168,13.000261,0.763403,407.785107,0.011780,7.551908,463.529836,471.093888,471.388844,0.294956,471.621108
437,vehicle1,1051.216000,1051.051000,368.333526,1,ok,23252,20222,1,0.082210,0.006951,0.000461,0.080433,7.897015,2.204221,0.000184,33.291410,10.954427,0.748972,382.398097,0.003493,11.935177,437.574759,449.513890,450.036170,0.522280,450.125331
438,vehicle1,1051.377000,1051.255000,369.159250,1,ok,23228,19981,1,0.170634,0.006658,0.000285,0.088218,8.691438,2.643026,0.000268,26.761544,11.164882,1.008739,357.156044,0.007027,7.533807,407.514159,415.055278,415.459626,0.404348,415.636918
439,vehicle1,1051.592000,1051.451000,370.050861,1,ok,23516,19967,1,0.170863,0.007867,0.000188,0.092708,9.310382,2.826403,0.000144,25.712204,14.309282,0.902052,390.949783,0.003344,7.875638,444.102958,451.982128,452.367033,0.384905,452.545763
440,vehicle1,1051.803000,1051.655000,370.921995,1,ok,24094,20167,1,0.140527,0.005605,0.000289,0.098420,11.698544,3.028159,0.000107,32.880347,15.455474,0.768352,401.151875,0.028870,7.526221,465.081278,472.636658,472.980205,0.343547,473.126337
441,vehicle1,1052.044000,1051.853000,371.827430,1,ok,24731,20457,1,0.218844,0.005240,0.000175,0.074970,10.836908,5.433838,0.000111,33.906396,14.853226,0.739998,419.276658,0.003921,7.161348,485.122105,492.287549,492.946407,0.658858,493.170491
442,vehicle1,1052.242000,1052.053000,372.731368,1,ok,25393,20852,1,0.127890,0.003746,0.000202,0.065325,13.227656,2.357627,0.000129,34.466490,14.009646,0.703618,473.157870,0.045464,7.778934,537.988361,545.812961,546.962648,1.149687,547.094284
443,vehicle1,1052.445000,1052.251000,373.626177,1,ok,26035,21286,1,0.230897,0.005615,0.000208,0.071082,11.824183,2.013799,0.000104,33.445963,15.571581,0.721686,479.039151,0.006286,7.590170,542.687549,550.284213,550.868374,0.584161,551.104886
444,vehicle1,1052.652000,1052.453000,374.489515,1,ok,26707,21713,1,0.129172,0.007128,0.000332,0.113657,11.955992,2.826319,0.000133,38.572042,20.298487,0.882104,509.214534,0.003494,6.722202,583.863268,590.589296,591.200429,0.611133,591.336729
445,vehicle1,1052.852000,1052.652000,375.349052,1,ok,27468,22072,1,0.205986,0.007339,0.000207,0.132735,16.729976,2.796233,0.000121,37.815761,18.210415,0.702472,530.379363,0.003549,8.453941,606.767076,615.224773,615.846038,0.621265,616.059363
446,vehicle1,1053.052000,1052.852000,376.206191,1,ok,28717,22770,1,0.357832,0.007220,0.000212,0.154075,19.889838,1.973932,0.000101,43.574634,18.986224,0.872161,526.889573,0.016977,6.390554,612.340538,618.748281,619.313078,0.564797,619.678130
447,vehicle1,1053.252000,1053.052000,377.035084,1,ok,29863,23364,1,0.126402,0.005763,0.000177,0.098546,15.628160,2.495720,0.000098,35.696658,18.436946,0.873432,552.583741,0.014252,6.870064,625.813301,632.697794,633.618976,0.921182,633.751141
448,vehicle1,1053.454000,1053.252000,377.931774,1,ok,30691,23741,1,0.147188,0.008700,0.000234,0.125177,26.843997,1.809497,0.000108,41.957432,23.029177,0.753471,570.680794,0.004959,6.578799,665.199653,671.783645,673.384395,1.600750,673.540283
449,vehicle1,1053.657000,1053.454000,378.727187,1,ok,31178,23832,1,0.104129,0.006367,0.000297,0.133461,12.760097,2.114042,0.000082,34.997084,17.779919,0.694309,550.043637,0.003660,6.574971,618.522631,625.101559,625.653958,0.552399,625.764454
450,vehicle1,1053.859000,1053.657000,379.646318,1,ok,31729,24319,1,0.259185,0.007496,0.000285,0.136840,28.844422,1.872806,0.000097,41.273628,20.415345,0.693670,602.001635,0.004111,7.132470,695.238443,702.375309,702.752232,0.376923,703.018913
451,vehicle1,1054.063000,1053.852000,380.502173,1,ok,32176,24498,1,0.165784,0.016482,0.000259,0.201490,24.001159,2.322887,0.000147,48.415868,23.178204,0.921566,638.583739,0.005946,7.911211,737.625060,745.542476,745.999983,0.457507,746.182249
452,vehicle1,1054.261000,1054.056000,381.337405,1,ok,32258,24384,1,0.252464,0.007535,0.000216,0.107822,19.786122,2.319546,0.000082,39.572024,18.779913,0.738079,641.062772,0.011617,7.843158,722.366360,730.221351,730.584689,0.363338,730.844688
453,vehicle1,1054.452000,1054.253000,382.123103,1,ok,32269,24403,1,0.179735,0.005772,0.000308,0.130932,15.565572,2.095697,0.000073,37.391262,19.202382,1.093585,596.271681,0.005756,7.273422,671.751184,679.030670,679.816141,0.785471,680.001648
454,vehicle1,1054.663000,1054.452000,382.985054,1,ok,32222,24344,1,0.290168,0.822128,0.000451,0.119099,12.322239,2.412729,0.000112,38.918566,20.047774,0.696391,601.013984,0.006680,6.673427,675.530894,682.211452,682.528318,0.316866,683.640614
455,vehicle1,1054.852000,1054.653000,383.818534,1,ok,32236,24183,1,0.339942,0.007016,0.000198,0.079037,11.250128,2.051211,0.000091,36.536399,16.977850,0.723051,624.722505,0.020009,6.583087,692.340272,698.943566,699.250188,0.306622,699.597146
456,vehicle1,1055.052000,1054.852000,384.636036,1,ok,32520,24290,1,0.173097,0.008068,0.000525,0.157689,25.729199,2.144893,0.000090,35.130902,18.260387,0.722047,571.969823,0.004889,6.378289,654.115030,660.498733,660.810709,0.311976,660.991874
457,vehicle1,1055.265000,1055.052000,385.535468,1,ok,32826,24291,1,0.141483,0.006986,0.000301,0.140735,19.381262,2.295747,0.000163,38.876545,20.646480,0.952588,638.228088,0.026785,8.438027,720.521608,728.986721,729.458247,0.471526,729.606716
458,vehicle1,1055.458000,1055.256000,386.343226,1,ok,33093,24114,1,0.233474,0.006474,0.000249,0.137929,17.641083,2.397443,0.000091,38.450307,16.504701,0.711105,595.544934,0.003685,6.980642,671.387593,678.372169,678.677671,0.305502,678.917619
459,vehicle1,1055.663000,1055.452000,387.169032,1,ok,33156,23993,1,0.127848,0.005025,0.000356,0.086750,15.605169,1.800077,0.000099,37.689428,18.448292,1.099239,607.768323,0.004949,6.386931,682.497377,688.889613,690.790603,1.900990,690.923476
460,vehicle1,1055.852000,1055.652000,387.954479,1,ok,33144,23945,1,0.114620,0.007293,0.000331,0.139758,13.955043,2.499135,0.000168,34.890058,16.985071,0.696806,579.084973,0.005015,7.354501,648.251012,655.610859,656.021900,0.411041,656.143813
461,vehicle1,1056.051000,1055.852000,388.808054,1,ok,33103,23975,1,0.146478,0.007384,0.000308,0.143925,19.733022,2.565341,0.000124,42.006167,21.794583,0.894008,589.753111,0.006342,8.271041,676.890281,685.167972,685.908868,0.740896,686.062730
462,vehicle1,1056.251000,1056.051000,389.653822,1,ok,32919,23920,1,0.336813,0.007885,0.000338,0.120556,20.663363,2.405736,0.000117,37.672465,20.191888,0.892942,579.705977,0.040843,6.641499,661.653044,668.335724,668.754239,0.418515,669.098937
463,vehicle1,1056.457000,1056.251000,390.525799,1,ok,32651,23748,1,0.200932,0.005323,0.000304,0.089461,19.539076,2.668739,0.000111,43.769736,19.592461,0.711163,586.113942,0.017790,7.897678,672.484689,680.400461,680.919421,0.518960,681.125676
464,vehicle1,1056.652000,1056.452000,391.318342,1,ok,32354,23685,1,0.158667,0.007964,0.000412,0.156717,17.073384,2.035320,0.000112,40.245692,21.034845,0.800635,554.860722,0.005840,7.184134,636.207427,643.397813,643.768767,0.370954,643.935398
465,vehicle1,1056.853000,1056.652000,392.188358,1,ok,31679,23485,1,0.136062,0.005025,0.000345,0.123594,16.219430,2.297630,0.000113,38.165840,20.570939,0.959431,561.886948,0.003925,6.781119,640.223925,647.009314,647.444055,0.434741,647.585142
466,vehicle1,1057.050000,1056.853000,392.998758,1,ok,31217,23353,1,0.153944,1.563573,0.000384,0.117743,16.507386,3.098655,0.000108,39.338479,16.696592,0.737201,538.188340,0.004092,6.251383,614.684504,620.940363,621.502711,0.562348,623.220228
467,vehicle1,1057.253000,1057.050000,393.849809,1,ok,30929,23369,1,0.097675,0.016700,0.000378,0.111914,22.096773,2.908341,0.000083,39.987970,16.144676,0.736227,540.766682,0.004592,7.141764,622.752666,629.899400,630.177919,0.278519,630.292294
468,vehicle1,1057.455000,1057.253000,394.648485,1,ok,30870,23489,1,0.205883,0.008263,0.000436,0.118885,14.429446,2.367904,0.000143,36.780539,14.909101,0.725705,541.234917,0.012629,8.520009,610.566640,619.099714,619.389991,0.290277,619.604137
469,vehicle1,1057.650000,1057.455000,395.483948,1,ok,30637,23490,1,0.163105,0.007050,0.000278,0.111164,12.800648,2.984133,0.000109,38.284377,16.932701,0.698124,539.697820,0.004145,7.333661,611.509076,618.847160,619.357905,0.510745,619.528060
470,vehicle1,1057.852000,1057.650000,396.327140,1,ok,30559,23624,1,0.196951,0.008102,0.000367,0.151193,9.817781,2.358732,0.000289,36.436540,22.272154,1.098829,530.826955,0.005896,7.244128,602.962473,610.212864,610.628088,0.415224,610.833141
471,vehicle1,1058.059000,1057.852000,397.127016,1,ok,30471,23709,1,0.108253,0.006273,0.000308,0.080748,10.112850,2.279192,0.000098,39.807998,16.109392,0.788997,506.468535,0.007188,6.972496,575.647810,582.627802,582.884437,0.256635,582.998963
472,vehicle1,1058.254000,1058.059000,397.937061,1,ok,30392,23780,1,0.320874,0.008206,0.000242,0.118588,12.402855,2.956060,0.000130,35.873449,14.179621,0.872403,518.288983,0.003579,9.199330,584.692089,593.895240,594.591157,0.695917,594.920237
473,vehicle1,1058.454000,1058.254000,398.774073,1,ok,30292,23787,1,0.115620,0.006952,0.000354,0.079094,14.407602,2.330632,0.000362,43.246838,20.616612,0.755033,518.167455,0.002415,9.233440,599.603628,608.839837,609.172757,0.332920,609.295329
474,vehicle1,1058.653000,1058.454000,399.626928,1,ok,30268,23948,1,0.223396,0.008665,0.000292,0.114338,14.602711,3.753858,0.000085,34.540254,18.051961,0.975769,518.204184,0.089555,9.556030,590.243160,599.889037,600.570746,0.681709,600.802807
475,vehicle1,1058.852000,1058.653000,400.498439,1,ok,30303,24247,1,0.283328,0.005958,0.000321,0.074555,14.804829,10.241742,0.000117,35.896792,16.597016,0.841437,533.785309,0.003916,6.973153,612.241797,619.219187,619.669678,0.450491,619.958964
476,vehicle1,1059.053000,1058.852000,401.348978,1,ok,30395,24618,1,0.218281,0.008012,0.000272,0.086327,15.684604,3.443883,0.000178,39.769726,17.503262,0.716990,541.118927,0.004071,7.105966,618.323897,625.434206,625.669638,0.235432,625.895931
477,vehicle1,1059.252000,1059.053000,402.178675,1,ok,30467,24909,1,0.197315,0.006918,0.000337,0.119944,12.632825,3.129723,0.000090,38.521459,13.733699,0.867075,541.570318,0.022389,7.484720,610.575133,618.082579,618.476218,0.393639,618.680451
478,vehicle1,1059.453000,1059.252000,402.995655,1,ok,30421,25088,1,0.259895,0.008333,0.000383,0.149254,12.878333,3.239134,0.000074,34.396463,15.952857,0.747405,530.026883,0.036786,10.551714,597.390403,607.979286,608.345324,0.366038,608.613552
479,vehicle1,1059.653000,1059.453000,403.827368,1,ok,30418,25303,1,0.232947,0.039674,0.000280,0.112667,14.523223,3.226857,0.000111,37.827550,13.868336,0.756451,537.909384,0.012373,7.214085,608.224579,615.451317,615.796730,0.345413,616.069351
480,vehicle1,1059.854000,1059.653000,404.647703,1,ok,30444,25626,1,0.139875,0.004434,0.000223,0.074858,16.645412,2.723383,0.000077,34.388663,16.468375,1.008028,527.072924,0.003752,7.125804,598.381720,605.511499,605.871086,0.359587,606.015395
481,vehicle1,1060.045000,1059.854000,405.506734,1,ok,30509,25927,1,0.154643,0.007946,0.000427,0.095186,17.631062,3.763217,0.000092,36.071712,18.957874,0.854261,512.837044,0.004289,7.570111,590.210448,597.785275,598.127033,0.341758,598.289622
482,vehicle1,1060.254000,1060.053000,406.402732,1,ok,30566,26194,1,0.251548,5.650172,0.000404,0.122443,16.295644,3.732996,0.000105,34.343025,15.852803,0.848776,535.806425,0.003877,7.632788,607.002217,614.639286,615.235313,0.596027,621.137033
483,vehicle1,1060.454000,1060.254000,407.228808,1,ok,30762,26395,1,0.157779,0.007517,0.000313,0.136282,20.710405,3.163833,0.000147,34.497288,16.055736,0.919708,504.504916,0.014057,8.543553,579.988315,588.546238,589.665105,1.118867,589.830401
484,vehicle1,1060.656000,1060.454000,408.090098,1,ok,30959,26579,1,0.304101,0.007764,0.000206,0.105768,18.298005,5.827116,0.000100,35.223067,13.224561,0.848031,513.126946,0.019994,6.999984,586.653594,593.673778,594.348724,0.674946,594.660589
485,vehicle1,1060.853000,1060.656000,408.945177,1,ok,30416,26481,1,0.116629,0.006833,0.000245,0.131130,29.615294,2.993209,0.000091,36.659694,13.671332,0.776060,515.711812,0.004195,9.293348,599.558622,608.856410,609.267923,0.411513,609.391385
486,vehicle1,1061.058000,1060.853000,409.801413,1,ok,28773,25559,1,0.144585,0.006607,0.000272,0.103418,20.589328,4.252004,0.000093,36.451201,13.023368,1.021107,534.606507,0.006524,6.336460,610.047026,616.390282,617.015535,0.625253,617.166727
487,vehicle1,1061.246000,1061.058000,410.587533,1,ok,26869,24297,1,0.229310,0.007492,0.000273,0.129568,19.368481,4.373832,0.000128,43.274600,15.471155,0.925746,482.373413,0.004804,6.527420,565.916923,572.449420,573.299681,0.850261,573.536483
488,vehicle1,1061.448000,1061.254000,411.380133,1,ok,26213,23720,1,0.164168,0.006218,0.000424,0.092480,17.236490,4.474993,0.000161,32.967583,15.672031,1.421680,437.651605,0.004582,7.398726,509.517023,516.920755,517.490396,0.569641,517.660782
489,vehicle1,1061.635000,1061.455000,412.162297,1,ok,25721,23373,1,0.150472,0.007442,0.000165,0.085753,11.633712,3.265346,0.000096,30.338907,11.706066,1.031032,427.745549,0.004315,7.103845,485.806461,492.914786,493.468086,0.553300,493.626000
490,vehicle1,1061.849000,1061.658000,413.017536,1,ok,25247,23008,1,0.102360,0.007947,0.000366,0.099841,13.390963,5.199401,0.000158,41.932949,12.647458,0.732312,401.583103,0.022423,7.186807,475.586185,482.795781,483.592044,0.796263,483.702351
491,vehicle1,1062.018000,1061.857000,413.820355,1,ok,24820,22660,1,0.087406,0.009460,0.000251,0.093589,10.859269,3.450458,0.000158,25.660413,11.193481,0.732008,388.595839,0.004652,10.594504,440.585215,451.184622,451.698778,0.514156,451.795644
492,vehicle1,1062.231000,1062.058000,414.655638,1,ok,24371,22290,1,0.085634,0.011370,0.000334,0.076753,10.622090,5.132437,0.000082,27.206545,12.748936,1.063765,401.184338,0.003988,7.919584,458.034946,465.958852,466.480066,0.521214,466.577070
493,vehicle1,1062.396000,1062.260000,415.427190,1,ok,24028,21986,1,0.109990,0.006754,0.000286,0.084675,9.261041,4.819317,0.000146,30.722054,9.734492,0.818889,363.010074,0.005202,8.382356,418.450688,426.838532,427.192468,0.353936,427.309212
494,vehicle1,1062.610000,1062.456000,416.276133,1,ok,23657,21615,1,0.191800,0.006023,0.000320,0.083363,8.923266,3.465757,0.000208,27.371271,11.182659,0.954085,381.446825,0.005043,7.066277,433.427434,440.499074,441.682258,1.183184,441.880081
495,vehicle1,1062.792000,1062.656000,417.111408,1,ok,23306,21338,1,0.265820,0.041312,0.000339,0.132332,8.114607,3.785051,0.000093,31.697507,9.423264,0.779265,379.699051,0.004796,7.521797,433.631170,441.158102,441.829472,0.671370,442.136604
496,vehicle1,1063.001000,1062.855000,417.981460,1,ok,23097,21178,1,0.137687,0.524489,0.000444,0.116516,9.159151,5.114780,0.000087,27.623574,11.110827,1.078523,381.542455,0.058293,8.731921,435.745913,444.536571,445.667856,1.131285,446.330032
497,vehicle1,1063.209000,1063.055000,418.823193,1,ok,22997,21105,1,0.195363,0.007753,0.000346,0.069010,7.744183,4.242523,0.000231,34.722033,9.030555,0.719547,376.599099,0.003802,8.548866,433.127181,441.680195,441.999161,0.318966,442.202277
498,vehicle1,1063.370000,1063.257000,419.626903,1,ok,22956,21056,1,0.079711,0.005598,0.000346,0.079682,8.555914,4.252118,0.000122,25.972018,8.522205,0.734092,353.943721,0.005373,9.468721,402.059872,411.534312,411.973080,0.438768,412.058389
499,vehicle1,1063.649000,1063.459000,420.522982,1,ok,22791,20890,1,0.083461,0.008490,0.000230,0.079464,10.732692,3.626631,0.000089,30.005293,10.339260,0.688507,400.793415,0.003782,6.575852,456.265351,462.845215,463.149282,0.304067,463.241233
500,vehicle1,1063.812000,1063.657000,421.306668,1,ok,22523,20577,1,0.092289,0.007208,0.000395,0.100892,11.328954,5.656651,0.000112,29.910772,11.119402,0.802475,372.356311,0.005531,7.132210,431.275569,438.413705,439.167458,0.753753,439.266955
501,vehicle1,1064.003000,1063.856000,422.148940,1,ok,22229,20225,1,0.114650,0.007397,0.000247,0.086950,11.322380,5.445926,0.000115,33.945762,11.818659,0.862345,372.608096,0.012231,7.604852,436.090233,443.707563,444.197265,0.489702,444.319312
502,vehicle1,1064.192000,1064.058000,422.985593,1,ok,21870,19780,1,0.058222,0.006961,0.000245,0.081151,12.580962,3.958027,0.000132,29.753966,11.369515,0.827255,373.598920,0.005226,7.457766,432.169928,439.633165,440.309893,0.676728,440.375076
503,vehicle1,1064.418000,1064.257000,423.806485,1,ok,21374,19225,1,0.199631,0.007943,0.000319,0.053161,8.119798,4.632122,0.000145,30.108733,9.492966,0.723031,357.529551,0.003983,6.525681,410.659507,417.189490,417.504069,0.314579,417.711643
504,vehicle1,1064.599000,1064.458000,424.616210,1,ok,20815,18663,1,0.119441,0.004595,0.000250,0.068766,7.113148,3.942350,0.000107,27.637197,9.790501,0.736080,359.401389,0.003498,7.382105,408.689538,416.075391,416.336612,0.261221,416.460648
505,vehicle1,1064.787000,1064.655000,425.433340,1,ok,20339,18180,1,0.162059,0.004528,0.000198,0.043847,8.084678,5.295475,0.000090,29.307675,10.878400,0.763375,365.659653,0.002799,7.039922,420.033193,427.076112,427.456898,0.380786,427.623485
506,vehicle1,1064.995000,1064.859000,426.292078,1,ok,20151,18055,1,0.100490,0.004840,0.000259,0.044823,10.853181,4.304174,0.000092,29.840696,11.623178,0.925198,356.009763,0.003868,7.547423,413.601105,421.152655,421.670214,0.517559,421.775544
507,vehicle1,1065.184000,1065.057000,427.134744,1,ok,20154,18123,1,0.158615,0.008109,0.000348,0.071023,7.736933,5.140074,0.000217,31.727114,11.811797,0.946387,366.793564,0.083661,8.731385,424.227109,433.042503,434.718663,1.676160,434.885387
508,vehicle1,1065.434000,1065.257000,427.998765,1,ok,20459,18436,1,0.071656,0.007369,0.000274,0.077754,10.437917,4.649443,0.000116,33.510404,13.992103,0.961755,385.505071,0.012008,7.453236,449.134563,456.600081,457.016383,0.416302,457.095408
509,vehicle1,1065.636000,1065.456000,428.827028,1,ok,20918,18873,1,0.224559,0.007312,0.000177,0.069633,9.568398,4.323610,0.000102,32.127538,10.514683,0.825201,398.248686,0.003542,7.324316,455.677851,463.005886,463.301381,0.295495,463.533252
510,vehicle1,1065.838000,1065.658000,429.675670,1,ok,21338,19303,1,0.536587,0.006003,0.000263,0.078746,9.077567,4.508597,0.000189,32.554348,11.294774,0.760950,402.204422,0.004791,7.383790,460.479593,467.868437,468.244244,0.375807,468.786834
511,vehicle1,1066.018000,1065.857000,430.496501,1,ok,21545,19560,1,0.088465,0.005712,0.000202,0.048995,11.460978,6.937652,0.000086,32.574685,11.857343,0.706202,380.215008,0.008655,8.637047,443.800949,452.446853,453.001881,0.555028,453.096058
512,vehicle1,1066.227000,1066.057000,431.341142,1,ok,21551,19663,1,0.073687,0.005775,0.000336,0.075525,12.246887,5.334030,0.000090,32.967906,11.480519,0.703939,388.634629,0.023309,7.860321,451.443525,459.327491,460.903093,1.575602,460.982555
513,vehicle1,1066.392000,1066.256000,432.156179,1,ok,21528,19817,1,0.138086,0.008800,0.000389,0.099116,11.802092,5.249016,0.000201,33.538401,11.078273,0.996200,363.466177,0.002967,8.212626,426.229476,434.445458,434.875611,0.430153,435.022497
514,vehicle1,1066.581000,1066.458000,432.950451,1,ok,21386,19811,1,0.067555,0.007915,0.000512,0.066777,9.005471,4.824347,0.000560,32.225656,10.268515,0.703764,345.914179,0.003666,7.479409,403.009269,410.492856,410.883368,0.390512,410.958838
515,vehicle1,1066.803000,1066.657000,433.825669,1,ok,21210,19701,1,0.198320,0.005809,0.000225,0.050603,11.913288,5.202439,0.000092,31.809311,10.007544,0.715982,367.631823,0.010942,8.126142,427.331082,435.468391,435.845577,0.377186,436.049706
516,vehicle1,1067.019000,1066.856000,434.658356,1,ok,21019,19537,1,0.098094,0.007951,0.000427,0.077227,9.500515,5.226446,0.000098,32.472690,10.365052,0.711093,362.172237,0.005621,9.300060,420.525358,429.831466,430.225448,0.393982,430.331493
517,vehicle1,1067.181000,1067.056000,435.459427,1,ok,20945,19450,1,0.076777,0.005439,0.000283,0.074017,9.775774,5.046825,0.000104,35.437779,10.737396,0.757564,360.925907,0.004589,7.756542,422.755366,430.516780,430.818866,0.302086,430.901082
518,vehicle1,1067.394000,1067.258000,436.294864,1,ok,20939,19441,1,0.119189,0.006634,0.000210,0.074010,8.493731,4.841568,0.000028,32.876345,12.139159,0.778934,356.881704,0.030367,8.383290,416.085479,424.499346,424.815147,0.315801,424.940970
519,vehicle1,1067.568000,1067.457000,437.157973,1,ok,21040,19520,1,0.104201,0.007714,0.000265,0.066849,10.855668,5.564107,0.000105,32.810269,9.247715,0.865076,369.161633,0.002795,7.102565,428.571422,435.677047,436.070963,0.393916,436.182878
520,vehicle1,1067.815000,1067.658000,438.037661,1,ok,21125,19582,1,0.091840,0.004507,0.000242,0.058985,8.762593,6.264523,0.000168,34.536888,12.510808,0.743199,371.561129,0.003792,6.842427,434.438293,441.284754,441.538156,0.253402,441.634503
521,vehicle1,1068.016000,1067.858000,438.865121,1,ok,21332,19694,1,0.085172,0.006268,0.000214,0.087532,14.198551,5.601499,0.000117,36.158779,13.054799,0.705676,371.157558,0.005582,8.304919,440.964511,449.275226,449.733258,0.458032,449.824698
522,vehicle1,1068.241000,1068.057000,439.724695,1,ok,21413,19715,1,0.164978,0.006964,0.000368,0.079271,11.825433,7.561638,0.000097,39.856175,12.889877,0.740563,382.292862,0.002974,7.709997,455.245916,462.959255,463.553659,0.594404,463.725601
523,vehicle1,1068.450000,1068.258000,440.540550,1,ok,21607,19771,1,0.223004,0.010257,0.000417,0.075974,10.333463,5.068291,0.000126,36.610545,11.327049,1.029532,379.558586,0.027809,7.912651,444.003566,451.944443,452.307771,0.363328,452.541032
524,vehicle1,1068.622000,1068.457000,441.366586,1,ok,22154,20039,1,0.233060,0.005551,0.000211,0.085056,11.311466,7.212963,0.000119,40.571582,11.930361,0.871930,386.917902,0.004978,7.949349,458.901379,466.855917,467.130721,0.274804,467.369332
525,vehicle1,1068.850000,1068.660000,442.226577,1,ok,22831,20259,1,0.082691,0.005705,0.000214,0.053063,10.539204,5.754639,0.000106,37.358848,14.934634,0.884363,391.907137,0.003742,8.002768,461.431994,469.438718,469.874022,0.435304,469.962418
526,vehicle1,1069.041000,1068.858000,443.082192,1,ok,23335,20437,1,0.239398,0.008295,0.000298,0.091038,14.161720,5.447044,0.000084,36.271663,11.976093,0.780254,383.450047,0.017909,7.695103,452.177943,459.891253,460.324196,0.432943,460.571889
527,vehicle1,1069.252000,1069.058000,443.946348,1,ok,23590,20545,1,0.086623,0.005465,0.000224,0.063368,13.829361,6.126836,0.000181,36.561182,13.148534,0.942247,421.968362,0.011268,6.349874,492.640071,499.001437,499.534696,0.533259,499.626784
528,vehicle1,1069.450000,1069.260000,444.785102,1,ok,23910,20725,1,0.097487,0.007934,0.000608,0.113257,20.311410,6.615841,0.000107,38.117823,14.038070,0.723639,410.899867,0.013616,6.502265,490.820014,497.336503,497.686910,0.350407,497.792331
529,vehicle1,1069.649000,1069.461000,445.617574,1,ok,24251,20858,1,0.310240,0.007724,0.000480,0.092671,10.789994,6.779796,0.000127,36.181646,15.233581,1.003287,423.562092,0.003383,6.834254,493.643194,500.481311,501.072845,0.591534,501.390809
530,vehicle1,1069.851000,1069.659000,446.446946,1,ok,24417,20931,1,0.199120,0.004497,0.000535,0.054407,8.345457,8.518619,0.000112,36.310734,10.587767,0.730472,408.280709,0.003963,6.447779,472.828277,479.280554,479.661844,0.381290,479.865461
531,vehicle1,1070.050000,1069.860000,447.279513,1,ok,24452,20951,1,0.124534,0.005953,0.000206,0.057111,7.747926,6.558059,0.000097,34.399220,11.455646,0.801138,403.836207,0.003726,6.190578,464.855404,471.049914,471.441800,0.391886,471.572287
532,vehicle1,1070.251000,1070.057000,448.098445,1,ok,24538,21040,1,0.124085,0.022050,0.000164,0.098143,11.462443,7.623460,0.000159,33.029931,11.694018,0.697455,414.587450,0.004043,6.189778,479.193059,485.387044,485.692234,0.305190,485.838369
533,vehicle1,1070.451000,1070.262000,448.923604,1,ok,24576,21071,1,0.106526,0.009269,0.000348,0.101553,10.046088,6.226712,0.000082,34.947147,14.511258,0.747732,415.408489,0.013163,7.486948,481.989061,489.489520,490.140772,0.651252,490.256567
534,vehicle1,1070.652000,1070.458000,449.741073,1,ok,24550,21067,1,0.139683,0.006680,0.000340,0.103328,9.409214,6.226441,0.000214,36.798281,12.280345,0.865941,433.217845,0.004275,7.424311,498.901609,506.330535,506.755340,0.424805,506.901703
535,vehicle1,1070.852000,1070.659000,450.560823,1,ok,24466,21106,1,0.110856,0.009584,0.000312,0.098922,11.690112,5.606176,0.000095,36.388110,12.454883,0.787768,426.532363,0.004428,6.710848,493.558429,500.274017,501.154273,0.880256,501.274713
536,vehicle1,1071.051000,1070.859000,451.411193,1,ok,24352,21204,1,0.329821,0.006155,0.000271,0.061353,10.507575,8.541157,0.000182,38.567601,15.033073,0.724648,433.175683,0.023980,6.948364,506.611272,513.583887,514.112454,0.528567,514.448430
537,vehicle1,1071.250000,1071.060000,452.223432,1,ok,24218,21278,1,0.129031,0.006156,0.000292,0.104043,11.914409,7.683980,0.000144,38.694093,11.968139,0.775004,433.006769,0.003743,6.241120,504.146581,510.391736,510.926720,0.534984,511.061907
538,vehicle1,1071.451000,1071.258000,453.083073,1,ok,24297,21398,1,0.173623,0.004598,0.000168,0.058938,14.309325,7.188911,0.000121,43.944492,11.903645,0.702541,432.162098,0.019803,7.598691,510.270071,517.888733,518.763657,0.874924,518.941878
539,vehicle1,1071.651000,1071.460000,453.905112,1,ok,24548,21557,1,0.222831,0.010853,0.000216,0.097491,12.949241,6.259451,0.000147,37.494275,13.469398,0.942680,445.369982,0.013770,6.761226,516.582665,523.357877,523.826513,0.468636,524.060197
540,vehicle1,1071.852000,1071.659000,454.738945,1,ok,24755,21703,1,0.191238,0.005143,0.000214,0.062280,11.254325,6.814990,0.000099,37.476852,13.188027,0.693079,421.182495,0.004365,6.622411,490.672147,497.299137,498.210456,0.911319,498.406837
541,vehicle1,1072.051000,1071.860000,455.594825,1,ok,24790,21908,1,0.108572,0.010979,0.000211,0.084159,15.376548,7.946945,0.000140,44.631748,10.789128,0.709541,439.330143,0.006444,7.633135,518.868352,526.508142,527.904650,1.396508,528.024201
542,vehicle1,1072.251000,1072.059000,456.417376,1,ok,24050,21866,1,0.101122,0.009120,0.000252,0.087677,18.014772,10.165000,0.000215,39.814199,14.073458,0.724841,447.371752,0.004231,6.173061,530.251914,536.429458,538.373138,1.943680,538.483380
543,vehicle1,1072.452000,1072.259000,457.240481,1,ok,22668,21234,1,0.103750,0.011107,0.000253,0.082321,13.377981,6.058296,0.000076,40.014544,14.344268,0.697160,436.089198,0.011089,6.166242,510.663844,516.841428,517.623986,0.782558,517.738843
544,vehicle1,1072.651000,1072.461000,458.072654,1,ok,22138,20942,1,0.290225,0.009029,0.000475,0.104661,22.509968,6.393524,0.000076,38.616778,12.739281,0.871204,446.095813,0.007858,7.047092,527.331305,534.386730,535.604037,1.217307,535.903291
545,vehicle1,1072.851000,1072.660000,458.869096,1,ok,23271,21415,1,0.102117,0.006976,0.000338,0.088406,14.401744,6.438972,0.000098,37.280707,15.850988,1.037159,431.782256,0.013965,11.015649,506.880330,517.910282,519.039150,1.128868,519.148243
546,vehicle1,1073.052000,1072.858000,459.762855,1,ok,24853,22243,1,0.145681,0.013203,0.000300,0.107009,13.574350,6.201949,0.000118,39.671172,13.931274,0.792978,455.855155,0.007461,7.101424,530.134005,537.243190,538.718061,1.474871,538.876945
547,vehicle1,1073.252000,1073.060000,460.593732,1,ok,25267,22328,1,0.094014,0.011183,0.000321,0.091863,12.092127,6.764134,0.000085,37.983290,10.341649,0.779703,462.456991,0.008096,8.313019,530.509842,538.831278,539.190044,0.358766,539.295241
548,vehicle1,1073.451000,1073.258000,461.444694,1,ok,25283,22255,1,0.170958,0.005571,0.000268,0.087573,12.878459,10.249720,0.000099,43.933159,12.417202,1.011907,456.345559,0.011868,9.231006,536.923678,546.166820,546.958276,0.791456,547.134805
549,vehicle1,1073.656000,1073.459000,462.276891,1,ok,25447,22326,1,0.193323,0.004150,0.000190,0.061740,19.911297,7.485823,0.000133,40.848727,13.032359,0.877471,454.479965,0.012636,7.093415,536.697515,543.803756,544.706961,0.903205,544.904434
550,vehicle1,1073.852000,1073.659000,463.062356,1,ok,25567,22292,1,0.190173,0.006769,0.000333,0.100941,12.620419,8.976368,0.000080,40.517599,12.107184,0.706806,440.410017,0.004345,6.443015,515.439414,521.887107,522.302976,0.415869,522.499918
551,vehicle1,1074.052000,1073.863000,463.879479,1,ok,25547,22140,1,0.216445,0.008218,0.000228,0.102988,11.218873,8.107197,0.000092,38.491867,10.919131,0.720269,427.475895,0.004098,8.219301,497.036312,505.259939,505.580261,0.320322,505.804924
552,vehicle1,1074.251000,1074.061000,464.700184,1,ok,25242,21842,1,0.101544,0.015606,0.000422,0.094213,13.908137,6.961666,0.000172,37.766640,10.057286,0.954380,434.013703,0.003952,6.973002,503.756197,510.733573,511.106696,0.373123,511.223846
553,vehicle1,1074.452000,1074.261000,465.517700,1,ok,25031,21642,1,0.246534,0.006303,0.000326,0.072591,10.537047,8.133642,0.000095,39.573021,13.244882,0.962809,418.614644,0.003612,6.323454,491.138731,497.466123,497.857507,0.391384,498.110344
554,vehicle1,1074.651000,1074.459000,466.340521,1,ok,24911,21492,1,0.138119,0.004725,0.000224,0.074859,11.028244,7.141332,0.000186,40.608181,13.567348,0.771279,420.567346,0.020648,6.925303,493.758775,500.704950,501.443992,0.739042,501.586836
555,vehicle1,1074.851000,1074.661000,467.151008,1,ok,24686,21229,1,0.086438,0.005044,0.000298,0.064250,8.710876,8.364044,0.000130,41.104030,12.076361,0.928903,423.404191,0.014437,7.684125,494.652785,502.351645,503.031773,0.680128,503.123255
556,vehicle1,1075.050000,1074.859000,467.998640,1,ok,24417,20927,1,0.108055,0.011281,0.000329,0.066883,13.585223,7.435940,0.000047,41.393687,11.562832,0.781705,433.342383,0.003868,7.137503,508.168700,515.310400,515.653289,0.342889,515.772625
557,vehicle1,1075.251000,1075.057000,468.807178,1,ok,24212,20723,1,0.120954,0.004945,0.000258,0.065092,8.915844,11.603400,0.000074,38.210656,11.985910,0.943069,431.164416,0.005902,7.586316,502.888461,510.480937,511.351518,0.870581,511.477417
558,vehicle1,1075.451000,1075.264000,469.643124,1,ok,24061,20553,1,0.100704,0.037048,0.000473,0.107349,9.657106,8.324108,0.000167,39.855288,11.328177,0.732206,438.872683,0.004227,8.320782,508.877084,517.202566,517.714959,0.512393,517.852711
559,vehicle1,1075.650000,1075.461000,470.466398,1,ok,23878,20390,1,0.190547,0.005428,0.000232,0.092933,9.148398,10.737146,0.000092,42.284104,16.094591,0.901843,450.443384,0.004665,7.538245,529.702491,537.245633,537.661073,0.415440,537.857048
560,vehicle1,1075.852000,1075.660000,471.219340,1,ok,23817,20280,1,0.196492,0.005349,0.000333,0.084151,7.900610,7.977165,0.000125,38.243651,11.914817,0.696810,413.581275,0.013396,7.867663,480.398604,488.279996,488.733930,0.453934,488.935771
561,vehicle1,1076.053000,1075.861000,472.063374,1,ok,23689,20066,1,0.187481,0.004764,0.000289,0.059458,17.103923,8.294109,0.000124,39.034089,15.186708,0.714898,454.073267,0.007102,8.771283,534.466576,543.245250,544.083104,0.837854,544.275349
562,vehicle1,1076.251000,1076.059000,472.837117,1,ok,23499,19783,1,0.100859,0.007582,0.000363,0.092648,11.079926,10.241582,0.000100,41.226808,12.320506,0.746565,414.791148,0.003678,6.932583,490.499283,497.435907,497.928001,0.492094,498.036442
563,vehicle1,1076.450000,1076.259000,473.663648,1,ok,23271,19514,1,0.193161,0.006264,0.000445,0.074134,8.726751,8.685831,0.000168,42.000857,15.451696,1.078874,418.044332,0.027830,7.858005,494.062643,501.948923,502.641703,0.692780,502.841128
564,vehicle1,1076.650000,1076.458000,474.465266,1,ok,23026,19234,1,0.085082,0.010609,0.000393,0.095497,12.259118,9.361147,0.000131,38.838821,10.038545,0.969675,404.650995,0.003824,9.424939,476.213929,485.643085,487.223749,1.580664,487.319440
565,vehicle1,1076.852000,1076.660000,475.318381,1,ok,22797,18991,1,0.102908,0.005583,0.000333,0.060997,13.518989,8.897496,0.000106,42.582879,13.482734,1.041247,445.551375,0.012739,7.328847,525.135823,532.477742,533.380770,0.903028,533.489261
566,vehicle1,1077.053000,1076.860000,476.143572,1,ok,22625,18687,1,0.202676,0.006170,0.000280,0.087749,11.665002,8.950541,0.000096,40.392837,21.349226,0.964562,437.531740,0.003968,7.338134,520.941753,528.284135,528.596953,0.312818,528.805799
567,vehicle1,1077.260000,1077.061000,476.967032,1,ok,22498,18412,1,0.247704,0.252216,0.000326,0.089447,12.350355,9.132063,0.000180,41.070771,12.406236,0.879363,467.573189,0.003975,6.317711,543.501604,549.823616,550.594550,0.770934,551.094470
568,vehicle1,1077.452000,1077.260000,477.752138,1,ok,22292,18119,1,0.172174,0.005804,0.000167,0.091229,13.049169,10.514063,0.000161,41.304404,12.385244,0.849316,448.505749,0.004080,8.101688,526.699335,534.805270,535.289386,0.484116,535.467364
569,vehicle1,1077.651000,1077.459000,478.532144,1,ok,22046,17831,1,0.178761,0.008824,0.000346,0.103312,10.079879,8.535547,0.000328,39.387728,15.098637,1.309263,441.596998,0.004069,7.019824,516.111692,523.135931,523.676563,0.540632,523.864148
570,vehicle1,1077.852000,1077.655000,479.378092,1,ok,21927,17691,1,0.194761,0.006419,0.000206,0.086065,10.469959,7.923394,0.000084,40.723852,11.668912,1.047608,422.038303,0.013244,7.474890,493.958177,501.446517,501.801693,0.355176,502.002873
571,vehicle1,1078.053000,1077.861000,480.242356,1,ok,22005,17721,1,0.199870,0.008400,0.000293,0.095004,10.001751,9.358925,0.000335,41.156687,10.764658,0.761948,429.268419,0.004289,7.611795,501.407727,509.024104,509.507279,0.483175,509.715549
572,vehicle1,1078.251000,1078.061000,481.034502,1,ok,22113,17814,1,0.176387,0.005006,0.000233,0.058538,8.403006,7.826111,0.000089,40.265961,11.532959,0.834751,423.141459,0.004163,7.259971,492.062874,499.327241,499.702355,0.375114,499.883748
573,vehicle1,1078.458000,1078.259000,481.869554,1,ok,22328,17999,1,0.081984,0.007719,0.000275,0.114469,10.785042,10.994821,0.000142,41.606971,12.118298,0.983666,418.722709,0.003960,6.408004,495.326118,501.738357,502.081452,0.343095,502.171155
574,vehicle1,1078.653000,1078.467000,482.676109,1,ok,22623,18265,1,0.203456,0.006010,0.000334,0.097850,10.565091,8.881445,0.000103,41.274938,10.620855,0.908354,431.925130,0.003655,7.123918,504.273766,511.401673,511.844741,0.443068,512.054207
575,vehicle1,1078.852000,1078.660000,483.433336,1,ok,22906,18466,1,0.107294,0.006541,0.000228,0.090994,10.188354,9.006165,0.000090,40.508712,9.241162,0.702890,404.560330,0.012885,7.629086,474.298697,481.940896,482.357217,0.416321,482.471052
576,vehicle1,1079.052000,1078.859000,484.261497,1,ok,23106,18548,1,0.136239,0.006463,0.000268,0.073099,9.150552,8.357054,0.000269,37.902702,11.421995,0.749852,396.851365,0.004656,7.723427,464.506888,472.235239,472.588052,0.352813,472.730754
577,vehicle1,1079.251000,1079.060000,485.100283,1,ok,23231,18541,1,0.108788,0.009899,0.000161,0.069705,14.053196,8.654624,0.000134,39.330047,12.426305,1.030291,435.042285,0.003955,7.447465,510.606587,518.058168,518.432494,0.374326,518.551181
578,vehicle1,1079.451000,1079.261000,485.954023,1,ok,23280,18467,1,0.087763,0.004199,0.000225,0.057586,8.344614,11.405980,0.000111,41.383905,10.477982,0.954769,440.795099,0.007170,6.643671,513.420046,520.071112,520.367429,0.296317,520.459391
579,vehicle1,1079.657000,1079.459000,486.751367,1,ok,23026,18180,1,0.088924,0.006871,0.000298,0.096493,15.990428,7.962207,0.000289,45.615585,14.974793,0.727236,443.672919,0.006707,7.377801,529.039950,536.424756,536.802108,0.377352,536.897903
580,vehicle1,1079.852000,1079.662000,487.524860,1,ok,22596,17843,1,0.104986,0.005121,0.000352,0.056487,7.913083,8.377102,0.000129,46.586202,11.895982,0.704325,432.438152,0.016354,10.632260,507.971462,518.620428,519.146125,0.525697,519.256232
581,vehicle1,1080.051000,1079.861000,488.324932,1,ok,21801,17313,1,0.089647,0.011940,0.000348,0.109106,14.166488,11.840480,0.000145,38.682282,9.902832,0.899355,438.971270,0.004207,6.918273,514.571958,521.494786,522.036179,0.541393,522.137766
582,vehicle1,1080.251000,1080.058000,489.081078,1,ok,21184,16894,1,0.114072,0.004868,0.000245,0.060504,6.612598,7.996681,0.000098,36.323836,8.188073,1.027699,417.646649,0.004409,6.969458,477.856138,484.830250,485.452532,0.622282,485.571472
583,vehicle1,1080.452000,1080.258000,489.914348,1,ok,20881,16703,1,0.076309,0.004707,0.000120,0.050067,7.751531,7.984882,0.000083,39.438495,11.624279,0.870595,432.987117,0.004839,7.268246,500.707049,507.980254,508.301802,0.321548,508.382818
584,vehicle1,1080.652000,1080.460000,490.679058,1,ok,20844,16687,1,0.093101,0.005437,0.000317,0.049995,5.667827,8.387584,0.000123,34.003617,8.792892,0.742512,418.044510,0.009785,7.169271,475.689060,482.868433,483.164559,0.296126,483.263097
585,vehicle1,1080.853000,1080.659000,491.470304,1,ok,20758,16609,1,0.187029,0.005981,0.000302,0.083138,6.801797,8.799763,0.000077,35.816605,9.308190,1.047771,416.038162,0.018168,8.221526,477.895503,486.135499,486.426962,0.291463,486.619972
586,vehicle1,1081.051000,1080.860000,492.252979,1,ok,20663,16526,1,0.103531,0.007596,0.000336,0.104460,6.845250,8.841393,0.000118,37.965852,9.462840,2.025793,419.667311,0.004363,6.708734,484.913017,491.626450,492.102424,0.475974,492.213551
587,vehicle1,1081.252000,1081.058000,493.051166,1,ok,20651,16537,1,0.295450,0.009785,0.000605,0.075854,9.059928,8.887033,0.000131,39.861031,9.813965,0.989603,432.490119,0.005395,6.726157,501.177664,507.909821,508.246089,0.336268,508.551324
588,vehicle1,1081.452000,1081.259000,493.820477,1,ok,20596,16464,1,0.085541,0.011310,0.000401,0.076401,7.131119,8.566949,0.000092,38.649922,10.457119,0.731209,417.510457,0.005025,6.586460,483.123268,489.715154,490.071149,0.355995,490.168000
589,vehicle1,1081.653000,1081.459000,494.638104,1,ok,20557,16408,1,0.088236,0.005220,0.000285,0.048802,7.024857,10.560583,0.000142,49.707169,13.548507,1.042887,453.233382,0.011220,6.167765,535.166329,541.345599,541.831189,0.485590,541.924645
590,vehicle1,1081.851000,1081.661000,495.404510,1,ok,20624,16415,1,0.259517,0.006038,0.000310,0.076493,6.905392,8.280160,0.000163,37.489198,10.172685,0.801148,437.026037,0.003856,6.890952,500.751276,507.646394,508.011938,0.365544,508.277493
591,vehicle1,1082.036000,1081.861000,496.151717,1,ok,20917,16577,1,0.060780,0.007426,0.000229,0.074523,8.761011,17.321327,0.000105,36.695900,9.299744,0.709493,392.325858,0.012064,6.661519,465.187961,471.861773,472.168605,0.306832,472.236811
592,vehicle1,1082.228000,1082.060000,496.953271,1,ok,21150,16768,1,0.105173,0.005879,0.000256,0.081122,9.240938,12.324667,0.000138,35.986289,6.509097,0.722306,386.651465,0.005073,7.152392,451.516022,458.673743,458.993055,0.319312,459.104107
593,vehicle1,1082.450000,1082.260000,497.735283,1,ok,21245,17009,1,0.224037,0.012259,0.000187,0.080227,8.193840,14.838489,0.000168,37.883665,9.388082,0.695949,364.872157,0.004451,6.930446,435.952577,442.887661,443.402016,0.514355,443.638312
594,vehicle1,1082.651000,1082.460000,498.510972,1,ok,21168,17261,1,0.102428,0.007594,0.000257,0.054006,7.975178,8.483551,0.000117,35.526944,7.976270,0.702800,386.200276,0.003453,6.541461,446.919142,453.464313,453.699816,0.235503,453.809838
595,vehicle1,1082.823000,1082.658000,499.295921,1,ok,21052,17414,1,0.190496,0.004705,0.000190,0.048498,6.658960,9.418461,0.000071,34.911823,8.163927,0.718461,392.629392,0.004321,8.849353,452.549593,461.403457,461.660003,0.256546,461.855204
596,vehicle1,1083.048000,1082.859000,500.122775,1,ok,20897,17391,1,0.085037,0.012118,0.000402,0.102793,7.314102,9.327517,0.000114,35.923768,7.710728,0.738536,390.776892,0.014045,7.518131,451.894450,459.427028,459.708283,0.281255,459.805438
597,vehicle1,1083.225000,1083.061000,500.899193,1,ok,20669,17368,1,0.196145,0.006001,0.000292,0.052796,7.784955,9.123253,0.000093,33.384982,8.439782,0.742622,374.192507,0.004707,7.427455,433.720990,441.153444,441.445249,0.291805,441.647395
598,vehicle1,1083.443000,1083.259000,501.696895,1,ok,20540,17421,1,0.084660,0.004566,0.000181,0.047197,5.875872,9.266160,0.000108,36.832446,7.097863,0.716007,367.395812,0.003707,7.855582,427.231465,435.090935,435.395938,0.305003,435.485164
599,vehicle1,1083.624000,1083.457000,502.500363,1,ok,20503,17495,1,0.196108,0.009740,0.000172,0.059758,14.429389,8.720569,0.000078,35.767870,8.145030,0.702581,380.093726,0.003725,8.571595,447.919001,456.494493,456.773692,0.279199,456.979540
600,vehicle1,1083.850000,1083.660000,503.336246,1,ok,20390,17465,1,0.154247,0.004995,0.000134,0.048097,7.232054,8.360689,0.000088,35.881284,7.281711,0.713338,402.046989,0.005025,8.300915,461.564250,469.870324,470.119911,0.249587,470.279153
601,vehicle1,1084.036000,1083.857000,504.097557,1,ok,20040,17225,1,0.256562,0.019056,0.000208,0.102711,8.009615,8.717392,0.000160,35.180571,6.504200,0.716455,365.200887,0.004188,8.519766,424.431991,432.956153,433.394700,0.438547,433.670318
602,vehicle1,1084.223000,1084.059000,504.861341,1,ok,19799,17067,1,0.168915,0.004431,0.000186,0.045315,6.401067,9.122261,0.000085,32.760867,6.543856,0.948626,365.430999,0.012377,7.893582,421.253076,429.159221,429.514624,0.355403,429.687970
603,vehicle1,1084.411000,1084.259000,505.619291,1,ok,19772,17055,1,0.189728,0.059495,0.000465,0.072394,7.071263,8.321359,0.000226,33.112562,7.264264,0.704869,347.054760,0.002954,9.004297,403.601697,412.609413,412.975481,0.366068,413.224704
604,vehicle1,1084.617000,1084.458000,506.408039,1,ok,20066,17303,1,0.285899,0.011690,0.000285,0.090075,7.820516,7.726940,0.000071,33.007338,6.441632,0.964209,356.311532,0.009840,8.861672,412.362313,421.234110,421.792212,0.558102,422.089801
605,vehicle1,1084.844000,1084.660000,507.203013,1,ok,20488,17692,1,0.159647,0.007079,0.000314,0.077605,8.673771,8.951766,0.000318,34.124737,10.575863,0.925626,368.582192,0.003902,7.054538,431.911878,438.970632,439.346934,0.376302,439.513660
606,vehicle1,1085.051000,1084.860000,508.011850,1,ok,21146,18238,1,0.203522,0.008873,0.000356,0.092683,10.065334,8.759910,0.000131,37.103240,9.238063,0.902573,387.357813,0.004453,11.021571,453.519747,464.546127,465.315019,0.768892,465.527414
607,vehicle1,1085.239000,1085.058000,508.750321,1,ok,21764,18769,1,0.171392,0.005298,0.000188,0.062745,9.086960,9.239503,0.000089,35.157209,10.033149,0.867072,374.451915,0.022946,7.004143,438.898642,445.925919,446.630320,0.704401,446.807010
608,vehicle1,1085.451000,1085.258000,509.553649,1,ok,21985,18926,1,0.127513,0.006334,0.000348,0.066453,12.914925,9.215684,0.000100,37.098667,8.646798,0.861554,393.359462,0.003138,7.737631,462.163643,469.904760,470.462198,0.557438,470.596045
609,vehicle1,1085.625000,1085.458000,510.313024,1,ok,21915,18919,1,0.192711,0.008232,0.000278,0.077818,10.180147,8.908915,0.000221,34.743240,8.103400,0.880175,368.475941,0.004107,8.694631,431.369857,440.068873,440.582881,0.514008,440.783824
610,vehicle1,1085.851000,1085.661000,511.160127,1,ok,22413,19393,1,0.081792,0.005947,0.000228,0.090428,20.011100,9.257851,0.000100,39.966299,8.538881,0.701979,402.305467,0.014936,9.551166,480.872105,490.438435,490.777458,0.339023,490.865197
611,vehicle1,1086.050000,1085.858000,511.926777,1,ok,23267,20157,1,0.094928,0.010894,0.000165,0.085852,14.255108,10.604361,0.000085,36.169480,8.585580,0.757410,390.003699,0.003583,6.805247,460.461575,467.270570,467.551925,0.281355,467.657747
612,vehicle1,1086.241000,1086.057000,512.662710,1,ok,24282,21021,1,0.135444,0.005709,0.000309,0.093135,10.081835,9.797155,0.000130,34.336446,9.122399,0.838279,384.316554,0.012172,7.995958,448.585933,456.594372,457.019168,0.424796,457.160321
613,vehicle1,1086.451000,1086.259000,513.500646,1,ok,25021,21648,1,0.104624,0.010703,0.000289,0.092809,12.877595,10.630644,0.000167,35.817863,9.557037,0.821645,436.774862,0.003764,6.683058,506.572622,513.259733,513.563748,0.304015,513.679075
614,vehicle1,1086.651000,1086.456000,514.315289,1,ok,25624,22195,1,0.140559,0.013805,0.000387,0.098124,15.615683,10.424710,0.000290,35.356529,9.241538,0.858086,458.348112,0.004837,7.033882,529.943072,536.982178,537.456727,0.474549,537.611091
615,vehicle1,1086.858000,1086.660000,515.138457,1,ok,26175,22746,1,0.211772,0.013609,0.000302,0.096512,15.322204,8.876426,0.000106,38.011177,11.718001,0.973985,494.432905,0.014802,6.690191,569.431316,576.136611,576.697611,0.561000,576.922992
616,vehicle1,1087.058000,1086.858000,515.935388,1,ok,26662,23184,1,0.085042,0.008540,0.000262,0.115327,16.530942,12.344752,0.000130,36.890281,10.512916,0.693967,497.252737,0.004416,6.380960,574.341052,580.726690,581.119569,0.392879,581.213151
617,vehicle1,1087.258000,1087.058000,516.744409,1,ok,26756,23309,1,0.127606,0.006169,0.000373,0.089861,14.431325,9.848114,0.000094,38.435373,9.965374,0.713928,531.797280,0.022200,8.221331,605.281349,613.525253,613.912935,0.387682,614.046710
618,vehicle1,1087.459000,1087.258000,517.539937,1,ok,26759,23355,1,0.206954,0.006714,0.000362,0.096563,14.697392,9.048893,0.000114,37.816575,11.726141,0.909825,527.405185,0.003975,6.144569,601.700688,607.849594,608.296878,0.447284,608.510546
619,vehicle1,1087.660000,1087.459000,518.355629,1,ok,26488,23306,1,0.106837,0.018250,0.000370,0.116354,16.096487,9.240097,0.000137,38.749996,11.772300,0.761468,530.086064,0.004385,6.891601,606.822903,613.719259,613.982131,0.262872,614.107218
620,vehicle1,1087.867000,1087.660000,519.130888,1,ok,25869,23092,1,0.140100,0.006748,0.000376,0.096835,19.200162,9.132856,0.000077,45.948617,11.950971,1.124180,539.278503,0.004025,7.707891,626.732201,634.444493,635.504327,1.059834,635.651175
621,vehicle1,1088.058000,1087.859000,519.851771,1,ok,25112,22717,1,0.228634,0.009895,0.000283,0.089179,15.336249,8.322102,0.000150,40.351415,12.061951,0.907593,520.413656,0.003745,7.309874,597.482295,604.796197,605.793123,0.996926,606.031652
622,vehicle1,1088.259000,1088.058000,520.637227,1,ok,24396,22225,1,0.261530,0.011445,0.000371,0.101549,11.602453,8.998273,0.000172,39.659487,14.985671,0.927342,525.686529,0.041253,7.032645,601.961476,609.035745,609.573275,0.537530,609.846250
623,vehicle1,1088.460000,1088.259000,521.427411,1,ok,23623,21657,1,0.160488,0.009609,0.000226,0.099073,11.776643,11.518777,0.000080,42.227639,12.062767,0.875935,534.607591,0.003886,8.884891,613.168505,622.057508,622.576247,0.518739,622.746344
624,vehicle1,1088.658000,1088.460000,522.176087,1,ok,22972,21145,1,0.099063,0.006090,0.000293,0.087344,11.869613,8.608159,0.000090,44.604672,13.205232,0.741322,515.653304,0.003520,8.095691,594.769736,602.869240,603.593224,0.723984,603.698377
625,vehicle1,1088.867000,1088.658000,522.965240,1,ok,22846,20940,1,0.111569,0.005881,0.000271,0.084997,17.657192,9.114063,0.000231,41.317159,11.320842,0.811441,564.657866,0.004417,7.690457,644.963791,652.658936,653.569871,0.910935,653.687321
626,vehicle1,1089.065000,1088.860000,523.723555,1,ok,23422,21155,1,0.209888,4.505135,0.000288,0.091481,15.111972,9.105139,0.000132,42.381163,12.811484,0.950117,565.994409,0.003810,6.730033,646.445897,653.180028,654.012749,0.832721,658.727772
627,vehicle1,1089.257000,1089.058000,524.443223,1,ok,24034,21460,1,0.080559,0.010206,0.000241,0.087699,14.567446,9.862639,0.000211,41.009379,10.632918,0.720609,548.848199,0.055863,6.434665,625.729100,632.219869,632.951902,0.732033,633.042667
628,vehicle1,1089.462000,1089.257000,525.222066,1,ok,24123,21548,1,0.196267,0.006420,0.000204,0.057031,10.815575,7.843511,0.000139,39.834511,11.935518,0.800269,554.156363,0.053045,8.336197,625.442917,633.832363,634.169997,0.337634,634.372684
629,vehicle1,1089.661000,1089.460000,525.990935,1,ok,24092,21564,1,0.223530,0.008235,0.000287,0.099706,14.600321,8.932366,0.000078,42.372137,13.266355,0.745389,562.291779,0.004440,6.589540,642.308131,648.902398,649.406570,0.504172,649.638335
630,vehicle1,1089.859000,1089.661000,526.757433,1,ok,24309,21788,1,0.114041,0.005867,0.000305,0.084320,16.661237,7.400192,0.000122,42.127689,13.794782,0.911311,551.112193,0.007537,6.293367,632.091846,638.393055,639.615980,1.222925,639.735888
631,vehicle1,1090.066000,1089.859000,527.542139,1,ok,24613,21992,1,0.109321,0.006482,0.000229,0.074171,17.529882,9.918664,0.000100,42.047407,12.381997,0.804415,553.393978,0.003681,8.303262,636.150614,644.457786,644.944996,0.487210,645.060799
632,vehicle1,1090.260000,1090.059000,528.298050,1,ok,24788,22082,1,0.098507,0.007953,0.000478,0.128393,20.506866,11.539796,0.000190,44.054729,12.047585,0.996272,561.779721,0.004231,6.476245,651.053552,657.534506,658.207932,0.673426,658.314392
633,vehicle1,1090.458000,1090.259000,529.046538,1,ok,24890,22076,1,0.114326,0.006631,0.000313,0.107762,18.732437,12.450474,0.000160,44.072387,13.168598,0.954653,527.983493,0.004086,7.153740,617.469964,624.628103,625.210982,0.582879,625.331939
634,vehicle1,1090.661000,1090.458000,529.828111,1,ok,24819,21962,1,0.084739,2.361838,0.000397,0.093708,14.556135,9.721739,0.000094,43.672253,13.002581,0.698562,547.584079,0.012197,7.900621,629.329151,637.242366,637.563389,0.321023,640.009966
635,vehicle1,1090.867000,1090.661000,530.611943,1,ok,24719,21786,1,0.112594,0.006751,0.000255,0.096941,22.591193,10.478459,0.000086,42.524584,13.811513,0.891458,571.151117,0.003652,7.371608,661.545351,668.920866,669.248889,0.328023,669.368234
636,vehicle1,1091.059000,1090.860000,531.349315,1,ok,24871,21888,1,0.106941,0.008076,0.000378,0.101224,17.753896,9.916830,0.000143,41.848234,14.560758,0.701983,527.184068,0.004054,7.150055,612.067136,619.221623,619.597060,0.375437,619.712077
637,vehicle1,1091.259000,1091.059000,532.101997,1,ok,25045,22053,1,0.231126,0.008475,0.000403,0.072538,12.462516,7.972702,0.000244,43.246888,13.919383,0.883312,515.444259,0.003979,7.997096,594.001842,602.003320,602.297448,0.294128,602.537049
638,vehicle1,1091.458000,1091.259000,532.848336,1,ok,25145,22128,1,0.116506,0.007194,0.000327,0.073958,10.514234,8.645883,0.000208,39.873281,14.498503,0.773466,494.306893,0.005126,6.887309,568.686426,575.579188,575.830672,0.251484,575.954372
639,vehicle1,1091.660000,1091.458000,533.640134,1,ok,25245,22270,1,0.132157,0.007062,0.000223,0.109348,11.669745,9.967638,0.000110,43.337755,12.963221,0.853756,507.941041,0.017329,8.279782,586.842614,595.139948,595.483097,0.343149,595.622316
640,vehicle1,1091.861000,1091.660000,534.384462,1,ok,25321,22377,1,0.093009,0.004939,0.000210,0.059842,16.075644,9.676555,0.000117,41.527649,12.358612,0.920588,483.623666,0.012771,6.877617,564.242673,571.133271,571.396856,0.263585,571.494804
641,vehicle1,1092.059000,1091.861000,535.166065,1,ok,25418,22500,1,0.107950,0.018689,0.000204,0.089934,17.882157,9.095506,0.000182,41.120821,13.571972,0.918895,503.065133,0.002884,6.128265,585.744600,591.875953,592.297372,0.421419,592.424011
642,vehicle1,1092.257000,1092.059000,535.960382,1,ok,25613,22697,1,0.243895,0.009981,0.000247,0.087120,18.742990,9.575006,0.000106,45.058930,14.957315,0.707790,515.515730,0.005230,7.203925,604.644987,611.854389,612.292411,0.438022,612.546287
643,vehicle1,1092.462000,1092.257000,536.737611,1,ok,25751,22816,1,0.087182,0.008270,0.000405,0.078668,17.127863,9.536595,0.000083,49.113808,11.649251,0.758664,521.931277,0.007272,7.879012,610.196209,618.082898,618.388279,0.305381,618.483731
644,vehicle1,1092.657000,1092.462000,537.509805,1,ok,25866,22897,1,0.210664,0.006242,0.000249,0.089546,12.954839,10.142607,0.000189,51.894521,13.791452,0.706461,506.007954,0.003600,6.874122,595.587569,602.465540,602.718880,0.253340,602.935786
645,vehicle1,1092.859000,1092.657000,538.329649,1,ok,25959,22956,1,0.121716,0.008000,0.000379,0.093742,25.651072,8.251920,0.000151,45.559346,15.563709,0.775354,516.316660,0.003909,7.711072,612.211954,619.927314,620.244964,0.317650,620.374680
646,vehicle1,1093.058000,1092.859000,539.105267,1,ok,25986,23023,1,0.147140,0.095128,0.000183,0.089966,16.094903,9.068388,0.000078,45.212008,12.398257,0.987231,515.200791,0.012172,7.551726,599.051622,606.615703,607.067317,0.451614,607.309585
647,vehicle1,1093.259000,1093.058000,539.898025,1,ok,25949,23026,1,0.101886,0.048560,0.000207,0.093929,14.816417,7.863287,0.000088,45.932801,13.213451,0.719603,541.620136,0.004404,8.713321,624.259712,632.977644,633.306430,0.328786,633.456876
648,vehicle1,1093.459000,1093.259000,540.697042,1,ok,25983,23064,1,0.120858,0.007972,0.000250,0.057250,15.416717,9.138214,0.000202,49.354550,12.727461,0.799531,538.591456,0.004545,7.221567,626.085381,633.311743,633.672457,0.360714,633.801287
649,vehicle1,1093.662000,1093.459000,541.506781,1,ok,25963,23041,1,0.100765,0.004253,0.000139,0.055389,22.606234,9.647145,0.000119,57.956017,13.142016,0.744173,552.789827,0.003790,8.103181,656.940920,665.048030,665.370724,0.322694,665.475742
650,vehicle1,1093.860000,1093.662000,542.310999,1,ok,25834,22950,1,0.090379,0.003819,0.000217,0.055384,17.114468,13.170841,0.000085,40.656311,15.879100,0.909778,551.178073,0.003373,7.268325,638.964040,646.235955,647.300129,1.064174,647.394327
651,vehicle1,1094.061000,1093.860000,543.092650,1,ok,25753,22918,1,0.133411,0.005544,0.000266,0.055587,16.211298,10.570165,0.000091,43.268448,13.199855,0.736536,551.491421,0.012781,7.474231,635.533401,643.020679,643.515070,0.494391,643.654025
652,vehicle1,1094.263000,1094.061000,543.943111,1,ok,25730,22884,1,0.196919,0.007209,0.000196,0.093081,15.349220,9.505305,0.000106,58.958591,21.414628,1.310259,580.241529,0.006804,7.180552,686.872719,694.060271,694.783732,0.723461,694.987860
653,vehicle1,1094.463000,1094.263000,544.723237,1,ok,25812,22968,1,0.089713,0.007011,0.000309,0.097711,11.737768,10.893024,0.000107,44.737154,12.657294,0.829840,561.845458,0.005571,7.266812,642.798356,650.071048,650.374800,0.303752,650.471524
654,vehicle1,1094.669000,1094.461000,545.586515,1,ok,25970,23139,1,0.218249,0.006576,0.000282,0.095629,22.620616,11.463694,0.000101,63.474941,22.197657,1.045995,612.557500,0.005979,8.271497,733.456133,741.733891,742.293607,0.559716,742.518432
655,vehicle1,1094.863000,1094.661000,546.312558,1,ok,26241,23377,1,0.127254,0.007185,0.000420,0.095499,23.433238,8.927978,0.000102,45.684358,15.196241,0.875013,570.659492,0.004681,6.750192,664.871921,671.627214,672.290760,0.663546,672.425199
656,vehicle1,1095.067000,1094.860000,547.098261,1,ok,26631,23566,1,0.144334,0.007435,0.000261,0.136718,19.541732,11.179613,0.000120,50.006315,13.770575,0.712690,553.861364,0.004250,7.875074,649.209127,657.088712,657.576760,0.488048,657.728529
657,vehicle1,1095.267000,1095.059000,547.892083,1,ok,27041,23700,1,0.143143,0.008388,0.000337,0.152370,19.774347,11.368670,0.000106,57.115732,13.024673,0.733962,563.120259,0.035398,7.751767,665.290119,673.077621,673.540474,0.462853,673.692005
658,vehicle1,1095.471000,1095.259000,548.696119,1,ok,27469,23922,1,0.158438,0.006289,0.000359,0.086769,23.220914,8.916325,0.000166,48.221422,14.895630,0.761332,577.827319,0.003778,7.524039,673.929877,681.458053,681.740147,0.282094,681.904874
659,vehicle1,1095.671000,1095.463000,549.482544,1,ok,27862,24093,1,0.136259,0.008939,0.000395,0.105810,18.035414,10.638545,0.000105,50.575928,16.120089,0.947018,575.540915,0.004746,6.409657,671.963824,678.378622,678.839226,0.460604,678.984424
660,vehicle1,1095.868000,1095.663000,550.253911,1,ok,28307,24342,1,0.144696,0.005918,0.000307,0.112090,22.807523,9.111164,0.000200,49.131449,16.330534,1.033378,578.293039,0.018000,6.340246,676.819377,683.177930,683.731692,0.553762,683.882306
661,vehicle1,1096.069000,1095.861000,551.029019,1,ok,28577,24381,1,0.135111,0.007864,0.000388,0.104110,22.382331,9.509949,0.000103,47.882213,15.491010,1.016288,576.295738,0.003667,6.856511,672.681742,679.542308,680.330840,0.788532,680.473815
662,vehicle1,1096.269000,1096.061000,551.809099,1,ok,28669,24309,1,0.149082,0.005470,0.000204,0.085125,17.495648,13.578570,0.000087,46.729080,16.473092,0.897183,573.624236,0.013929,7.186725,668.883021,676.083879,676.561388,0.477509,676.715940
663,vehicle1,1096.467000,1096.261000,552.578943,1,ok,28671,24158,1,0.196454,0.008007,0.000733,0.064305,21.411995,7.926252,0.000096,47.645154,15.334111,0.771769,589.638491,0.003072,7.753915,682.792173,690.549893,690.865705,0.315812,691.070166
664,vehicle1,1096.668000,1096.460000,553.375562,1,ok,28650,24025,1,0.283674,0.007948,0.000208,0.120764,20.063496,8.332859,0.000111,46.974377,17.853703,0.908640,610.750930,0.004535,7.396496,705.004880,712.406119,712.842823,0.436704,713.134445
665,vehicle1,1096.861000,1096.662000,554.076337,1,ok,28606,23852,1,0.229530,0.005585,0.000363,0.060375,15.489884,8.009761,0.000147,46.595297,16.293586,0.993218,542.221100,0.004094,7.787352,629.663368,637.455177,637.820496,0.365319,638.055611
666,vehicle1,1097.071000,1096.861000,554.892629,1,ok,28619,23660,1,0.257852,0.528449,0.000319,0.099170,18.314672,7.386250,0.000129,45.494973,16.949195,0.791472,553.618210,0.004757,8.917335,642.654071,651.576482,652.319615,0.743133,653.105916
667,vehicle1,1097.270000,1097.061000,555.704342,1,ok,28527,23404,1,0.113022,0.008257,0.000463,0.100330,18.670582,7.538768,0.000107,45.814342,16.833859,0.958672,586.991794,0.021558,6.426663,676.908454,683.357138,683.895030,0.537892,684.016309
668,vehicle1,1097.526000,1097.261000,556.492585,1,ok,28344,23148,1,0.255190,0.006894,0.000326,0.102919,21.287270,9.065755,0.000148,44.443823,16.171631,0.885781,585.544576,0.009689,7.344782,677.501903,684.856700,685.432322,0.575622,685.694406
669,vehicle1,1097.767000,1097.562000,557.567270,1,ok,28160,22957,1,0.295275,0.008000,0.000282,0.104510,25.103582,8.500897,0.000102,46.557972,18.115815,0.730039,591.257600,0.005948,7.729250,690.370517,698.105997,698.602168,0.496171,698.905443
670,vehicle1,1097.965000,1097.760000,558.324369,1,ok,28014,22795,1,0.137510,0.007379,0.000375,0.127293,17.147207,7.271114,0.000135,46.379864,17.641422,1.049206,576.310667,0.003862,7.315668,665.926908,673.246813,673.699290,0.452477,673.844179
671,vehicle1,1098.168000,1097.965000,559.134213,1,ok,27907,22672,1,0.250482,0.006333,0.000128,0.059322,16.747952,8.495807,0.000089,44.786885,17.073059,0.872361,582.981564,0.003820,7.567204,671.017039,678.588191,679.510818,0.922627,679.767633
672,vehicle1,1098.372000,1098.161000,559.939565,1,ok,27835,22619,1,0.120807,0.008055,0.000309,0.085854,19.014015,8.690132,0.000076,48.341717,15.918056,1.037048,588.049564,0.011280,7.589454,681.136462,688.737505,689.312028,0.574523,689.440890
673,vehicle1,1098.558000,1098.365000,560.650670,1,ok,27855,22651,1,0.307965,0.052645,0.000350,0.107245,15.439785,8.891973,0.000079,45.028972,16.643061,0.926264,549.436005,0.015520,7.428986,636.473384,643.918240,644.441093,0.522853,644.801703
674,vehicle1,1098.762000,1098.558000,561.460686,1,ok,27819,22633,1,0.269950,0.013159,0.000153,0.063670,11.322509,6.365486,0.000100,41.300953,17.659219,0.709328,546.275079,0.004099,8.166889,623.696344,631.867485,632.140645,0.273160,632.423754
675,vehicle1,1098.968000,1098.762000,562.287054,1,ok,27795,22609,1,0.284325,0.009409,0.000255,0.088332,12.687625,6.968272,0.000131,45.580884,18.361698,0.948730,596.813504,0.009188,6.187300,681.449176,687.645919,688.074234,0.428315,688.367968
676,vehicle1,1099.168000,1098.961000,563.076212,1,ok,27780,22617,1,0.206001,0.006388,0.000170,0.093076,15.444338,6.754299,0.000188,44.871211,15.288882,0.718926,580.204006,0.003337,7.348240,663.374926,670.726673,671.467596,0.740923,671.679985
677,vehicle1,1099.369000,1099.160000,563.907952,1,ok,27800,22610,1,0.126365,0.008312,0.000344,0.109034,24.019490,7.105796,0.000106,47.770244,18.490175,0.915970,621.070318,0.003747,7.766765,719.481133,727.251989,727.678829,0.426840,727.813506
678,vehicle1,1099.571000,1099.358000,564.671496,1,ok,27797,22519,1,0.131489,0.005361,0.000166,0.100523,19.012691,7.372727,0.000101,46.163047,16.042422,0.966579,595.116507,0.012082,6.790619,684.774597,691.577464,691.948645,0.371181,692.085495
679,vehicle1,1099.771000,1099.563000,565.492166,1,ok,27787,22414,1,0.127157,0.009110,0.000153,0.067453,17.096763,7.867069,0.000134,48.015222,16.752400,0.952738,596.208999,0.003957,7.369984,686.960778,694.334872,694.712915,0.378043,694.849182
680,vehicle1,1099.962000,1099.763000,566.245121,1,ok,27711,22357,1,0.081318,0.005343,0.000315,0.100376,16.392786,7.072349,0.000101,50.141750,19.042030,0.719225,559.839446,0.004370,6.896733,653.308063,660.209481,660.514835,0.305354,660.601496
681,vehicle1,1100.172000,1099.962000,567.073627,1,ok,27630,22358,1,0.212028,0.006711,0.000207,0.095690,18.209757,6.533511,0.000106,43.965925,18.063460,0.961755,597.930160,0.004039,7.688482,685.760364,693.453092,693.872732,0.419640,694.091471
682,vehicle1,1100.365000,1100.166000,567.840157,1,ok,27692,22446,1,0.125784,0.019885,0.000112,0.096641,16.451361,7.837852,0.000132,43.346300,18.770523,0.886272,595.271031,0.004321,6.267408,682.660112,688.931953,690.233796,1.301843,690.379465
683,vehicle1,1100.570000,1100.360000,568.617559,1,ok,27705,22383,1,0.121223,0.008574,0.000325,0.113212,17.290753,8.497945,0.000128,43.766103,17.281639,0.812395,581.598057,0.003470,6.159939,669.360232,675.523966,675.862113,0.338147,675.991910
684,vehicle1,1100.770000,1100.562000,569.404562,1,ok,27711,22382,1,0.271315,0.009349,0.000320,0.094237,13.667683,6.289863,0.000182,44.512470,16.268983,0.804616,582.091419,0.016495,6.829729,663.729453,670.575997,671.031179,0.455182,671.311843
685,vehicle1,1100.971000,1100.762000,570.185409,1,ok,27709,22382,1,0.208984,0.006639,0.000161,0.098611,12.275181,7.762598,0.000086,45.050019,18.229059,0.718752,582.935288,0.005525,6.580806,667.069594,673.656086,674.163697,0.507611,674.379320
686,vehicle1,1101.159000,1100.963000,570.937567,1,ok,27690,22354,1,0.139881,0.009286,0.000219,0.083567,11.440103,7.143147,0.000103,47.816990,14.068614,0.874651,548.635014,0.007320,8.365193,630.062189,638.434921,639.056635,0.621714,639.205802
687,vehicle1,1101.369000,1101.159000,571.754244,1,ok,27593,22269,1,0.222570,1.851195,0.000379,0.075587,13.628970,6.440956,0.000148,44.808124,14.924610,0.793745,580.340287,0.004912,7.795019,661.012427,668.812737,669.501115,0.688378,671.574880
688,vehicle1,1101.569000,1101.360000,572.570047,1,ok,27490,22130,1,0.177833,0.006735,0.000213,0.058813,15.077955,7.887201,0.000179,48.794458,17.018489,0.707809,587.296185,0.003723,6.542869,676.841089,683.387894,684.182199,0.794305,684.366767
689,vehicle1,1101.760000,1101.562000,573.286219,1,ok,27428,22000,1,0.164716,0.005471,0.000222,0.056730,12.404365,6.698618,0.000090,42.242733,13.799626,0.868939,545.485606,0.003259,9.153667,621.556707,630.713855,631.332453,0.618598,631.502640
690,vehicle1,1101.970000,1101.760000,574.142380,1,ok,27333,21887,1,0.194131,0.005629,0.000240,0.093681,12.801606,6.571318,0.000129,45.500350,17.359386,0.918107,574.938303,0.013152,6.287595,658.182880,664.483867,665.157764,0.673897,665.357524
691,vehicle1,1102.164000,1101.963000,574.956511,1,ok,27295,21859,1,0.151012,0.005522,0.000270,0.068890,11.625984,7.522865,0.000219,47.110861,16.907877,0.822282,590.387114,0.009686,10.387296,674.446092,684.843344,685.437289,0.593945,685.593823
692,vehicle1,1102.369000,1102.159000,575.772888,1,ok,27292,21909,1,0.134084,0.014728,0.000393,0.081283,23.161722,6.612148,0.000251,45.871556,17.571071,0.965103,588.200646,0.003775,6.573701,682.463780,689.041649,690.108188,1.066539,690.257000
693,vehicle1,1102.560000,1102.362000,576.537991,1,ok,27273,21977,1,0.162112,0.004587,0.000196,0.078842,13.753318,6.418070,0.000098,42.727795,18.547205,0.754305,562.523412,0.006659,7.791982,644.803045,652.601882,652.913232,0.311350,653.079931
694,vehicle1,1102.760000,1102.560000,577.379504,1,ok,27264,21988,1,0.097590,0.009281,0.000371,0.089311,10.850236,8.228557,0.000128,46.638703,16.642487,0.721704,581.346170,0.004280,6.919422,664.517296,671.441369,671.738330,0.296961,671.845201
695,vehicle1,1102.962000,1102.760000,578.171888,1,ok,27300,22012,1,0.262860,0.011196,0.000268,0.226367,8.833638,7.224217,0.000107,40.914501,16.876846,0.732813,548.577154,0.004942,6.507052,623.385643,629.897905,630.245006,0.347101,630.519062
696,vehicle1,1103.162000,1102.962000,578.977778,1,ok,27207,21908,1,0.269691,0.011015,0.000266,0.099647,8.773709,5.560393,0.000097,44.279857,13.038012,0.725491,524.975920,0.012630,7.361706,597.453126,604.827728,605.149617,0.321889,605.430323
697,vehicle1,1103.374000,1103.162000,579.875261,1,ok,27080,21782,1,0.259628,0.006284,0.000174,0.058384,15.252613,6.662966,0.000215,46.720711,17.862611,0.738203,591.783125,0.004195,7.660291,679.078828,686.743488,687.302848,0.559360,687.568760
698,vehicle1,1103.560000,1103.363000,580.627292,1,ok,27005,21669,1,0.223818,0.008898,0.000327,0.091604,10.177537,9.150229,0.000102,46.637892,16.235137,0.882868,593.538381,0.003792,8.010257,676.713750,684.728126,685.067580,0.339454,685.300296
699,vehicle1,1103.760000,1103.560000,581.435522,1,ok,26968,21606,1,0.134299,0.008932,0.000329,0.082919,17.822885,7.053844,0.000123,46.021913,18.282913,0.781846,563.659792,0.002761,6.906583,653.706235,660.615908,661.059852,0.443944,661.203083
700,vehicle1,1103.961000,1103.760000,582.271745,1,ok,26922,21547,1,0.103674,0.007114,0.000266,0.100238,16.745718,6.975958,0.000133,51.075308,18.814706,0.792048,580.785472,0.005172,6.196742,675.289581,681.491761,681.975762,0.484001,682.086550
701,vehicle1,1104.164000,1103.961000,583.086334,1,ok,26925,21472,1,0.150917,0.006397,0.000264,0.088195,10.696623,7.121654,0.000287,44.048030,16.593913,0.840809,567.168098,0.118877,6.974108,646.557609,653.650858,654.160467,0.509609,654.317781
702,vehicle1,1104.359000,1104.164000,583.898605,1,ok,26861,21380,1,0.116403,0.006120,0.000172,0.094339,11.809437,6.560064,0.000191,42.828024,14.687324,0.873270,547.950601,0.004666,7.489782,624.803250,632.297870,632.944766,0.646896,633.067289
703,vehicle1,1104.562000,1104.359000,584.655644,1,ok,26868,21357,1,0.104694,0.008577,0.000278,0.117539,9.723554,7.084232,0.000192,42.576452,13.327840,0.734785,534.703448,0.004285,6.619757,608.268042,614.892362,615.253613,0.361251,615.366884
704,vehicle1,1104.764000,1104.562000,585.464691,1,ok,26900,21411,1,0.106060,0.007701,0.000313,0.104017,13.539007,6.647522,0.000100,45.097276,18.298802,1.283337,534.443633,0.005618,7.445507,619.413694,626.865132,627.669679,0.804547,627.783440
705,vehicle1,1104.963000,1104.764000,586.281186,1,ok,26970,21466,1,0.194600,0.004821,0.000148,0.063516,13.142581,5.936387,0.000209,42.555314,16.281517,1.915911,545.800799,0.004168,7.267600,625.696234,632.968150,633.454592,0.486442,633.654013
706,vehicle1,1105.163000,1104.963000,587.129324,1,ok,27137,21556,1,0.231948,0.012026,0.000324,0.141365,14.279186,5.894102,0.000106,48.585447,19.641689,0.784508,565.896184,0.003792,8.206032,655.222587,663.432735,663.776155,0.343420,664.020129
707,vehicle1,1105.363000,1105.163000,587.962045,1,ok,27034,21395,1,0.084253,0.007901,0.000234,0.122311,17.124043,7.173104,0.000076,43.702541,14.661976,0.880944,566.426276,0.055916,6.732348,650.091271,656.879769,657.425638,0.545869,657.517792
708,vehicle1,1105.573000,1105.363000,588.791670,1,ok,26846,21229,1,0.101522,0.013024,0.000419,0.084842,13.713029,6.705221,0.000072,45.712796,18.401743,1.119786,588.732684,0.004734,9.190542,674.470173,683.665868,684.155994,0.490126,684.270540
709,vehicle1,1105.764000,1105.564000,589.532389,1,ok,26674,21110,1,0.088995,0.017341,0.000244,0.080616,13.663864,5.886556,0.000031,46.477069,18.220981,0.726694,548.356257,0.012887,8.746975,633.412068,642.172174,642.477323,0.305149,642.583659
710,vehicle1,1105.965000,1105.764000,590.348057,1,ok,26574,20975,1,0.102615,0.004782,0.000198,0.089375,14.498433,5.691367,0.000107,45.788933,14.172867,0.721586,558.448776,0.002849,8.733158,639.411444,648.147649,648.510513,0.362864,648.617910
711,vehicle1,1106.164000,1105.966000,591.145048,1,ok,26500,20884,1,0.133980,0.005605,0.000229,0.097113,13.394568,5.544781,0.000170,42.655740,15.616740,0.949411,542.280034,0.004232,6.157446,620.538557,626.700464,626.980143,0.279679,627.119728
712,vehicle1,1106.360000,1106.164000,591.972640,1,ok,26431,20794,1,0.292226,0.007348,0.000300,0.106480,15.916539,7.876625,0.000158,47.529310,16.443182,0.740283,523.704405,0.003468,6.484296,612.316982,618.805046,619.239155,0.434109,619.538729
713,vehicle1,1106.567000,1106.360000,592.772371,1,ok,26415,20747,1,0.088000,0.009346,0.000470,0.128527,14.582578,7.039844,0.000091,48.910052,18.517471,0.912850,526.182948,0.044298,7.822155,616.274361,624.141284,624.678737,0.537453,624.776083
714,vehicle1,1106.764000,1106.567000,593.596127,1,ok,26409,20693,1,1.119778,0.008809,0.000348,0.107204,16.360878,6.943735,0.000170,46.872384,14.694658,0.696037,539.675816,0.015399,9.372155,625.350882,634.738784,635.161059,0.422275,636.289646
715,vehicle1,1106.964000,1106.764000,594.353257,1,ok,26398,20643,1,0.256460,0.009365,0.000178,0.115720,17.604581,5.255869,0.000086,43.370616,17.536081,0.816979,514.266976,0.003279,6.509164,598.966908,605.479529,605.831648,0.352119,606.097473
716,vehicle1,1107.164000,1106.964000,595.131557,1,ok,26473,20667,1,0.127559,0.008798,0.000230,0.121022,15.912926,5.552314,0.000107,45.484308,15.642681,0.961112,506.872149,0.003906,8.714204,590.546619,599.264959,599.731035,0.466076,599.867392
717,vehicle1,1107.364000,1107.164000,595.989428,1,ok,26571,20736,1,0.109363,0.008448,0.000239,0.166397,22.000069,5.744793,0.000083,48.136805,18.966784,0.845705,549.984290,0.005808,6.650526,645.844926,652.501499,653.183413,0.681914,653.301224
718,vehicle1,1107.559000,1107.362000,596.723612,1,ok,26679,20816,1,0.191691,0.116167,0.000263,0.101434,12.973888,5.870506,0.000128,45.590960,14.284979,0.777372,502.136542,0.003870,8.121997,581.735809,589.861939,590.137932,0.275993,590.445790
719,vehicle1,1107.764000,1107.559000,597.538283,1,ok,26719,20865,1,0.127702,0.008438,0.000230,0.115520,14.156748,11.689194,0.000154,55.406058,16.625001,0.771095,503.572010,0.042969,7.149186,602.335780,609.528165,609.897526,0.369361,610.033666
720,vehicle1,1107.962000,1107.764000,598.354413,1,ok,26712,20875,1,0.138221,0.008255,0.000227,0.171843,20.150697,7.849862,0.000173,48.131496,17.168671,1.027500,518.379247,0.004706,7.670180,612.879489,620.554602,622.343968,1.789366,622.490444
721,vehicle1,1108.163000,1107.963000,599.147790,1,ok,26755,20903,1,0.194353,0.006386,0.000211,0.076035,14.830558,5.237114,0.000227,47.517642,17.400390,0.892156,523.562594,0.004271,6.213580,609.516716,615.734778,616.206228,0.471450,616.406967
722,vehicle1,1108.365000,1108.163000,599.884215,1,ok,26830,20986,1,0.117255,0.014660,0.000339,0.117624,17.747175,6.951168,0.000123,42.885207,17.652442,1.016629,485.633168,0.006405,8.283409,572.003536,580.293689,581.450344,1.156655,581.582259
723,vehicle1,1108.563000,1108.365000,600.669549,1,ok,26978,21084,1,0.239576,0.007168,0.000330,0.109395,14.346221,5.032296,0.000092,42.939603,13.986506,0.731419,495.667617,0.010558,10.650010,572.813149,583.474047,583.963832,0.489785,584.210576
724,vehicle1,1108.762000,1108.565000,601.486635,1,ok,27109,21216,1,0.241844,0.006783,0.000252,0.130376,19.959519,7.101383,0.000092,46.803299,18.678117,0.995199,504.425881,0.004508,7.281863,598.093866,605.380489,605.815893,0.435404,606.064520
725,vehicle1,1108.957000,1108.762000,602.327454,1,ok,27253,21359,1,0.220875,0.007737,0.000248,0.111275,14.169936,5.932589,0.000145,47.303000,18.668329,0.982406,522.898685,0.012580,7.338208,610.066365,617.417401,617.834762,0.417361,618.063374
726,vehicle1,1109.164000,1108.957000,603.117150,1,ok,27345,21460,1,0.124947,0.681458,0.000124,0.099173,15.574107,4.789512,0.000153,45.174671,18.707921,0.885030,532.176310,0.011987,6.224941,617.406877,623.643929,623.997810,0.353881,624.804215
727,vehicle1,1109.364000,1109.164000,603.902406,1,ok,27342,21530,1,0.331427,0.012860,0.000245,0.130170,18.181594,4.708033,0.000113,52.431876,16.441999,0.707577,520.742831,0.004752,6.353736,613.344193,619.702926,620.018809,0.315883,620.363096
728,vehicle1,1109.563000,1109.364000,604.664990,1,ok,27332,21542,1,0.128468,0.010222,0.000213,0.115018,15.819869,5.243238,0.000107,45.912747,17.452345,0.732779,513.474094,0.004682,8.353211,598.750197,607.108303,607.474330,0.366027,607.613020
729,vehicle1,1109.763000,1109.563000,605.415920,1,ok,27426,21578,1,0.336095,0.008390,0.000241,0.115951,28.595297,6.667285,0.000146,54.405580,18.806644,0.911047,482.760172,0.004080,8.075585,592.262122,600.342028,600.889081,0.547053,601.233566
730,vehicle1,1109.961000,1109.763000,606.220146,1,ok,27551,21623,1,0.274783,0.007956,0.000303,0.121057,20.087390,6.678263,0.000133,43.636133,15.042961,0.999454,532.517544,0.063828,8.825801,619.082935,627.972867,628.629609,0.656742,628.912348
731,vehicle1,1110.164000,1109.961000,607.015906,1,ok,27708,21695,1,0.082984,0.007435,0.000165,0.132574,17.747156,5.940836,0.000162,43.370513,17.840302,0.722631,538.564550,0.004941,6.584532,624.318724,630.908362,631.303739,0.395377,631.394158
732,vehicle1,1110.364000,1110.160000,607.749473,1,ok,27749,21827,1,0.367068,0.008337,0.000276,0.119055,21.509868,6.345805,0.000283,47.506203,18.934533,0.717644,493.339141,0.003534,7.941706,588.472532,596.418048,596.712233,0.294185,597.087638
733,vehicle1,1110.561000,1110.364000,608.542483,1,ok,27751,21925,1,0.109221,0.025448,0.000376,0.081094,18.556786,4.665546,0.000103,43.826110,15.932073,0.729716,528.888400,0.004795,7.865681,612.679828,620.550680,620.864315,0.313635,620.998984
734,vehicle1,1110.765000,1110.561000,609.285923,1,ok,27756,21981,1,0.137695,0.006126,0.000216,0.083079,18.375837,4.606889,0.000077,44.054094,17.173781,0.821799,515.227014,0.003812,6.862308,600.342570,607.208906,607.725947,0.517041,607.869768
735,vehicle1,1110.966000,1110.765000,610.037909,1,ok,27835,22099,1,0.252797,0.006073,0.000163,0.077170,21.674330,4.593993,0.000180,43.872270,16.132314,0.779891,516.134971,0.013392,6.827324,603.265119,610.105998,610.394909,0.288911,610.653779
736,vehicle1,1111.159000,1110.966000,610.789140,1,ok,27744,22111,1,0.122209,0.006953,0.000222,0.078997,17.477594,4.779350,0.000090,42.284024,17.780260,0.719655,504.076784,0.004973,7.794012,587.196754,594.995961,595.324927,0.328966,595.454089
737,vehicle1,1111.364000,1111.160000,611.572558,1,ok,27632,22054,1,0.126119,0.005647,0.000271,0.098079,17.967548,5.243665,0.000103,48.805760,14.891265,0.780926,513.036427,0.003211,7.100182,600.823773,607.927437,608.341220,0.413783,608.472986
738,vehicle1,1111.561000,1111.366000,612.306327,1,ok,27571,22025,1,0.219709,0.021435,0.000257,0.106387,15.496635,4.448236,0.000144,42.370589,16.140869,0.885807,489.227268,0.004983,6.189996,568.675935,574.871171,575.548432,0.677261,575.789576
739,vehicle1,1111.760000,1111.563000,613.095278,1,ok,27507,21971,1,0.144498,0.010080,0.000223,0.164710,19.455320,9.801934,0.000101,40.150741,19.888619,0.717439,477.785998,0.004897,7.558797,567.964862,575.528779,575.862893,0.334114,576.017471
740,vehicle1,1111.963000,1111.760000,613.847811,1,ok,27589,22053,1,0.120832,0.007637,0.000309,0.107553,15.627405,4.836866,0.000118,44.988833,19.003949,0.747216,487.440780,0.004471,6.608273,572.752720,579.365773,579.644917,0.279144,579.773386
741,vehicle1,1112.165000,1111.963000,614.632937,1,ok,27754,22099,1,0.139123,0.005721,0.000407,0.113219,18.791813,3.891414,0.000096,43.231929,17.946092,0.881796,488.407509,0.013596,6.314319,573.263868,579.592190,579.893460,0.301270,580.038304
742,vehicle1,1112.362000,1112.165000,615.389996,1,ok,27899,22160,1,0.270305,0.012354,0.000213,0.154739,19.457403,5.614814,0.000097,41.740761,17.314786,0.952312,474.066243,0.005601,7.092227,559.301155,566.399196,566.761315,0.362119,567.043974
743,vehicle1,1112.564000,1112.362000,616.124126,1,ok,27819,22180,1,0.277701,0.008859,0.000198,0.123744,18.965991,4.430392,0.000243,42.992745,18.683828,0.712142,476.476245,0.012028,6.609396,562.385330,569.006952,569.308586,0.301634,569.595146
744,vehicle1,1112.762000,1112.564000,616.917184,1,ok,27620,22162,1,0.278056,0.007631,0.000235,0.121539,25.732634,7.835908,0.000137,44.512514,16.463886,0.779141,488.688804,0.003791,7.056053,584.134563,591.194642,591.613087,0.418445,591.898774
745,vehicle1,1112.963000,1112.762000,617.632304,1,ok,27429,21988,1,0.098960,0.006070,0.000383,0.130294,13.507841,5.913049,0.000160,47.653871,15.784243,0.865815,441.763445,0.003833,7.985094,525.618718,533.608028,534.185820,0.577792,534.290850
746,vehicle1,1113.155000,1112.963000,618.376734,1,ok,27229,21817,1,0.140787,0.005411,0.000279,0.075829,12.190082,6.414165,0.000118,43.531704,14.722206,0.706214,423.099714,0.024637,9.978070,500.740032,510.743018,511.300606,0.557588,511.446804
747,vehicle1,1113.353000,1113.160000,619.147976,1,ok,27154,21717,1,0.290152,0.006045,0.000113,0.075434,12.537337,4.903395,0.000118,38.165191,16.255890,0.779624,439.941576,0.011852,7.384840,512.658565,520.055370,520.336892,0.281522,520.633089
748,vehicle1,1113.561000,1113.362000,619.961143,1,ok,27040,21513,1,0.187487,0.006039,0.000208,0.137996,19.626592,4.984042,0.000196,42.985996,16.305455,0.708858,459.880851,0.004535,8.050264,544.629986,552.684993,553.076575,0.391582,553.270101
749,vehicle1,1113.754000,1113.563000,620.724147,1,ok,27011,21370,1,0.226986,0.005505,0.000227,0.084264,16.042881,9.861544,0.000208,40.773650,16.804713,0.722144,461.833142,0.005065,6.928272,546.122546,553.056110,553.521617,0.465507,553.754108
750,vehicle1,1113.956000,1113.754000,621.512534,1,ok,27081,21248,1,0.185187,0.008456,0.000271,0.108378,17.211437,4.075156,0.000094,41.178105,17.956260,0.755752,467.780086,0.013232,7.194531,549.065268,556.273302,556.610896,0.337594,556.804539
751,vehicle1,1114.162000,1113.960000,622.322688,1,ok,27196,21139,1,0.139299,0.007182,0.000142,0.118069,18.865527,5.765843,0.000247,43.458137,15.773166,0.908404,461.016749,0.003929,8.588362,545.906142,554.498575,554.990565,0.491990,555.137046
752,vehicle1,1114.373000,1114.162000,623.071369,1,ok,27262,21056,1,0.122495,0.009172,0.000291,0.124429,16.709555,5.536658,0.000119,40.244639,16.764271,0.789097,479.456948,0.109926,7.999124,559.625716,567.735057,568.116467,0.381410,568.248134
753,vehicle1,1114.560000,1114.373000,623.846923,1,ok,27278,21005,1,0.119662,0.006928,0.000147,0.097844,12.275037,4.061742,0.000087,45.985961,19.100462,0.834146,476.985811,0.003841,6.728476,559.341090,566.073554,566.487998,0.414444,566.614588
754,vehicle1,1114.761000,1114.560000,624.600279,1,ok,27314,21005,1,0.095878,0.006510,0.000278,0.090774,18.940178,5.622016,0.000237,37.816399,14.527393,0.780050,468.591437,0.011209,8.109074,546.368484,554.489045,555.192861,0.703816,555.295249
755,vehicle1,1114.963000,1114.761000,625.399989,1,ok,27423,21058,1,0.204657,0.009558,0.000186,0.130493,20.729164,5.762977,0.000075,45.723734,16.585975,2.013043,501.053576,0.004436,6.790774,591.999037,598.794433,599.289990,0.495557,599.504205
756,vehicle1,1115.162000,1114.963000,626.170221,1,ok,27764,20905,1,0.243586,0.005337,0.000271,0.079118,21.022844,5.436767,0.000149,41.538571,21.887219,0.922050,489.161185,0.029592,8.954568,580.047903,589.032334,589.581273,0.548939,589.830196
757,vehicle1,1115.362000,1115.162000,626.877437,1,ok,28120,20691,1,0.137545,0.005673,0.000166,0.127898,21.527003,4.959836,0.000110,41.577409,16.044267,0.703878,463.600702,0.012929,10.422461,548.541103,558.976659,559.664163,0.687504,559.807381
758,vehicle1,1115.562000,1115.362000,627.635323,1,ok,28414,20632,1,0.239080,0.005083,0.000190,0.089486,20.141857,4.456005,0.000128,39.943408,13.746172,0.953171,466.733126,0.012601,6.581136,546.063353,552.657280,552.912882,0.255602,553.157045
759,vehicle1,1115.768000,1115.562000,628.393381,1,ok,28613,20805,1,0.120325,0.010979,0.000432,0.204471,18.384576,5.417984,0.000165,44.667881,18.009429,0.793765,456.422166,0.005071,6.585542,543.900437,550.491482,550.902817,0.411335,551.034121
760,vehicle1,1115.963000,1115.768000,629.188224,1,ok,28844,21015,1,0.104992,0.004395,0.000133,0.074914,16.633481,7.817128,0.000187,40.496624,17.631830,0.942320,455.754025,0.003487,7.626317,539.350509,546.980446,547.586689,0.606243,547.696076
761,vehicle1,1116.163000,1115.963000,629.918972,1,ok,29061,21228,1,0.107746,0.005005,0.000194,0.091807,11.718144,4.575832,0.000085,41.094746,19.284005,0.819866,449.432182,0.007277,9.285220,527.016667,536.309358,536.648187,0.338829,536.760938
762,vehicle1,1116.357000,1116.163000,630.639781,1,ok,29261,21462,1,0.277413,0.008125,0.000159,0.145362,18.253668,7.485774,0.000266,41.958163,15.342771,0.725451,441.262796,0.003133,9.016381,525.174251,534.193924,534.694891,0.500967,534.980429
763,vehicle1,1116.562000,1116.357000,631.425731,1,ok,29413,21612,1,0.149680,0.005930,0.000167,0.089900,14.223424,4.600267,0.000115,42.703097,19.965241,0.898116,466.195278,0.013345,6.746731,548.675438,555.435681,556.508503,1.072822,556.664113
764,vehicle1,1116.762000,1116.562000,632.170445,1,ok,29515,21709,1,0.242129,0.004854,0.000144,0.073858,18.050379,5.307673,0.000180,41.059393,16.727846,0.733176,460.663570,0.003725,6.261715,542.616075,548.881659,549.210739,0.329080,549.457722
765,vehicle1,1116.965000,1116.763000,632.980076,1,ok,29613,21779,1,0.229213,0.006615,0.000145,0.110110,13.100981,4.908940,0.000101,43.453956,15.571719,1.007756,486.504009,0.005368,7.083317,564.657572,571.746402,572.334729,0.588327,572.570557
766,vehicle1,1117.156000,1116.965000,633.702186,1,ok,29701,21904,1,0.277453,0.008571,0.000189,0.147191,14.041428,4.090839,0.000074,39.373457,16.413438,0.854688,469.360171,0.005069,7.448963,544.281286,551.735507,552.521669,0.786162,552.807693
767,vehicle1,1117.364000,1117.156000,634.510847,1,ok,29865,22160,1,0.143697,0.006090,0.000216,0.131958,28.075494,9.738955,0.000172,44.304377,19.144491,0.902710,486.995051,0.003963,8.007522,589.293208,597.304909,597.648115,0.343206,597.797902
768,vehicle1,1117.558000,1117.364000,635.235551,1,ok,29868,22237,1,0.264173,0.007562,0.000254,0.128015,16.574563,6.454729,0.000130,38.219915,16.653505,0.716438,479.684511,0.003142,6.145120,558.431806,564.580322,564.894006,0.313684,565.165741
769,vehicle1,1117.763000,1117.558000,635.998739,1,ok,29879,22362,1,0.290369,0.006972,0.000244,0.121765,18.360574,4.622008,0.000083,46.875933,16.555169,0.707048,474.975457,0.013989,8.174520,562.218037,570.406790,570.761727,0.354937,571.059068
770,vehicle1,1117.959000,1117.763000,636.749238,1,ok,29779,22365,1,0.121734,0.006473,0.000251,0.124953,15.647976,4.647309,0.000103,40.241927,16.280927,0.773879,480.641857,0.003598,8.146642,558.358931,566.509422,566.806227,0.296805,566.934434
771,vehicle1,1118.159000,1117.959000,637.507066,1,ok,29820,22477,1,0.154460,0.009044,0.000283,0.131218,13.347974,4.830767,0.000190,43.459948,17.027467,0.950054,479.547154,0.005739,8.235758,559.294772,567.536552,567.980792,0.444240,568.144296
772,vehicle1,1118.363000,1118.159000,638.266625,1,ok,29756,22493,1,0.119417,0.009128,0.000483,0.151698,20.998589,5.705576,0.000101,41.034723,17.306556,0.873101,484.760427,0.010848,7.109867,570.830771,577.951969,578.639440,0.687471,578.767985
773,vehicle1,1118.564000,1118.364000,638.975397,1,ok,29632,22446,1,0.093835,0.006640,0.000313,0.126287,18.878362,5.716164,0.000162,42.394040,16.904859,0.890662,471.196548,0.004837,7.301228,556.107084,563.413462,563.788905,0.375443,563.889380
774,vehicle1,1118.763000,1118.564000,639.728003,1,ok,29636,22497,1,0.111642,0.006747,0.000207,0.146415,21.888148,5.102282,0.000104,48.784868,23.049738,1.082201,469.742399,0.013294,6.856007,569.796155,576.665663,577.043122,0.377459,577.161511
775,vehicle1,1118.962000,1118.763000,640.478942,1,ok,29582,22516,1,0.116792,0.007363,0.000282,0.127739,18.320888,6.074473,0.000090,47.430593,15.527183,0.702095,474.898442,0.003608,7.878166,563.081503,570.963559,571.395807,0.432248,571.519962
776,vehicle1,1119.156000,1118.962000,641.229430,1,ok,29263,22501,1,0.253605,0.007125,0.000144,0.092609,15.935326,5.769050,0.000105,41.041044,16.852488,0.805507,462.656168,0.004299,7.739491,543.152297,550.896231,551.553742,0.657511,551.814472
777,vehicle1,1119.360000,1119.156000,641.967892,1,ok,28841,22247,1,0.122246,0.007854,0.000195,0.091157,16.513349,4.782400,0.000196,38.772205,15.373032,0.702697,466.910318,0.003934,6.476562,543.145354,549.626045,550.029698,0.403653,550.159798
778,vehicle1,1119.562000,1119.360000,642.679113,1,ok,28508,22025,1,0.233795,0.008293,0.000266,0.117809,18.112993,4.910800,0.000088,40.362513,16.747740,0.945358,449.461480,0.003339,7.402901,530.658781,538.065287,538.388610,0.323323,538.630698
779,vehicle1,1119.754000,1119.562000,643.423704,1,ok,28164,21765,1,0.285609,0.009008,0.000273,0.100222,10.236086,4.432234,0.000106,39.742312,15.896536,0.745572,432.623251,0.004367,6.305915,503.776319,510.086874,510.420977,0.334103,510.715594
780,vehicle1,1119.965000,1119.760000,644.224945,1,ok,27876,21529,1,0.239003,0.006717,0.000235,0.110375,22.493096,5.852255,0.000106,44.646977,21.964243,0.751124,438.052762,0.013472,8.975700,533.870938,542.860345,543.288201,0.427856,543.533921
781,vehicle1,1120.155000,1119.965000,644.936712,1,ok,27580,21286,1,0.142135,0.011696,0.000197,0.098309,13.442404,3.883187,0.000111,35.603230,13.517293,0.725006,420.872325,0.010722,7.218597,488.141865,495.371381,495.857769,0.486388,496.011600
782,vehicle1,1120.355000,1120.160000,645.692796,1,ok,27332,21060,1,0.115831,0.006116,0.000237,0.095604,20.805362,4.089915,0.000110,36.074062,12.755289,0.773384,412.884365,0.011065,8.356656,487.478091,495.846049,496.322105,0.476056,496.444052
783,vehicle1,1120.556000,1120.365000,646.415797,1,ok,27032,20781,1,0.261422,0.007200,0.000170,0.096690,13.074139,3.620381,0.000172,34.617836,14.046531,0.720019,411.446284,0.012480,8.093672,477.622052,485.728374,486.396043,0.667669,486.664665
784,vehicle1,1120.756000,1120.563000,647.153744,1,ok,26651,20485,1,0.140807,0.007103,0.000157,0.080047,12.465296,4.309879,0.000414,38.027073,14.808685,0.736775,401.325029,0.012807,8.644410,471.753198,480.410572,480.852167,0.441595,481.000077
785,vehicle1,1120.957000,1120.765000,647.904110,1,ok,26200,20169,1,0.239976,0.006732,0.000240,0.095410,13.820565,3.234877,0.000084,33.223514,16.307909,0.950811,416.411098,0.004148,7.002703,484.044268,491.051359,491.319232,0.267873,491.565940
786,vehicle1,1121.158000,1120.966000,648.613564,1,ok,25783,19898,1,0.214849,0.006587,0.000281,0.089432,15.040983,4.808082,0.000127,33.761748,13.164157,0.698543,372.428754,0.015644,6.347938,439.991826,446.355689,446.641306,0.285617,446.862742
787,vehicle1,1121.355000,1121.167000,649.360648,1,ok,25464,19598,1,0.222030,0.008252,0.000151,0.093607,16.154946,4.836183,0.000114,37.840440,14.384184,0.962036,366.349778,0.003447,6.951794,440.621288,447.576680,447.918954,0.342274,448.149236
788,vehicle1,1121.542000,1121.362000,650.052242,1,ok,25206,19335,1,0.134625,0.016348,0.000269,0.096092,9.538374,3.658011,0.000079,31.889413,12.782169,1.099108,354.918227,0.003525,7.520947,413.981473,421.506214,422.310055,0.803841,422.461028
789,vehicle1,1121.721000,1121.562000,650.769500,1,ok,25011,19201,1,0.265543,0.006915,0.000387,0.080908,10.832182,3.572154,0.000103,34.096593,14.307459,0.726844,323.757254,0.003785,7.744857,387.373497,395.122526,395.550843,0.428317,395.823301
790,vehicle1,1121.948000,1121.761000,651.516447,1,ok,24866,19069,1,0.110884,0.023357,0.000256,0.090294,8.675188,3.104693,0.000243,35.359328,15.863972,0.730452,341.038796,0.011595,10.560331,404.862966,415.435148,415.774646,0.339498,415.908887
791,vehicle1,1122.118000,1121.959000,652.254611,1,ok,24845,19040,1,0.096852,0.019208,0.000343,0.097996,10.846091,3.273237,0.000139,32.140195,12.573447,0.731230,329.997448,0.003545,8.093153,389.659783,397.756824,398.021167,0.264343,398.137227
792,vehicle1,1122.331000,1122.161000,653.005026,1,ok,24861,19013,1,0.166639,0.009446,0.000299,0.098050,9.482596,5.073324,0.000203,32.023162,14.175671,0.769945,328.736265,0.019965,8.683448,390.359216,399.062928,399.984566,0.921638,400.160651
793,vehicle1,1122.555000,1122.363000,653.770090,1,ok,24947,19086,1,0.241829,0.007330,0.000189,0.078689,12.788875,5.222342,0.000099,42.418682,12.383087,0.694331,344.540465,0.005119,8.478653,418.126570,426.610531,426.999640,0.389109,427.248799
794,vehicle1,1122.749000,1122.562000,654.490288,1,ok,25047,19183,1,0.216694,0.383285,0.000171,0.091185,10.024804,4.964821,0.000210,34.988054,12.758874,0.750463,346.253670,0.003733,7.739104,409.832081,417.575089,417.997682,0.422593,418.597661
795,vehicle1,1122.954000,1122.764000,655.232418,1,ok,25193,19252,1,0.229800,0.007963,0.000261,0.078302,10.476211,4.848273,0.000078,33.462261,14.496354,1.144736,361.608258,0.009204,10.274745,426.114473,436.398683,437.150388,0.751705,437.388151
796,vehicle1,1123.150000,1122.964000,655.978777,1,ok,25453,19178,1,0.098040,0.005915,0.000237,0.082982,14.144554,5.616256,0.000136,46.677956,15.343208,0.698733,358.670699,0.004578,7.702769,441.234524,448.942108,449.220576,0.278468,449.324531
797,vehicle1,1123.355000,1123.160000,656.697756,1,ok,25906,19227,1,0.095771,0.005193,0.000231,0.058425,14.887427,5.691456,0.000442,35.179945,13.928534,0.689621,355.460813,0.029075,7.293243,425.896663,433.219212,433.715025,0.495813,433.815989
798,vehicle1,1123.554000,1123.360000,657.470967,1,ok,26524,19636,1,0.130704,0.008609,0.000181,0.085218,12.475355,5.256733,0.000030,45.220790,13.103472,0.706563,377.863435,0.012494,8.751217,454.711596,463.475488,463.899511,0.424023,464.038824
799,vehicle1,1123.754000,1123.561000,658.174263,1,ok,26996,20139,1,0.114438,0.007850,0.000230,0.096825,22.528266,4.780714,0.000095,38.521448,14.701442,0.791200,376.422158,0.003865,6.291302,457.842148,464.137545,464.457404,0.319859,464.579692
800,vehicle1,1123.955000,1123.766000,658.935302,1,ok,27294,20375,1,0.193716,0.007876,0.000377,0.097133,12.649937,6.006951,0.000122,35.142926,14.551832,0.911431,409.328395,0.005757,11.003485,478.688727,489.698346,490.227954,0.529608,490.429546
801,vehicle1,1124.156000,1123.963000,659.625395,1,ok,27491,20492,1,0.238264,0.006791,0.000270,0.096548,11.620084,5.250095,0.000088,34.906157,14.384997,0.709805,375.972355,0.004659,8.906314,442.940129,451.851372,452.276741,0.425369,452.521796
802,vehicle1,1124.354000,1124.165000,660.373346,1,ok,27677,20669,1,0.154895,0.007565,0.000228,0.085113,14.027018,5.045612,0.000173,39.258034,14.791475,0.845089,390.264185,0.012632,6.180894,464.316699,470.510453,471.093189,0.582736,471.255649
803,vehicle1,1124.555000,1124.361000,661.095637,1,ok,27843,20840,1,0.103423,0.004909,0.000163,0.058175,11.261941,3.997425,0.000087,37.144008,13.492549,0.732960,396.523168,0.004099,8.489917,463.210313,471.704492,472.037620,0.333128,472.145952
804,vehicle1,1124.747000,1124.562000,661.784413,1,ok,28112,20986,1,0.127084,0.009160,0.000321,0.121434,11.394942,5.253168,0.000167,39.779012,15.873631,0.778555,363.213923,0.003039,8.585729,436.414832,445.003921,445.470479,0.466558,445.606723
805,vehicle1,1124.957000,1124.765000,662.558700,1,ok,28400,21084,1,0.097723,0.004963,0.000319,0.068943,15.199736,4.788621,0.000086,38.683318,18.404236,0.974970,377.587080,0.005712,9.315301,455.706990,465.028322,465.538458,0.510136,465.641144
806,vehicle1,1125.154000,1124.965000,663.305032,1,ok,28729,21281,1,0.122937,0.005662,0.005674,0.094706,14.689205,4.726965,0.000139,38.181711,15.221847,0.811445,381.357530,0.003015,6.692512,455.083548,461.784749,462.286387,0.501638,462.414986
807,vehicle1,1125.354000,1125.162000,664.040174,1,ok,29019,21490,1,0.222591,0.007914,0.000156,0.100469,19.885683,4.892541,0.000250,37.157596,16.865469,0.729901,386.051749,0.024527,7.500223,465.683658,473.208564,473.487913,0.279349,473.718418
808,vehicle1,1125.554000,1125.363000,664.760690,1,ok,29223,21662,1,0.319535,0.009298,0.000269,0.104979,10.615293,5.153902,0.000263,36.835068,17.527037,0.759287,376.247526,0.004376,7.577862,447.243355,454.825862,455.351696,0.525834,455.680529
809,vehicle1,1125.754000,1125.562000,665.497331,1,ok,29410,21814,1,0.303297,0.008725,0.000166,0.099525,11.022670,4.641707,0.000093,39.679000,16.216372,0.877567,385.230183,0.004517,6.578031,457.767117,464.349831,464.997165,0.647334,465.309187
810,vehicle1,1125.954000,1125.761000,666.213793,1,ok,29657,22027,1,0.298907,0.009393,0.000134,0.094273,10.785157,4.373798,0.000109,41.701820,16.306476,0.848294,395.311696,0.004164,9.185555,469.421623,478.611476,478.965722,0.354246,479.274022
811,vehicle1,1126.155000,1125.961000,666.956971,1,ok,29800,22276,1,0.284314,0.007355,0.000200,0.106529,15.945440,6.578889,0.000113,43.059835,15.681366,0.799976,403.881285,0.003664,7.438659,486.053433,493.495956,493.953657,0.457701,494.245326
812,vehicle1,1126.354000,1126.162000,667.686291,1,ok,29810,22478,1,0.135309,0.011122,0.000305,0.193671,12.439483,4.796535,0.000164,39.102305,15.250449,0.718003,400.350542,0.033196,7.403102,472.851152,480.287755,480.727251,0.439496,480.873682
813,vehicle1,1126.555000,1126.362000,668.407566,1,ok,29702,22597,1,0.196680,0.004792,0.000244,0.065452,12.866144,5.140054,0.000091,36.440876,13.083451,0.710846,413.255445,0.011136,8.627683,481.562359,490.201422,490.872312,0.670890,491.073784
814,vehicle1,1126.755000,1126.567000,669.132882,1,ok,29649,22594,1,0.147501,0.007903,0.000458,0.112559,14.883057,5.717657,0.000080,39.384604,13.470285,0.800529,408.392264,0.006311,7.182841,482.761035,489.950645,490.405565,0.454920,490.560969
815,vehicle1,1126.954000,1126.763000,669.859886,1,ok,29695,22614,1,0.267895,0.005194,0.000319,0.064525,11.497495,4.833626,0.000109,37.624795,16.694740,0.716430,407.226762,0.004902,6.590849,478.658482,485.254552,485.513374,0.258822,485.786463
816,vehicle1,1127.157000,1126.962000,670.612446,1,ok,29651,22600,1,0.295929,0.008255,0.000214,0.107890,19.051877,5.070451,0.000088,43.563642,17.935069,0.729222,413.300058,0.064861,8.208559,499.758297,508.031931,508.543346,0.511415,508.847530
817,vehicle1,1127.355000,1127.161000,671.357445,1,ok,29603,22580,1,0.349759,0.011342,0.000282,0.107393,20.532246,5.868815,0.000131,43.500226,14.684652,0.893687,414.159721,0.015715,7.372521,499.746871,507.135389,507.650286,0.514897,508.011387
818,vehicle1,1127.562000,1127.364000,672.092007,1,ok,29553,22520,1,0.277931,0.007067,0.000302,0.093857,13.107885,5.491444,0.000211,53.260194,15.604793,0.768785,409.427167,0.032474,7.573411,497.754336,505.360523,505.904383,0.543860,506.189381
819,vehicle1,1127.753000,1127.563000,672.797574,1,ok,29561,22502,1,0.105984,0.005029,0.000170,0.082382,12.108233,6.832723,0.000094,41.704017,14.536321,0.927383,404.273902,0.003539,7.135441,480.465055,487.604205,487.929056,0.324851,488.040069
820,vehicle1,1127.958000,1127.761000,673.509445,1,ok,29483,22478,1,0.247819,0.006448,0.000278,0.110437,12.227600,4.942295,0.000088,38.762636,14.804204,0.782574,405.014671,0.004877,7.155173,476.644505,483.804833,484.104619,0.299786,484.358886
821,vehicle1,1128.158000,1127.967000,674.243248,1,ok,29341,22334,1,0.121768,0.006242,0.000244,0.090555,11.073274,5.883508,0.000101,39.856112,15.140844,0.751017,399.160694,0.003688,6.650337,471.956105,478.610374,478.913618,0.303244,479.041628
822,vehicle1,1128.355000,1128.166000,674.955525,1,ok,29370,22305,1,0.149000,0.006911,0.000250,0.134015,13.382419,7.195328,0.000089,47.649886,20.454238,1.107320,392.539139,0.003937,8.136927,482.462434,490.603548,491.064030,0.460482,491.219941
823,vehicle1,1128.554000,1128.366000,675.632140,1,ok,29311,22265,1,0.333801,0.010375,0.000201,0.117772,13.817541,4.958774,0.000085,39.897704,13.961692,0.695845,386.706116,0.013704,6.254585,460.155529,466.424019,466.738095,0.314076,467.082271
824,vehicle1,1128.764000,1128.559000,676.392803,1,ok,29213,22220,1,0.151413,0.007374,0.000306,0.110392,19.053260,5.521652,0.000149,48.789308,17.216304,0.866814,407.704210,0.011127,6.784716,499.262089,506.058238,506.352451,0.294213,506.511238
825,vehicle1,1128.957000,1128.764000,677.068625,1,ok,29037,22139,1,0.153904,0.008474,0.000231,0.134436,16.371188,8.332561,0.000163,55.920008,21.737013,1.062160,401.783439,0.005957,8.794313,505.340968,514.141469,515.139525,0.998056,515.301903
826,vehicle1,1129.164000,1128.967000,677.757642,1,ok,28962,21998,1,0.246219,0.357421,0.000341,0.125232,15.159831,6.419060,0.000094,43.863177,15.638519,2.161960,390.431145,0.003402,7.064192,473.799018,480.866953,481.241246,0.374293,481.844886
827,vehicle1,1129.362000,1129.164000,678.444723,1,ok,28922,21877,1,0.137484,0.010068,0.000192,0.130409,18.598006,9.184959,0.000205,44.181304,15.564568,0.763804,404.712820,0.002965,8.273326,493.136075,501.412558,501.772322,0.359764,501.919874
828,vehicle1,1129.565000,1129.362000,679.168052,1,ok,28769,21744,1,0.261223,0.008354,0.000171,0.110595,22.140283,9.033844,0.000106,60.721743,23.776406,1.142224,407.148092,0.055080,8.386461,524.073293,532.515005,533.275239,0.760234,533.544816
829,vehicle1,1129.758000,1129.565000,679.812020,1,ok,28672,21673,1,0.155700,0.007905,0.000311,0.126875,16.391785,5.768159,0.000086,43.302447,20.417504,1.004822,382.022375,0.011103,7.906242,469.034053,476.951709,478.131431,1.179722,478.295036
830,vehicle1,1129.955000,1129.767000,680.509164,1,ok,28705,21650,1,0.152073,0.006278,0.000143,0.095934,13.833736,6.577542,0.000106,40.468329,14.455726,0.888821,380.991854,0.003550,7.786922,457.312048,465.102663,465.776677,0.674014,465.935028
831,vehicle1,1130.158000,1129.963000,681.223836,1,ok,28648,21548,1,0.148633,0.006544,0.000193,0.109695,10.326285,5.076858,0.000119,42.554208,14.246967,0.888799,378.432960,0.006855,8.990181,451.635891,460.633120,461.112293,0.479173,461.267470
832,vehicle1,1130.357000,1130.167000,681.918782,1,ok,28616,21534,1,0.374693,0.016220,0.000263,0.114233,15.748692,5.827384,0.000116,40.327564,16.620650,0.836731,376.346308,0.004974,8.043762,455.821678,463.870677,464.443310,0.572633,464.834223
833,vehicle1,1130.556000,1130.365000,682.589472,1,ok,28569,21487,1,0.143905,0.012558,0.000261,0.104319,10.212494,5.291909,0.000082,40.696219,12.436085,0.825489,387.635845,0.003608,6.953235,457.202442,464.159546,464.516245,0.356699,464.672708
834,vehicle1,1130.758000,1130.566000,683.292102,1,ok,28514,21430,1,0.143415,0.008009,0.000345,0.123044,9.445061,5.701600,0.000122,36.545206,12.819485,0.825265,375.948510,0.029466,8.924482,441.408293,450.362586,451.105987,0.743401,451.257411
835,vehicle1,1130.957000,1130.767000,684.018143,1,ok,28504,21422,1,0.239103,0.007108,0.000151,0.102875,7.526376,5.013546,0.000086,35.676592,11.586094,0.833378,388.984540,0.003510,7.627309,449.723487,457.354457,457.617184,0.262727,457.863395
836,vehicle1,1131.156000,1130.965000,684.720770,1,ok,28493,21404,1,0.224418,0.005815,0.000216,0.070031,8.216345,5.770353,0.000123,41.362734,15.814072,0.745094,377.636059,0.003804,7.516937,449.614811,457.135768,457.412703,0.276935,457.642936
837,vehicle1,1131.358000,1131.163000,685.430329,1,ok,28491,21411,1,0.133500,0.006577,0.000189,0.087779,11.637221,4.857956,0.000151,45.176648,15.184577,0.736696,389.341122,0.004322,7.939170,467.022150,474.965831,475.319992,0.354161,475.460069
838,vehicle1,1131.556000,1131.366000,686.136135,1,ok,28468,21365,1,0.147720,0.006536,0.000304,0.101343,8.985953,4.930389,0.000208,37.102043,14.016435,0.702425,391.014605,0.002768,7.503681,456.853401,464.360154,464.923150,0.562996,465.077406
839,vehicle1,1131.756000,1131.564000,686.860148,1,ok,28494,21392,1,0.101943,0.006794,0.000256,0.108642,11.072721,7.204860,0.000127,45.469533,20.135202,0.791014,398.651043,0.008170,7.131558,483.433142,490.573126,491.202335,0.629209,491.311072
840,vehicle1,1131.961000,1131.766000,687.573201,1,ok,28502,21389,1,0.255320,0.005245,0.000138,0.082175,8.479173,6.660713,0.000102,35.162578,16.921049,0.794184,412.885928,0.024894,8.420248,480.985902,489.431182,489.767915,0.336733,490.028480
841,vehicle1,1132.166000,1131.973000,688.325133,1,ok,28514,21412,1,0.136600,0.006123,0.000190,0.105748,14.334627,7.145166,0.000117,45.725211,14.553165,0.768280,395.369671,0.003141,7.987862,478.001985,485.993178,486.343350,0.350172,486.486073
842,vehicle1,1132.356000,1132.166000,689.039901,1,ok,28516,21415,1,0.428903,0.008445,0.000274,0.118192,10.819489,4.843303,0.000071,34.369612,10.268886,0.856675,416.164198,0.003743,6.189965,477.440426,483.634408,483.947394,0.312986,484.384742
843,vehicle1,1132.565000,1132.363000,689.776959,1,ok,28507,21443,1,0.102551,0.007655,0.000247,0.126558,13.732582,8.218156,0.000097,46.383449,14.551521,0.863099,412.233519,0.003569,8.990824,496.108981,505.103621,505.653794,0.550173,505.764000
844,vehicle1,1132.761000,1132.565000,690.458231,1,ok,28530,21480,1,0.117198,0.009931,0.000414,0.139667,8.534489,4.809739,0.000029,38.572486,15.177523,0.966468,412.022875,0.003257,8.077530,480.223276,488.304477,488.720727,0.416250,488.847856
845,vehicle1,1132.957000,1132.761000,691.146230,1,ok,28550,21485,1,0.119554,0.006464,0.000167,0.097879,7.875155,7.767129,0.000093,38.117761,14.690036,0.931154,410.368964,0.013281,6.251650,479.848171,486.113269,486.622891,0.509622,486.748909
846,vehicle1,1133.156000,1132.964000,691.853152,1,ok,28547,21480,1,0.262925,2.089686,0.000368,0.087056,9.831550,11.802141,0.000090,40.060034,14.457495,0.769498,399.225182,0.003545,7.436724,476.233046,483.673683,484.047526,0.373843,486.400137
847,vehicle1,1133.357000,1133.160000,692.561688,1,ok,28522,21443,1,0.147556,0.009956,0.000128,0.097007,7.890028,5.414774,0.000083,35.741432,12.720814,0.910381,394.719022,0.004364,6.608445,457.493541,464.106478,464.519699,0.413221,464.677211
848,vehicle1,1133.558000,1133.367000,693.281716,1,ok,28500,21427,1,0.274361,0.006689,0.000160,0.099379,9.650655,5.363978,0.000217,31.416240,12.999094,0.914350,394.052811,0.011302,9.867828,454.496724,464.376014,464.911433,0.535419,465.192483
849,vehicle1,1133.766000,1133.568000,694.084341,1,ok,28518,21446,1,0.131729,0.007736,0.000299,0.124774,7.948690,5.215764,0.000110,36.784861,11.900364,0.867963,404.368527,0.003495,8.937799,467.211053,476.152646,476.588003,0.435357,476.727468
850,vehicle1,1133.954000,1133.766000,694.702724,1,ok,28459,21387,1,0.223536,0.004947,0.000336,0.092730,6.765870,4.614123,0.000087,29.861018,10.794366,0.868076,364.810023,0.010088,7.334694,417.806293,425.151411,425.790623,0.639212,426.019106
851,vehicle1,1134.159000,1133.967000,695.488021,1,ok,28397,21385,1,0.249355,0.007370,0.000150,0.248750,8.994092,6.419008,0.000097,39.574181,13.996696,0.740998,405.187475,0.013614,7.265951,475.161297,482.441012,482.727079,0.286067,482.983804
852,vehicle1,1134.355000,1134.168000,696.221295,1,ok,28415,21385,1,0.113022,0.009735,0.000266,0.128036,9.789339,5.631214,0.000162,33.817194,13.430046,0.873245,378.083423,0.014109,8.845181,441.752659,450.612215,451.128102,0.515887,451.250859
853,vehicle1,1134.553000,1134.362000,696.938146,1,ok,28315,21307,1,0.216591,0.005570,0.000179,0.109994,14.598914,6.950965,0.000275,40.829934,17.605794,0.740412,406.647039,0.003485,6.641644,487.483327,494.128635,494.384609,0.255974,494.606770
854,vehicle1,1134.758000,1134.562000,697.665238,1,ok,28232,21234,1,0.152718,0.005503,0.000414,0.068144,13.673019,6.270009,0.000101,44.583939,14.575089,0.862298,401.834763,0.003395,8.349277,481.867362,490.220448,490.670172,0.449724,490.828393
855,vehicle1,1134.960000,1134.765000,698.367162,1,ok,28096,21145,1,0.133020,0.005789,0.000136,0.094012,15.022491,6.348147,0.000131,45.898659,16.931500,1.056927,397.627841,0.008988,10.619864,482.979708,493.608696,494.367747,0.759051,494.506556
856,vehicle1,1135.161000,1134.965000,699.068410,1,ok,27949,21072,1,0.118800,0.007323,0.000722,0.101580,14.436190,5.045779,0.000142,40.268705,13.509729,0.945757,402.268753,0.010174,10.960822,476.576635,487.548353,488.164023,0.615670,488.290146
857,vehicle1,1135.358000,1135.164000,699.768334,1,ok,27770,20963,1,0.184186,0.006016,0.000171,0.096405,13.156525,5.575488,0.000151,44.734643,14.744771,0.953110,403.813296,0.107967,11.193743,483.074389,494.376270,494.831689,0.455419,495.021891
858,vehicle1,1135.559000,1135.365000,700.441553,1,ok,27574,20890,1,0.115619,0.011868,0.000364,0.097269,11.000101,6.191264,0.000081,42.869556,12.904034,0.719692,378.996847,0.003077,8.224973,452.778844,461.007258,461.308736,0.301478,461.436223
859,vehicle1,1135.758000,1135.567000,701.167491,1,ok,27388,20706,1,0.121389,0.014575,0.000268,0.116039,10.608131,5.781156,0.000127,43.413093,14.775501,0.895828,400.283179,0.004585,6.478292,475.873054,482.356199,482.831163,0.474964,482.967127
860,vehicle1,1135.958000,1135.766000,701.914742,1,ok,27242,20554,1,0.158235,0.008243,0.000249,0.118327,8.711079,4.877920,0.000098,37.293777,15.461176,1.021820,435.653069,0.009570,6.764014,503.137266,509.911099,510.213309,0.302210,510.379787
861,vehicle1,1136.158000,1135.963000,702.615945,1,ok,27114,20397,1,0.245595,0.007014,0.000328,0.109912,9.642267,5.753435,0.000095,35.504757,13.840001,0.826043,386.259545,0.003285,6.210861,451.936055,458.150529,458.587004,0.436475,458.839613
862,vehicle1,1136.357000,1136.166000,703.311017,1,ok,26940,20123,1,0.247549,0.008630,0.000196,0.122595,8.761890,5.571034,0.000113,39.615156,12.585479,0.886472,370.722960,0.003367,6.256995,438.265699,444.526257,445.124980,0.598723,445.381159
863,vehicle1,1136.559000,1136.362000,704.047024,1,ok,26714,19916,1,0.129758,0.020683,0.000132,0.114747,12.397696,6.825654,0.000072,35.697468,11.724058,0.884127,376.107648,0.047186,6.669530,443.751470,450.468318,451.242001,0.773683,451.392442
864,vehicle1,1136.757000,1136.566000,704.762062,1,ok,26488,19722,1,0.226333,0.008003,0.000190,0.063800,9.245579,5.205088,0.000150,41.610832,13.695721,0.878871,381.684659,0.003829,7.300293,452.384700,459.689012,460.402802,0.713790,460.637138
865,vehicle1,1136.958000,1136.764000,705.502973,1,ok,26352,19619,1,0.111557,0.005120,0.000183,0.080142,10.057254,6.953632,0.000099,42.252593,14.025992,0.888014,360.630013,0.011731,8.021256,434.887739,442.920909,443.333862,0.412953,443.450539
866,vehicle1,1137.149000,1136.966000,706.192595,1,ok,26173,19510,1,0.323048,0.006855,0.000285,0.119624,10.357747,5.154577,0.000084,35.931708,11.242423,0.706434,322.717825,0.033781,7.911307,386.230422,394.175795,394.605630,0.429835,394.935533
867,vehicle1,1137.338000,1137.170000,706.974187,1,ok,26014,19412,1,0.118634,0.007288,0.000172,0.106216,6.342285,11.540879,0.000121,34.833045,11.338427,0.708820,328.114555,0.002813,8.010498,392.984348,400.997831,401.298030,0.300199,401.423952
868,vehicle1,1137.527000,1137.367000,707.676339,1,ok,25796,19201,1,0.102227,0.010046,0.000348,0.107232,8.553661,5.580753,0.000098,35.098262,10.471010,0.722243,319.554380,0.003108,11.802945,380.087639,391.894040,392.403823,0.509783,392.516096
869,vehicle1,1137.716000,1137.566000,708.393647,1,ok,25604,18994,1,0.113908,0.007421,0.000250,0.117395,13.552523,5.573658,0.000093,32.633881,10.607171,0.761963,310.835265,0.018326,10.917226,374.081949,385.017751,385.451922,0.434171,385.573251
870,vehicle1,1137.944000,1137.765000,709.167766,1,ok,25398,18763,1,0.202130,0.005935,0.000300,0.085908,8.471258,5.502977,0.000130,43.551350,12.517694,0.713223,342.893318,0.017405,11.032877,413.735858,424.786440,425.035138,0.248698,425.243203
871,vehicle1,1138.133000,1137.967000,709.896105,1,ok,25198,18565,1,0.128566,0.008230,0.000270,0.113799,7.987576,6.143904,0.000109,32.924954,12.583055,1.031816,328.280988,0.006895,8.529581,389.066201,397.602947,398.104339,0.501392,398.241135
872,vehicle1,1138.340000,1138.165000,710.618777,1,ok,24993,18373,1,0.132862,0.019777,0.000106,0.095691,10.748114,7.465553,0.000132,50.558200,11.548359,0.818888,309.661501,0.002906,7.976251,390.896438,398.875701,399.177423,0.301722,399.330062
873,vehicle1,1138.511000,1138.366000,711.312995,1,ok,24659,18019,1,0.113998,0.005382,0.000179,0.069631,8.977209,5.799933,0.000157,37.436158,11.065282,0.716905,311.331996,0.003962,7.969091,375.397271,383.370503,383.687982,0.317479,383.807362
874,vehicle1,1138.707000,1138.565000,712.070780,1,ok,24254,17638,1,0.109634,3.405977,0.000508,0.113661,11.703633,8.368875,0.000090,41.214535,12.216997,0.787991,308.401275,0.007671,9.164450,382.807057,391.979686,392.434042,0.454356,395.949653
875,vehicle1,1138.896000,1138.766000,712.820035,1,ok,23943,17310,1,0.216493,0.006578,0.000178,0.095907,22.075455,6.633487,0.000251,34.687648,11.141185,0.697480,290.874452,0.034599,8.339227,366.205865,374.579869,375.087302,0.507433,375.310373
876,vehicle1,1139.120000,1138.967000,713.549062,1,ok,23650,17008,1,0.081060,0.004562,0.000150,0.075892,13.170164,5.937298,0.000125,41.462496,12.566177,0.784923,281.386536,0.004577,6.516979,355.383611,361.905317,362.353516,0.448199,362.439138
877,vehicle1,1139.293000,1139.163000,714.279777,1,ok,23336,16709,1,0.236553,0.027510,0.000293,0.083569,14.190530,6.819708,0.000115,34.876122,10.678094,0.902110,279.573201,0.004280,8.168326,347.123449,355.296348,356.040347,0.743999,356.304410
878,vehicle1,1139.494000,1139.368000,715.035341,1,ok,22954,16332,1,0.095454,0.011298,0.000280,0.106614,8.738371,7.663582,0.000088,32.197235,10.504356,0.702514,281.813568,0.009790,7.770751,341.726328,349.507149,350.056480,0.549331,350.163232
879,vehicle1,1139.678000,1139.567000,715.733934,1,ok,22715,16046,1,0.181254,0.007124,0.000176,0.093424,7.731602,9.098339,0.000158,41.648789,9.949332,0.834075,253.229663,0.003292,9.533773,322.585382,332.122623,332.610476,0.487853,332.798854
880,vehicle1,1139.897000,1139.769000,716.465196,1,ok,22538,15828,1,0.128545,0.010299,0.000191,0.094774,8.527724,8.954356,0.000130,36.313516,9.768432,0.873021,276.777995,0.018085,7.497179,341.309948,348.825403,349.416743,0.591340,349.555587
881,vehicle1,1140.075000,1139.970000,717.170337,1,ok,22430,15634,1,0.202363,0.006493,0.000228,0.080969,5.640899,6.358744,0.000090,31.382522,9.298871,0.929678,229.346274,0.004179,6.668636,283.038047,289.711090,289.971881,0.260791,290.180737
882,vehicle1,1140.275000,1140.163000,717.904714,1,ok,22402,15489,1,0.123163,0.006995,0.000158,0.080871,6.511781,7.006998,0.000144,32.846851,9.927294,0.886259,254.775910,0.004746,7.995473,312.036108,320.036485,320.407545,0.371060,320.537703
883,vehicle1,1140.476000,1140.366000,718.610058,1,ok,22446,15393,1,0.084120,0.007308,0.000221,0.092260,7.799477,9.078700,0.000077,33.897440,10.561985,0.929955,264.745419,0.004742,6.448198,327.105313,333.558474,333.832108,0.273634,333.923536
884,vehicle1,1140.691000,1140.568000,719.391518,1,ok,22494,15387,1,0.128802,0.010541,0.000353,0.113664,12.117866,6.435192,0.000080,35.182198,9.406784,0.960254,266.288341,0.003905,7.645997,330.504379,338.154634,338.664971,0.510337,338.804314
885,vehicle1,1140.872000,1140.766000,720.113686,1,ok,22564,15534,1,0.416432,0.044261,0.000297,0.086570,9.388657,8.395586,0.000183,36.443430,11.107463,0.941156,261.767870,0.010853,6.698389,328.130915,334.840454,335.379307,0.538853,335.840000
886,vehicle1,1141.077000,1140.965000,720.856263,1,ok,22757,15810,1,0.089872,0.006691,0.000257,0.063507,8.862604,9.126327,0.000101,40.526839,10.015505,0.707360,248.805822,0.011392,6.912196,318.108065,325.031910,325.261579,0.229669,325.358142
887,vehicle1,1141.272000,1141.164000,721.639405,1,ok,23029,16069,1,0.215717,0.008362,0.000244,0.101381,15.072175,9.280600,0.000136,40.890868,14.311376,0.815307,261.123802,0.017006,6.150318,341.595645,347.763213,348.302782,0.539569,348.526861
888,vehicle1,1141.496000,1141.366000,722.372670,1,ok,23272,16309,1,0.083911,0.012148,0.000214,0.083563,12.113243,7.502583,0.000074,35.343542,11.397315,0.888092,272.999198,0.002899,8.019354,340.327610,348.350077,349.121110,0.771033,349.217169
889,vehicle1,1141.677000,1141.566000,723.093155,1,ok,23519,16537,1,0.101424,0.011776,0.000232,0.090367,12.762449,10.068341,0.000098,39.515698,10.136701,0.729616,271.480978,0.004146,6.556940,344.784248,351.345566,351.616247,0.270681,351.729447
890,vehicle1,1141.872000,1141.767000,723.796507,1,ok,23768,16834,1,0.296937,0.007840,0.000224,0.096462,7.931245,6.572267,0.000202,32.538600,10.058568,0.868429,240.709549,0.003519,8.229398,298.775322,307.008463,307.577845,0.569382,307.882622
891,vehicle1,1142.074000,1141.964000,724.561014,1,ok,24027,17097,1,0.207912,0.007786,0.000226,0.099443,9.562210,6.550368,0.000119,34.875779,11.095931,0.885578,236.180392,0.004383,6.715644,299.249820,305.970073,306.310302,0.340229,306.526000
892,vehicle1,1142.273000,1142.164000,725.358536,1,ok,24299,17349,1,0.221996,0.006967,0.000398,0.079483,12.332214,7.425600,0.000164,41.673140,13.839224,0.844244,268.160223,0.050171,7.936907,344.354292,352.341768,352.818633,0.476865,353.047596
893,vehicle1,1142.477000,1142.365000,726.083406,1,ok,24563,17576,1,0.246879,0.006221,0.000246,0.110030,8.489000,6.850458,0.000098,32.297773,8.874638,0.716584,268.596029,0.003837,8.280312,325.934610,334.219005,334.661971,0.442966,334.915071
894,vehicle1,1142.675000,1142.562000,726.854178,1,ok,24878,17876,1,0.198467,0.007418,0.000195,0.107872,14.890125,8.094941,0.000134,43.745558,16.076847,1.617976,252.337238,0.003999,6.601546,336.870691,343.476431,344.234967,0.758536,344.440852
895,vehicle1,1142.948000,1142.768000,727.678226,1,ok,25169,18229,1,0.128399,0.007286,0.000262,0.105392,10.292713,8.818645,0.000103,47.500365,14.298465,0.950959,288.638285,0.003233,6.517378,370.604927,377.125800,377.473542,0.347742,377.609227
896,vehicle1,1143.102000,1142.964000,728.368535,1,ok,25462,18558,1,0.218932,0.063450,0.000225,0.116900,13.002548,5.333410,0.000111,36.634714,10.923681,0.735732,288.847376,0.002508,9.317403,355.594472,364.914608,365.209641,0.295033,365.492023
897,vehicle1,1143.322000,1143.160000,729.103340,1,ok,25657,18851,1,0.274871,0.009351,0.000461,0.111286,16.067318,7.797858,0.000122,39.048784,14.807208,0.996207,291.725157,0.023592,6.955733,370.553940,377.533726,378.024099,0.490373,378.308321
898,vehicle1,1143.498000,1143.366000,729.805676,1,ok,25764,19016,1,0.089437,0.007157,0.000270,0.104695,11.158967,6.490086,0.000128,35.407418,12.228476,0.707942,287.593090,0.003639,8.875313,353.690802,362.570024,362.815825,0.245801,362.912419
899,vehicle1,1143.675000,1143.567000,730.550020,1,ok,25824,19221,1,0.281926,0.016140,0.000363,0.105119,16.624550,6.492262,0.000107,36.205623,11.476865,0.780068,280.046352,0.004247,6.566166,351.730946,358.301722,358.882211,0.580489,359.180277
900,vehicle1,1143.933000,1143.764000,731.333212,1,ok,25977,19438,1,0.140911,0.007196,0.000194,0.118340,13.880368,5.740937,0.000098,39.361392,14.499803,0.721656,315.471518,0.015221,7.629961,389.794112,397.439488,398.421838,0.982350,398.569945
901,vehicle1,1144.121000,1143.980000,732.072568,1,ok,26157,19698,1,0.297212,0.010416,0.000146,0.092858,10.627476,5.203691,0.000076,37.471619,12.271578,0.697734,294.448953,0.003348,7.675332,360.813985,368.492811,368.787970,0.295159,369.095598
902,vehicle1,1144.322000,1144.186000,732.820231,1,ok,26323,19900,1,0.243244,0.006021,0.000164,0.101368,11.405983,6.450985,0.000077,37.271827,13.699422,0.814650,286.403786,0.012172,8.570116,356.148098,364.730550,365.984131,1.253581,366.233396
903,vehicle1,1144.541000,1144.383000,733.558059,1,ok,26487,20058,1,0.123143,0.012417,0.000227,0.106494,10.522528,4.740806,0.000099,38.787825,12.960792,0.888501,295.645834,0.012942,7.363963,363.652879,371.030011,371.573835,0.543824,371.709395
904,vehicle1,1144.733000,1144.585000,734.321937,1,ok,26677,20275,1,0.241507,0.007054,0.000303,0.128653,17.172027,5.937245,0.000121,49.338933,15.134086,0.874621,303.524457,0.003229,8.351104,392.110143,400.464779,400.817343,0.352564,401.065904
905,vehicle1,1144.974000,1144.784000,735.077710,1,ok,26841,20524,1,0.135499,0.005813,0.000339,0.079209,12.899896,5.598129,0.000174,47.221187,15.095995,0.887556,317.699487,0.018300,9.343632,399.481633,408.843904,409.438355,0.594451,409.579667
906,vehicle1,1145.143000,1144.982000,735.752055,1,ok,26967,20701,1,0.102084,0.005567,0.000201,0.139085,8.558919,6.575858,0.000077,37.596967,14.863491,1.016068,303.147256,0.002645,7.402681,371.897721,379.303248,380.147164,0.843916,380.254815
907,vehicle1,1145.317000,1145.183000,736.494318,1,ok,27059,20826,1,0.157671,0.007853,0.000215,0.110063,14.764568,8.494981,0.000148,40.337494,12.769157,0.742236,287.065761,0.003567,9.363698,364.284408,373.651888,374.458423,0.806535,374.623947
908,vehicle1,1145.510000,1145.383000,737.197421,1,ok,27209,21028,1,0.137751,0.006507,0.000274,0.115442,11.769515,5.886528,0.000129,36.201666,13.840488,0.714237,275.440583,0.021681,6.886643,343.968588,350.877186,351.167997,0.290811,351.312255
909,vehicle1,1145.772000,1145.583000,737.943292,1,ok,27330,21208,1,0.132943,0.008173,0.000182,0.101127,11.661965,4.699807,0.000179,41.802319,15.075991,0.766253,294.834745,0.038358,6.357554,368.942386,375.338480,375.761102,0.422622,375.902218
910,vehicle1,1145.992000,1145.880000,738.928263,1,ok,27500,21374,1,0.205862,0.005074,0.000189,0.070330,9.924346,6.427812,0.000201,37.856333,14.561171,0.829576,268.370427,0.004574,7.193956,338.040196,345.238915,345.593251,0.354336,345.804187
911,vehicle1,1146.220000,1146.082000,739.693155,1,ok,27564,21458,1,0.264507,0.007779,0.000295,0.113685,16.052559,6.834143,0.000136,50.911891,17.663351,0.731252,277.439164,0.004636,8.197411,369.746181,377.948523,378.494753,0.546230,378.767039
912,vehicle1,1146.405000,1146.284000,740.393378,1,ok,27527,21428,1,0.090346,0.008063,0.000233,0.122648,8.145578,4.841749,0.000169,35.843648,14.391933,0.728612,280.416982,0.004093,8.366831,344.491319,352.862476,353.235785,0.373309,353.334194
913,vehicle1,1146.601000,1146.479000,741.121367,1,ok,27366,21284,1,0.236032,0.007092,0.000186,0.112325,7.862333,5.335044,0.000136,36.701642,16.286859,0.912874,282.517086,0.006599,7.351558,349.728299,357.086642,357.600272,0.513630,357.843396
914,vehicle1,1146.820000,1146.682000,741.884272,1,ok,27140,21080,1,0.169648,0.007396,0.000320,0.095039,7.744098,4.753680,0.000152,41.646532,16.938311,0.958161,291.497652,0.036730,8.577322,363.633625,372.247997,372.796667,0.548670,372.973711
915,vehicle1,1146.999000,1146.885000,742.606852,1,ok,27045,20981,1,0.122689,0.008860,0.000203,0.115736,10.360637,4.596014,0.000095,39.829643,14.153830,0.716737,279.266733,0.004701,7.682537,349.039425,356.726866,356.994491,0.267625,357.126040
916,vehicle1,1147.304000,1147.180000,743.608377,1,ok,26828,20771,1,0.202928,0.010237,0.000204,0.094642,9.027781,5.543997,0.000091,35.209517,10.735484,0.751899,280.151236,0.005217,6.823227,341.514647,348.343295,348.647595,0.304300,348.860760
917,vehicle1,1147.676000,1147.484000,744.639301,1,ok,26660,20654,1,0.226942,0.005026,0.000424,0.107942,8.179381,4.968456,0.000137,41.402325,9.944014,0.693470,284.943355,0.009283,8.826042,350.239080,359.074829,359.525575,0.450746,359.757543
918,vehicle1,1148.009000,1147.880000,745.996840,1,ok,26371,20429,1,0.070851,0.009707,0.000427,0.125061,15.188103,5.010272,0.000106,43.864691,18.646533,0.965959,278.790925,0.025643,10.436693,362.591650,373.054413,373.630077,0.575664,373.710635
919,vehicle1,1148.207000,1148.080000,746.740105,1,ok,26001,20066,1,0.104448,0.005058,0.000213,0.064962,12.759593,6.226750,0.000083,44.513624,14.648040,0.914023,273.292127,0.003168,7.404969,352.419202,359.827552,360.287376,0.459824,360.396882
920,vehicle1,1148.409000,1148.280000,747.457787,1,ok,25849,19934,1,0.211971,0.004816,0.000130,0.069900,9.770522,5.138781,0.000321,41.092751,17.863363,0.931030,266.836060,0.003034,6.953391,341.702728,348.659283,349.093992,0.434709,349.310779
921,vehicle1,1148.619000,1148.479000,748.206744,1,ok,25902,19990,1,0.091781,0.005334,0.000182,0.064457,11.264120,5.380767,0.000096,39.282279,16.923396,0.928099,270.878009,0.002485,8.535143,344.721223,353.259033,353.581693,0.322660,353.678808
922,vehicle1,1148.795000,1148.681000,748.935735,1,ok,25922,20034,1,0.118051,0.004904,0.000247,0.062979,8.343939,5.208083,0.000162,34.142716,13.108903,0.762770,262.833667,0.003771,6.735621,324.463219,331.202858,331.472232,0.269374,331.595187
923,vehicle1,1149.075000,1148.886000,749.702482,1,ok,25994,20044,1,0.216514,0.007069,0.000269,0.094703,14.121554,4.372840,0.000132,43.721608,17.154120,0.806290,277.843721,0.014334,7.632981,358.114968,365.762552,366.180557,0.418005,366.404140
924,vehicle1,1149.315000,1149.182000,750.744144,1,ok,25952,19982,1,0.229632,0.009872,0.000181,0.103449,17.208148,5.092444,0.000179,40.980598,15.471071,0.724870,274.927551,0.004385,8.643387,354.508310,363.156263,363.446191,0.289928,363.685695
925,vehicle1,1149.504000,1149.382000,751.462252,1,ok,25935,19924,1,0.216298,0.007423,0.000207,0.102907,13.428705,4.549271,0.000122,39.950907,13.590620,0.876378,264.134480,0.003834,8.547682,336.633390,345.185113,345.809269,0.624156,346.032990
926,vehicle1,1149.693000,1149.585000,752.175622,1,ok,26052,19984,1,0.176366,0.012801,0.000364,0.129153,13.126139,4.755674,0.000115,35.959911,14.503125,0.809504,264.927021,0.003406,6.222190,334.210642,340.436602,341.034335,0.597733,341.223502
927,vehicle1,1149.923000,1149.779000,752.956844,1,ok,25959,19876,1,0.221848,0.006983,0.000120,0.115386,9.934864,4.746870,0.000090,39.357691,13.647490,0.956074,283.894897,0.004408,6.551427,352.653362,359.209317,359.709552,0.500235,359.938383
928,vehicle1,1150.175000,1149.986000,753.699735,1,ok,25968,19781,1,0.188015,0.006544,0.000211,0.105574,10.639074,6.684487,0.000091,34.436184,13.526323,0.872013,287.513701,0.047877,8.433136,353.777447,362.258671,363.011654,0.752983,363.206213
929,vehicle1,1150.407000,1150.283000,754.695735,1,ok,26074,19358,1,0.102392,0.004582,0.000300,0.064496,6.770487,4.164108,0.000163,44.184889,14.531068,0.708242,276.424885,0.004337,9.147712,346.848338,356.000687,356.241732,0.241045,356.348706
930,vehicle1,1150.590000,1150.484000,755.408584,1,ok,26221,19259,1,0.172497,0.008132,0.000264,0.089917,7.896281,4.695194,0.000096,36.325470,15.472041,0.832015,272.443927,0.003606,6.436254,337.754941,344.195065,344.767090,0.572025,344.947719
931,vehicle1,1150.797000,1150.682000,756.181663,1,ok,26178,19058,1,0.123200,0.008190,0.000267,0.105961,19.617321,4.539767,0.000094,45.577925,18.483834,0.865846,272.369525,0.008291,7.067575,361.560273,368.636406,369.048073,0.411667,369.179463
932,vehicle1,1151.035000,1150.883000,756.973249,1,ok,26432,19138,1,0.124420,0.007222,0.000238,0.117132,25.644222,6.164383,0.000155,55.600879,17.227151,1.037401,291.464942,0.006051,7.029571,397.256265,404.292125,405.330622,1.038497,405.462264
933,vehicle1,1151.190000,1151.081000,757.663181,1,ok,26630,19148,1,0.222372,0.005388,0.000118,0.060566,8.471205,4.950168,0.000212,37.852477,15.408281,0.874980,277.917960,0.018199,8.250376,345.535849,353.804542,354.166659,0.362117,354.394419
934,vehicle1,1151.427000,1151.282000,758.476081,1,ok,26599,19030,1,0.304715,3.469256,0.000388,0.099441,9.379721,4.165095,0.000072,37.593550,16.145459,0.875158,298.674294,0.004739,7.515637,366.932790,374.453554,374.844011,0.390457,378.617982
935,vehicle1,1151.678000,1151.486000,759.224246,1,ok,26563,18974,1,0.093935,0.008388,0.000329,0.101848,7.067551,4.357610,0.000094,35.968728,14.013744,0.870548,317.126828,0.004189,7.567547,379.506951,387.079016,387.415282,0.336266,387.517605
936,vehicle1,1152.076000,1151.886000,760.570230,1,ok,26640,18914,1,0.247272,0.008965,0.000299,0.097262,11.439406,4.583293,0.000146,39.936480,15.104384,0.987512,338.722873,0.026224,6.960427,410.871356,417.858306,418.665822,0.807516,418.922059
937,vehicle1,1152.341000,1152.182000,761.614297,1,ok,26882,18934,1,0.426567,0.011271,0.000250,0.098299,10.604237,4.109530,0.000190,34.242877,11.895581,0.926807,340.885092,0.022768,8.000352,402.762613,410.785983,411.558386,0.772403,411.996224
938,vehicle1,1152.545000,1152.383000,762.362497,1,ok,27121,19067,1,0.140812,0.008420,0.000227,0.118110,7.390090,5.724610,0.000111,31.725388,13.124443,0.973889,334.139444,0.019049,7.959044,393.196085,401.174405,401.812881,0.638476,401.962113
939,vehicle1,1152.751000,1152.583000,763.113573,1,ok,27257,19159,1,0.121306,0.008623,0.000294,0.123613,7.706196,3.905536,0.000153,34.608173,12.260843,0.985492,334.364107,0.005378,8.588358,393.954113,402.548143,403.173791,0.625648,403.303720
940,vehicle1,1152.973000,1152.783000,763.868784,1,ok,27412,19327,1,0.211422,0.005462,0.000133,0.067173,6.762962,3.746549,0.000241,34.266321,16.168324,0.717675,352.351550,0.003940,7.348946,414.080795,421.433814,421.720657,0.286843,421.937541
941,vehicle1,1153.159000,1152.984000,764.611170,1,ok,27440,19361,1,0.248220,0.007026,0.000293,0.115282,9.917524,5.815965,0.000100,36.432595,10.471990,0.694582,342.719801,0.003890,6.701506,406.167839,412.873528,413.166025,0.292497,413.421271
942,vehicle1,1153.340000,1153.186000,765.330170,1,ok,27362,19257,1,0.120113,0.007549,0.000226,0.147309,7.087021,4.357156,0.000091,33.245903,11.002673,0.816072,323.465897,0.072679,11.714130,380.122122,391.909157,392.377369,0.468212,392.505031
943,vehicle1,1153.559000,1153.382000,766.073548,1,ok,27193,19160,1,0.212493,0.008860,0.000169,0.111715,11.612356,4.428649,0.000178,31.944118,12.954867,0.692051,333.603008,0.002782,8.402193,395.346942,403.752086,404.123966,0.371880,404.345319
944,vehicle1,1153.776000,1153.587000,766.811167,1,ok,27102,19040,1,0.152211,0.010392,0.000160,0.098321,10.927415,4.493926,0.000084,33.860573,14.512623,0.809348,357.626759,0.003314,6.472500,422.329049,428.805023,429.170142,0.365119,429.332745
945,vehicle1,1154.161000,1153.982000,768.176124,1,ok,26865,18797,1,0.137692,0.018200,0.000115,0.100800,8.889236,4.175186,0.000276,34.557687,16.049477,0.945544,335.131794,0.003385,6.612069,399.850000,406.465569,407.228079,0.762510,407.383971
946,vehicle1,1154.345000,1154.184000,768.885413,1,ok,26541,18552,1,0.137529,0.004574,0.000180,0.060306,10.511258,5.214279,0.000128,38.965850,13.995375,0.860251,311.656694,0.147823,7.984477,381.264141,389.396621,390.115673,0.719052,390.257776
947,vehicle1,1154.553000,1154.384000,769.631663,1,ok,26184,18345,1,0.106957,0.007789,0.000344,0.088626,8.755125,4.737627,0.000148,40.010648,12.396184,0.718628,326.931550,0.003532,8.340707,393.638536,401.983119,402.304300,0.321181,402.419046
948,vehicle1,1154.779000,1154.584000,770.422877,1,ok,25783,18124,1,0.103485,0.012632,0.000220,0.085660,11.010386,4.956661,0.000082,38.013761,13.973143,0.868799,353.972404,0.005435,6.983425,422.880896,429.869976,430.442027,0.572051,430.558144
949,vehicle1,1155.059000,1154.884000,771.389794,1,ok,25411,17858,1,0.129983,0.013776,0.000362,0.109216,10.154501,4.320531,0.000099,34.138632,14.768063,0.725500,350.068366,0.003936,6.584220,414.284908,420.873426,421.253897,0.380471,421.397656
950,vehicle1,1155.273000,1155.084000,772.167769,1,ok,25053,17787,1,0.081870,0.009244,0.000323,0.058040,10.316851,5.258536,0.000125,37.153766,12.255447,0.969732,379.480191,0.021367,7.802259,445.492688,453.316637,455.154397,1.837760,455.245511
951,vehicle1,1155.477000,1155.285000,772.905860,1,ok,24752,17769,1,0.077697,0.011133,0.000429,0.105666,11.068417,5.124220,0.000122,38.959710,14.854481,0.701799,363.644371,0.054197,7.171854,434.458786,441.685266,442.087979,0.402713,442.176809
952,vehicle1,1155.629000,1155.484000,773.620148,1,ok,24732,17867,1,0.210671,0.006878,0.000403,0.096799,11.315662,4.749374,0.000192,36.462277,13.347722,0.709334,345.623886,0.004205,7.879441,412.305246,420.189295,420.661792,0.472497,420.879341
953,vehicle1,1155.842000,1155.683000,774.442266,1,ok,24787,18027,1,0.123836,0.005161,0.000166,0.073278,8.734870,4.495853,0.000113,33.463594,15.941943,0.921580,365.589432,0.003573,10.651475,429.220663,439.875877,440.347032,0.471155,440.476029
954,vehicle1,1156.057000,1155.884000,775.222987,1,ok,24866,18217,1,0.209741,0.007194,0.000230,0.091507,6.983909,5.227411,0.000177,34.896360,12.188885,1.921338,354.466731,0.006232,6.870186,415.776318,422.652966,423.218320,0.565354,423.435255
955,vehicle1,1156.379000,1156.186000,776.318215,1,ok,24877,18296,1,0.237145,0.010652,0.000128,0.089805,10.933531,6.067585,0.000074,36.253274,10.881253,0.690363,399.979197,0.004317,7.203584,464.895082,472.103111,472.394800,0.291689,472.642597
956,vehicle1,1156.551000,1156.387000,777.022998,1,ok,24880,18483,1,0.186964,0.005912,0.000311,0.067398,9.901547,5.361804,0.000280,33.509411,15.048642,0.926460,364.997755,0.045781,9.303078,429.813297,439.162467,439.645553,0.483086,439.838429
957,vehicle1,1156.885000,1156.691000,778.146821,1,ok,24820,18608,1,0.134307,0.006802,0.000421,0.084753,9.045328,5.732997,0.000092,37.755090,11.439793,0.870186,394.976795,0.004031,7.988705,459.905034,467.898191,468.527497,0.629306,468.668606
958,vehicle1,1157.181000,1156.988000,779.234425,1,ok,24596,18418,1,0.111922,0.007285,0.000300,0.095364,13.173326,5.594865,0.000083,33.880899,10.951152,0.865558,413.729795,0.004831,6.235376,478.291042,484.531549,485.078069,0.546520,485.197276
959,vehicle1,1157.386000,1157.194000,779.990315,1,ok,24347,18240,1,0.124923,0.008423,0.000489,0.085236,13.587344,5.216544,0.000150,34.388344,13.438029,0.947900,391.955463,0.003781,6.643059,459.619010,466.266339,466.861171,0.594832,466.994517
960,vehicle1,1157.679000,1157.486000,781.008742,1,ok,23969,17980,1,0.086540,0.004941,0.000349,0.056983,11.320532,5.007122,0.000083,34.032666,12.410184,0.696941,417.963575,0.015319,7.704032,481.488086,489.207786,489.497318,0.289532,489.588799
961,vehicle1,1157.879000,1157.686000,781.804439,1,ok,23645,17830,1,0.082463,0.006662,0.000308,0.099421,11.020541,4.872507,0.000081,35.617201,13.448563,0.735146,440.272034,0.004886,6.617711,506.065494,512.688399,513.235993,0.547594,513.325118
962,vehicle1,1158.077000,1157.883000,782.585906,1,ok,23435,17770,1,0.073839,0.014219,0.000287,0.062627,10.132001,8.223290,0.000186,37.824719,11.242459,0.957954,422.039780,0.009616,8.945918,490.483016,499.438837,499.890872,0.452035,499.978930
963,vehicle1,1158.278000,1158.085000,783.385410,1,ok,23135,17691,1,0.083789,0.005376,0.000300,0.056260,10.143149,4.347689,0.000216,36.396815,13.609183,0.702142,438.801264,0.012093,10.315298,504.056718,514.384409,514.628592,0.244183,514.717757
964,vehicle1,1158.478000,1158.286000,784.218520,1,ok,22739,17692,1,0.090054,0.006607,0.000341,0.084418,12.895679,6.325365,0.000174,38.682875,15.574303,0.867707,442.321775,0.003771,6.615570,516.752296,523.371978,523.797273,0.425295,523.893934
965,vehicle1,1158.678000,1158.486000,784.979872,1,ok,22361,17660,1,0.221010,0.007446,0.000285,0.096432,13.439757,5.086260,0.000108,36.194029,14.701613,0.866911,447.684180,0.004553,6.981049,518.069290,525.055177,525.580856,0.525679,525.809312
966,vehicle1,1158.879000,1158.689000,785.787795,1,ok,22423,17882,1,0.205436,0.007156,0.000327,0.078777,13.777977,4.761567,0.000194,37.164832,12.117808,0.711768,436.391963,0.012292,6.333122,505.004886,511.350627,511.657449,0.306822,511.870041
967,vehicle1,1159.078000,1158.887000,786.549166,1,ok,22690,18141,1,0.095484,0.010656,0.000427,0.086913,12.553156,10.195812,0.000149,37.155460,11.958793,0.747910,449.864284,0.016327,6.778296,522.562477,529.357527,529.710507,0.352980,529.816647
968,vehicle1,1159.277000,1159.086000,787.335143,1,ok,22978,18462,1,0.112735,0.008955,0.000362,0.098641,9.471560,5.150468,0.000115,36.375860,14.835361,0.798461,471.968328,0.021067,7.138488,538.698794,545.858711,546.355868,0.497157,546.477558
969,vehicle1,1159.487000,1159.286000,788.124679,1,ok,23294,18716,1,0.093052,0.006858,0.000296,0.093890,11.505506,6.358932,0.000106,40.461927,12.570929,0.740827,467.583380,0.003563,6.941289,539.315497,546.260645,546.520300,0.259655,546.620210
970,vehicle1,1159.679000,1159.487000,788.896585,1,ok,23630,18977,1,0.085854,0.006505,0.000234,0.081111,11.633842,5.192637,0.000165,35.839841,16.003659,0.957141,466.617187,0.003152,8.611528,536.325583,544.940497,545.809436,0.868939,545.901795
971,vehicle1,1159.880000,1159.687000,789.687115,1,ok,23912,19176,1,0.147551,0.011091,0.000195,0.082365,9.167207,5.833330,0.000161,37.343476,12.596086,0.737152,463.273416,0.049890,9.014271,529.033193,538.097549,538.737851,0.640302,538.896493
972,vehicle1,1160.089000,1159.889000,790.474515,1,ok,24157,19422,1,0.123397,0.005230,0.000170,0.081107,9.064618,6.027745,0.000114,35.510051,12.556206,0.870486,453.448598,0.003398,7.807593,517.558925,525.370086,526.156374,0.786288,526.285001
973,vehicle1,1160.292000,1160.089000,791.264636,1,ok,24394,19623,1,0.133108,0.006700,0.000210,0.089674,7.854937,5.011772,0.000137,37.416590,15.623874,0.725419,478.738328,0.003684,8.129838,545.460731,553.594463,553.868076,0.273613,554.007884
974,vehicle1,1160.587000,1160.387000,792.302423,1,ok,24677,19820,1,0.146484,0.004377,0.000187,0.059261,8.566209,5.372744,0.000353,38.644991,15.080387,0.706384,488.845445,0.003186,6.079486,557.275774,563.358633,563.593685,0.235052,563.744546
975,vehicle1,1160.785000,1160.587000,793.065595,1,ok,24963,19988,1,0.248428,0.008793,0.000198,0.112317,11.939869,5.612243,0.000101,35.616259,20.071000,1.826779,457.942537,0.005054,8.445116,533.121105,541.571473,542.316698,0.745225,542.573919
976,vehicle1,1160.984000,1160.791000,793.890208,1,ok,25139,20089,1,0.119955,0.008106,0.000358,0.093525,12.390268,5.876094,0.000101,38.119674,12.247906,0.937660,503.233575,0.015130,6.396212,572.898803,579.310503,580.056842,0.746339,580.184903
977,vehicle1,1161.190000,1160.984000,794.644848,1,ok,25205,20169,1,0.242405,0.007512,0.000209,0.091842,15.440411,5.613600,0.000075,36.567398,14.234286,0.741382,507.422085,0.003010,7.139288,580.111079,587.253586,587.764045,0.510459,588.013962
978,vehicle1,1161.388000,1161.191000,795.438388,1,ok,25195,20178,1,0.396744,0.008147,0.000136,0.093940,11.730273,5.393162,0.000094,36.192859,11.563859,0.947675,485.041322,0.003208,7.198961,550.963184,558.165489,558.638551,0.473062,559.043442
979,vehicle1,1161.586000,1161.388000,796.248352,1,ok,25242,20294,1,0.276884,0.009423,0.000215,0.081946,12.402513,5.401154,0.000099,41.224999,12.526063,0.873942,503.012398,0.007618,7.578720,575.523114,583.109667,583.383368,0.273701,583.669675
980,vehicle1,1161.795000,1161.586000,797.011900,1,ok,25221,20384,1,0.112549,0.010282,0.000354,0.102994,16.414523,6.421295,0.000084,38.714930,13.522178,0.704227,491.652576,0.003867,8.093561,567.532807,575.630589,576.078455,0.447866,576.201286
981,vehicle1,1161.989000,1161.795000,797.844306,1,ok,25156,20519,1,0.107971,0.005236,0.000188,0.064525,17.316288,5.599861,0.000092,45.529549,15.817017,0.760904,526.837292,0.012443,7.357132,611.925528,619.295291,619.665084,0.369793,619.778291
982,vehicle1,1162.190000,1161.989000,798.585605,1,ok,25176,20548,1,0.101030,0.004702,0.000283,0.071031,16.167942,5.880203,0.000093,39.655499,12.187191,0.750173,491.651683,0.003694,6.196604,566.363815,572.564396,572.972251,0.407855,573.077983
983,vehicle1,1162.388000,1162.190000,799.418807,1,ok,25603,20777,1,1.011137,0.009442,0.000354,0.105711,19.009389,7.678537,0.000094,38.568600,17.114350,0.703949,506.599345,0.003897,6.260912,589.779975,596.045138,596.431510,0.386372,597.452089
984,vehicle1,1162.584000,1162.389000,800.174096,1,ok,26125,21076,1,0.238931,0.007340,0.000285,0.097308,17.885808,4.952439,0.000084,49.713398,12.713816,0.700012,491.598933,0.004603,7.157380,577.661798,584.824066,585.097906,0.273840,585.344177
985,vehicle1,1162.793000,1162.584000,800.979386,1,ok,26455,21350,1,0.079810,0.009347,0.000317,0.118741,15.111216,7.066138,0.000130,48.908926,14.160634,0.710703,505.244849,0.003717,6.244371,591.321337,597.569742,598.030846,0.461104,598.120003
986,vehicle1,1162.987000,1162.793000,801.777331,1,ok,26364,21335,1,0.224370,0.009869,0.000227,0.084050,15.251807,6.987539,0.000088,43.418176,14.740504,0.963655,516.338084,0.003332,6.168525,597.783903,603.955987,604.250672,0.294685,604.484911
987,vehicle1,1163.191000,1162.987000,802.519034,1,ok,26351,21424,1,0.227201,0.008124,0.000125,0.108523,20.699864,7.637622,0.000101,38.863592,13.981049,0.951648,501.027727,0.011766,6.562794,583.270126,589.844811,590.217755,0.372944,590.453080
988,vehicle1,1163.391000,1163.191000,803.305882,1,ok,26322,21557,1,0.082603,0.013440,0.000233,0.094832,15.005870,6.290240,0.000226,36.607894,12.880784,0.708480,483.388317,0.003843,7.883232,554.976643,562.863951,563.250339,0.386388,563.346382
989,vehicle1,1163.591000,1163.392000,804.091885,1,ok,26421,21798,1,0.077623,0.008779,0.000405,0.121590,19.664452,7.400257,0.000197,38.381699,12.905880,0.876000,502.685325,0.003979,7.506692,582.035400,589.546476,590.250627,0.704151,590.337029
990,vehicle1,1163.888000,1163.692000,805.131065,1,ok,26403,21963,1,0.218757,0.007104,0.000229,0.102040,15.443852,6.174350,0.000098,43.049701,14.932503,0.879867,482.559947,0.005588,8.195351,563.142358,571.343526,572.017922,0.674396,572.243783
991,vehicle1,1164.090000,1163.888000,805.887672,1,ok,26602,22298,1,0.328849,0.009602,0.000316,0.088940,13.872270,6.100905,0.000104,38.916762,13.290600,0.883189,483.632408,0.011476,6.197212,556.785178,562.994182,563.548571,0.554389,563.887022
992,vehicle1,1164.291000,1164.090000,806.650116,1,ok,26929,22589,1,0.117163,0.008330,0.000322,0.095726,15.351896,7.011975,0.000125,41.009272,14.442481,0.722978,503.346193,0.014362,6.559808,581.980646,588.555138,589.282204,0.727066,589.407697
993,vehicle1,1164.489000,1164.291000,807.385774,1,ok,27386,22778,1,0.142262,0.005607,0.000265,0.070870,18.353241,7.686960,0.000152,36.778975,13.926121,1.040540,474.908460,0.003608,6.850491,552.765319,559.619683,560.026418,0.406735,560.174287
994,vehicle1,1164.795000,1164.592000,808.458450,1,ok,27787,22926,1,0.261721,0.007327,0.000291,0.107086,20.308153,6.437458,0.000081,42.660022,15.291647,0.725048,474.757649,0.003922,7.334592,560.287144,567.625949,567.909496,0.283547,568.178544
995,vehicle1,1165.088000,1164.889000,809.539414,1,ok,27866,23012,1,0.116414,0.009030,0.000214,0.095207,23.087732,6.284123,0.000079,40.968267,15.208402,1.026830,496.389371,0.006090,6.742497,583.060011,589.808812,590.268697,0.459885,590.394141
996,vehicle1,1165.299000,1165.088000,810.448166,1,ok,27974,23191,1,0.231358,0.006926,0.000234,0.093130,22.033450,7.640317,0.000120,52.686202,19.200489,0.960017,626.309520,0.014696,7.401835,728.923245,736.340010,737.187408,0.847398,737.425692
997,vehicle1,1165.488000,1165.291000,811.112111,1,ok,28061,23301,1,0.252348,0.006586,0.000444,0.100576,16.935323,6.000505,0.000089,37.316514,15.505352,0.825547,516.865628,0.003632,7.215917,593.549534,600.769527,601.107663,0.338136,601.366597
998,vehicle1,1165.691000,1165.488000,811.894100,1,ok,28069,23375,1,0.145325,0.007698,0.000398,0.099688,16.203884,7.891528,0.000099,36.522270,10.829594,0.710713,510.131870,0.022549,9.205359,582.389646,591.617952,591.999847,0.381895,592.152870
999,vehicle1,1165.891000,1165.691000,812.705245,1,ok,28139,23509,1,0.269659,0.008695,0.000177,0.090449,18.628614,7.073790,0.000142,37.023371,16.083709,0.734885,516.981130,0.005228,8.035855,596.616090,604.657350,605.232308,0.574958,605.510662
1000,vehicle1,1166.091000,1165.891000,813.496956,1,ok,28205,23726,1,0.131495,0.009073,0.000281,0.087371,16.121773,7.090134,0.000179,36.793553,14.216456,0.931245,522.428682,0.016005,8.176426,597.669393,605.862105,606.344577,0.482472,606.485145
1001,vehicle1,1166.290000,1166.091000,814.262510,1,ok,28354,23943,1,0.243355,0.007691,0.000395,0.103317,19.168837,5.188147,0.000123,39.393405,14.709420,0.873688,521.674711,0.004280,7.819079,601.111648,608.935402,609.377805,0.442403,609.628851
1002,vehicle1,1166.494000,1166.290000,815.022688,1,ok,28519,24116,1,0.168144,0.005471,0.000208,0.062996,19.920739,5.748233,0.000101,40.136787,12.466727,0.833560,527.766714,0.045068,6.602804,606.935857,613.583937,613.950033,0.366096,614.123648
1003,vehicle1,1166.691000,1166.494000,815.772442,1,ok,28777,24350,1,0.151645,0.011129,0.000324,0.094063,17.228515,5.115809,0.000107,39.534482,13.878919,0.709448,519.982670,0.004412,7.209769,596.544013,603.758518,604.017448,0.258930,604.180222
1004,vehicle1,1166.896000,1166.691000,816.582560,1,ok,29027,24616,1,0.280801,0.007263,0.000212,0.103067,23.381629,7.094843,0.000170,45.144729,17.557305,0.723348,535.641913,0.003973,8.552018,629.647004,638.203207,638.673503,0.470296,638.961567
1005,vehicle1,1167.100000,1166.892000,817.352370,1,ok,29228,24840,1,0.146841,0.007886,0.000499,0.098641,18.401281,6.710649,0.000081,47.947798,16.756843,0.767736,540.316919,0.005042,7.049106,630.999948,638.054595,638.562739,0.508144,638.717466
1006,vehicle1,1167.292000,1167.092000,818.082902,1,ok,29436,25088,1,0.127954,0.008198,0.000184,0.106517,15.605420,6.334397,0.000089,40.987290,14.309086,0.874239,534.788660,0.011943,8.520542,613.005698,621.538367,622.114050,0.575683,622.250202
1007,vehicle1,1167.500000,1167.292000,818.918959,1,ok,29647,25164,1,0.369475,0.011595,0.000358,0.065164,22.560047,6.406987,0.000163,46.579880,17.882839,0.848877,558.089429,0.014330,7.190228,652.433386,659.638302,660.121429,0.483127,660.502499
1008,vehicle1,1167.692000,1167.493000,819.689949,1,ok,29821,25064,1,0.222667,0.006644,0.000211,0.104742,21.842436,6.927719,0.000115,47.369033,16.944092,0.722061,542.349349,0.003934,6.186535,636.259547,642.450227,642.728421,0.278194,642.957732
1009,vehicle1,1167.893000,1167.692000,820.469111,1,ok,29932,24948,1,0.216338,0.006683,0.000221,0.082215,11.993614,6.383372,0.000099,41.370005,14.667085,0.731874,545.135783,0.010440,7.955440,620.364047,628.330148,628.798309,0.468161,629.021330
1010,vehicle1,1168.104000,1167.893000,821.205093,1,ok,29868,24904,1,0.361253,0.007513,0.000237,0.094465,14.035168,4.914844,0.000280,39.898336,11.923555,0.722442,525.985326,0.003500,7.320671,597.574416,604.898824,605.286954,0.388130,605.655720
1011,vehicle1,1168.293000,1168.096000,822.003905,1,ok,29672,24701,1,0.113002,0.006237,0.000357,0.099137,30.090931,9.097836,0.000096,47.399390,17.565723,0.714455,559.106587,0.003412,7.675641,664.074155,671.753565,672.031375,0.277810,672.150614
1012,vehicle1,1168.494000,1168.293000,822.752801,1,ok,29373,24405,1,0.238085,0.007281,0.000136,0.100043,18.129658,7.310731,0.000100,40.347996,15.734189,0.703430,525.327546,0.010782,7.263219,607.653693,614.927830,615.383480,0.455650,615.628846
1013,vehicle1,1168.694000,1168.495000,823.506009,1,ok,29151,24193,1,0.107277,0.006654,0.000267,0.103100,15.653462,5.932135,0.000165,44.306987,14.342756,0.691119,515.244189,0.013849,7.366222,596.273913,603.654251,604.166522,0.512271,604.280453
1014,vehicle1,1168.891000,1168.694000,824.264899,1,ok,29089,24118,1,0.110448,0.006325,0.000212,0.103786,12.473948,8.436189,0.000092,40.028389,13.601681,0.820736,509.849374,0.004449,6.712288,585.314195,592.031144,592.546966,0.515822,592.663739
1015,vehicle1,1169.095000,1168.891000,825.030845,1,ok,28960,24001,1,0.309708,0.014616,0.000159,0.098929,14.326602,6.522647,0.000263,38.954578,14.528353,0.727840,495.623298,0.004632,7.641701,570.782510,578.429002,578.726749,0.297747,579.051073
1016,vehicle1,1169.292000,1169.095000,825.867725,1,ok,28787,23858,1,0.399844,0.006103,0.000225,0.095089,12.705960,5.410562,0.000097,40.888389,14.214246,0.738899,511.066118,0.005150,7.317247,585.119360,592.441982,592.850549,0.408567,593.256496
1017,vehicle1,1169.590000,1169.391000,826.935004,1,ok,28553,23672,1,0.388855,0.011495,0.000224,0.126499,18.167333,6.073195,0.000122,38.627765,12.310280,0.776970,506.471081,0.011046,6.960077,582.553245,589.524592,589.895438,0.370846,590.295788
1018,vehicle1,1169.791000,1169.590000,827.743780,1,ok,28404,23571,1,0.116128,0.009297,0.000444,0.115623,10.830867,5.723124,0.000108,42.633997,16.557571,0.874319,485.963539,0.034883,6.408171,562.699148,569.142646,569.696580,0.553934,569.822005
1019,vehicle1,1169.989000,1169.792000,828.563972,1,ok,28288,23502,1,0.258835,0.007120,0.000138,0.094694,14.396285,5.320811,0.000102,40.670190,13.573696,0.714033,512.958219,0.004349,6.448139,587.728030,594.180656,594.428904,0.248248,594.694859
1020,vehicle1,1170.192000,1169.989000,829.399401,1,ok,28206,23439,1,0.366025,0.007980,0.000219,0.117688,17.872841,11.153994,0.000119,40.581648,13.648586,1.129309,503.901212,0.003965,6.610489,588.405397,595.020070,595.702882,0.682812,596.076887
1021,vehicle1,1170.393000,1170.192000,830.182316,1,ok,28078,23347,1,0.146154,0.006448,0.000195,0.104860,17.444005,6.362682,0.000091,40.831466,14.735452,0.888459,510.895419,0.004237,8.077214,591.262434,599.344080,599.618971,0.274891,599.771573
1022,vehicle1,1170.593000,1170.393000,830.936195,1,ok,27656,23197,1,0.260518,0.008939,0.000267,0.119943,15.740993,6.845254,0.000086,45.012187,12.761693,0.908596,490.094734,0.004154,6.117522,571.483486,577.605429,578.115797,0.510368,578.385254
1023,vehicle1,1170.792000,1170.593000,831.725961,1,ok,27313,23033,1,0.113590,0.008509,0.000185,0.107934,24.634253,8.264506,0.000224,40.355298,14.977131,0.793630,488.784732,0.033678,7.276013,577.917708,585.227584,587.093392,1.865808,587.215491
1024,vehicle1,1170.992000,1170.792000,832.515526,1,ok,26949,22779,1,0.122079,0.004530,0.000161,0.089228,16.085679,5.903453,0.000113,42.704479,16.903903,0.781060,479.254604,0.003735,6.907386,561.722519,568.633801,569.119642,0.485841,569.246251
1025,vehicle1,1171.195000,1170.992000,833.346370,1,ok,26623,22510,1,0.135519,0.006210,0.000203,0.095392,17.048309,6.624433,0.000091,43.292052,16.932500,0.876258,476.393311,0.003802,8.074034,561.262346,569.340385,569.684444,0.344059,569.826173
1026,vehicle1,1171.393000,1171.195000,834.125677,1,ok,26188,22154,1,0.257840,0.007595,0.000157,0.100235,15.958710,8.558435,0.000108,41.690390,15.199039,0.942153,488.019928,0.021444,7.151936,570.468998,577.642535,578.463548,0.821013,578.728983
1027,vehicle1,1171.594000,1171.393000,834.886501,1,ok,25789,21823,1,0.367823,0.013376,0.000401,0.096247,12.797150,5.827031,0.000159,38.478825,11.285695,0.875757,461.602762,0.003678,6.897543,530.963626,537.865248,538.190856,0.325608,538.572055
1028,vehicle1,1171.794000,1171.594000,835.671717,1,ok,25447,21565,1,0.434565,0.056168,0.000199,0.088244,11.922960,6.809138,0.000121,36.909044,12.263114,0.758411,465.752912,0.029282,7.182296,534.503944,541.715721,542.005140,0.289419,542.495873
1029,vehicle1,1171.990000,1171.794000,836.506909,1,ok,25317,21476,1,0.146952,0.009472,0.000264,0.091325,16.770482,7.446926,0.000102,42.096382,14.091607,0.699880,508.168615,0.009281,8.122857,589.365319,597.497721,597.868974,0.371253,598.025398
1030,vehicle1,1172.194000,1171.990000,837.297769,1,ok,25286,21456,1,0.117632,0.007915,0.000308,0.114056,14.132602,8.198432,0.000169,41.862012,13.969259,0.934214,462.001252,0.005500,7.307781,541.211996,548.525585,548.923063,0.397478,549.048610
1031,vehicle1,1172.394000,1172.194000,838.125848,1,ok,25420,21602,1,0.116413,0.018365,0.000328,0.299128,19.560903,7.367829,0.000088,41.204502,16.676315,1.133273,483.401899,0.004435,7.347186,569.643937,576.995886,577.548836,0.552950,577.683614
1032,vehicle1,1172.592000,1172.394000,838.880057,1,ok,25615,21787,1,0.239282,0.005622,0.000151,0.090060,13.233954,6.000034,0.000087,39.392278,12.615043,0.880294,464.021116,0.002416,8.885943,536.232866,545.121376,545.485034,0.363658,545.729938
1033,vehicle1,1172.787000,1172.592000,839.637371,1,ok,25713,21890,1,0.246309,0.007466,0.000217,0.084398,11.842447,6.418732,0.000096,41.386286,15.042203,0.716294,448.010835,0.003809,6.789832,523.501291,530.295149,530.592781,0.297632,530.846556
1034,vehicle1,1172.986000,1172.796000,840.436441,1,ok,25314,21512,1,0.190099,0.007749,0.000195,0.087332,11.109177,7.399770,0.000118,40.729637,13.509070,0.705679,455.088209,0.015212,7.390455,528.628992,536.034854,536.311873,0.277019,536.509721
1035,vehicle1,1173.185000,1172.995000,841.221514,1,ok,24809,21065,1,0.221479,0.009680,0.000130,0.097571,10.629006,7.131244,0.000101,37.110574,10.906380,0.727506,446.966539,0.003855,8.285490,513.568921,521.858396,522.105391,0.246995,522.336550
1036,vehicle1,1173.389000,1173.190000,842.050061,1,ok,24295,20560,1,0.273279,0.008096,0.000299,0.076073,9.728788,7.060143,0.000101,40.179675,13.198898,0.890874,446.201868,0.002682,7.301943,517.336420,524.641344,525.096870,0.455526,525.378245
1037,vehicle1,1173.584000,1173.399000,842.803689,1,ok,23842,20090,1,0.217268,0.009420,0.000237,0.083948,8.700857,7.948410,0.000107,38.221328,10.847058,0.874719,420.673064,0.014098,6.191058,487.349491,493.554884,493.818321,0.263437,494.045009
1038,vehicle1,1173.784000,1173.592000,843.579502,1,ok,23369,19576,1,0.119290,0.007770,0.000326,0.089153,7.638116,7.375555,0.000165,39.216882,9.501047,0.683813,398.896200,0.003652,6.720190,463.400931,470.125099,470.372360,0.247261,470.499420
1039,vehicle1,1173.982000,1173.792000,844.415336,1,ok,22981,19168,1,0.097183,0.009703,0.000313,0.104487,10.000076,7.817084,0.000113,41.472651,9.416062,0.698074,448.946039,0.005360,9.008944,518.454586,527.469203,528.120243,0.651040,528.227129
1040,vehicle1,1174.187000,1173.990000,845.181937,1,ok,22612,18779,1,0.059745,0.007109,0.001390,0.098231,12.742300,10.739309,0.000095,38.621084,11.814478,0.917074,413.526471,0.013695,6.917732,488.459042,495.391859,495.808055,0.416196,495.874909
1041,vehicle1,1174.384000,1174.196000,845.998867,1,ok,22306,18475,1,0.212248,0.008963,0.000217,0.081737,9.935675,7.344538,0.000085,36.839678,10.338665,0.806524,424.236123,0.011781,8.337995,489.583025,497.933018,498.464845,0.531827,498.686056
1042,vehicle1,1174.585000,1174.392000,846.775098,1,ok,22052,18114,1,0.237377,0.008321,0.005827,0.091839,10.392674,8.449377,0.000090,36.005488,9.136592,0.720604,411.907013,0.005356,7.747624,476.703677,484.462484,484.848798,0.386314,485.094496
1043,vehicle1,1174.784000,1174.594000,847.552850,1,ok,21867,17879,1,0.090315,0.011019,0.000245,0.081896,8.608464,7.871518,0.000149,37.924735,9.524594,0.994407,406.252675,0.002954,8.676747,471.258438,479.938384,480.345042,0.406658,480.446376
1044,vehicle1,1174.985000,1174.789000,848.410556,1,ok,21764,17769,1,0.086380,0.006960,0.000306,0.080196,11.728483,7.924862,0.000302,38.493590,11.608226,1.103664,436.972698,0.004167,6.927983,507.912021,514.844477,515.443702,0.599225,515.537042
1045,vehicle1,1175.186000,1174.992000,849.166701,1,ok,21694,17730,1,0.340128,0.007137,0.000174,0.076975,9.056834,7.450197,0.000099,33.677851,7.362631,0.694177,403.979928,0.004385,9.241977,462.298692,471.545228,471.823472,0.278244,472.170737
1046,vehicle1,1175.388000,1175.194000,849.942226,1,ok,21549,17568,1,0.195788,0.007895,0.000241,0.083116,9.092725,8.466368,0.000074,34.610401,9.331489,0.845958,382.649013,0.028690,6.579684,445.079144,451.687759,451.919382,0.231623,452.123065
1047,vehicle1,1175.584000,1175.394000,850.749625,1,ok,21342,17367,1,0.187710,0.014962,0.000282,0.081780,9.281928,9.811206,0.000292,37.841506,8.141703,0.679317,396.998484,0.004634,11.687802,462.836216,474.528934,476.324561,1.795627,476.527233
1048,vehicle1,1175.785000,1175.593000,851.539466,1,ok,21114,17185,1,0.129467,0.005242,0.000199,0.048764,9.380808,7.711096,0.000139,35.105706,9.043245,0.771557,402.017782,0.009380,6.131174,464.079097,470.219850,470.568404,0.348554,470.703113
1049,vehicle1,1175.984000,1175.793000,852.361383,1,ok,20862,17015,1,0.082490,0.007328,0.000304,0.081001,8.043611,7.128459,0.000091,43.624676,10.714447,0.688082,414.150277,0.003826,8.145538,484.430644,492.580312,492.829766,0.249454,492.919584
1050,vehicle1,1176.186000,1175.988000,853.127852,1,ok,20591,16861,1,0.237441,0.007605,0.000287,0.080346,9.169125,11.111168,0.000083,35.480624,10.099168,0.704724,390.491174,0.003824,9.098515,457.136412,466.239038,466.536678,0.297640,466.781724
1051,vehicle1,1176.385000,1176.194000,853.976768,1,ok,20469,16819,1,0.062187,0.008814,0.000349,0.066624,8.169070,8.016295,0.000097,41.391658,9.132087,0.696077,423.923642,0.003390,6.645730,491.395550,498.045019,498.446238,0.401219,498.517239
1052,vehicle1,1176.585000,1176.389000,854.794803,1,ok,20437,16881,1,0.243467,0.011334,0.000271,0.083548,8.796766,8.108033,0.000184,38.539766,9.648794,0.701988,415.447990,0.017777,7.796722,481.327069,489.141839,489.567328,0.425489,489.822129
1053,vehicle1,1176.784000,1176.593000,855.593603,1,ok,20429,16993,1,0.182072,0.009718,0.000255,0.074612,14.481955,8.587469,0.000194,37.813090,9.236347,0.860501,407.824308,0.005120,8.767791,478.878476,487.651642,488.096209,0.444567,488.287999
1054,vehicle1,1176.980000,1176.791000,856.382245,1,ok,20547,17289,1,0.190167,0.006469,0.000205,0.078710,8.745344,7.724817,0.000092,41.854264,7.955050,0.769408,401.092655,0.003305,6.917286,468.220340,475.141136,475.422773,0.281637,475.619409
1055,vehicle1,1177.186000,1176.987000,857.175292,1,ok,20466,17285,1,0.068311,0.011308,0.000334,0.085045,9.151975,12.329717,0.000160,47.040494,9.612612,0.705598,400.379505,0.006610,7.226981,479.305106,486.539031,486.808254,0.269223,486.887873
1056,vehicle1,1177.372000,1177.191000,857.982544,1,ok,20259,17061,1,0.171830,0.007266,0.000281,0.083859,9.274113,7.816548,0.000078,37.044692,9.159171,0.821028,378.167184,0.015669,7.407350,442.366673,449.789973,450.320977,0.531004,450.500073
1057,vehicle1,1177.556000,1177.393000,858.797334,1,ok,20077,16851,1,0.206861,0.410368,0.000253,0.078875,7.475093,9.007759,0.000083,41.166990,9.467643,0.745579,358.465643,0.003948,11.290522,426.407665,437.702388,438.028055,0.325667,438.645284
1058,vehicle1,1177.743000,1177.594000,859.626916,1,ok,19779,16628,1,0.180015,0.012191,0.000380,0.073838,11.423023,10.419785,0.000099,36.399797,8.458423,0.905276,348.422812,0.012225,7.264714,416.103053,423.380372,423.918091,0.537719,424.110297
1059,vehicle1,1177.944000,1177.790000,860.449303,1,ok,19267,16333,1,0.096517,0.007736,0.000351,0.071017,6.612115,8.637015,0.000120,36.721746,8.139143,0.683366,339.285504,0.049681,8.485205,400.150026,408.685263,408.982283,0.297020,409.086536
1060,vehicle1,1178.124000,1177.992000,861.251876,1,ok,18772,15950,1,0.090664,0.021290,0.000222,0.066098,9.665919,11.801934,0.000115,32.731806,7.023184,0.727935,329.105654,0.003273,7.239725,391.122645,398.365865,398.734693,0.368828,398.846647
1061,vehicle1,1178.328000,1178.194000,862.076002,1,ok,18420,15546,1,0.165460,0.013161,0.000233,0.070015,9.062393,11.071053,0.000129,34.589262,7.303710,0.869791,316.271983,0.003032,7.832379,379.238336,387.073980,387.711201,0.637221,387.889822
1062,vehicle1,1178.522000,1178.390000,862.902611,1,ok,18134,15226,1,0.090402,0.009331,0.000478,0.082979,6.444752,8.067542,0.000180,34.675217,7.919465,0.704531,330.330299,0.003949,6.870079,388.224965,395.099471,395.454893,0.355422,395.554626
1063,vehicle1,1178.735000,1178.591000,863.729145,1,ok,18037,15144,1,0.063872,0.007880,0.000294,0.094158,5.901088,8.754733,0.000077,38.534943,7.819275,0.932603,322.584680,0.004651,7.969426,384.621557,392.595928,392.961150,0.365222,393.032902
1064,vehicle1,1178.900000,1178.793000,864.528662,1,ok,18071,15200,1,0.140214,0.008910,0.000420,0.091002,6.557899,9.526524,0.000082,35.949669,8.468075,0.875533,320.303832,0.022212,7.288560,381.772616,389.083808,389.424546,0.340738,389.573670
1065,vehicle1,1179.103000,1178.993000,865.356530,1,ok,18212,15289,1,0.168554,0.006610,0.000326,0.075753,6.783415,9.849607,0.000121,36.324106,7.469614,0.692046,284.975240,0.005807,6.717590,346.169902,352.893625,353.473969,0.580344,353.649133
1066,vehicle1,1179.302000,1179.192000,866.215013,1,ok,18342,15410,1,0.095561,0.009721,0.000312,0.067868,6.936212,9.888279,0.000088,33.015915,6.529946,0.692205,297.346612,0.003112,7.408078,354.477125,361.888627,362.329403,0.440776,362.434685
1067,vehicle1,1179.523000,1179.395000,867.050786,1,ok,18338,15474,1,0.072189,0.010833,0.000237,0.056837,7.230890,9.380773,0.000220,35.803357,6.467792,0.703917,313.662879,0.004879,6.422535,373.306665,379.734316,379.980590,0.246274,380.063612
1068,vehicle1,1179.705000,1179.591000,867.874786,1,ok,18213,15501,1,0.220383,0.011083,0.000508,0.089480,7.926397,9.164967,0.000120,38.457780,6.554169,0.682812,302.578613,0.004903,7.685387,365.454338,373.145136,373.690200,0.545064,373.921666
1069,vehicle1,1179.902000,1179.793000,868.669264,1,ok,18218,15712,1,0.146396,0.005357,0.000276,0.039127,6.825578,10.210485,0.000191,39.682949,5.753199,0.683107,285.974421,0.014049,7.743182,349.169057,356.926564,357.143114,0.216550,357.294867
1070,vehicle1,1180.117000,1179.995000,869.483743,1,ok,18450,16043,1,0.082357,0.006593,0.000315,0.066220,11.467065,11.145103,0.000093,34.794525,7.078455,0.948197,291.618843,0.003165,6.603252,357.118501,363.725233,364.048040,0.322807,364.136990
1071,vehicle1,1180.314000,1180.194000,870.291798,1,ok,18803,16359,1,0.170394,0.007004,0.000234,0.065571,7.728250,9.029785,0.000201,35.410021,8.106640,0.888404,294.974757,0.009025,8.884911,356.203629,365.097799,365.812786,0.714987,365.990184
1072,vehicle1,1180.520000,1180.393000,871.098678,1,ok,19208,16643,1,0.159089,0.012273,0.000312,0.061448,9.958201,10.405114,0.000130,36.386424,7.324195,0.809616,308.551720,0.009295,7.745442,373.496848,381.251897,381.835021,0.583124,382.006383
1073,vehicle1,1180.742000,1180.591000,871.908660,1,ok,19478,16802,1,0.090351,0.013023,0.000212,0.071211,11.921420,9.557457,0.000076,38.773758,8.051342,0.820668,318.101513,0.004846,8.621134,387.297445,395.923637,396.602421,0.678784,396.705795
1074,vehicle1,1180.917000,1180.793000,872.675135,1,ok,19703,16958,1,0.096262,0.007614,0.000158,0.067329,6.557468,9.449609,0.000078,34.891522,6.176575,0.704566,301.716643,0.018223,8.904256,359.563790,368.486427,368.850084,0.363657,368.953960
1075,vehicle1,1181.127000,1180.992000,873.512405,1,ok,19657,16860,1,0.070073,0.007767,0.000285,0.084834,8.152897,13.074799,0.000100,42.702902,9.074208,0.885941,314.541108,0.006026,7.292173,388.516789,395.815273,396.233706,0.418433,396.311546
1076,vehicle1,1181.300000,1181.192000,874.301671,1,ok,19599,16714,1,0.077634,0.018288,0.000433,0.088473,6.732590,9.544331,0.000143,38.569635,9.162026,0.923077,302.679044,0.003841,7.462329,367.699319,375.165922,376.090461,0.924539,376.186383
1077,vehicle1,1181.506000,1181.392000,875.133068,1,ok,19449,16513,1,0.101443,0.009430,0.000360,0.072081,6.687069,9.053125,0.000074,35.370956,6.980006,0.773855,306.882232,0.004437,6.817802,365.819398,372.641997,372.909430,0.267433,373.020303
1078,vehicle1,1181.717000,1181.594000,875.949752,1,ok,19310,16466,1,0.058761,0.005640,0.000302,0.068782,8.060233,12.512682,0.000267,34.756953,6.698445,0.690653,306.389989,0.002888,6.291330,369.178004,375.472524,375.713193,0.240669,375.777594
1079,vehicle1,1181.934000,1181.792000,876.774387,1,ok,19074,16338,1,0.071107,0.010579,0.000281,0.060361,7.976324,9.466579,0.000096,35.602944,7.405048,0.939361,324.729758,0.011740,7.390498,386.180471,393.582990,393.851218,0.268228,393.932904
1080,vehicle1,1182.117000,1181.994000,877.525630,1,ok,18597,16168,1,0.130669,0.005609,0.000192,0.058548,7.546347,8.608492,0.000076,33.598352,6.471953,0.685085,295.982503,0.003522,7.832598,352.951356,360.787668,360.966745,0.179077,361.103023
1081,vehicle1,1182.298000,1182.195000,878.256615,1,ok,18046,15885,1,0.075135,0.006741,0.000250,0.058009,9.268863,8.770905,0.000104,32.378374,5.447032,0.691089,241.957931,0.021792,6.645274,298.572307,305.239623,305.458299,0.218676,305.540175
1082,vehicle1,1182.501000,1182.395000,879.051536,1,ok,18289,16273,1,0.080460,0.009203,0.000245,0.053504,9.112887,9.061359,0.000078,33.548214,7.279568,0.745272,237.767684,0.004022,6.465917,297.568566,304.038750,304.551033,0.512283,304.640696
1083,vehicle1,1182.701000,1182.593000,879.866737,1,ok,19205,17247,1,0.180021,0.009601,0.000159,0.057209,9.984456,8.980900,0.000096,33.334581,7.026581,0.810668,240.619288,0.003485,6.689444,300.813779,307.506867,307.901143,0.394276,308.090765
1084,vehicle1,1182.901000,1182.791000,880.620092,1,ok,20029,18110,1,0.192194,0.008764,0.000216,0.166090,11.094059,13.055855,0.000219,33.376855,9.234682,0.705334,233.452989,0.003710,6.154488,301.086083,307.244497,307.487668,0.243171,307.688626
1085,vehicle1,1183.101000,1182.992000,881.403767,1,ok,20305,18449,1,0.101729,0.007448,0.000210,0.077167,9.538636,8.337490,0.000196,35.779375,7.120523,0.689322,226.325758,0.014013,7.562278,287.868467,295.444968,295.632099,0.187131,295.741276
1086,vehicle1,1183.300000,1183.193000,882.171263,1,ok,20237,18470,1,0.105544,0.005636,0.000228,0.060342,9.124712,8.675498,0.000330,35.224466,8.166195,0.923216,226.014593,0.003462,6.509596,288.189352,294.702638,294.935877,0.233239,295.047057
1087,vehicle1,1183.499000,1183.391000,882.925383,1,ok,20202,18470,1,0.134540,0.020774,0.000234,0.053304,9.155447,11.313144,0.000098,32.059524,8.191709,0.896077,201.153256,0.013949,6.578063,262.822559,269.414805,269.909857,0.495052,270.065171
1088,vehicle1,1183.699000,1183.594000,883.704126,1,ok,20228,18525,1,0.184637,0.006582,0.000327,0.058710,9.384221,10.284055,0.000247,35.423289,5.921369,0.713155,193.320559,0.003921,7.908149,255.105605,263.018002,263.377107,0.359105,263.568326
1089,vehicle1,1183.900000,1183.793000,884.498029,1,ok,20492,18824,1,0.265962,0.009668,0.000197,0.068786,8.475326,10.497360,0.000080,32.661185,6.033278,0.672826,214.373213,0.014021,8.402954,272.782054,281.199226,281.522474,0.323248,281.798104
1090,vehicle1,1184.129000,1183.993000,885.384149,1,ok,21200,19467,1,0.108146,0.006830,0.000315,0.167620,9.323502,8.945875,0.000325,36.000451,8.195227,0.700443,310.219233,0.011696,9.014278,373.552676,382.578965,382.812988,0.234023,382.927964
1091,vehicle1,1184.385000,1184.192000,886.224479,1,ok,22974,20837,1,0.198619,0.008763,0.000334,0.110345,11.504255,8.564974,0.000084,41.858768,10.563958,0.719421,352.883582,0.004522,7.783238,426.205387,433.993481,434.252158,0.258677,434.459540
1092,vehicle1,1184.570000,1184.388000,887.012845,1,ok,24628,22044,1,0.210532,0.008142,0.000262,0.106464,12.883849,9.370494,0.000086,37.666363,11.218350,0.850164,346.804941,0.003213,7.214289,418.900711,426.118475,426.554083,0.435608,426.772757
1093,vehicle1,1184.773000,1184.589000,887.806764,1,ok,25471,22794,1,0.105677,0.005409,0.000301,0.086709,10.217304,8.826917,0.000092,40.715681,11.791273,0.810844,347.845724,0.003303,7.400143,420.294544,427.698291,428.049589,0.351298,428.160675
1094,vehicle1,1184.949000,1184.789000,888.546687,1,ok,25422,22868,1,0.099790,0.013843,0.000485,0.050450,7.956295,8.610845,0.000212,40.558958,8.316161,0.700888,322.876155,0.010725,7.116369,389.069964,396.197543,396.633935,0.436392,396.747568
1095,vehicle1,1185.151000,1184.993000,889.316791,1,ok,25511,22993,1,0.141529,0.013754,0.000297,0.189526,10.351879,8.710322,0.000214,41.785667,10.281815,0.716779,316.897719,0.030284,6.699629,388.933921,395.664131,395.906579,0.242448,396.061862
1096,vehicle1,1185.371000,1185.191000,890.127662,1,ok,25626,23066,1,0.221495,0.005410,0.000137,0.071292,9.739314,9.675941,0.000075,39.132528,9.891192,0.847526,338.399439,0.002899,6.601151,407.757307,414.361494,414.641496,0.280002,414.868401
1097,vehicle1,1185.543000,1185.392000,890.884720,1,ok,25535,22992,1,0.122235,0.007765,0.000310,0.106545,11.195679,9.041472,0.000210,39.172874,8.157947,0.725459,324.190005,0.003833,8.928536,392.590191,401.522870,401.790487,0.267617,401.920487
1098,vehicle1,1185.757000,1185.592000,891.683533,1,ok,25153,22755,1,0.212088,0.007298,0.000271,0.094383,9.066062,9.888146,0.000216,38.244624,8.976308,0.692821,333.660847,0.003847,7.027574,400.623407,407.655099,407.904226,0.249127,408.123612
1099,vehicle1,1185.941000,1185.791000,892.443922,1,ok,24548,22324,1,0.187400,0.010475,0.000248,0.099403,14.802235,9.434661,0.000086,41.576225,11.188643,0.868506,312.824639,0.005135,8.128224,390.794398,398.928005,399.282709,0.354704,399.480584
1100,vehicle1,1186.129000,1185.996000,893.187083,1,ok,23964,21779,1,0.195421,0.004868,0.000157,0.059037,9.622712,9.607804,0.000114,39.455560,10.377622,0.700302,297.133521,0.004122,7.174781,366.956672,374.135732,374.414481,0.278749,374.614770
1101,vehicle1,1186.300000,1186.193000,893.946144,1,ok,23700,21494,1,0.231234,0.006902,0.000286,0.081516,11.449069,10.932963,0.000089,39.934838,10.297471,0.721463,273.753407,0.015799,6.874038,347.170816,354.060939,354.517300,0.456361,354.755436
1102,vehicle1,1186.510000,1186.391000,894.732159,1,ok,23785,21397,1,0.105003,0.004595,0.000145,0.051532,8.318886,9.358321,0.000082,41.609420,9.103165,0.694838,277.391443,0.003786,7.052419,346.527687,353.584037,353.782530,0.198493,353.892128
1103,vehicle1,1186.771000,1186.592000,895.571102,1,ok,24190,21581,1,0.214445,0.008420,0.000166,0.093683,10.598433,9.887670,0.000090,42.874261,9.534586,0.964210,341.496304,0.003049,7.207058,415.449237,422.659510,422.995987,0.336477,423.218852
1104,vehicle1,1186.947000,1186.791000,896.354027,1,ok,24474,21733,1,0.254606,0.009694,0.000236,0.080963,14.291838,8.530984,0.000113,43.398055,10.897857,0.703200,334.698399,0.026407,8.701615,412.601409,421.329667,421.794770,0.465103,422.059070
1105,vehicle1,1187.169000,1186.994000,897.154669,1,ok,23584,21091,1,0.125849,0.006665,0.000246,0.075343,11.851194,8.496189,0.000243,40.619557,10.125815,0.717943,348.294136,0.003421,6.816454,420.180420,427.000541,427.231427,0.230886,427.363941
1106,vehicle1,1187.382000,1187.192000,897.959055,1,ok,22497,20112,1,0.175816,0.006700,0.000319,0.079006,10.970816,12.928854,0.000163,58.073430,13.704240,1.112948,340.211860,0.014362,8.925897,437.081317,446.021895,446.429388,0.407493,446.611904
1107,vehicle1,1187.517000,1187.388000,898.653151,1,ok,22093,19710,1,0.193375,0.009689,0.000185,0.076642,7.539028,11.268127,0.000127,36.143512,5.518902,0.698251,287.004208,0.002939,8.113234,348.248797,356.365155,356.597513,0.232358,356.800577
1108,vehicle1,1187.704000,1187.591000,899.425379,1,ok,22739,20110,1,0.221177,0.007970,0.000214,0.069540,7.564430,9.795505,0.000116,34.377294,6.370895,0.698735,288.705029,0.031688,8.919929,347.581544,356.533375,357.115486,0.582111,357.344633
1109,vehicle1,1187.932000,1187.791000,900.247248,1,ok,23774,20928,1,0.263759,0.006196,0.000165,0.084916,8.238282,8.796826,0.000120,36.635694,6.772017,0.720160,316.522870,0.003054,7.157236,377.770885,384.931340,385.172387,0.241047,385.442342
1110,vehicle1,1188.184000,1187.993000,901.102073,1,ok,25254,21820,1,0.239656,0.006807,0.000304,0.079419,22.959944,10.053381,0.000092,42.932282,10.872365,0.723688,361.109604,0.003828,6.989671,448.730775,455.724578,455.973552,0.248974,456.220015
1111,vehicle1,1188.382000,1188.194000,901.877305,1,ok,26841,22796,1,0.118675,0.008109,0.000258,0.071979,15.143738,9.946173,0.000126,41.978544,11.044182,0.732801,352.716898,0.004101,6.680010,431.634441,438.318810,438.575113,0.256303,438.701897
1112,vehicle1,1188.586000,1188.395000,902.696005,1,ok,27874,23214,1,0.133679,0.007395,0.000289,0.105899,13.679510,9.241388,0.000233,40.356280,10.236071,0.726322,385.082805,0.033816,7.458641,459.428508,466.921254,467.230592,0.309338,467.371666
1113,vehicle1,1188.786000,1188.593000,903.455788,1,ok,28016,23169,1,0.116975,0.012147,0.000176,0.105804,16.368123,10.600472,0.000091,41.436271,11.061489,0.756517,362.965014,0.003744,7.875827,443.293781,451.173528,451.845792,0.672264,451.974914
1114,vehicle1,1188.988000,1188.793000,904.287795,1,ok,27619,22720,1,0.148630,0.005478,0.000182,0.103209,17.533231,9.001129,0.000139,42.600320,11.225734,0.707202,406.494364,0.003805,7.594189,487.665328,495.263504,495.484879,0.221375,495.638987
1115,vehicle1,1189.185000,1188.995000,905.030290,1,ok,27089,22212,1,0.245474,0.013213,0.000136,0.092183,12.656138,9.442236,0.000101,39.308294,9.591193,0.885744,394.048915,0.004164,8.568781,466.024804,474.597885,474.911158,0.313273,475.169845
1116,vehicle1,1189.385000,1189.196000,905.816937,1,ok,26536,21708,1,0.084353,0.007050,0.000376,0.103648,18.825089,8.598767,0.000146,42.406651,10.671367,0.709640,391.685502,0.003922,7.030691,473.000810,480.035799,480.307973,0.272174,480.399376
1117,vehicle1,1189.586000,1189.394000,906.560809,1,ok,26077,21275,1,0.104356,0.007656,0.000293,0.102317,15.867795,8.694503,0.000121,37.674193,10.604288,0.704441,357.601249,0.020284,7.776608,431.248907,439.046092,439.450139,0.404047,439.562151
1118,vehicle1,1189.758000,1189.595000,907.361031,1,ok,25761,20931,1,0.129053,0.006368,0.000262,0.093666,16.022931,13.924216,0.000146,40.609728,10.909261,0.711767,335.957190,0.009665,7.815807,418.228905,426.054639,427.844242,1.789603,427.979663
1119,vehicle1,1189.987000,1189.794000,908.207316,1,ok,25672,20825,1,0.109590,0.006404,0.000185,0.070066,12.368663,12.003899,0.000078,46.247703,9.774220,0.689714,383.613469,0.005922,6.828466,464.767812,471.602385,471.909544,0.307159,472.025538
1120,vehicle1,1190.185000,1189.995000,908.962353,1,ok,25646,20726,1,0.084148,0.005155,0.000180,0.063169,10.793826,9.243506,0.000119,42.352864,9.675768,1.098911,360.515573,0.003602,7.940698,433.743736,441.688216,442.015989,0.327773,442.105292
1121,vehicle1,1190.358000,1190.191000,909.702971,1,ok,25462,20519,1,0.108180,0.019961,0.000119,0.134294,11.171430,9.278514,0.000094,41.345860,10.738349,0.911187,346.371663,0.005170,7.450868,419.951391,427.407548,427.768807,0.361259,427.896948
1122,vehicle1,1190.560000,1190.392000,910.505335,1,ok,24852,20027,1,0.103440,0.004358,0.000207,0.055830,10.946452,9.125082,0.000097,38.750928,9.943338,0.706925,352.317412,0.003098,9.287063,421.846064,431.136432,431.560768,0.424336,431.668566
1123,vehicle1,1190.747000,1190.593000,911.267419,1,ok,24140,19454,1,0.141949,0.007246,0.000197,0.083626,10.347143,9.059540,0.000149,39.717345,10.001264,0.691848,318.759383,0.004403,8.896171,388.660298,397.561069,397.836817,0.275748,397.986012
1124,vehicle1,1190.926000,1190.792000,912.039821,1,ok,23667,19029,1,0.238792,0.007047,0.000347,0.078111,9.253446,7.913487,0.000088,38.343242,8.670881,0.737088,325.135400,0.014600,7.582457,390.131743,397.729147,397.980028,0.250881,398.225867
1125,vehicle1,1191.123000,1190.993000,912.823559,1,ok,23284,18753,1,0.136028,0.008134,0.000269,0.094399,9.326630,8.939696,0.000092,36.802769,10.401431,0.767588,303.197106,0.004630,6.715374,369.529711,376.249984,376.592036,0.342052,376.736198
1126,vehicle1,1191.351000,1191.192000,913.655900,1,ok,22925,18489,1,0.115157,0.006828,0.000194,0.085448,8.845302,9.224354,0.000119,40.490178,9.553261,0.753343,346.077667,0.004212,7.401907,415.029672,422.435985,422.742403,0.306418,422.864388
1127,vehicle1,1191.585000,1191.392000,914.495016,1,ok,21849,17815,1,0.178876,0.008555,0.000141,0.071028,20.239243,11.327316,0.000115,37.425149,11.184757,0.757165,367.952737,0.004394,7.436904,448.957510,456.398949,456.690536,0.291587,456.877967
1128,vehicle1,1191.772000,1191.593000,915.252399,1,ok,20577,16961,1,0.208616,0.007001,0.000200,0.066632,9.994332,9.889651,0.000095,38.908442,9.168805,0.719339,352.964098,0.030397,10.279937,421.711394,432.021928,432.413535,0.391607,432.629152
1129,vehicle1,1191.937000,1191.794000,916.023345,1,ok,19496,16151,1,0.101689,0.012241,0.000246,0.065365,8.490912,9.222768,0.000160,40.041835,8.150802,0.702561,331.428260,0.013948,7.415628,398.102663,405.532485,405.776401,0.243916,405.890331
1130,vehicle1,1192.153000,1191.995000,916.804258,1,ok,18836,15659,1,0.091366,0.004172,0.000206,0.051679,7.690480,8.788352,0.000089,35.647847,8.494254,0.700818,329.138557,0.010369,8.930510,390.512076,399.453161,399.776738,0.323577,399.872276
1131,vehicle1,1192.328000,1192.191000,917.581208,1,ok,18548,15408,1,0.064886,0.006858,0.000282,0.069073,8.521219,10.264715,0.000077,36.223077,8.105730,0.801154,316.145713,0.003726,7.812541,380.130758,387.947307,388.367053,0.419746,388.438797
1132,vehicle1,1192.529000,1192.389000,918.364905,1,ok,18585,15318,1,0.162912,0.006954,0.000176,0.066863,11.414441,11.445374,0.000098,36.216301,7.761784,0.859453,312.991068,0.006351,7.908965,380.755382,388.670874,389.018195,0.347321,389.188061
1133,vehicle1,1192.760000,1192.595000,919.182896,1,ok,18763,15367,1,0.080622,0.006176,0.000250,0.064368,6.925873,11.605407,0.000280,37.093677,7.565053,0.939763,338.699762,0.003523,8.219484,402.894183,411.117440,411.438790,0.321350,411.525588
1134,vehicle1,1192.920000,1192.792000,919.955102,1,ok,18877,15492,1,0.076595,0.006998,0.000296,0.058408,5.569138,9.323379,0.000104,34.819421,8.041945,0.950914,321.342969,0.003933,7.180695,380.106278,387.291202,387.682371,0.391169,387.765964
1135,vehicle1,1193.176000,1192.993000,920.798551,1,ok,18979,15617,1,0.180391,0.008527,0.000244,0.076508,6.653092,10.655713,0.000074,34.073415,6.685975,0.686808,353.597751,0.049595,8.964173,412.429336,421.443348,421.671254,0.227906,421.860172
1136,vehicle1,1193.358000,1193.196000,921.562462,1,ok,19068,15762,1,0.147410,0.008338,0.000230,0.072295,11.374241,12.962376,0.000088,33.695704,7.530134,0.775578,343.533090,0.003964,7.143539,409.943506,417.091239,417.351387,0.260148,417.507135
1137,vehicle1,1193.570000,1193.392000,922.352435,1,ok,19196,15860,1,0.068110,0.005718,0.000247,0.045715,7.060065,10.212446,0.000121,35.363633,8.948937,0.936445,352.378212,0.003827,7.506532,414.945574,422.456180,422.814280,0.358100,422.888108
1138,vehicle1,1193.771000,1193.592000,923.146999,1,ok,19411,16055,1,0.089301,0.011247,0.000241,0.075315,9.201681,8.691649,0.000133,34.532082,7.318244,0.712774,358.623682,0.002643,6.873366,419.155560,426.031810,426.449289,0.417479,426.549837
1139,vehicle1,1193.927000,1193.793000,923.880715,1,ok,19580,16170,1,0.205703,0.012384,0.000186,0.059121,6.166454,8.265259,0.000148,33.328405,7.165216,0.702775,323.385952,0.003713,7.573382,379.073330,386.650611,386.942656,0.292045,387.160743
1140,vehicle1,1194.168000,1193.990000,924.708284,1,ok,19756,16424,1,0.193780,0.006334,0.000292,0.074970,7.433232,9.286830,0.000081,33.852935,8.402262,0.934278,355.198292,0.003601,7.413041,415.182880,422.599814,423.184894,0.585080,423.385008
1141,vehicle1,1194.332000,1194.190000,925.472424,1,ok,19888,16615,1,0.057833,0.008730,0.000335,0.086660,6.319753,9.312095,0.000114,32.597593,8.140200,0.701570,322.123809,0.016888,7.451840,379.281794,386.750857,387.013449,0.262592,387.080012
1142,vehicle1,1194.502000,1194.394000,926.234709,1,ok,20010,16797,1,0.101779,0.006478,0.000299,0.067418,5.943166,9.233431,0.000117,35.378833,8.040746,0.815157,293.403360,0.004870,7.083493,352.882228,359.970890,360.292654,0.321764,360.400911
1143,vehicle1,1194.722000,1194.591000,927.053085,1,ok,20044,16859,1,0.103701,0.075571,0.000265,0.070999,7.583474,9.403833,0.000105,34.011889,8.526502,0.695505,307.171696,0.003353,6.861333,367.464003,374.328954,374.709861,0.380907,374.889133
1144,vehicle1,1194.900000,1194.794000,927.815232,1,ok,20078,16933,1,0.258314,0.418093,0.000227,0.086343,7.862903,10.067867,0.000161,33.731336,6.217723,0.726479,274.690987,0.003975,8.508261,333.383799,341.896262,342.180372,0.284110,342.856779
1145,vehicle1,1195.132000,1194.992000,928.666177,1,ok,20080,16954,1,0.224288,0.013759,0.000239,0.067166,6.809352,8.805674,0.000091,34.506801,7.352540,0.701359,324.472875,0.003577,8.915337,382.715858,391.635011,391.961396,0.326385,392.199443
1146,vehicle1,1195.342000,1195.194000,929.477352,1,ok,20136,17003,1,0.169312,0.007338,0.000267,0.098972,8.079913,10.159797,0.000080,36.977495,6.920668,0.691443,331.906907,0.044415,10.386040,394.835275,405.265997,405.664208,0.398211,405.840858
1147,vehicle1,1195.556000,1195.392000,930.259348,1,ok,20180,17066,1,0.078223,0.007045,0.000263,0.060195,8.005348,10.095005,0.000088,33.790205,8.532760,0.715101,344.546992,0.003538,6.529609,405.745694,412.279104,412.562450,0.283346,412.647718
1148,vehicle1,1195.742000,1195.592000,931.061054,1,ok,20254,17208,1,0.096034,0.005835,0.000248,0.075525,10.510620,8.835279,0.000085,34.684485,7.309937,0.692534,344.523393,0.005258,8.137390,406.631858,414.774754,415.072375,0.297621,415.174244
1149,vehicle1,1195.986000,1195.792000,931.877203,1,ok,20422,17433,1,0.154570,0.005205,0.000180,0.075719,8.966422,9.864305,0.000140,35.035028,8.845955,0.762599,364.546326,0.013211,7.685634,428.096494,435.795519,436.493001,0.697482,436.652776
1150,vehicle1,1196.157000,1195.993000,932.663187,1,ok,20567,17614,1,0.171883,0.006712,0.000205,0.087940,8.383813,9.007682,0.000102,36.482858,7.291758,0.701087,349.021537,0.004782,7.051395,410.976777,418.033159,418.306814,0.273655,418.485409
1151,vehicle1,1196.358000,1196.193000,933.464789,1,ok,20695,17790,1,0.211588,0.008981,0.000183,0.098692,10.280543,9.342052,0.000173,36.440746,10.259145,0.694423,336.984213,0.019105,7.966936,404.099987,412.086211,412.363184,0.276973,412.583753
1152,vehicle1,1196.518000,1196.387000,934.211330,1,ok,20700,17824,1,0.080353,0.011676,0.000344,0.068035,8.875524,8.858111,0.000123,38.068119,8.247727,0.942390,310.773974,0.004757,8.116248,375.834003,383.955352,384.399465,0.444113,384.491494
1153,vehicle1,1196.745000,1196.593000,935.064033,1,ok,20667,17862,1,0.079782,0.007673,0.000262,0.077238,9.332972,10.496872,0.000216,35.325109,8.947072,0.997135,329.178835,0.003638,8.335061,394.355449,402.694410,403.178493,0.484083,403.265948
1154,vehicle1,1196.916000,1196.792000,935.830297,1,ok,20658,17936,1,0.101269,0.007897,0.000268,0.089843,7.650656,10.481506,0.000211,39.117551,7.550690,0.698442,308.534190,0.003848,6.669555,374.123089,380.796760,381.113351,0.316591,381.222517
1155,vehicle1,1197.159000,1196.994000,936.689722,1,ok,20621,17939,1,0.101758,0.007304,0.000229,0.077733,7.360778,10.121556,0.000301,37.380891,10.087147,0.922264,348.248359,0.002747,7.062736,414.199029,421.264741,421.684246,0.419505,421.793308
1156,vehicle1,1197.332000,1197.193000,937.479132,1,ok,20556,17886,1,0.102554,0.006618,0.000268,0.100572,10.832207,11.119874,0.000172,39.203078,8.260042,0.707856,322.688219,0.003534,8.218537,392.912020,401.134359,401.397923,0.263564,401.507095
1157,vehicle1,1197.549000,1197.392000,938.319681,1,ok,20626,17971,1,0.107873,0.009673,0.000188,0.075235,10.693702,8.761920,0.000156,39.518194,8.446666,0.718226,353.991541,0.028118,8.263953,422.205640,430.497899,430.871823,0.373924,430.989369
1158,vehicle1,1197.755000,1197.595000,939.140572,1,ok,20685,18040,1,0.106742,0.006691,0.000286,0.075894,8.955811,9.972231,0.000145,41.039589,9.168635,0.736165,349.253110,0.009728,8.075730,419.201580,427.287324,427.808274,0.520950,427.921707
1159,vehicle1,1197.963000,1197.795000,939.949754,1,ok,20642,18045,1,0.103131,0.005611,0.000209,0.065577,11.717822,9.893629,0.000108,37.517093,8.397407,0.714921,359.564864,0.006702,8.177018,427.871421,436.055350,436.474511,0.419161,436.583253
1160,vehicle1,1198.102000,1197.995000,940.713259,1,ok,20514,17974,1,0.200287,0.007716,0.000253,0.076210,8.056076,9.965752,0.000092,36.257212,8.344304,0.960640,295.247683,0.005996,6.470968,358.907969,365.385186,365.921956,0.536770,366.129959
1161,vehicle1,1198.298000,1198.193000,941.541694,1,ok,20446,17944,1,0.272993,0.010365,0.000275,0.073454,8.718205,9.723019,0.000108,36.138852,8.188219,0.773587,292.761258,0.004260,6.669173,356.376702,363.050410,363.392582,0.342172,363.675940
1162,vehicle1,1198.576000,1198.394000,942.437778,1,ok,20419,17954,1,0.126512,0.006166,0.000369,0.089668,10.591387,9.995071,0.000185,39.093160,8.775289,0.704454,365.859126,0.014676,6.512224,435.108340,441.635609,441.902213,0.266604,442.034891
1163,vehicle1,1198.734000,1198.595000,943.216283,1,ok,20435,18007,1,0.162922,0.006858,0.000244,0.083189,11.752088,10.224101,0.000196,36.884612,10.689964,0.719129,329.014669,0.013930,9.248416,399.367948,408.630538,409.113124,0.482586,409.282904
1164,vehicle1,1198.906000,1198.793000,943.986393,1,ok,20403,17983,1,0.099854,0.006725,0.000251,0.086040,10.955891,8.449659,0.000160,37.680457,8.606823,0.730582,295.944409,0.004049,7.338419,362.454021,369.796740,370.198080,0.401340,370.304659
1165,vehicle1,1199.155000,1198.990000,944.842108,1,ok,20303,17857,1,0.073337,0.006196,0.000298,0.076225,12.273460,9.890750,0.000075,36.395370,8.732513,0.696955,334.793839,0.004550,7.986382,402.859187,410.850417,411.279278,0.428861,411.358811
1166,vehicle1,1199.325000,1199.194000,945.627683,1,ok,20213,17728,1,0.187142,0.006507,0.000408,0.068751,11.394866,9.490550,0.000195,38.141390,8.951935,0.735022,325.746881,0.005609,7.778331,394.529590,402.313938,402.613928,0.299990,402.807577
1167,vehicle1,1199.534000,1199.394000,946.429857,1,ok,20234,17734,1,0.096089,0.006301,0.000325,0.070205,10.100140,9.923330,0.000403,37.327775,8.467709,0.697177,323.999203,0.003898,7.768744,390.585942,398.358909,398.869093,0.510184,398.971483
1168,vehicle1,1199.718000,1199.595000,947.225280,1,ok,20235,17725,1,0.155422,0.006688,0.000129,0.067603,10.126319,8.874710,0.000152,36.718267,7.939340,0.730082,313.088955,0.036619,9.279671,377.545428,386.861847,387.567684,0.705837,387.729794
1169,vehicle1,1199.950000,1199.792000,948.036054,1,ok,20277,17729,1,0.095326,0.006039,0.000275,0.075947,8.961530,11.724450,0.000116,37.891239,9.001064,0.700416,320.392183,0.012253,8.676365,388.746945,397.435838,397.822344,0.386506,397.923709
1170,vehicle1,1200.170000,1199.995000,948.844673,1,ok,20226,17618,1,0.093597,0.546658,0.000289,0.060067,10.636777,8.245581,0.000095,36.824856,9.364322,0.866569,355.400156,0.003878,6.543991,421.398423,427.946581,428.248802,0.302221,428.889057
1171,vehicle1,1200.349000,1200.193000,949.649167,1,ok,20173,17510,1,0.115790,0.014009,0.000182,0.051434,10.944066,9.462114,0.000107,37.826631,9.228356,1.006491,349.950971,0.003204,7.593699,418.470170,426.067255,426.442102,0.374847,426.571901
1172,vehicle1,1200.585000,1200.394000,950.535336,1,ok,20000,17318,1,0.189268,0.011885,0.000237,0.071479,19.938101,8.074764,0.000282,38.757089,12.207392,0.912691,419.384370,0.013610,7.017160,499.346168,506.377175,507.065467,0.688292,507.266620
1173,vehicle1,1200.786000,1200.592000,951.278700,1,ok,19930,17196,1,0.197985,0.007106,0.000354,0.081067,13.493087,8.429884,0.000157,41.116462,9.321326,0.703087,367.022006,0.012692,6.936856,440.167076,447.116978,447.354525,0.237547,447.559616
1174,vehicle1,1200.988000,1200.792000,952.076652,1,ok,19971,17093,1,0.070234,0.007575,0.000276,0.083457,13.455790,10.303820,0.000109,38.890490,10.025211,0.849106,395.926862,0.005787,6.234313,469.534845,475.775221,476.212998,0.437777,476.290807
1175,vehicle1,1201.176000,1200.990000,952.853255,1,ok,20054,17078,1,0.195156,0.008191,0.000299,0.081076,11.507806,13.002100,0.000195,36.189800,9.678673,0.725778,354.798156,0.004086,7.624028,425.983584,433.611997,434.114357,0.502360,434.317704
1176,vehicle1,1201.387000,1201.197000,953.741448,1,ok,20078,17100,1,0.233047,0.011296,0.000451,0.078136,22.301912,8.931176,0.000139,38.150849,12.018749,0.928827,432.474065,0.006751,6.808064,514.883853,521.699119,522.020831,0.321712,522.265174
1177,vehicle1,1201.588000,1201.394000,954.560509,1,ok,20154,17245,1,0.096868,0.009702,0.000221,0.072316,14.964517,8.718847,0.000239,37.493920,12.111688,0.730609,441.279690,0.005322,7.393727,515.371826,522.771096,523.299150,0.528054,523.405720
1178,vehicle1,1201.792000,1201.595000,955.388959,1,ok,20280,17454,1,0.091820,0.006845,0.000225,0.089797,17.746002,18.961719,0.000092,35.647973,10.363994,0.877876,445.006710,0.016684,7.237391,528.694163,535.948463,536.380626,0.432163,536.479291
1179,vehicle1,1201.987000,1201.797000,956.188535,1,ok,20322,17606,1,0.099922,0.005239,0.000191,0.049411,11.699289,8.497359,0.000127,41.929677,10.332308,0.704495,472.543464,0.004282,7.351309,545.756130,553.111912,553.379840,0.267928,553.485001
1180,vehicle1,1202.187000,1201.995000,956.991078,1,ok,20427,17755,1,0.191612,0.005962,0.000320,0.067643,15.020411,8.655584,0.000100,42.432880,10.332587,0.695489,453.476097,0.003863,7.610302,530.680791,538.295276,538.526271,0.230995,538.723845
1181,vehicle1,1202.386000,1202.196000,957.799161,1,ok,20485,17854,1,0.211014,0.008736,0.000607,0.129979,17.206495,8.449780,0.000139,39.952795,10.826950,0.719594,443.002854,0.003514,7.374244,520.288586,527.666951,528.074393,0.407442,528.294143
1182,vehicle1,1202.587000,1202.394000,958.609154,1,ok,20568,17958,1,0.078467,0.008889,0.000277,0.073652,10.194380,9.196400,0.000095,37.116588,11.163148,0.738879,444.370361,0.003074,9.261324,512.853503,522.118178,522.423993,0.305815,522.511349
1183,vehicle1,1202.789000,1202.591000,959.420924,1,ok,20583,18062,1,0.116030,0.006704,0.000206,0.076954,12.318593,8.073661,0.000090,40.740559,10.862602,0.708568,461.678973,0.012107,6.883037,534.460000,541.355350,541.602107,0.246757,541.724841
1184,vehicle1,1202.989000,1202.796000,960.201858,1,ok,20690,18223,1,0.184254,0.007080,0.000327,0.080625,10.977529,8.860474,0.000123,38.098351,10.173300,0.721021,451.320628,0.004511,7.466337,520.232051,527.703226,528.025018,0.321792,528.216352
1185,vehicle1,1203.188000,1202.997000,961.003451,1,ok,20722,18292,1,0.100902,0.008381,0.000340,0.062142,10.732270,8.067899,0.000083,38.333916,10.622754,0.715861,452.412206,0.003565,7.881374,520.947131,528.832410,529.088455,0.256045,529.197738
1186,vehicle1,1203.388000,1203.196000,961.780888,1,ok,20728,18339,1,0.096999,0.594609,0.000369,0.079634,11.973502,12.167915,0.000101,35.861935,10.367647,0.707132,430.998605,0.004064,7.075345,502.156471,509.236249,509.502690,0.266441,510.194298
1187,vehicle1,1203.588000,1203.393000,962.550005,1,ok,20705,18356,1,0.408667,0.010221,0.000276,0.089729,10.114803,7.722632,0.000179,37.319272,8.653554,0.754076,405.873008,0.002855,6.452630,470.527253,476.983014,477.252666,0.269652,477.671554
1188,vehicle1,1203.786000,1203.595000,963.324085,1,ok,20796,18468,1,0.195796,0.008270,0.000395,0.057925,8.949421,8.531661,0.000146,37.923247,9.514087,0.748852,405.678893,0.004202,8.604896,471.404232,480.013725,480.429290,0.415565,480.633356
1189,vehicle1,1203.987000,1203.794000,964.091961,1,ok,20864,18504,1,0.178349,0.005492,0.000222,0.053043,7.507042,7.752750,0.000083,35.845439,11.212468,0.714129,416.504613,0.021227,8.362854,479.589567,487.973870,488.354612,0.380742,488.538453
1190,vehicle1,1204.189000,1203.994000,964.916451,1,ok,20914,18489,1,0.203731,0.006709,0.000493,0.090259,9.369218,8.824539,0.000129,38.895830,9.581979,0.720046,450.987952,0.003766,7.611713,518.469952,526.085924,526.398924,0.313000,526.609364
1191,vehicle1,1204.387000,1204.196000,965.696065,1,ok,20919,18442,1,0.077468,0.007770,0.000444,0.076128,9.929641,9.424854,0.000271,38.649619,9.911725,0.889546,446.207697,0.004227,8.335233,515.089481,523.429385,523.731416,0.302031,523.816654
1192,vehicle1,1204.587000,1204.395000,966.464324,1,ok,20906,18402,1,0.170193,0.008148,0.000217,0.086006,12.560207,11.434530,0.000099,38.276314,9.861047,0.699402,445.765219,0.003261,9.804761,518.682824,528.491063,528.808139,0.317076,528.986480
1193,vehicle1,1204.785000,1204.594000,967.252473,1,ok,20949,18430,1,0.069201,0.004260,0.000237,0.059146,9.662075,7.909239,0.000121,39.312548,10.725631,1.004869,458.713754,0.037658,6.963002,527.387383,534.388280,534.942825,0.554545,535.016286
1194,vehicle1,1204.987000,1204.792000,968.037594,1,ok,20976,18456,1,0.171823,0.013561,0.000285,0.078353,19.457895,9.156699,0.000101,41.187878,12.420490,0.729605,441.538985,0.012433,6.972163,524.570006,531.554887,531.915257,0.360370,532.100641
1195,vehicle1,1205.195000,1204.994000,968.849077,1,ok,21287,18741,1,0.091935,0.007042,0.000216,0.078556,18.097317,8.142492,0.000072,41.486011,13.032202,0.923978,488.078288,0.005676,7.383744,569.838916,577.228552,577.538452,0.309900,577.637429
1196,vehicle1,1205.393000,1205.195000,969.605662,1,ok,21856,19135,1,0.185201,0.006169,0.000281,0.081562,17.696725,10.282750,0.000085,40.434399,11.419765,0.774807,483.672372,0.003907,6.952525,564.362465,571.319178,571.597454,0.278276,571.788824
1197,vehicle1,1205.597000,1205.393000,970.384353,1,ok,22313,19496,1,0.088156,0.006530,0.000291,0.086508,15.774468,9.149605,0.000096,41.640631,11.239707,0.985777,502.954437,0.003985,6.306350,581.831229,588.141855,588.456596,0.314741,588.551282
1198,vehicle1,1205.794000,1205.597000,971.118461,1,ok,22340,19621,1,0.176277,0.007206,0.000261,0.081885,13.296597,8.424017,0.000146,42.996419,11.065961,0.759584,497.446528,0.003355,6.177168,574.071137,580.251921,580.565175,0.313254,580.748658
1199,vehicle1,1205.995000,1205.794000,971.879490,1,ok,22314,19721,1,0.176245,0.007589,0.000239,0.082226,21.727115,9.786407,0.000242,40.987267,13.602077,0.728539,484.696401,0.037485,6.867319,571.610274,578.515317,578.932805,0.417488,579.116639
1200,vehicle1,1206.194000,1205.995000,972.659844,1,ok,22591,19971,1,0.104360,0.008478,0.000324,0.089129,13.965782,7.663756,0.000103,45.351663,11.368638,0.707313,507.107064,0.004351,7.074047,586.253448,593.332170,593.549776,0.217606,593.662614
1201,vehicle1,1206.394000,1206.194000,973.443364,1,ok,22774,20150,1,0.086520,0.007708,0.000184,0.085295,13.486527,8.949486,0.000130,40.030822,13.341382,0.997386,509.025480,0.003745,6.830842,585.916508,592.751279,593.218681,0.467402,593.312909
1202,vehicle1,1206.595000,1206.394000,974.190026,1,ok,22860,20284,1,0.116977,0.010381,0.000332,0.077954,10.121450,8.024067,0.000097,38.681982,12.481101,0.887151,477.483900,0.004950,6.370000,547.757702,554.132984,554.434389,0.301405,554.561747
1203,vehicle1,1206.796000,1206.595000,974.987096,1,ok,22949,20334,1,0.215900,0.013295,0.000492,0.095426,14.305835,12.017831,0.000104,46.073701,15.250108,0.724695,472.830702,0.003591,6.691935,561.298402,567.994420,568.531012,0.536592,568.760207
1204,vehicle1,1206.998000,1206.796000,975.798431,1,ok,23122,20493,1,0.174053,0.004986,0.000181,0.075772,15.092076,11.094535,0.000191,52.571589,13.082562,0.758803,489.420225,0.035128,7.149891,582.095753,589.280953,589.545989,0.265036,589.725028
1205,vehicle1,1207.195000,1206.998000,976.588795,1,ok,23365,20655,1,0.210348,0.006831,0.000225,0.085642,16.206042,11.745882,0.000156,41.129488,13.724308,0.912152,498.945712,0.003495,6.183333,582.749382,588.936435,589.263588,0.327153,589.480767
1206,vehicle1,1207.396000,1207.195000,977.328231,1,ok,23668,20856,1,0.523422,0.006308,0.000168,0.079932,12.285739,8.331721,0.000106,40.299525,12.409240,0.907202,482.320175,0.008084,8.932679,556.633640,565.574571,565.917170,0.342599,566.446900
1207,vehicle1,1207.595000,1207.396000,978.108040,1,ok,23888,21043,1,0.113920,0.021981,0.000160,0.072105,10.798518,8.155447,0.000081,40.744769,11.536048,0.715384,500.233797,0.003607,6.872393,572.256149,579.132309,579.449844,0.317535,579.585745
1208,vehicle1,1207.793000,1207.595000,978.866121,1,ok,24096,21272,1,0.096588,0.007579,0.000267,0.067719,10.751093,8.809882,0.000272,42.052696,10.679221,0.744337,467.770340,0.002363,7.308316,540.875560,548.186506,548.449128,0.262622,548.553295
1209,vehicle1,1207.996000,1207.793000,979.682645,1,ok,24271,21389,1,0.137536,0.006065,0.000196,0.088479,13.017649,10.661679,0.000125,45.236835,10.853565,0.703308,500.013324,0.010391,6.607310,580.574964,587.192861,587.503657,0.310796,587.647258
1210,vehicle1,1208.193000,1207.996000,980.456827,1,ok,24416,21481,1,0.138373,0.005419,0.000190,0.052861,9.379924,8.008154,0.000088,41.233556,11.054966,0.966894,495.170426,0.033813,6.040449,565.866869,571.941321,572.232539,0.291218,572.376331
1211,vehicle1,1208.393000,1208.193000,981.264618,1,ok,24572,21593,1,0.105700,0.009353,0.000181,0.103269,11.373009,9.610365,0.000119,42.112529,10.929324,0.957842,505.572300,0.004391,6.549503,580.658757,587.212832,587.546160,0.333328,587.661213
1212,vehicle1,1208.595000,1208.393000,982.045273,1,ok,24815,21791,1,0.223472,0.007561,0.000251,0.095025,14.338749,8.815982,0.000116,40.672146,12.695408,0.736777,520.334563,0.003543,6.923441,597.688766,604.616001,605.143974,0.527973,605.375007
1213,vehicle1,1208.790000,1208.595000,982.834156,1,ok,24941,21917,1,0.222425,0.005936,0.000255,0.083496,15.957738,8.128370,0.000084,39.896667,11.366255,0.977604,468.076630,0.005767,6.285764,544.486844,550.778630,551.222798,0.444168,551.451159
1214,vehicle1,1208.993000,1208.796000,983.632198,1,ok,25097,22136,1,0.201522,0.010049,0.000247,0.089166,11.249205,8.649104,0.000127,43.268124,11.866897,0.716645,480.539183,0.023290,6.482682,556.378451,562.884670,563.285141,0.400471,563.496712
1215,vehicle1,1209.188000,1208.993000,984.411449,1,ok,25244,22219,1,0.124665,0.008471,0.000260,0.094620,11.918429,8.145212,0.000150,43.808492,15.243034,0.783221,465.001806,0.014593,7.531564,544.994964,552.541381,553.073257,0.531876,553.206393
1216,vehicle1,1209.394000,1209.195000,985.241651,1,ok,25391,22297,1,0.250305,0.006284,0.000512,0.087998,15.516065,8.600241,0.000080,42.733109,12.790754,0.836189,464.853297,0.088893,7.342949,545.417733,552.850087,553.144365,0.294278,553.400954
1217,vehicle1,1209.595000,1209.394000,986.027417,1,ok,25567,22490,1,0.115718,0.011176,0.000274,0.093427,12.842663,7.654412,0.000096,41.640862,14.185744,0.928426,471.695774,0.004957,7.655599,549.041404,556.702234,557.018163,0.315929,557.145057
1218,vehicle1,1209.797000,1209.595000,986.813468,1,ok,25696,22655,1,0.318509,4.747597,0.000205,0.085996,12.509137,9.050658,0.000076,43.190276,12.524047,0.721087,487.567129,0.003873,6.848363,565.648406,572.500847,572.838614,0.337767,577.904720
1219,vehicle1,1209.994000,1209.797000,987.625169,1,ok,25759,22733,1,0.230697,0.008770,0.000214,0.079036,15.297465,7.578055,0.000118,43.142927,13.380026,0.892372,490.388635,0.004998,10.757895,570.758634,581.521741,582.160083,0.638342,582.399550
1220,vehicle1,1210.190000,1209.994000,988.322219,1,ok,25713,22694,1,0.107114,0.006095,0.000310,0.092297,12.444015,8.399998,0.000146,42.883764,11.296885,0.715870,401.148355,0.004053,7.433472,476.981330,484.419165,484.689547,0.270382,484.802756
1221,vehicle1,1210.388000,1210.198000,989.153286,1,ok,25733,22737,1,0.238089,0.007482,0.000279,0.066006,11.454795,9.384396,0.000078,40.529865,12.067819,0.823747,420.778065,0.009761,9.004086,495.104771,504.118897,504.769466,0.650569,505.015037
1222,vehicle1,1210.590000,1210.396000,989.933474,1,ok,25763,22794,1,0.136710,0.006076,0.000434,0.080715,15.346813,7.624709,0.000077,40.597338,11.310165,0.777372,392.226230,0.017051,7.804461,467.963419,475.785365,476.195322,0.409957,476.338108
1223,vehicle1,1210.787000,1210.597000,990.727151,1,ok,25876,22897,1,0.112650,0.007802,0.000157,0.093618,14.346016,9.315225,0.000085,41.783967,10.429531,0.775369,401.026688,0.009649,7.752551,477.770499,485.532856,485.967946,0.435090,486.088398
1224,vehicle1,1210.987000,1210.795000,991.597541,1,ok,26301,23250,1,0.126519,0.729918,0.000417,1.220398,17.533289,9.314775,0.000119,42.177433,11.973077,0.751981,465.293352,0.004968,7.378782,548.264424,555.648591,556.191478,0.542887,557.047915
1225,vehicle1,1211.203000,1210.995000,992.514884,1,ok,27258,23664,1,0.124122,0.007025,0.000243,0.111875,32.807471,9.035031,0.000103,43.844925,13.942069,0.972745,552.440737,0.004207,7.035456,653.154956,660.194862,660.537493,0.342631,660.668640
1226,vehicle1,1211.404000,1211.195000,993.316851,1,ok,27370,23752,1,0.273480,0.008763,0.000344,0.099037,34.280884,10.166898,0.000138,52.851945,13.111306,0.763275,544.485150,0.005877,6.521354,655.758633,662.286208,662.976269,0.690061,663.258512
1227,vehicle1,1211.594000,1211.395000,994.065807,1,ok,26245,23161,1,0.221428,0.007689,0.000148,0.089283,12.456793,10.334976,0.000143,43.081002,15.250994,0.829248,531.789983,0.055885,6.462320,613.832422,620.350775,620.839780,0.489005,621.068897
1228,vehicle1,1211.795000,1211.594000,994.888995,1,ok,25927,22986,1,0.118247,0.004607,0.000195,0.054155,13.171734,11.739475,0.000153,53.275505,11.678741,0.726713,512.854063,0.003631,7.230244,603.500539,610.734609,611.149801,0.415192,611.272655
1229,vehicle1,1211.994000,1211.795000,995.666721,1,ok,25981,23043,1,0.205908,0.004865,0.000118,0.053080,10.250445,8.551864,0.000084,42.970864,12.996136,0.893046,517.722266,0.004287,8.037455,593.437785,601.479645,601.821323,0.341678,602.032096
1230,vehicle1,1212.195000,1211.994000,996.484089,1,ok,26083,23118,1,0.129110,0.007508,0.000274,0.075938,9.967440,7.774437,0.000109,40.310718,10.333848,0.805767,520.645077,0.023367,7.836936,589.913334,597.773911,598.242332,0.468421,598.378950
1231,vehicle1,1212.404000,1212.195000,997.323818,1,ok,26149,23151,1,0.117015,0.007800,0.000219,0.095957,13.039898,11.712330,0.000108,42.468003,10.669203,0.699806,539.137106,0.003677,6.968980,617.822411,624.795287,625.135696,0.340409,625.260511
1232,vehicle1,1212.595000,1212.394000,998.040639,1,ok,26266,23245,1,0.283164,0.009518,0.000290,0.105739,11.401064,8.004649,0.000139,38.324181,10.165933,1.778794,505.998387,0.099738,7.176502,575.778886,583.055416,583.523676,0.468260,583.816358
1233,vehicle1,1212.794000,1212.595000,998.854839,1,ok,26291,23236,1,0.132465,0.008447,0.000178,0.087911,11.165830,7.988652,0.000090,38.866064,11.753388,0.815006,500.320289,0.004323,7.418126,570.997230,578.419857,578.835502,0.415645,578.976414
1234,vehicle1,1212.997000,1212.794000,999.703762,1,ok,26393,23319,1,0.150627,0.007410,0.000289,0.097017,12.031895,8.087654,0.000085,41.801154,11.486437,0.728962,541.701057,0.005681,6.656376,615.934261,622.596607,622.983827,0.387220,623.141864
1235,vehicle1,1213.196000,1212.998000,1000.541025,1,ok,26463,23394,1,0.262737,0.026842,0.000221,0.090384,14.498403,7.359395,0.000104,45.711467,13.286320,0.959596,564.318910,0.005429,7.379544,646.224579,653.609773,654.143291,0.533518,654.432870
1236,vehicle1,1213.397000,1213.196000,1001.335545,1,ok,26462,23354,1,0.272539,0.007260,0.000170,0.127223,15.395498,8.097486,0.000118,39.889589,12.423008,0.885244,529.684919,0.004530,6.239036,606.503085,612.746821,613.217530,0.470709,613.497329
1237,vehicle1,1213.595000,1213.397000,1002.140970,1,ok,26411,23308,1,0.271306,0.007234,0.000247,0.075501,12.037092,7.821626,0.000124,41.609130,13.679192,0.722293,549.995658,0.049505,7.229681,625.940616,633.220049,633.483845,0.263796,633.762385
1238,vehicle1,1213.794000,1213.595000,1002.934315,1,ok,26425,23390,1,0.101261,0.006212,0.000232,0.057402,11.730026,9.136883,0.000132,40.126088,12.345052,2.294621,560.108077,0.029488,8.743990,635.798281,644.571991,645.174813,0.602822,645.282286
1239,vehicle1,1214.002000,1213.794000,1003.770038,1,ok,26710,23664,1,0.192015,0.007407,0.000151,0.088240,15.545029,9.818046,0.000124,45.159223,12.759384,0.695058,577.533845,0.003564,8.405979,661.598949,670.008643,670.288906,0.280263,670.488328
1240,vehicle1,1214.202000,1213.996000,1004.571762,1,ok,27109,23910,1,0.117298,0.007452,0.000331,0.092926,14.423380,9.037175,0.000186,45.070766,13.619803,0.819789,575.532393,0.003938,7.659715,658.596418,666.260402,667.485256,1.224854,667.610006
1241,vehicle1,1214.400000,1214.195000,1005.355659,1,ok,27323,23971,1,0.144765,0.005915,0.000154,0.069221,15.411887,8.817752,0.000293,45.981336,12.667716,0.714732,563.461248,0.004616,7.952753,647.124185,655.081708,656.090682,1.008974,656.241362
1242,vehicle1,1214.601000,1214.392000,1006.176873,1,ok,28692,24474,1,0.119552,0.005302,0.000250,0.103481,23.618098,8.504472,0.000085,47.170337,14.351192,0.879627,598.442587,0.074845,7.316412,693.069879,700.461386,701.033392,0.572006,701.158246
1243,vehicle1,1214.804000,1214.594000,1007.020343,1,ok,28832,24492,1,0.279788,0.007680,0.000271,0.089208,22.045265,7.945804,0.000094,45.062876,14.968880,0.893337,618.145934,0.004344,7.111261,709.151398,716.267274,717.318094,1.050820,717.605562
1244,vehicle1,1215.003000,1214.796000,1007.849388,1,ok,28394,24382,1,0.221329,0.006548,0.000157,0.101905,21.221302,8.436123,0.000087,43.239580,17.978533,0.953427,634.088931,0.033190,9.057665,726.019888,735.110900,735.586849,0.475949,735.814726
1245,vehicle1,1215.200000,1214.996000,1008.683473,1,ok,27732,24229,1,0.145378,0.007847,0.000234,0.101021,13.820807,8.478618,0.000089,46.898112,14.797869,0.752680,655.102231,0.003252,6.527673,739.951427,746.482586,746.987658,0.505072,747.140883
1246,vehicle1,1215.401000,1215.194000,1009.480258,1,ok,27705,24221,1,0.107581,0.007711,0.000246,0.067372,16.215479,8.182679,0.000086,45.523566,14.969736,0.724364,633.135375,0.004183,7.547774,718.818657,726.370860,727.598796,1.227936,727.714088
1247,vehicle1,1215.603000,1215.393000,1010.263089,1,ok,27542,24064,1,0.325471,0.008957,0.000186,0.098958,16.943166,7.981613,0.000116,42.029607,12.692035,0.703412,614.788457,0.083874,7.449002,695.237364,702.770426,703.292276,0.521850,703.626704
1248,vehicle1,1215.804000,1215.595000,1011.037153,1,ok,27483,23977,1,0.142683,0.007336,0.000158,0.091323,11.850425,7.279358,0.000094,42.707842,13.890155,0.794810,599.449756,0.004290,8.526118,676.063763,684.594329,685.081646,0.487317,685.231665
1249,vehicle1,1216.004000,1215.796000,1011.829462,1,ok,27406,23935,1,0.098065,0.011974,0.000170,0.059114,11.012460,7.666068,0.000085,42.661563,12.559569,0.783323,596.874641,0.004634,6.740417,671.616823,678.362044,678.683697,0.321653,678.793736
1250,vehicle1,1216.200000,1215.996000,1012.630762,1,ok,27354,23876,1,0.136391,0.005341,0.000137,0.056759,12.893694,10.443894,0.000174,40.770409,14.708771,0.750382,592.357062,0.003653,7.885181,671.981145,679.870116,680.377851,0.507735,680.519583
1251,vehicle1,1216.399000,1216.193000,1013.453751,1,ok,27258,23820,1,0.227004,0.007911,0.000175,0.094597,16.744865,9.167900,0.000101,42.099603,14.883370,0.853144,618.634292,0.003788,6.690012,702.477872,709.171847,709.497123,0.325276,709.732038
1252,vehicle1,1216.604000,1216.394000,1014.242631,1,ok,27133,23766,1,0.160307,0.005820,0.000118,0.092057,11.312718,9.349794,0.000120,40.656462,11.691337,0.842027,617.530240,0.081428,6.866888,691.474755,698.423189,698.973384,0.550195,699.139511
1253,vehicle1,1216.800000,1216.596000,1015.063755,1,ok,27137,23742,1,0.282254,0.007116,0.000445,0.083662,13.221883,7.304247,0.000129,43.270713,12.904738,0.795142,631.228170,0.004245,7.463903,708.808684,716.277277,716.709804,0.432527,716.999174
1254,vehicle1,1217.002000,1216.794000,1015.859339,1,ok,26911,23542,1,0.137421,0.007125,0.000158,0.084868,18.157115,6.981947,0.000099,48.059768,14.624182,0.718401,645.474540,0.003731,6.253762,734.100920,740.358571,740.648177,0.289606,740.792723
1255,vehicle1,1217.200000,1216.995000,1016.644140,1,ok,26697,23308,1,0.105514,0.009224,0.000226,0.109812,15.184764,7.278341,0.000086,43.910814,15.221173,0.761866,630.425145,0.003711,6.837140,712.892001,719.733078,720.040534,0.307456,720.155272
1256,vehicle1,1217.400000,1217.195000,1017.421615,1,ok,26350,23054,1,0.276445,0.008242,0.000341,0.095215,11.271757,8.389273,0.000087,42.330417,15.400644,0.788844,617.883122,0.003486,6.597202,696.159359,702.760388,703.257293,0.496905,703.541980
1257,vehicle1,1217.600000,1217.393000,1018.202631,1,ok,26140,22795,1,0.116347,0.006872,0.000258,0.098295,12.655641,8.375952,0.000079,45.367906,15.638971,0.960467,592.145046,0.004654,8.209939,675.242357,683.457208,683.862572,0.405364,683.985791
1258,vehicle1,1217.798000,1217.592000,1019.047713,1,ok,26020,22630,1,0.131025,0.007548,0.000216,0.085376,13.847856,7.567936,0.000090,45.313663,13.685197,0.719132,621.142060,0.248375,6.690059,702.361310,709.299960,710.032395,0.732435,710.170968
1259,vehicle1,1217.997000,1217.791000,1019.800827,1,ok,25888,22501,1,0.126675,0.010440,0.000202,0.088809,12.934236,6.855628,0.000113,40.169823,14.498431,1.100258,578.211670,0.005159,7.832185,653.858968,661.696514,662.173247,0.476733,662.310362
1260,vehicle1,1218.201000,1217.991000,1020.606487,1,ok,25842,22419,1,0.206891,0.005004,0.000144,0.053140,11.323104,6.390097,0.000122,40.151117,13.499146,0.928518,564.349034,0.003975,7.888635,636.694278,644.587032,645.552774,0.965742,645.764669
1261,vehicle1,1218.395000,1218.195000,1021.374485,1,ok,25792,22331,1,0.263257,0.011985,0.000263,0.105668,11.590013,8.659097,0.000086,42.471100,12.975732,0.789424,544.754035,0.013541,7.845655,621.345155,629.204614,629.584314,0.379700,629.859556
1262,vehicle1,1218.598000,1218.395000,1022.195885,1,ok,25641,22165,1,0.243840,0.007882,0.000213,0.080904,14.034573,9.348360,0.000111,41.128748,13.530832,0.812712,570.228201,0.003972,6.894302,649.164441,656.062928,656.715307,0.652379,656.967029
1263,vehicle1,1218.803000,1218.598000,1022.997969,1,ok,25384,21961,1,0.234955,0.007812,0.000161,0.095954,13.513794,10.313440,0.000077,43.117612,16.449279,0.805498,557.676774,0.017855,8.465306,641.972428,650.455750,650.930402,0.474652,651.173169
1264,vehicle1,1218.996000,1218.796000,1023.781869,1,ok,25236,21877,1,0.121959,0.006457,0.000198,0.089976,15.415189,6.911506,0.000107,39.996863,12.228746,0.784038,556.977539,0.003935,7.188869,632.403964,639.596966,639.878159,0.281193,640.006575
1265,vehicle1,1219.193000,1218.996000,1024.556227,1,ok,25210,21880,1,0.116133,0.009041,0.000229,0.072121,12.108495,6.638148,0.000105,40.841507,14.338485,0.708860,539.295109,0.004223,6.250424,614.002830,620.257706,620.623816,0.366110,620.748990
1266,vehicle1,1219.396000,1219.193000,1025.385648,1,ok,25172,21846,1,0.077457,0.007907,0.000426,0.090542,13.493183,10.151194,0.000101,40.577722,12.257702,0.755383,554.668575,0.005314,6.343272,631.994402,638.343414,638.702480,0.359066,638.787844
1267,vehicle1,1219.596000,1219.396000,1026.137612,1,ok,25249,21863,1,0.138029,0.093146,0.000216,0.085133,13.968513,9.006697,0.000086,38.815323,14.382033,0.721110,520.699193,0.003154,6.730323,597.678088,604.411781,604.749894,0.338113,604.981069
1268,vehicle1,1219.796000,1219.597000,1026.931071,1,ok,25275,21817,1,0.136046,0.005825,0.000253,0.086009,12.234828,6.513978,0.000141,40.445037,12.292768,0.754324,511.360698,0.008478,8.467983,583.687783,592.164497,592.640959,0.476462,592.782830
1269,vehicle1,1219.993000,1219.796000,1027.736319,1,ok,25262,21780,1,0.233024,0.007212,0.000219,0.091861,14.171740,7.433099,0.000255,42.928240,15.897688,0.960144,527.082036,0.057965,6.513434,608.565063,615.136681,615.455139,0.318458,615.695375
1270,vehicle1,1220.195000,1219.993000,1028.496046,1,ok,25166,21696,1,0.199729,0.007035,0.000228,0.088210,10.744861,7.958826,0.000099,38.883498,14.081534,0.758303,503.482209,0.003455,7.013460,575.997540,583.014683,583.339662,0.324979,583.546426
1271,vehicle1,1220.397000,1220.195000,1029.278558,1,ok,24995,21522,1,0.109499,0.016974,0.000207,0.074004,10.969557,6.826705,0.000162,41.351137,11.944743,0.700325,497.031518,0.003925,7.097166,568.898151,575.999449,576.332198,0.332749,576.458671
1272,vehicle1,1220.594000,1220.397000,1030.053233,1,ok,24902,21444,1,0.233778,0.011399,0.000445,0.092159,11.520006,6.514131,0.000114,38.931740,11.006908,0.767126,489.234858,0.005663,7.956020,558.067042,566.029170,566.530331,0.501161,566.775508
1273,vehicle1,1220.794000,1220.594000,1030.869488,1,ok,24837,21418,1,0.121003,0.523432,0.005415,0.071955,9.502196,6.533649,0.000188,37.286278,12.108850,0.716310,496.005107,0.014425,7.490322,562.224533,569.734695,570.151868,0.417173,570.796303
1274,vehicle1,1220.992000,1220.794000,1031.689356,1,ok,24754,21373,1,0.136169,0.007959,0.000266,0.078962,9.517201,5.755860,0.000100,40.242791,15.949969,1.025570,498.716203,0.004498,7.779339,571.286656,579.070759,579.599734,0.528975,579.743862
1275,vehicle1,1221.194000,1220.997000,1032.500352,1,ok,24688,21317,1,0.118187,0.252975,0.000309,0.077369,12.483092,6.582218,0.000087,37.774180,11.927360,0.757541,504.097049,0.016100,6.260975,573.698896,579.976280,580.440147,0.463867,580.811309
1276,vehicle1,1221.395000,1221.194000,1033.256674,1,ok,24692,21352,1,0.227220,0.665208,0.000344,0.072835,11.385611,7.245252,0.000113,39.581786,14.365314,0.878620,481.737721,0.003438,7.504798,555.267252,562.775832,563.213075,0.437243,564.105503
1277,vehicle1,1221.590000,1221.395000,1034.060877,1,ok,24630,21361,1,0.213155,0.009459,0.000197,0.095300,13.307341,6.235880,0.000156,40.864775,13.034137,0.740048,494.888477,0.003195,6.648568,569.166114,575.818074,576.183351,0.365277,576.405965
1278,vehicle1,1221.795000,1221.596000,1034.945387,1,ok,24661,21447,1,0.119778,0.009483,0.000426,0.084275,13.438582,6.324634,0.000123,39.492573,12.378083,0.699320,529.668379,0.004199,7.083382,602.085969,609.173976,609.603124,0.429148,609.732385
1279,vehicle1,1221.999000,1221.795000,1035.707913,1,ok,24780,21605,1,0.128602,0.006091,0.000237,0.051509,14.906287,6.666194,0.000095,40.616258,12.111181,0.707135,512.054766,0.005259,7.354651,587.113425,594.473572,594.874616,0.401044,595.009309
1280,vehicle1,1222.210000,1221.999000,1036.497052,1,ok,24942,21758,1,0.223090,0.006720,0.000231,0.087150,12.244820,6.634885,0.000129,34.760433,13.589380,0.695491,533.545723,0.014547,7.576217,601.558011,609.149006,609.504995,0.355989,609.734805
1281,vehicle1,1222.614000,1222.397000,1037.972453,1,ok,25076,21850,1,0.326765,0.008667,0.000196,0.083277,11.867696,6.654759,0.000183,37.657222,14.295378,0.754535,579.296112,0.004020,7.392802,650.609162,658.006180,658.309657,0.303477,658.645089
1282,vehicle1,1222.816000,1222.607000,1038.777181,1,ok,25264,21962,1,1.305221,0.007846,0.000266,0.084417,13.506105,8.188065,0.000167,41.441039,12.194239,0.735279,600.365452,0.011664,7.143610,676.514763,683.670303,684.067665,0.397362,685.380732
1283,vehicle1,1223.103000,1222.896000,1039.911672,1,ok,25375,21973,1,0.097090,0.012456,0.000329,0.101946,10.829435,6.807127,0.000169,41.995538,13.163784,0.712553,616.506517,0.005328,7.112898,690.117069,697.235624,697.585291,0.349667,697.694837
1284,vehicle1,1223.304000,1223.096000,1040.712802,1,ok,25527,22043,1,0.133026,0.008309,0.000457,0.069278,10.416439,6.536260,0.000130,37.635470,14.952761,0.740313,643.787819,0.020211,7.524142,714.138470,721.683280,722.148091,0.464811,722.289426
1285,vehicle1,1223.544000,1223.298000,1041.623071,1,ok,25220,21883,1,0.130657,0.014581,0.000182,0.081539,24.054357,5.156485,0.000099,42.171416,18.563025,0.763803,703.186931,0.004168,10.347163,793.977655,804.329168,804.735307,0.406139,804.880545
1286,vehicle1,1223.713000,1223.497000,1042.408408,1,ok,25117,21874,1,0.230851,7.931010,0.000089,0.103859,16.966570,5.808943,0.000104,42.027605,15.380268,0.715430,697.193844,0.003363,6.778691,778.196623,784.978766,785.299371,0.320605,793.461232
1287,vehicle1,1223.912000,1223.697000,1043.228080,1,ok,24920,21785,1,0.131752,1.000023,0.000362,0.103767,14.726343,5.749969,0.000224,41.779844,15.120704,0.722990,706.675788,0.003230,8.085584,784.879629,792.968805,793.341661,0.372856,794.473436
1288,vehicle1,1224.152000,1223.896000,1044.071779,1,ok,24682,21586,1,0.309201,0.017978,0.000277,0.148578,17.614090,6.083885,0.000090,46.455979,18.879456,0.713670,720.265679,0.003017,7.280181,810.161427,817.444902,817.935344,0.490442,818.262523
1289,vehicle1,1224.392000,1224.098000,1044.910298,1,ok,24648,21522,1,0.135019,16.434117,0.000075,0.050518,15.882873,6.406157,0.000163,43.251744,14.470052,0.950977,750.834372,0.014330,6.301862,831.846856,838.163123,838.496162,0.333039,855.065298
1290,vehicle1,1224.589000,1224.300000,1045.694225,1,ok,25002,21763,1,0.194139,68.175373,0.000095,0.047102,10.440507,5.162880,0.000111,38.453370,14.010070,0.862751,706.888940,0.004279,7.736491,775.865731,783.606596,783.900838,0.294242,852.270350
1291,vehicle1,1224.789000,1224.498000,1046.517347,1,ok,25415,22084,1,0.217704,68.664269,0.000073,0.054197,16.186902,4.960893,0.000117,39.886670,18.544086,0.978964,735.126327,0.005047,6.655153,815.738156,822.398429,823.096072,0.697643,891.978045
1292,vehicle1,1224.990000,1224.698000,1047.335382,1,ok,25800,22435,1,0.139440,69.768996,0.000077,0.054889,14.093486,4.437933,0.000096,40.291210,16.791183,0.784609,734.709096,0.003173,6.445373,811.162502,817.611125,818.006507,0.395382,887.914943
1293,vehicle1,1225.192000,1224.896000,1048.175909,1,ok,25883,22505,1,0.251466,86.259101,0.000076,0.049836,16.116773,4.364937,0.000148,41.965817,15.348140,0.968016,754.107869,0.003875,7.142497,832.921536,840.067984,840.497028,0.429044,927.007595
1294,vehicle1,1225.398000,1225.099000,1049.004981,1,ok,25899,22467,1,0.092623,129.519878,0.000069,0.053425,15.901517,5.174108,0.000114,40.626384,18.500735,1.298880,739.480041,0.093167,7.243947,821.035204,828.372387,829.049682,0.677295,958.662183
1295,vehicle1,1225.598000,1225.301000,1049.830862,1,ok,25670,22253,1,0.093085,173.336357,0.000114,0.079514,15.502754,4.849666,0.000165,44.770901,15.356486,0.739311,737.359138,0.004533,6.850246,818.657935,825.512828,825.840928,0.328100,999.270370
1296,vehicle1,1225.797000,1225.499000,1050.684587,1,ok,25477,22103,1,0.110728,196.350516,0.000085,0.064105,13.779983,4.054484,0.000157,42.797903,19.785170,0.756124,765.163358,0.004279,7.013027,846.401284,853.418675,853.692147,0.273472,1050.153391
1297,vehicle1,1226.008000,1225.696000,1051.534894,1,ok,25403,22109,1,0.267106,248.511502,0.000069,0.054849,15.946835,5.610097,0.000085,44.559285,17.084299,0.727347,757.312067,0.003740,8.368238,841.294864,849.666911,850.271394,0.604483,1099.050002
1298,vehicle1,1226.207000,1225.900000,1052.384092,1,ok,25721,22468,1,0.094474,291.638632,0.000075,0.069385,14.085573,4.020539,0.000131,41.590491,20.776419,0.893987,758.720330,0.004661,8.526113,840.156855,848.687704,849.160950,0.473246,1140.894056
1299,vehicle1,1226.456000,1226.098000,1053.263287,1,ok,25899,22644,1,0.568399,343.557611,0.000066,0.056405,22.055096,5.592056,0.000226,59.148515,18.815567,0.775661,763.797549,0.118751,8.367315,870.241075,878.727207,879.167560,0.440353,1223.293570
1300,vehicle1,1226.692000,1226.300000,1054.107262,1,ok,26014,22824,1,0.118588,415.340639,0.000126,0.107232,15.881825,5.040539,0.000116,42.935745,15.211635,0.725494,756.809047,0.004039,6.863980,836.711633,843.579778,843.939937,0.360159,1259.399164
1301,vehicle1,1226.892000,1226.498000,1054.930019,1,ok,26194,23132,1,0.117719,496.403082,0.000086,0.088482,13.070301,3.801691,0.000097,40.397158,18.783316,0.724390,738.794452,0.003669,6.749406,815.659887,822.413048,822.718254,0.305206,1319.239055
1302,vehicle1,1227.099000,1226.701000,1055.769753,1,ok,26424,23392,1,0.214350,542.729887,0.000081,0.081528,17.801556,4.287329,0.000198,42.503589,16.071479,0.724348,749.533485,0.015224,8.233381,831.003512,839.252198,839.692227,0.440029,1382.636464
1303,vehicle1,1227.298000,1226.899000,1056.573054,1,ok,26749,23718,1,0.292205,564.680727,0.000183,0.056064,15.306962,3.822600,0.000118,41.615220,14.939415,0.847519,719.165842,0.003802,7.128100,795.753740,802.885825,803.265714,0.379889,1368.238646
1304,vehicle1,1227.499000,1227.099000,1057.397814,1,ok,27222,24144,1,0.094673,618.063946,0.000071,0.056610,15.579648,5.105392,0.000091,39.427667,17.608444,0.717762,736.897836,0.055161,8.820175,815.393450,824.268857,824.615245,0.346388,1442.773864
1305,vehicle1,1227.700000,1227.298000,1058.215836,1,ok,27623,24484,1,0.231716,634.744194,0.000098,0.094994,18.744442,3.739911,0.000091,41.192066,17.647811,0.945585,729.025013,0.003673,6.155422,811.389913,817.549106,817.976439,0.427333,1452.952349
1306,vehicle1,1227.903000,1227.499000,1058.998148,1,ok,27772,24573,1,0.140513,641.113204,0.000076,0.053844,11.477408,3.701213,0.000128,47.471384,16.496435,0.959221,694.908194,0.009116,6.743206,775.067827,781.820225,782.287562,0.467337,1423.541279
1307,vehicle1,1228.107000,1227.700000,1059.796172,1,ok,27740,24549,1,0.134994,657.680873,0.000071,0.056840,14.356784,4.511420,0.000108,42.148132,16.755076,0.714549,712.236797,0.006664,6.883854,790.779706,797.670295,797.993531,0.323236,1455.809398
1308,vehicle1,1228.303000,1227.896000,1060.577387,1,ok,27741,24539,1,0.178624,665.634191,0.000068,0.056334,16.090405,3.820260,0.000118,38.586221,16.411641,0.709150,698.402751,0.004994,6.761827,774.076880,780.843769,781.192090,0.348321,1447.004905
1309,vehicle1,1228.498000,1228.099000,1061.332495,1,ok,27726,24518,1,0.104194,650.254590,0.000070,0.056007,12.428586,4.563382,0.000099,37.140532,15.874431,0.750135,676.426922,0.003812,7.219861,747.240094,754.463837,755.072669,0.608832,1405.431453
1310,vehicle1,1228.691000,1228.303000,1062.093319,1,ok,27708,24480,1,0.249173,612.852555,0.000074,0.056223,13.317020,4.717947,0.000100,39.033974,16.336052,0.819294,679.798912,0.014586,6.448539,754.079522,760.542721,760.801234,0.258513,1373.902962
1311,vehicle1,1228.891000,1228.498000,1062.837875,1,ok,27620,24379,1,0.232601,553.191271,0.000092,0.090288,14.178683,3.843194,0.000094,37.630509,15.508503,0.704307,664.597440,0.004138,7.680667,736.553018,744.237915,744.526254,0.288339,1297.950126
1312,vehicle1,1229.080000,1228.697000,1063.615127,1,ok,27560,24283,1,0.141417,484.826722,0.000070,0.057774,15.310440,3.612005,0.000201,38.753250,16.052587,0.891714,695.144844,0.003939,7.044643,769.822815,776.871467,777.222134,0.350667,1262.190273
1313,vehicle1,1229.294000,1228.900000,1064.362068,1,ok,27459,24143,1,0.387583,450.547901,0.000089,0.055530,12.578049,4.128617,0.000099,33.417221,14.749713,0.967861,673.701747,0.003985,6.971044,739.598837,746.573955,746.911257,0.337302,1197.846741
1314,vehicle1,1229.491000,1229.198000,1065.121741,1,ok,27434,24103,1,0.355560,86.031088,0.000106,0.085660,16.534514,4.758260,0.000111,36.671193,17.521153,0.722091,675.974082,0.005627,6.666401,752.267064,758.939198,759.630489,0.691291,846.017137
1315,vehicle1,1229.674000,1229.399000,1065.877394,1,ok,27386,24085,1,0.130824,81.357014,0.000084,0.060770,12.460107,4.608902,0.000092,39.386108,15.477565,0.719564,675.873908,0.003917,6.729616,748.587016,755.320633,755.622506,0.301873,837.110344
1316,vehicle1,1229.833000,1229.600000,1066.644439,1,ok,27348,24045,1,0.130503,39.643356,0.000084,0.084606,12.140777,5.046144,0.000131,35.728653,14.805230,0.934211,691.278627,0.055041,6.592413,760.018379,766.665917,767.020123,0.354206,806.793982
1317,vehicle1,1230.039000,1229.798000,1067.436461,1,ok,27330,23990,1,0.290369,0.008128,3.688191,0.267433,15.572132,4.077695,0.000092,36.874618,14.184534,0.891363,706.747533,0.004197,6.943679,778.615400,789.251467,789.797038,0.545571,790.095535
1318,vehicle1,1230.235000,1229.998000,1068.213580,1,ok,27355,24012,1,0.091076,1.901115,0.000095,0.087413,11.155192,4.784959,0.000099,35.897510,14.686051,0.911751,701.083144,0.004472,7.844603,768.606119,776.455289,777.081498,0.626209,779.073689
1319,vehicle1,1230.434000,1230.197000,1068.988439,1,ok,27327,24002,1,0.252486,1.079244,0.000090,0.083307,11.590162,4.521706,0.000111,37.867700,12.716290,0.718066,698.983694,0.003652,7.803483,766.481036,774.288261,774.818562,0.530301,776.150292
1320,vehicle1,1230.691000,1230.403000,1069.820425,1,ok,27239,23909,1,0.193174,0.012666,0.000605,0.163359,14.841482,3.902494,0.000037,38.095279,17.576950,0.897646,747.431892,0.007216,7.040883,822.909139,829.957843,830.435101,0.477258,830.640941
1321,vehicle1,1230.892000,1230.599000,1070.648737,1,ok,27155,23840,1,0.124655,78.547460,0.000073,0.082727,13.499609,3.866629,0.000103,35.083871,15.046348,0.789060,753.099287,0.071252,6.239597,821.467634,827.778556,828.260718,0.482162,906.932833
1322,vehicle1,1231.099000,1230.799000,1071.460788,1,ok,27155,23891,1,0.221327,131.820072,0.000068,0.060473,11.198292,4.613789,0.000088,36.899877,15.568225,0.718448,733.323803,0.015730,9.261316,802.382995,811.660109,812.021670,0.361561,944.063069
1323,vehicle1,1231.304000,1230.999000,1072.296684,1,ok,27208,23972,1,0.111752,189.378100,0.000095,0.092482,11.113807,4.033147,0.000035,35.135135,15.798791,0.901950,761.246674,0.003801,7.019931,828.322021,835.345848,835.855709,0.509861,1025.345561
1324,vehicle1,1231.522000,1231.197000,1073.174803,1,ok,26960,23792,1,0.122420,247.655192,0.000068,0.054725,12.021212,4.432475,0.000107,41.469611,17.074898,0.762460,794.566780,0.015576,7.409601,870.382268,877.807513,878.085184,0.277671,1125.862796
1325,vehicle1,1231.799000,1231.398000,1074.117627,1,ok,26665,23623,1,0.306718,352.883624,0.000093,0.065440,19.857142,6.808195,0.000094,41.568544,18.490984,0.768651,846.795952,0.004155,7.893581,934.355002,942.252831,942.783548,0.530717,1295.973890
1326,vehicle1,1232.030000,1231.600000,1075.076553,1,ok,26571,23473,1,0.236342,538.139117,0.000087,0.083293,18.628824,4.294475,0.000136,42.803482,18.700117,0.866113,865.092197,0.019676,7.798765,950.468637,958.287165,958.898061,0.610896,1497.273520
1327,vehicle1,1232.305000,1231.799000,1076.079163,1,ok,26563,23439,1,0.116666,751.611634,0.000078,0.076085,14.856563,5.070470,0.000139,42.985674,16.386907,0.734231,915.163275,0.004790,6.644456,995.273344,1001.922668,1002.574822,0.652154,1754.303122
1328,vehicle1,1232.591000,1232.201000,1076.996727,1,ok,26577,23340,1,0.122476,276.649879,0.000089,0.065427,18.273849,4.279989,0.000140,43.266561,19.023158,0.953043,823.467112,0.004330,7.433491,909.329279,916.767189,917.534647,0.767458,1194.307002
1329,vehicle1,1232.802000,1232.400000,1077.890995,1,ok,26555,23278,1,0.130456,414.666166,0.000100,0.081781,11.843901,3.941556,0.000026,43.004425,16.346758,0.711624,809.917415,0.003821,7.922133,885.847486,893.773540,894.226575,0.453035,1309.023197
1330,vehicle1,1233.006000,1232.598000,1078.777885,1,ok,26589,23320,1,0.136900,562.307335,0.000091,0.091436,11.547654,5.362685,0.000134,40.832368,15.619315,0.841128,804.078689,0.003475,7.912716,878.373409,886.289691,886.847401,0.557710,1449.291636
1331,vehicle1,1233.292000,1232.802000,1079.719577,1,ok,26644,23396,1,0.185340,673.357617,0.000100,0.090578,19.011055,3.989135,0.000132,41.768820,19.502623,0.754421,848.742173,0.015588,7.425256,933.858937,941.299881,941.661435,0.361554,1615.204392
1332,vehicle1,1233.504000,1233.200000,1080.671309,1,ok,26600,23357,1,0.102535,113.836371,0.000068,0.057750,19.277927,4.179545,0.000115,42.516847,18.225968,0.747897,858.094451,0.016963,7.944569,943.100500,951.062100,951.697061,0.634961,1065.635967
1333,vehicle1,1233.795000,1233.401000,1081.600138,1,ok,26566,23249,1,0.138662,317.781160,0.000076,0.087896,11.398777,4.996355,0.000143,40.135235,18.445797,0.735124,844.403993,0.006885,7.770882,920.203320,927.981163,928.788274,0.807111,1246.708096
1334,vehicle1,1234.005000,1233.598000,1082.535950,1,ok,26466,23035,1,0.103789,487.996807,0.000071,0.058733,12.051447,4.406706,0.000123,44.106941,16.129386,0.694505,847.998889,0.005118,9.859642,925.446730,935.311561,935.780585,0.469024,1423.881181
1335,vehicle1,1234.293000,1233.801000,1083.433716,1,ok,26383,22811,1,0.116034,669.263738,0.000070,0.052555,10.574320,4.229705,0.000101,39.649916,16.509194,1.042002,818.208188,0.019645,6.961616,890.265981,897.247312,897.743238,0.495926,1567.123010
1336,vehicle1,1234.504000,1234.198000,1084.352317,1,ok,26092,22391,1,0.216519,93.018489,0.000119,0.077410,15.627077,4.060952,0.000114,40.748964,15.367050,0.898306,835.067680,0.006955,6.204619,911.847553,918.059246,918.566203,0.506957,1011.801211
1337,vehicle1,1234.770000,1234.399000,1085.258390,1,ok,25917,22309,1,0.236431,280.124467,0.000073,0.054430,11.645868,3.984212,0.000089,38.279201,19.062196,0.856401,824.129573,0.003859,7.299996,898.011970,905.315898,906.041056,0.725158,1186.401954
1338,vehicle1,1234.999000,1234.600000,1086.147881,1,ok,25705,22153,1,0.354570,409.381832,0.000079,0.053982,11.339006,5.496468,0.000117,41.081476,15.366161,0.834499,807.260478,0.004009,7.444946,881.432187,888.881221,889.454274,0.573053,1299.190676
1339,vehicle1,1235.206000,1234.800000,1086.994548,1,ok,25267,21832,1,0.123694,546.703182,0.000090,0.095680,12.626330,4.900554,0.000079,42.130726,15.356622,0.713018,763.452378,0.003649,6.926934,839.275387,846.206060,846.630244,0.424184,1393.457120
1340,vehicle1,1235.420000,1234.999000,1087.852986,1,ok,24605,21281,1,0.218135,631.179219,0.000072,0.052135,11.750477,4.219956,0.000078,39.554266,14.736411,0.971182,777.966371,0.085876,8.538960,849.250876,857.875784,858.413399,0.537615,1489.810753
1341,vehicle1,1235.691000,1235.199000,1088.704588,1,ok,23958,20766,1,0.089166,714.728228,0.000104,0.144991,12.616934,4.577634,0.000131,40.948793,15.835132,0.744749,768.989259,0.004354,7.326865,843.857623,851.188946,851.563616,0.374670,1566.381010
1342,vehicle1,1235.896000,1235.598000,1089.532513,1,ok,23198,20169,1,0.180938,57.394055,0.000187,0.073349,15.034381,4.628443,0.000166,35.986170,15.942448,0.707696,747.489494,0.005627,7.597599,819.862147,827.465560,827.883196,0.417636,885.458189
1343,vehicle1,1236.096000,1235.801000,1090.322306,1,ok,22856,19855,1,0.113935,156.341277,0.000088,0.082693,10.246008,4.034014,0.000112,34.000146,11.882960,0.918644,721.198188,0.007820,6.843597,782.362765,789.214270,789.760252,0.545982,946.215464
1344,vehicle1,1236.297000,1235.998000,1091.101877,1,ok,22486,19560,1,0.109174,187.168383,0.000067,0.048465,13.219852,4.024006,0.000152,39.367823,13.755659,0.713707,699.821885,0.005521,8.108912,770.951549,779.066049,779.534554,0.468505,966.812111
1345,vehicle1,1236.501000,1236.199000,1091.832120,1,ok,22176,19288,1,0.092901,243.550088,0.000109,0.071336,8.990267,4.214052,0.000030,37.778514,14.140655,0.712599,656.763326,0.044297,7.065336,722.670779,729.780521,730.217479,0.436958,973.860468
1346,vehicle1,1236.692000,1236.399000,1092.536801,1,ok,21936,19053,1,0.122293,192.636032,0.000073,0.050041,10.815702,4.136453,0.000088,32.799223,14.612952,0.833370,634.927977,0.003567,6.171665,698.175806,704.351111,704.653802,0.302691,897.412127
1347,vehicle1,1236.892000,1236.600000,1093.234932,1,ok,21790,18937,1,0.152678,135.015022,0.000070,0.046608,9.030192,4.385734,0.000148,33.029036,10.405092,0.698849,633.663682,0.003947,6.539897,691.259341,697.803255,698.100189,0.296934,833.267889
1348,vehicle1,1237.023000,1236.798000,1093.896134,1,ok,21689,18891,1,0.108739,61.927324,0.000069,0.051539,7.692624,4.513353,0.000121,30.603224,9.568199,0.685396,599.318895,0.005274,8.241879,652.433351,660.680573,661.163276,0.482703,723.199339
1349,vehicle1,1237.207000,1236.998000,1094.570044,1,ok,21536,18804,1,0.112314,0.007832,0.000302,0.079808,9.437465,5.345928,0.000093,31.594233,13.177918,0.876483,597.587764,0.003206,6.534480,658.099692,664.637680,665.289651,0.651971,665.409797
1350,vehicle1,1237.407000,1237.200000,1095.344190,1,ok,21429,18731,1,0.197330,0.007060,0.000223,0.077340,11.334432,7.073838,0.000156,35.211215,11.295957,0.693993,595.644621,0.003887,6.470863,661.331552,667.806525,668.320251,0.513726,668.524641
1351,vehicle1,1237.607000,1237.397000,1096.085374,1,ok,21516,18788,1,0.094553,0.010143,0.000305,0.080085,12.933819,5.846236,0.000158,33.656633,12.878207,0.709304,599.025693,0.017161,9.280167,665.130135,674.427768,674.882930,0.455162,674.987626
1352,vehicle1,1237.803000,1237.598000,1096.818207,1,ok,21724,18914,1,0.261269,0.006556,0.000211,0.068488,13.409603,4.635998,0.000083,37.295207,12.729063,0.701663,582.753628,0.003525,6.146737,651.593733,657.744206,658.025289,0.281083,658.293114
1353,vehicle1,1238.007000,1237.797000,1097.578713,1,ok,21949,19125,1,0.170473,0.006857,0.000157,0.058479,13.298206,6.241604,0.000208,33.516748,14.017998,0.682740,594.514872,0.016110,6.502077,662.330855,668.849199,669.308807,0.459608,669.486137
1354,vehicle1,1238.205000,1238.000000,1098.306485,1,ok,22040,19248,1,0.169334,0.006681,0.000158,0.089870,11.582773,5.215273,0.000087,38.515072,13.056133,0.703139,557.734157,0.017680,7.846176,626.896504,634.760518,635.191334,0.430816,635.367349
1355,vehicle1,1238.398000,1238.198000,1099.011222,1,ok,22024,19262,1,0.129533,0.006687,0.000244,0.078593,15.235655,6.571486,0.000112,33.778406,14.059830,0.781744,529.896586,0.004315,8.128122,600.402412,608.535093,608.979434,0.444341,609.115654
1356,vehicle1,1238.598000,1238.398000,1099.762856,1,ok,22145,19379,1,0.171160,0.007989,0.000247,0.083091,14.623657,6.328903,0.000160,32.332111,10.232365,0.684314,532.278442,0.007939,16.133469,596.563043,612.704698,613.142880,0.438182,613.322029
1357,vehicle1,1238.796000,1238.598000,1100.497963,1,ok,22150,19397,1,0.299433,0.013934,0.000237,0.068598,12.222891,4.551363,0.000130,40.134787,9.777534,0.746356,500.857973,0.014092,7.857085,568.359632,576.231046,576.586671,0.355625,576.900038
1358,vehicle1,1238.996000,1238.796000,1101.266773,1,ok,22202,19441,1,0.099323,0.009416,0.000254,0.073459,12.399408,4.907719,0.000086,35.818105,11.247346,0.853585,532.372856,0.016681,6.274442,597.672564,603.963941,604.464940,0.500999,604.573679
1359,vehicle1,1239.199000,1238.996000,1102.030646,1,ok,22291,19514,1,0.119123,0.005973,0.000216,0.063635,9.859388,4.720658,0.000151,32.408736,11.429265,0.715372,502.013111,0.016578,7.211190,561.210316,568.438300,568.755097,0.316797,568.880193
1360,vehicle1,1239.399000,1239.199000,1102.830303,1,ok,22364,19575,1,0.197929,0.007832,0.000174,0.089018,13.785266,6.054281,0.000114,36.080034,12.444109,0.867149,530.462171,0.004359,7.717887,599.782142,607.504562,608.693003,1.188441,608.898764
1361,vehicle1,1239.598000,1239.399000,1103.574988,1,ok,22534,19709,1,0.102750,0.007262,0.000242,0.085286,12.651855,5.702524,0.000088,31.343017,12.288961,0.739865,498.458427,0.004389,6.223954,561.270023,567.498608,567.997855,0.499247,568.107867
1362,vehicle1,1239.799000,1239.598000,1104.336202,1,ok,22673,19839,1,0.211065,0.006335,0.000285,0.088406,12.644016,6.326876,0.000117,32.533850,11.523247,1.022111,506.910548,0.039884,7.964695,571.049171,579.054035,579.473814,0.419779,579.691214
1363,vehicle1,1239.997000,1239.799000,1105.068913,1,ok,22826,19974,1,0.215812,0.006350,0.000241,0.072022,12.263366,5.152114,0.000084,32.319357,10.347967,0.928175,497.051724,0.004962,6.540255,558.134809,564.680267,565.412838,0.732571,565.635000
1364,vehicle1,1240.195000,1239.997000,1105.816984,1,ok,23061,20186,1,0.111107,0.007314,0.000347,0.084591,15.107952,6.726987,0.000189,31.381187,11.722651,0.682406,475.074939,0.003572,6.164727,540.780902,546.949548,547.212016,0.262468,547.330437
1365,vehicle1,1240.400000,1240.197000,1106.601471,1,ok,23246,20350,1,0.177952,0.007260,0.000233,0.088934,17.372222,6.928732,0.000110,33.796023,11.811341,0.830648,486.041304,0.004598,6.489296,556.869314,563.363441,563.771742,0.408301,563.956954
1366,vehicle1,1240.599000,1240.400000,1107.345528,1,ok,23466,20563,1,0.120778,0.008984,0.000215,0.079080,12.006216,5.099628,0.000081,33.550315,12.442650,0.875053,492.394469,0.004884,7.314603,556.447492,563.767194,564.283978,0.516784,564.413740
1367,vehicle1,1240.801000,1240.600000,1108.115696,1,ok,23628,20707,1,0.094935,0.004582,0.000202,0.052966,13.163641,5.018185,0.000074,35.374518,12.084123,0.839439,497.705329,0.112429,8.122215,564.238275,572.473121,573.284466,0.811345,573.383983
1368,vehicle1,1241.001000,1240.801000,1108.928080,1,ok,23740,20833,1,0.119577,0.006026,0.000277,0.082556,22.540055,6.260733,0.000143,34.490165,11.839442,0.811121,502.242506,0.004378,7.908114,578.266721,586.179490,586.504787,0.325297,586.630390
1369,vehicle1,1241.200000,1241.001000,1109.678573,1,ok,23853,21000,1,0.188953,0.006064,0.000167,0.083696,23.851017,6.035113,0.000103,36.217616,13.012016,0.722700,506.885008,0.004260,6.774356,586.807269,593.586052,593.954428,0.368376,594.149445
1370,vehicle1,1241.398000,1241.200000,1110.418496,1,ok,23927,21099,1,0.132201,0.006493,0.000338,0.089152,18.174966,6.796227,0.000099,34.393638,11.698507,0.782385,503.908541,0.004122,6.533682,575.843515,582.381657,582.660224,0.278567,582.798918
1371,vehicle1,1241.599000,1241.398000,1111.221767,1,ok,23895,21099,1,0.294715,0.008539,0.000424,0.103013,12.298046,4.704182,0.000100,35.095879,14.923982,2.091862,519.019795,0.003603,7.407338,588.236859,595.648224,597.806927,2.158703,598.110181
1372,vehicle1,1241.798000,1241.599000,1111.956706,1,ok,23760,20955,1,0.210223,0.005433,0.000301,0.073209,10.245164,6.423650,0.000187,33.640903,12.202693,0.696780,511.522525,0.003522,6.764484,574.805111,581.573418,582.164170,0.590752,582.379826
1373,vehicle1,1242.000000,1241.798000,1112.780972,1,ok,23738,20934,1,0.198718,0.007823,0.000252,0.089205,13.774700,7.180407,0.000138,47.898996,17.260630,0.972284,545.804426,0.025026,8.008141,632.980786,641.014205,641.726487,0.712282,641.933028
1374,vehicle1,1242.199000,1241.993000,1113.490689,1,ok,23730,20926,1,0.112357,0.007862,0.000185,0.083263,14.530918,8.111607,0.000073,34.210539,12.087176,0.720491,516.877947,0.003336,8.670422,586.622014,595.295957,595.639957,0.344000,595.760176
1375,vehicle1,1242.398000,1242.199000,1114.253705,1,ok,23802,21006,1,0.125652,0.008125,0.000384,0.091769,13.362186,6.076894,0.000097,40.494065,16.605685,1.095834,517.040709,0.003600,7.003583,594.767239,601.774806,602.322021,0.547215,602.455798
1376,vehicle1,1242.599000,1242.398000,1114.977140,1,ok,23898,21070,1,0.107476,0.008811,0.000290,0.067122,10.676170,5.146715,0.000140,34.558786,11.797445,0.740859,503.875220,0.003669,7.868685,566.862457,574.735101,575.255228,0.520127,575.371515
1377,vehicle1,1242.801000,1242.599000,1115.725211,1,ok,23981,21152,1,0.095988,0.009877,0.000266,0.094063,11.001750,9.916572,0.000128,35.652290,11.819854,0.713318,473.240268,0.004125,6.532829,542.438243,548.975463,549.317741,0.342278,549.423606
1378,vehicle1,1242.998000,1242.801000,1116.488403,1,ok,23918,21120,1,0.222187,0.007659,0.000194,0.073364,10.238735,5.232745,0.000128,36.338255,10.162041,0.775121,489.655776,0.003713,7.947596,552.476165,560.427668,560.764938,0.337270,560.994784
1379,vehicle1,1243.199000,1242.998000,1117.271326,1,ok,23872,21063,1,0.092573,0.005389,0.000242,0.056134,11.169136,5.115282,0.000100,37.952686,13.450974,0.707297,497.825519,0.010830,6.806856,566.277128,573.095056,573.416091,0.321035,573.514053
1380,vehicle1,1243.394000,1243.199000,1118.001852,1,ok,23830,21020,1,0.082871,0.006944,0.000281,0.087300,11.552551,4.798661,0.000074,34.569512,12.667975,0.718607,456.752849,0.003257,6.180936,521.147529,527.332003,527.609270,0.277267,527.699085
1381,vehicle1,1243.599000,1243.402000,1118.781685,1,ok,23907,21087,1,0.260670,0.008381,0.000223,0.088839,11.136364,5.996312,0.000104,35.112134,10.274391,0.710857,462.275148,0.003533,9.183923,525.594149,534.781828,535.213791,0.431963,535.482842
1382,vehicle1,1243.792000,1243.599000,1119.536275,1,ok,23988,21170,1,0.279283,0.008320,0.000171,0.077965,8.754704,4.884961,0.000115,33.147021,13.344820,0.726178,457.870105,0.004405,8.599697,518.805869,527.410142,527.992137,0.581995,528.279740
1383,vehicle1,1243.991000,1243.799000,1120.346814,1,ok,24223,21402,1,0.235074,0.008320,0.000275,0.064383,9.575750,4.965403,0.000087,36.527932,12.162302,0.857724,463.329297,0.004264,6.789711,527.482878,534.277128,534.684116,0.406988,534.927510
1384,vehicle1,1244.192000,1243.999000,1121.106410,1,ok,24541,21699,1,0.221112,0.009664,0.000171,0.079896,9.282853,5.325093,0.000100,32.163479,12.387818,0.945681,455.798719,0.006829,8.946117,515.983639,524.936756,525.399179,0.462423,525.629955
1385,vehicle1,1244.398000,1244.199000,1121.931123,1,ok,24873,22021,1,0.224710,0.008814,0.000225,0.091393,12.217460,6.182990,0.000147,38.796508,10.617555,0.708851,462.488003,0.035485,10.565867,531.102907,541.704484,542.203987,0.499503,542.437511
1386,vehicle1,1244.593000,1244.398000,1122.691849,1,ok,25290,22426,1,0.092854,0.007466,0.000190,0.059542,13.316185,6.066453,0.000138,32.865689,10.502847,0.688895,453.478732,0.004015,7.692416,516.978481,524.675102,525.139864,0.464762,525.240184
1387,vehicle1,1244.792000,1244.602000,1123.468961,1,ok,25749,22844,1,0.136639,0.008548,0.000321,0.109113,13.932290,7.373861,0.000119,33.564391,10.940933,0.722016,439.930715,0.008934,6.768212,506.573438,513.350905,513.732408,0.381503,513.877595
1388,vehicle1,1244.994000,1244.802000,1124.327508,1,ok,26147,23188,1,0.298047,0.006879,0.000371,0.083584,18.198556,4.920537,0.000169,34.085618,13.746273,0.756266,469.788500,0.004194,16.664058,541.579503,558.248126,558.645640,0.397514,558.950566
1389,vehicle1,1245.193000,1244.999000,1125.102961,1,ok,26542,23613,1,0.182188,0.009837,0.000278,0.128889,15.279277,4.802168,0.000106,34.864729,11.206848,0.764127,464.427117,0.004972,6.629032,531.473261,538.107543,538.683824,0.576281,538.875849
1390,vehicle1,1245.399000,1245.198000,1125.904637,1,ok,26696,23954,1,0.148505,0.005903,0.000255,0.095350,12.101771,5.014884,0.000104,36.478795,15.558150,0.715760,469.403592,0.012543,6.731873,539.368406,546.113077,546.412919,0.299842,546.567327
1391,vehicle1,1245.596000,1245.399000,1126.679291,1,ok,26815,24271,1,0.211038,0.007337,0.000242,0.106452,10.618803,5.076375,0.000089,35.075737,11.750134,0.729080,474.018134,0.005512,8.417418,537.374804,545.797976,546.108967,0.310991,546.327342
1392,vehicle1,1245.801000,1245.596000,1127.468062,1,ok,26869,24379,1,0.085208,0.007086,0.000272,0.093037,12.316531,5.682977,0.000147,37.966113,12.596314,0.719973,489.035771,0.006464,7.466359,558.410863,565.883958,566.285905,0.401947,566.378199
1393,vehicle1,1245.996000,1245.801000,1128.240644,1,ok,26974,24488,1,0.285960,0.014322,0.000126,0.100727,9.303195,5.057284,0.000084,34.092949,11.557422,0.693505,479.117394,0.016530,6.480308,539.922560,546.419524,546.727258,0.307734,547.027540
1394,vehicle1,1246.198000,1246.000000,1129.041000,1,ok,27075,24560,1,0.308618,0.008635,0.000169,0.088513,11.714089,5.799840,0.000084,33.070438,12.563747,0.730992,484.530599,0.005851,7.779765,548.498302,556.284087,557.238751,0.954664,557.556004
1395,vehicle1,1246.402000,1246.198000,1129.813762,1,ok,27131,24530,1,0.111247,0.010510,0.000261,0.093479,15.188487,4.431823,0.000111,37.571833,12.282587,0.899317,489.376830,0.013659,6.263222,559.844467,566.121609,566.782552,0.660943,566.904309
1396,vehicle1,1246.598000,1246.402000,1130.611480,1,ok,27166,24502,1,0.217718,4.122715,0.000367,0.085240,14.379293,4.522948,0.000136,34.551103,11.961337,0.709643,499.855460,0.006301,7.219010,566.065160,573.290838,573.905359,0.614521,578.245792
1397,vehicle1,1246.799000,1246.598000,1131.396626,1,ok,27232,24517,1,0.144097,0.016119,0.000277,0.076574,10.499959,5.310405,0.000079,35.859265,12.751360,0.819531,505.953877,0.010806,8.354223,571.271050,579.636356,579.997170,0.360814,580.157386
1398,vehicle1,1246.999000,1246.799000,1132.200131,1,ok,27313,24623,1,0.136385,0.005700,0.000233,0.061483,13.033073,5.077772,0.000171,32.148592,26.417429,1.010178,513.947468,0.003669,6.660687,591.696166,598.360755,598.786307,0.425552,598.928392
1399,vehicle1,1247.201000,1246.999000,1132.998293,1,ok,27310,24632,1,0.235617,0.010195,0.000245,0.098881,15.383107,4.334099,0.000108,36.332922,11.438887,0.706662,503.584669,0.005124,7.312585,571.879335,579.197289,579.620051,0.422762,579.865863
1400,vehicle1,1247.401000,1247.201000,1133.836772,1,ok,27245,24549,1,0.115293,0.008333,0.000310,0.108827,18.267418,6.312458,0.000121,37.368910,15.621099,0.917200,541.146114,0.003761,6.190086,619.742147,625.936304,626.487356,0.551052,626.610982
1401,vehicle1,1247.605000,1247.401000,1134.631135,1,ok,27307,24504,1,0.147287,0.009304,0.000350,0.097941,16.514841,4.179513,0.000166,34.461435,12.250771,0.746290,540.407688,0.024479,7.238071,608.658645,615.921545,616.668085,0.746540,616.824676
1402,vehicle1,1247.800000,1247.597000,1135.380909,1,ok,27460,24479,1,0.432985,0.009194,0.000182,0.087801,14.305113,5.455115,0.000204,33.299752,12.999359,0.936791,530.927960,0.004166,8.212344,598.012095,606.228787,606.760336,0.531549,607.202515
1403,vehicle1,1247.998000,1247.800000,1136.189463,1,ok,27611,24457,1,0.289415,0.009325,0.000427,0.087069,17.188526,4.944114,0.000183,36.627453,12.223884,0.917769,540.604047,0.005486,7.047891,612.593045,619.646849,620.014778,0.367929,620.313518
1404,vehicle1,1248.197000,1247.998000,1136.957543,1,ok,27682,24373,1,0.214013,0.006862,0.000426,0.096788,21.081414,4.076426,0.000080,35.585540,12.212899,0.704667,533.843097,0.003821,8.090739,607.600911,615.695897,616.008630,0.312733,616.229505
1405,vehicle1,1248.398000,1248.197000,1137.776016,1,ok,27813,24413,1,0.343776,0.010233,0.000158,0.091022,19.328456,4.139639,0.000089,36.686088,15.781252,0.758540,551.142691,0.003910,7.525333,627.927777,635.457178,635.766172,0.308994,636.120181
1406,vehicle1,1248.607000,1248.398000,1138.565037,1,ok,27777,24334,1,0.268883,0.007480,0.000264,0.097692,22.195176,7.367769,0.000109,35.216651,14.338528,0.788630,559.490359,0.014198,9.614221,639.494914,649.123597,649.555926,0.432329,649.832289
1407,vehicle1,1248.802000,1248.601000,1139.350886,1,ok,27806,24336,1,0.078071,0.007623,0.000286,0.096804,14.506732,6.725570,0.000099,43.357261,12.329952,0.706954,556.718323,0.004949,7.237636,634.441695,641.684566,642.021463,0.336897,642.107157
1408,vehicle1,1248.998000,1248.798000,1140.114677,1,ok,27856,24417,1,0.140834,0.096940,0.000129,0.091656,16.011028,4.259267,0.000084,37.643793,13.232952,0.838475,541.509180,0.004196,6.446164,613.586435,620.036924,620.936407,0.899483,621.174181
1409,vehicle1,1249.198000,1248.998000,1140.862293,1,ok,27953,24515,1,0.196362,0.008894,0.000311,0.104123,9.153830,6.184464,0.000227,34.968353,12.247678,0.725908,521.916209,0.004735,8.704096,585.300792,594.009934,594.446406,0.436472,594.651662
1410,vehicle1,1249.403000,1249.198000,1141.654839,1,ok,27910,24501,1,0.131670,0.115082,0.000345,0.073828,11.279515,4.353207,0.000201,33.619643,13.215916,0.799632,530.066748,0.003349,6.550433,593.408690,599.962817,600.519662,0.556845,600.766414
1411,vehicle1,1249.599000,1249.403000,1142.443738,1,ok,27929,24486,1,0.141196,0.005502,0.000213,0.092825,10.928747,4.553121,0.000275,34.651344,13.487015,0.693644,538.027058,0.003822,6.544724,602.434029,608.982788,609.286579,0.303791,609.433277
1412,vehicle1,1249.800000,1249.598000,1143.174747,1,ok,27912,24462,1,0.111071,0.006713,0.000228,0.100549,10.397612,4.219935,0.000089,33.466374,14.322339,0.706311,502.629739,0.013305,7.101293,565.842948,572.957774,573.333082,0.375308,573.450866
1413,vehicle1,1250.000000,1249.800000,1143.970740,1,ok,27939,24486,1,0.273798,0.008020,0.000122,0.059989,10.554881,4.358859,0.000387,36.191167,13.112179,0.710858,530.177008,0.003703,9.186503,595.165328,604.355656,604.723521,0.367865,605.005339
1414,vehicle1,1250.198000,1250.000000,1144.733104,1,ok,28008,24559,1,0.267552,0.004828,0.000203,0.063899,10.889066,5.265225,0.000116,34.966775,11.023780,0.683068,513.960405,0.013318,8.604051,576.852334,585.469906,586.122507,0.652601,586.394887
1415,vehicle1,1250.401000,1250.198000,1145.536086,1,ok,28060,24663,1,0.093998,0.016273,0.000419,0.109486,14.090447,4.033660,0.000103,34.415026,13.735700,1.070212,539.664500,0.003216,7.058276,607.119134,614.181045,614.915461,0.734416,615.025732
1416,vehicle1,1250.601000,1250.401000,1146.369568,1,ok,28135,24795,1,0.136876,0.007439,0.000300,0.094321,12.297928,4.757723,0.000129,32.926607,13.328132,0.723944,552.948228,0.004799,6.899493,617.077012,623.981604,624.311122,0.329518,624.455437
1417,vehicle1,1250.799000,1250.601000,1147.185850,1,ok,28221,24935,1,0.189426,0.009109,0.000322,0.119998,14.927877,3.839364,0.000098,33.990450,16.312378,1.096378,555.116534,0.017457,6.862436,625.403077,632.283292,632.777297,0.494005,632.975832
1418,vehicle1,1251.005000,1250.799000,1148.001478,1,ok,28272,24999,1,0.165945,0.438560,0.000331,0.103180,14.671659,4.314806,0.000187,35.358744,14.695579,0.717260,564.414885,0.048989,8.744617,634.276300,643.070237,643.747238,0.677001,644.351743
1419,vehicle1,1251.202000,1250.998000,1148.755196,1,ok,28328,25010,1,0.145810,0.007413,0.000260,0.102854,14.452697,4.587864,0.000094,38.377283,15.744689,0.931409,558.504677,0.003500,6.588490,632.701567,639.293817,639.701662,0.407845,639.854885
1420,vehicle1,1251.398000,1251.202000,1149.560168,1,ok,28302,24970,1,0.155508,0.007916,0.000244,0.127691,18.053696,5.044711,0.000108,36.203660,14.605497,0.893338,560.732842,0.003661,8.518183,635.661543,644.183631,644.565675,0.382044,644.729099
1421,vehicle1,1251.598000,1251.398000,1150.349318,1,ok,28147,24894,1,0.250600,0.142462,0.000255,0.096991,16.050119,3.745292,0.000131,34.822412,14.425683,0.762566,558.725144,0.004085,6.972982,628.628338,635.605660,635.908094,0.302434,636.301156
1422,vehicle1,1251.800000,1251.598000,1151.144124,1,ok,27781,24734,1,0.094863,0.012255,0.000304,0.063610,16.957051,4.157976,0.000105,35.311732,17.122216,0.960979,543.797517,0.003666,6.212489,618.371186,624.587645,624.978940,0.391295,625.086058
1423,vehicle1,1252.000000,1251.800000,1151.938679,1,ok,27343,24411,1,0.119418,0.008751,0.000457,0.100621,10.969018,4.304039,0.000077,37.345767,16.174866,0.965163,557.299422,0.004274,8.123956,627.158973,635.287660,635.741550,0.453890,635.869719
1424,vehicle1,1252.199000,1252.000000,1152.676845,1,ok,26883,24047,1,0.251596,0.007922,0.000299,0.100578,24.385134,4.898085,0.000102,42.689996,18.509702,0.915485,495.446578,0.014324,6.555706,586.945660,593.515989,594.171649,0.655660,594.431167
1425,vehicle1,1252.398000,1252.199000,1153.438761,1,ok,26462,23631,1,0.195102,0.006324,0.000158,0.066639,14.246192,3.598608,0.000237,36.111585,13.179696,0.737776,479.419880,0.004200,7.126135,547.360613,554.491106,554.871228,0.380122,555.072654
1426,vehicle1,1252.592000,1252.398000,1154.207958,1,ok,26039,23183,1,0.151541,0.010878,0.000343,0.113922,13.443876,5.096722,0.000192,35.675232,15.252198,0.716086,483.960597,0.005181,7.362175,554.258825,561.626524,562.124005,0.497481,562.286424
1427,vehicle1,1252.792000,1252.601000,1154.995242,1,ok,25501,22619,1,0.260392,0.006705,0.000204,0.090288,10.575498,3.482748,0.000126,34.299517,15.193006,0.708362,451.043289,0.003925,7.943148,515.392834,523.340111,523.655006,0.314895,523.922103
1428,vehicle1,1253.000000,1252.801000,1155.830952,1,ok,24978,22095,1,0.124310,0.005237,0.000206,0.052338,13.804469,4.949884,0.000436,35.146786,13.114843,0.704970,479.143763,0.004201,6.643647,546.917489,553.565543,554.199650,0.634107,554.329197
1429,vehicle1,1253.197000,1253.000000,1156.643143,1,ok,24627,21743,1,0.238665,0.009653,0.000267,0.087710,19.405363,3.500210,0.000073,40.414088,15.812149,0.900526,472.590250,0.005011,7.939275,552.710369,560.654922,561.347037,0.692115,561.595355
1430,vehicle1,1253.399000,1253.197000,1157.431133,1,ok,24367,21471,1,0.102891,0.015049,0.000487,0.100539,13.221854,6.005481,0.000181,38.649219,12.995492,0.687664,471.302944,0.018420,8.220772,542.963374,551.203053,551.770828,0.567775,551.888768
1431,vehicle1,1253.593000,1253.399000,1158.192537,1,ok,24203,21317,1,0.238638,0.004958,0.000202,0.051787,8.624805,3.815201,0.000285,32.771733,12.634843,0.697945,475.150796,0.003308,6.653866,533.747395,540.404771,540.761842,0.357071,541.005438
1432,vehicle1,1253.791000,1253.601000,1159.017976,1,ok,24069,21176,1,0.213210,0.011909,0.000238,0.086926,8.687142,3.168782,0.000086,30.003157,13.769403,1.055301,454.272988,0.004480,7.708647,511.043785,518.757150,519.458561,0.701411,519.683680
1433,vehicle1,1253.994000,1253.800000,1159.833517,1,ok,23942,21037,1,0.329209,0.007923,0.000159,0.076016,9.936972,3.268964,0.000282,32.542868,13.677013,0.806914,467.090644,0.004427,7.676145,527.399673,535.080404,535.578436,0.498032,535.915568
1434,vehicle1,1254.191000,1254.000000,1160.613612,1,ok,23814,20925,1,0.129481,0.006908,0.000279,0.096668,7.507580,2.723952,0.000040,31.428939,11.683961,0.938990,445.825248,0.005855,8.037721,500.205378,508.249233,508.683475,0.434242,508.819864
1435,vehicle1,1254.393000,1254.195000,1161.407595,1,ok,23689,20773,1,0.083035,0.008892,0.000322,0.102470,9.984212,3.946530,0.000181,28.299821,12.688776,0.734016,456.017653,0.004138,7.411670,511.773659,519.189789,519.860395,0.670606,519.952322
1436,vehicle1,1254.591000,1254.400000,1162.161780,1,ok,23576,20607,1,0.194304,0.006729,0.000263,0.078701,7.448112,3.630451,0.000093,29.440839,14.939734,0.737330,435.009570,0.022245,7.145227,491.284830,498.452565,499.014361,0.561796,499.215394
1437,vehicle1,1254.797000,1254.598000,1163.033076,1,ok,23588,20536,1,0.241642,0.009869,0.000548,0.075335,13.052201,2.982380,0.000075,35.235872,14.347006,0.973793,496.598699,0.017120,10.550280,563.265361,573.833309,574.633753,0.800444,574.885264
1438,vehicle1,1254.997000,1254.797000,1163.854762,1,ok,23559,20495,1,0.119615,0.017457,0.000231,0.094074,19.447881,3.713781,0.000111,31.769902,17.293711,0.949610,512.788247,0.005074,7.374307,586.057317,593.436929,594.571935,1.135006,594.709007
1439,vehicle1,1255.193000,1254.997000,1164.587010,1,ok,23601,20463,1,1.696003,0.009694,0.000310,0.089182,12.558632,3.595581,0.000096,27.980840,16.489426,0.965255,472.828323,0.003626,7.135575,534.507335,541.646846,542.352060,0.705214,544.057757
1440,vehicle1,1255.399000,1255.199000,1165.432992,1,ok,23583,20414,1,0.216829,0.008372,0.000225,0.089443,8.993427,3.672049,0.000172,29.283915,11.409733,0.703515,505.310563,0.045400,8.558055,559.462817,568.066497,568.710945,0.644448,568.936146
1441,vehicle1,1255.598000,1255.399000,1166.241352,1,ok,23675,20489,1,0.227999,0.008706,0.000167,0.096699,13.220373,3.103224,0.000092,33.190796,13.859718,0.706780,518.553109,0.167422,6.404465,582.730791,589.302845,589.915229,0.612384,590.151934
1442,vehicle1,1255.800000,1255.598000,1167.026728,1,ok,23873,20553,1,0.167657,0.004925,0.000193,0.061933,9.867984,3.145870,0.000153,34.114462,17.152728,0.746086,518.148782,0.143912,8.158736,583.237998,591.540839,592.245234,0.704395,592.417816
1443,vehicle1,1255.999000,1255.800000,1167.821540,1,ok,23838,20502,1,0.145561,0.006480,0.000146,0.079085,12.035342,3.392544,0.000127,30.955543,14.574401,0.787523,534.660663,0.004565,6.866929,596.485228,603.356868,603.813771,0.456903,603.965812
1444,vehicle1,1256.198000,1255.999000,1168.628783,1,ok,23729,20413,1,0.214706,0.009640,0.000283,0.100704,11.659082,3.230625,0.000094,31.404808,15.016982,0.721697,534.385718,0.006070,9.276076,596.519710,605.802139,606.671030,0.868891,606.895376
1445,vehicle1,1256.400000,1256.198000,1169.433040,1,ok,23807,20492,1,0.070767,0.005875,0.000244,0.060504,11.822436,3.003810,0.000227,43.371029,13.842002,0.738530,532.285076,0.003951,6.740310,605.123614,611.868119,612.295035,0.426916,612.371677
1446,vehicle1,1256.600000,1256.400000,1170.236765,1,ok,23885,20524,1,0.257664,0.025962,0.000422,0.094566,13.656636,3.015014,0.000075,33.778443,14.812531,0.705131,546.012759,0.205995,7.561529,612.075155,619.843101,620.427590,0.584489,620.711216
1447,vehicle1,1256.795000,1256.600000,1171.024930,1,ok,23980,20586,1,0.306185,0.008723,0.000189,0.093579,9.936309,3.993649,0.000191,31.618617,13.264527,0.694535,540.242479,0.004237,10.951846,599.843886,610.800158,611.627279,0.827121,611.942187
1448,vehicle1,1256.999000,1256.795000,1171.841497,1,ok,24066,20605,1,0.105105,0.006886,0.000333,0.101382,9.435694,2.621967,0.000088,31.341386,15.326336,0.700784,547.552521,0.004915,6.985681,607.080158,614.071087,614.518289,0.447202,614.630280
1449,vehicle1,1257.199000,1256.999000,1172.665239,1,ok,24269,20804,1,0.115524,0.007085,0.000253,0.102598,12.175533,3.789541,0.000149,36.916916,17.179014,0.833572,542.954613,0.004782,8.304316,613.951936,622.261287,622.843775,0.582488,622.966384
1450,vehicle1,1257.397000,1257.199000,1173.418983,1,ok,24459,20930,1,0.255323,0.005488,0.000263,0.089472,8.815175,2.865553,0.000130,31.778108,14.638737,0.959609,548.537867,0.004170,6.228012,607.684651,613.917096,614.467467,0.550371,614.728278
1451,vehicle1,1257.599000,1257.399000,1174.216487,1,ok,24605,21046,1,0.062411,0.008101,0.000430,0.111834,8.985923,2.557778,0.000113,33.292493,17.970672,0.797535,542.539657,0.004191,7.373101,606.256005,613.633727,614.005774,0.372047,614.076286
1452,vehicle1,1257.793000,1257.599000,1175.000784,1,ok,24733,21136,1,0.154195,0.009901,0.000583,0.090923,10.406089,2.699079,0.000084,29.718814,13.793345,0.861693,527.999166,0.090195,6.779400,585.569193,592.439371,593.014419,0.575048,593.178515
1453,vehicle1,1257.999000,1257.793000,1175.838404,1,ok,24895,21291,1,0.132294,0.008176,0.000194,0.086988,8.618922,2.963954,0.000171,32.658669,15.092017,0.690782,560.068333,0.003895,7.739113,620.179836,627.923038,628.316408,0.393370,628.456878
1454,vehicle1,1258.200000,1257.999000,1176.615664,1,ok,25093,21458,1,0.116962,0.004846,0.000341,0.092240,10.575301,3.935625,0.000089,32.125853,12.549485,0.699349,534.949537,0.004098,6.562902,594.927479,601.494820,601.966760,0.471940,602.088568
1455,vehicle1,1258.399000,1258.201000,1177.462000,1,ok,25307,21631,1,0.124608,0.005606,0.000315,0.099340,9.210875,4.312362,0.000093,32.993662,14.883872,0.693463,579.026486,0.004314,7.217673,641.220153,648.442455,649.164989,0.722534,649.295203
1456,vehicle1,1258.605000,1258.399000,1178.283647,1,ok,25574,21837,1,0.386740,0.009339,0.000352,0.112128,14.310532,3.678891,0.000108,34.261674,14.094249,0.698159,596.517233,0.004573,6.562734,663.672974,670.240633,670.790253,0.549620,671.186332
1457,vehicle1,1258.808000,1258.598000,1179.060059,1,ok,25933,22132,1,0.126287,0.007316,0.000271,0.062752,17.467286,2.517998,0.000093,33.698991,16.363376,0.927849,598.619600,0.064103,8.922312,669.657945,678.644631,679.070907,0.426276,679.204510
1458,vehicle1,1259.006000,1258.799000,1179.852457,1,ok,26194,22218,1,0.131458,0.018995,0.000133,0.093307,12.445248,2.610483,0.000092,35.681020,16.220289,0.729259,606.581075,0.005301,6.152521,674.360773,680.518728,680.892419,0.373691,681.042872
1459,vehicle1,1259.206000,1258.999000,1180.611997,1,ok,26318,22170,1,0.084203,0.007367,0.000349,0.088083,11.636682,2.936846,0.000347,34.440448,17.333872,0.916374,599.303120,0.006358,7.879336,666.655772,674.541815,675.661586,1.119771,675.753156
1460,vehicle1,1259.408000,1259.199000,1181.459480,1,ok,26470,22307,1,0.091688,0.006380,0.000315,0.115243,16.266231,2.633880,0.000106,36.274265,15.032730,0.723689,628.910285,0.004432,6.876157,699.956429,706.837333,707.800597,0.963264,707.898665
1461,vehicle1,1259.610000,1259.399000,1182.232237,1,ok,26642,22454,1,0.251678,0.007734,0.000244,0.097216,12.328879,2.767996,0.000075,39.387549,14.175903,0.719865,613.923645,0.005034,7.479145,683.401128,690.885551,691.414426,0.528875,691.673838
1462,vehicle1,1259.809000,1259.603000,1183.030421,1,ok,26828,22588,1,0.233350,0.007228,0.000344,0.104278,13.030521,3.271595,0.000095,39.998123,17.416202,2.150393,628.304907,0.066905,7.390491,704.276114,711.733854,712.137314,0.403460,712.377892
1463,vehicle1,1260.007000,1259.799000,1183.796258,1,ok,27030,22704,1,0.225892,0.006260,0.000183,0.060704,9.812834,2.577181,0.000103,33.773071,15.682046,0.715327,614.301635,0.003460,8.607083,676.922901,685.533627,685.836795,0.303168,686.068947
1464,vehicle1,1260.206000,1259.999000,1184.638946,1,ok,27415,22991,1,0.118240,0.008372,0.000297,0.108893,13.091720,2.927588,0.000095,33.017991,16.323488,1.803664,636.650029,0.003884,7.513704,703.923468,711.441353,711.896730,0.455377,712.023342
1465,vehicle1,1260.425000,1260.198000,1185.490118,1,ok,27738,23213,1,0.294846,0.014743,0.000302,0.108095,29.174900,3.014902,0.000125,39.896462,15.030181,0.714194,662.901232,0.003462,7.937753,750.840091,758.781608,759.471100,0.689492,759.780689
1466,vehicle1,1260.606000,1260.398000,1186.251807,1,ok,27996,23336,1,0.120922,0.014983,0.000281,0.119461,14.669323,3.709132,0.000118,38.619291,14.675990,0.944299,662.497577,0.014737,6.868173,735.235191,742.118382,742.949127,0.830745,743.085032
1467,vehicle1,1260.810000,1260.598000,1187.034032,1,ok,28056,23348,1,0.112558,0.008781,0.000477,0.105065,15.157897,2.875336,0.000109,35.049948,15.608368,0.995740,660.040698,0.060049,8.011547,729.833161,737.905234,738.406238,0.501004,738.527577
1468,vehicle1,1261.008000,1260.801000,1187.773511,1,ok,28119,23418,1,0.261915,0.006767,0.000151,0.092572,13.082558,3.498899,0.000213,38.688757,14.875586,0.863419,627.832692,0.051168,9.234324,698.934696,708.220339,708.756182,0.535843,709.024864
1469,vehicle1,1261.203000,1261.001000,1188.580386,1,ok,28118,23465,1,0.210038,0.006034,0.000135,0.063812,11.257643,3.280487,0.000222,37.684614,16.402967,1.074712,669.056317,0.011468,11.358267,738.820774,750.190644,750.875046,0.684402,751.091118
1470,vehicle1,1261.409000,1261.199000,1189.330699,1,ok,28274,23563,1,0.248224,0.008052,0.000305,0.104536,11.460025,2.422724,0.000181,33.286594,14.704216,0.775774,642.691252,0.006333,7.423888,705.445302,712.875828,713.329863,0.454035,713.586139
1471,vehicle1,1261.601000,1261.402000,1190.172434,1,ok,28424,23681,1,0.139222,0.007908,0.000319,0.116453,19.356449,3.399179,0.000119,31.786767,15.321051,0.772497,650.276238,0.004085,6.971065,721.028753,728.004222,728.420067,0.415845,728.567197
1472,vehicle1,1261.825000,1261.595000,1191.009952,1,ok,28513,23716,1,0.109062,0.006201,0.000274,0.100754,15.943137,2.701601,0.000088,36.807336,17.353920,0.731828,695.006467,0.129772,7.069024,768.645131,775.844201,776.395437,0.551236,776.510700
1473,vehicle1,1262.051000,1261.799000,1191.845526,1,ok,28426,23686,1,0.260953,0.030323,0.000242,0.076319,17.318973,3.920373,0.000120,34.603238,18.191331,0.714605,736.368610,0.004136,7.820622,811.193569,819.018569,821.519527,2.500958,821.810803
1474,vehicle1,1262.211000,1261.999000,1192.582698,1,ok,28367,23663,1,0.133721,13.919967,0.000074,0.061702,10.683611,3.139923,0.000090,34.246387,13.966978,0.690095,666.091718,0.004604,7.811727,728.880504,736.696909,737.139269,0.442360,751.192957
1475,vehicle1,1262.408000,1262.202000,1193.421164,1,ok,28520,23682,1,0.276041,0.007604,0.000313,0.101670,15.413700,3.153701,0.000085,35.668480,15.010144,0.735734,674.403170,0.003865,8.300968,744.486684,752.791830,753.336984,0.545154,753.620629
1476,vehicle1,1262.603000,1262.400000,1194.220295,1,ok,28656,23685,1,0.162954,0.008227,0.000242,0.114217,11.793344,3.095086,0.000116,36.903996,15.930010,0.818155,671.729719,0.031156,7.166493,740.384643,747.582534,748.143226,0.560692,748.314407
1477,vehicle1,1262.805000,1262.595000,1195.019483,1,ok,28404,23491,1,0.127829,0.007633,0.000213,0.097685,11.448854,2.671753,0.000131,33.735804,15.707663,0.893753,670.536867,0.004064,6.564757,735.092510,741.661544,742.261318,0.599774,742.396780
1478,vehicle1,1263.016000,1262.798000,1195.822828,1,ok,28035,23228,1,0.257075,0.005208,0.000196,0.073345,13.194519,3.356106,0.000161,37.383100,13.316779,0.710931,667.190249,0.013549,7.004950,735.225190,742.243885,742.564528,0.320643,742.826811
1479,vehicle1,1263.252000,1263.002000,1196.633878,1,ok,27928,23124,1,0.244789,0.005469,0.000244,0.103804,19.520722,2.452220,0.000111,34.718873,17.966724,1.099817,701.583514,0.005225,9.550619,777.445785,787.001873,787.794898,0.793025,788.045156
1480,vehicle1,1263.424000,1263.202000,1197.391147,1,ok,27869,23002,1,0.233301,12.155854,0.000075,0.116647,12.489161,2.727504,0.000130,36.083696,17.183994,0.975813,677.177933,0.016255,9.855045,746.754878,756.626253,757.234997,0.608744,769.624152
1481,vehicle1,1263.620000,1263.402000,1198.199633,1,ok,27648,22764,1,0.107826,0.016902,0.000155,0.072816,17.085157,2.679211,0.000184,39.646868,14.962801,1.004896,704.572255,0.005307,7.261377,780.024188,787.291027,787.715788,0.424761,787.840516
1482,vehicle1,1263.827000,1263.600000,1198.999787,1,ok,27432,22583,1,0.301346,0.008842,0.000370,0.096574,17.860419,2.834759,0.000165,36.392658,17.052763,0.711013,681.698971,0.005053,9.091044,756.647322,765.743789,766.607953,0.864164,766.918141
1483,vehicle1,1264.037000,1263.803000,1199.830857,1,ok,27311,22448,1,0.205884,0.004508,0.000127,0.061621,12.942095,2.295643,0.000083,36.159787,19.936683,0.919911,738.243423,0.248400,10.345732,810.559246,821.153505,821.951896,0.798391,822.162288
1484,vehicle1,1264.292000,1264.000000,1200.669538,1,ok,27358,22395,1,0.151292,0.006535,0.000269,0.107578,19.161570,3.179889,0.000196,41.754475,15.524567,0.712714,745.627745,0.014484,9.594050,826.068734,835.677537,836.185798,0.508261,836.343625
1485,vehicle1,1264.494000,1264.200000,1201.478201,1,ok,27335,22285,1,0.144396,63.163571,0.000071,0.064078,11.064628,2.207408,0.000092,33.727032,16.765132,0.941072,735.596120,0.003866,7.870902,800.365562,808.240401,808.628318,0.387917,871.936285
1486,vehicle1,1264.697000,1264.402000,1202.276756,1,ok,27205,22230,1,0.441842,67.514436,0.000091,0.092731,12.561855,2.201558,0.000082,35.348882,20.675907,0.774004,720.061145,0.004822,6.452002,791.716164,798.173079,798.519014,0.345935,866.475292
1487,vehicle1,1264.954000,1264.697000,1203.290221,1,ok,27051,22118,1,0.195889,0.006971,0.000205,0.109325,13.918585,2.665342,0.000170,39.199510,16.120596,0.938144,735.935283,0.004057,7.149210,808.886955,816.040427,816.668222,0.627795,816.871082
1488,vehicle1,1265.170000,1264.900000,1204.105504,1,ok,26731,21927,1,0.270684,13.755838,0.000096,0.153566,15.772968,2.540927,0.000078,39.741939,17.377547,0.713622,728.847647,0.235272,8.827747,805.148294,814.211409,815.236544,1.025135,829.263066
1489,vehicle1,1265.394000,1265.100000,1204.946975,1,ok,26358,21670,1,0.237033,37.585527,0.000082,0.099187,14.747745,2.662449,0.000338,38.266092,18.749798,0.705942,759.098229,0.003768,6.216939,834.329780,840.550569,841.432185,0.881616,879.254745
1490,vehicle1,1265.591000,1265.304000,1205.782570,1,ok,26081,21501,1,0.131308,92.866974,0.000069,0.063418,13.503805,2.284628,0.000076,35.987571,15.606991,0.713776,759.873204,0.005164,7.230343,828.033469,835.269045,835.568401,0.299356,928.566683
1491,vehicle1,1265.798000,1265.501000,1206.620087,1,ok,25899,21468,1,0.123630,138.862961,0.000097,0.092894,14.844372,2.383982,0.000075,35.798354,15.885697,0.807801,760.487852,0.004927,6.720399,830.301027,837.026450,837.474994,0.448544,976.461585
1492,vehicle1,1266.000000,1265.703000,1207.452566,1,ok,25696,21360,1,0.217701,184.507246,0.000113,0.102053,13.394704,1.790768,0.000200,40.748182,15.392097,0.715083,752.810772,0.004455,7.171514,824.953859,832.129941,832.440722,0.310781,1017.165669
1493,vehicle1,1266.208000,1265.901000,1208.283973,1,ok,25484,21200,1,0.102142,211.015707,0.000071,0.086061,14.377188,1.909765,0.000094,35.143020,17.722753,0.844842,752.935598,0.015313,7.946473,823.019321,830.981178,831.377208,0.396030,1042.495057
1494,vehicle1,1266.408000,1266.102000,1209.106477,1,ok,25226,21020,1,0.085280,272.086612,0.000110,0.091878,16.037041,1.909855,0.000104,39.208159,18.863347,0.929004,738.057279,0.006181,6.854817,815.096667,821.957775,822.469765,0.511990,1094.641657
1495,vehicle1,1266.606000,1266.300000,1209.910377,1,ok,25006,20902,1,0.223752,295.965392,0.000068,0.060573,14.348951,1.763139,0.000181,39.782150,18.369663,0.892038,721.741910,0.006132,6.513772,796.958605,803.478577,803.870609,0.392032,1100.059753
1496,vehicle1,1266.808000,1266.500000,1210.734151,1,ok,24713,20771,1,0.264859,306.958494,0.000068,0.060203,14.993312,3.529230,0.000127,46.466991,20.671446,0.967860,730.194330,0.005116,6.221462,816.883499,823.110145,823.744554,0.634409,1130.967907
1497,vehicle1,1267.009000,1266.702000,1211.557786,1,ok,24467,20637,1,0.095005,318.156711,0.000069,0.062451,15.802873,2.602605,0.000202,40.638918,19.656883,0.740326,734.929100,0.004929,8.650323,814.433358,823.088679,823.608924,0.520245,1141.860640
1498,vehicle1,1267.207000,1266.901000,1212.338939,1,ok,24440,20621,1,0.116600,357.899912,0.000067,0.076964,10.972880,1.747462,0.000140,39.746186,19.129213,0.699680,701.563502,0.006172,6.854312,773.936027,780.796578,781.121368,0.324790,1139.137880
1499,vehicle1,1267.453000,1267.100000,1213.152311,1,ok,24573,20717,1,0.245005,348.407933,0.000070,0.063993,11.625735,1.649749,0.000092,35.011467,17.679552,0.751993,729.734471,0.193465,16.127588,796.517052,812.838175,813.344954,0.506779,1161.997892
1500,vehicle1,1267.691000,1267.302000,1213.972653,1,ok,24775,20871,1,0.255569,385.349754,0.000097,0.095651,14.827417,1.728259,0.000073,37.177021,17.960791,0.966809,740.677570,0.017758,6.531252,813.433591,819.982698,820.315185,0.332487,1205.920508
1501,vehicle1,1267.893000,1267.501000,1214.807184,1,ok,24883,20926,1,0.226474,454.404302,0.000077,0.066809,13.934680,1.753427,0.000213,41.149035,16.989412,0.934885,752.355187,0.004173,6.725145,827.183648,833.913043,834.498498,0.585455,1289.129274
1502,vehicle1,1268.101000,1267.700000,1215.657257,1,ok,24860,20871,1,0.203921,492.850593,0.000074,0.063764,14.728595,1.604724,0.000093,39.465818,21.407099,0.720972,763.195979,0.003548,8.488981,841.187044,849.679647,850.042849,0.363202,1343.097363
1503,vehicle1,1268.304000,1267.898000,1216.485381,1,ok,24696,20727,1,0.248131,535.673643,0.000074,0.065181,18.846599,1.516493,0.000104,36.738834,17.712686,0.706541,745.779859,0.004170,6.411962,821.366297,827.782503,828.094509,0.312006,1364.016283
1504,vehicle1,1268.499000,1268.103000,1217.287136,1,ok,24433,20504,1,0.128959,585.484063,0.000075,0.084818,10.876131,1.573000,0.000096,35.772493,18.626940,0.713182,725.954899,0.084040,7.704995,793.601559,801.390669,801.722200,0.331531,1387.335222
1505,vehicle1,1268.699000,1268.304000,1218.084365,1,ok,24245,20326,1,0.114320,597.541211,0.000070,0.066941,9.451834,1.684383,0.000166,33.063707,15.454764,0.718460,729.704430,0.003939,6.748056,790.144685,796.896750,797.184883,0.288133,1394.840414
1506,vehicle1,1268.892000,1268.500000,1218.859880,1,ok,24082,20180,1,0.117233,583.985016,0.000091,0.073764,11.676529,1.471161,0.000109,33.610427,17.036821,0.712705,704.120977,0.003807,6.472165,768.702493,775.178556,775.477558,0.299002,1359.579807
1507,vehicle1,1269.092000,1268.701000,1219.615427,1,ok,23966,20083,1,0.256043,526.434828,0.000096,0.082683,9.307154,1.434496,0.000118,33.686268,15.875278,0.712386,687.103918,0.003687,6.941866,748.202301,755.147950,755.511332,0.363382,1282.202203
1508,vehicle1,1269.261000,1268.899000,1220.362483,1,ok,23890,19984,1,0.126381,508.558029,0.000087,0.079866,9.459509,2.905698,0.000092,30.165263,17.670541,0.745332,675.561231,0.010599,9.753436,736.587532,746.351654,747.021858,0.670204,1255.706268
1509,vehicle1,1269.414000,1269.098000,1221.071717,1,ok,23877,19960,1,0.184186,455.253786,0.000341,0.099004,11.456512,1.450634,0.000091,29.925706,15.833026,0.741934,640.851447,0.006373,8.331759,700.358354,708.696827,709.202558,0.505731,1164.640530
1510,vehicle1,1269.609000,1269.304000,1221.762974,1,ok,23834,19934,1,0.088897,347.868749,0.000089,0.063452,7.770013,1.647616,0.000122,30.969876,16.163929,0.824272,624.392159,0.183669,8.424387,681.831439,690.439584,691.233210,0.793626,1039.190856
1511,vehicle1,1269.803000,1269.500000,1222.501151,1,ok,23894,19999,1,0.105518,272.188050,0.000197,0.101684,9.292335,1.897431,0.000177,31.024824,14.755807,0.727806,671.612158,0.004503,8.227387,729.412222,737.644309,738.146015,0.501706,1010.439583
1512,vehicle1,1270.003000,1269.702000,1223.244693,1,ok,23909,20045,1,0.089463,226.120488,0.000071,0.062371,7.237591,1.338169,0.000148,30.317626,14.285541,0.695440,683.024194,0.004932,6.239923,736.961080,743.206006,743.510464,0.304458,969.720415
1513,vehicle1,1270.199000,1269.901000,1223.995836,1,ok,23888,20098,1,0.115769,220.679862,0.000067,0.062278,8.624853,1.398498,0.000081,32.339883,16.037490,0.707068,684.589326,0.014676,6.745967,743.759477,750.520187,751.116402,0.596215,971.912033
1514,vehicle1,1270.403000,1270.102000,1224.747127,1,ok,23848,20078,1,0.228696,196.410988,0.000072,0.060915,11.653430,1.563544,0.000080,33.756033,16.900020,0.853201,678.213436,0.004119,7.842200,743.000659,750.847050,751.256391,0.409341,947.896075
1515,vehicle1,1270.601000,1270.303000,1225.543084,1,ok,24315,20552,1,0.103603,153.243479,0.000106,0.106205,14.030393,1.811047,0.000079,35.145922,16.039531,0.932398,720.256701,0.044046,6.846233,788.322276,795.212661,795.917200,0.704539,949.264282
1516,vehicle1,1270.802000,1270.501000,1226.354815,1,ok,24863,20975,1,0.214301,162.243446,0.000068,0.064636,20.942374,1.692416,0.000125,40.076191,15.510058,0.713879,725.227030,0.022830,6.951154,804.226709,811.200761,811.707518,0.506757,974.165265
1517,vehicle1,1271.002000,1270.703000,1227.143940,1,ok,24964,21079,1,0.212360,207.154963,0.000073,0.067617,13.694857,2.102859,0.000121,32.777657,15.337027,0.719703,716.574273,0.003918,7.249374,781.274114,788.527479,789.082391,0.554912,996.449714
1518,vehicle1,1271.204000,1270.905000,1227.928131,1,ok,24094,20343,1,0.117849,225.080691,0.000217,0.091640,12.620228,1.428743,0.000098,34.783443,15.167277,0.687426,711.443781,0.004189,7.520437,776.222636,783.747479,784.150454,0.402975,1009.348994
1519,vehicle1,1271.405000,1271.103000,1228.688715,1,ok,24051,20387,1,0.188305,244.936430,0.000084,0.091918,12.148147,1.399309,0.000083,34.249121,17.253802,0.895976,687.414572,0.004681,6.671077,753.452928,760.128770,760.552325,0.423555,1005.677060
1520,vehicle1,1271.604000,1271.305000,1229.446848,1,ok,24050,20439,1,0.214486,233.772882,0.000069,0.065447,11.319139,1.370836,0.000078,33.009505,16.358837,0.701590,686.721792,0.015245,8.242048,749.547224,757.804586,758.094959,0.290373,992.082327
1521,vehicle1,1271.802000,1271.503000,1230.183384,1,ok,24077,20440,1,0.122902,232.446805,0.000172,0.072689,9.865078,2.843656,0.000089,28.780871,16.762378,0.975617,670.140446,0.004260,6.584564,729.440824,736.029820,736.506601,0.476781,969.076308
1522,vehicle1,1271.995000,1271.702000,1230.925405,1,ok,24165,20475,1,0.187556,186.370198,0.000068,0.063397,7.761024,1.763188,0.000097,32.784945,16.936032,0.723453,673.993132,0.008937,7.459276,734.025268,741.493549,741.980947,0.487398,928.538701
1523,vehicle1,1272.196000,1271.902000,1231.656974,1,ok,24205,20418,1,0.209944,145.810875,0.000076,0.075576,8.478568,1.379852,0.000096,29.972286,15.348076,0.704551,668.492168,0.005570,6.738038,724.451173,731.194857,731.539164,0.344307,877.559983
1524,vehicle1,1272.355000,1272.104000,1232.377175,1,ok,24258,20348,1,0.244050,77.799729,0.000070,0.068973,9.235170,1.396344,0.000093,32.081527,18.980530,0.942601,649.863951,0.004213,6.788633,712.569189,719.362105,720.165419,0.803314,798.209198
1525,vehicle1,1272.596000,1272.304000,1233.093598,1,ok,24299,20306,1,0.272507,20.727410,0.000137,0.108881,9.214936,1.641329,0.000099,34.304070,15.180068,0.703372,645.542211,0.004891,9.207106,706.694966,715.907100,716.380511,0.473411,737.380428
1526,vehicle1,1272.828000,1272.604000,1234.183289,1,ok,24436,20667,1,0.113549,0.005599,0.000199,0.083048,10.403459,1.983570,0.000143,40.916004,22.028671,1.021776,668.310340,0.160787,8.696330,744.747011,753.604327,754.447645,0.843318,754.566793
1527,vehicle1,1273.012000,1272.798000,1234.929443,1,ok,24518,20758,1,0.217339,0.006494,0.000209,0.099324,13.289360,1.429771,0.000046,32.808363,16.588260,0.715771,659.372080,0.003145,6.742970,724.302975,731.049299,731.357949,0.308650,731.581782
1528,vehicle1,1273.219000,1273.004000,1235.705120,1,ok,24586,20831,1,0.182899,0.007769,0.000271,0.089307,11.099634,1.575975,0.000173,34.860951,17.222763,0.714557,653.737301,0.005676,6.637152,719.300661,725.943760,726.663681,0.719921,726.854349
1529,vehicle1,1273.494000,1273.210000,1236.512395,1,ok,24643,20916,1,0.110539,0.007914,0.000311,0.105518,13.002140,2.215743,0.000154,34.316745,16.588125,0.945699,666.098842,0.002809,6.748039,733.272966,740.024125,740.593310,0.569185,740.711763
1530,vehicle1,1273.711000,1273.502000,1237.490816,1,ok,24866,20906,1,0.297025,0.009261,0.000341,0.111545,17.836178,2.939514,0.000121,36.037513,17.706585,0.712444,645.728447,0.019751,7.527035,721.072347,728.619474,728.990947,0.371473,729.297233
1531,vehicle1,1273.912000,1273.704000,1238.276824,1,ok,25140,20891,1,0.214691,0.006123,0.000274,0.087650,15.159746,2.042866,0.000098,37.122691,15.766756,0.704209,651.535691,0.019156,7.668936,722.419707,730.108073,730.590860,0.482787,730.811674
1532,vehicle1,1274.107000,1273.904000,1238.994051,1,ok,25302,20863,1,0.270755,0.009011,0.000513,0.109479,14.462861,2.813013,0.000107,34.619442,14.400230,0.803814,607.152815,0.005526,6.616202,674.361761,680.984002,681.485666,0.501664,681.765432
1533,vehicle1,1274.309000,1274.102000,1239.774005,1,ok,25155,20809,1,0.080980,0.005863,0.000178,0.060198,15.038164,2.247408,0.000119,36.991482,19.177943,0.755721,617.286910,0.004570,7.124995,691.557945,698.687688,699.021895,0.334207,699.108738
1534,vehicle1,1274.509000,1274.302000,1240.586535,1,ok,25141,20842,1,0.108038,0.009182,0.000345,0.117964,14.251178,1.923639,0.000121,35.408651,17.331588,0.991659,626.505602,0.013105,6.560401,696.530402,703.104253,703.779447,0.675194,703.896667
1535,vehicle1,1274.715000,1274.502000,1241.368057,1,ok,25153,20835,1,0.207463,0.009517,0.000228,0.077189,10.571957,1.641812,0.000179,31.403343,14.819263,0.693839,622.165481,0.007242,7.345109,681.373063,688.725642,689.449661,0.724019,689.666641
1536,vehicle1,1274.913000,1274.704000,1242.159128,1,ok,25239,20839,1,0.230099,0.007271,0.000371,0.096965,8.598071,2.601512,0.000093,32.231478,17.761941,0.706195,607.151316,0.003814,8.261484,669.147571,677.413240,677.808010,0.394770,678.045380
1537,vehicle1,1275.112000,1274.904000,1242.980857,1,ok,25366,20909,1,0.237482,0.008992,0.000139,0.098493,10.408349,1.586000,0.000121,35.102801,18.574074,0.762836,631.411598,0.054611,6.449287,697.944272,704.448309,704.742936,0.294627,704.989410
1538,vehicle1,1275.329000,1275.105000,1243.816767,1,ok,25319,20798,1,0.130983,0.008193,0.000456,0.109091,24.461608,2.803805,0.000138,35.063189,18.198851,0.851433,659.390645,0.003475,6.890774,740.878760,747.773465,748.279664,0.506199,748.418840
1539,vehicle1,1275.511000,1275.304000,1244.519940,1,ok,25330,20717,1,0.243486,2.713020,0.000397,0.090615,13.256195,1.819686,0.000089,33.518940,14.516599,0.691049,617.900607,0.003843,6.753874,681.793780,688.551894,688.867915,0.316021,691.824421
1540,vehicle1,1275.705000,1275.504000,1245.245754,1,ok,25357,20617,1,0.237860,0.008572,0.000415,0.088733,9.374761,1.824330,0.000123,34.900828,14.205577,1.058449,583.754504,0.003388,7.008013,645.207305,652.219121,652.822538,0.603417,653.068970
1541,vehicle1,1275.909000,1275.705000,1246.066365,1,ok,25394,20625,1,0.277984,0.009719,0.000527,0.102853,11.283531,1.698399,0.000131,33.220064,15.802713,0.932925,626.347263,0.004784,7.394596,689.387879,696.787786,697.182100,0.394314,697.469803
1542,vehicle1,1276.111000,1275.902000,1246.858725,1,ok,25355,20568,1,0.120571,0.007712,0.000412,0.099501,10.988452,2.158881,0.000115,41.813085,21.404313,0.995789,594.301850,0.003871,6.239314,671.761986,678.005583,678.718385,0.712802,678.846668
1543,vehicle1,1276.302000,1276.104000,1247.587977,1,ok,25286,20498,1,0.261615,0.008010,0.000219,0.093107,8.818079,1.728839,0.000188,29.642098,15.196768,0.820098,582.091924,0.073945,7.312486,638.391101,645.777751,647.443211,1.665460,647.712836
1544,vehicle1,1276.505000,1276.302000,1248.353760,1,ok,25242,20440,1,0.264392,0.004684,0.000361,0.058306,7.686195,1.638155,0.000076,27.019563,15.782905,0.747938,536.479784,0.005270,6.792499,589.412922,596.211052,596.638871,0.427819,596.907947
1545,vehicle1,1276.704000,1276.505000,1249.153360,1,ok,25278,20465,1,0.121817,0.006539,0.000201,0.085776,6.475323,1.652387,0.000099,29.963789,15.276915,0.921682,560.995640,0.005107,7.730247,615.371611,623.107166,623.507641,0.400475,623.635997
1546,vehicle1,1276.915000,1276.705000,1250.006845,1,ok,25348,20527,1,0.094543,0.005994,0.000436,0.060423,9.671738,2.014048,0.000163,35.569810,19.791968,0.902250,640.333570,0.003754,7.529105,708.343970,715.877265,716.196440,0.319175,716.296977
1547,vehicle1,1277.192000,1276.907000,1250.772974,1,ok,25342,20470,1,0.258917,0.005778,0.000359,0.101949,9.565236,1.705948,0.000105,40.169759,16.924053,0.873592,628.514016,0.010060,7.051319,697.854658,704.916396,705.385465,0.469069,705.650160
1548,vehicle1,1277.413000,1277.199000,1251.819869,1,ok,25188,20129,1,0.315476,0.005992,0.000276,0.094215,16.114727,2.059577,0.000172,35.950723,16.786521,0.701223,632.146330,0.053240,6.143991,703.853488,710.050995,710.654776,0.603781,710.976244
1549,vehicle1,1277.614000,1277.404000,1252.557022,1,ok,24954,19823,1,0.156007,0.008050,0.000166,0.059430,9.599052,2.165452,0.000124,28.789034,15.866482,0.789762,618.926537,0.005116,8.247202,676.195873,684.448357,684.949609,0.501252,685.113666
1550,vehicle1,1277.810000,1277.603000,1253.320158,1,ok,24636,19533,1,0.105810,0.009402,0.000335,0.115628,13.299300,1.680619,0.000130,36.828150,16.854205,0.774806,620.262666,0.011230,6.520864,689.815504,696.347933,696.937931,0.589998,697.053143
1551,vehicle1,1278.010000,1277.802000,1254.063699,1,ok,24321,19253,1,0.087897,0.005068,0.000274,0.068390,11.932089,1.572814,0.000083,31.673700,16.977063,0.874455,605.574478,0.004921,8.511576,668.673072,677.189843,677.596787,0.406944,677.689752
1552,vehicle1,1278.209000,1278.003000,1254.844709,1,ok,23927,18909,1,0.272226,0.006156,0.000297,0.183419,10.797703,1.770676,0.000201,33.514995,16.040709,0.720144,596.995836,0.003442,7.065493,660.023683,667.092915,667.800996,0.708081,668.079378
1553,vehicle1,1278.410000,1278.202000,1255.638986,1,ok,23575,18654,1,0.220061,0.009255,0.000299,0.099855,17.586017,2.416484,0.000086,36.801045,18.232414,0.761364,615.602650,0.003883,7.370836,691.499915,698.874933,699.215143,0.340210,699.444459
1554,vehicle1,1278.611000,1278.404000,1256.346403,1,ok,23284,18325,1,0.149746,0.006094,0.000400,0.106788,9.889636,1.526267,0.000139,30.987156,15.888271,0.705212,598.132064,0.053518,7.470261,657.235533,664.759712,665.071417,0.311705,665.227257
1555,vehicle1,1278.811000,1278.603000,1257.078258,1,ok,23157,17800,1,0.096330,0.005338,0.000234,0.099715,12.660720,2.021201,0.000132,29.632062,18.543658,0.855442,551.232645,0.003494,8.054749,615.045575,623.104052,623.501391,0.397339,623.603059
1556,vehicle1,1279.002000,1278.806000,1257.837909,1,ok,23053,17591,1,0.089504,0.006632,0.000261,0.111415,8.494356,1.361327,0.000098,33.162821,16.456371,1.021580,574.175953,0.004343,7.255145,634.783921,642.043670,642.384428,0.340758,642.480564
1557,vehicle1,1279.202000,1279.002000,1258.553474,1,ok,23099,17449,1,0.100323,0.008946,0.000336,0.109988,8.039947,2.033509,0.000084,27.602548,12.927194,0.693790,533.679422,0.005781,6.280379,585.086482,591.372978,591.688694,0.315716,591.797963
1558,vehicle1,1279.402000,1279.202000,1259.290262,1,ok,23194,17277,1,0.069109,0.022798,0.000318,0.109186,9.168832,8.195059,0.000113,28.724750,16.869755,0.959625,511.391589,0.005418,7.802909,575.418909,583.227554,583.726201,0.498647,583.818108
1559,vehicle1,1279.605000,1279.402000,1260.059460,1,ok,23231,17054,1,0.213529,0.005189,0.000232,0.075117,11.563063,3.278710,0.000151,27.983841,15.792868,0.697391,512.664798,0.004371,7.617952,572.055939,579.678494,580.073996,0.395502,580.292714
1560,vehicle1,1279.801000,1279.605000,1260.845841,1,ok,23122,16807,1,0.079851,0.005376,0.000277,0.071026,8.061247,1.578528,0.000137,25.981964,16.000114,0.690562,508.811421,0.013265,6.218684,561.194999,567.427225,567.781292,0.354067,567.866519
1561,vehicle1,1280.004000,1279.801000,1261.592340,1,ok,22992,16551,1,0.112570,0.011061,0.000265,0.115605,6.797280,1.381672,0.000098,26.489309,13.474287,0.706988,500.013426,0.012447,6.817230,548.978665,555.808607,556.111409,0.302802,556.235040
1562,vehicle1,1280.202000,1280.004000,1262.320399,1,ok,22840,16447,1,0.138745,0.006859,0.000383,0.106984,7.477980,1.961273,0.000096,24.757712,11.737330,0.946431,464.178232,0.003968,7.998310,511.166038,519.168699,519.662854,0.494155,519.808458
1563,vehicle1,1280.399000,1280.202000,1263.081810,1,ok,22794,16344,1,0.126847,0.006799,0.000355,0.108118,8.317075,2.195026,0.000180,28.225638,12.302980,0.832800,476.083390,0.003860,9.368078,528.065207,537.437500,538.138509,0.701009,538.272155
1564,vehicle1,1280.596000,1280.399000,1263.822899,1,ok,22770,16253,1,0.116064,0.006701,0.000554,0.095521,6.613411,1.884732,0.000118,22.801023,9.372470,0.687655,466.146152,0.004223,6.863560,507.601082,514.469419,514.888485,0.419066,515.011250
1565,vehicle1,1280.795000,1280.605000,1264.567012,1,ok,22802,16217,1,0.092624,0.011724,0.000553,0.121366,5.737738,1.328297,0.000122,22.246947,10.520596,0.795664,449.694735,0.004216,6.314553,490.445465,496.764787,497.242013,0.477226,497.346361
1566,vehicle1,1280.996000,1280.803000,1265.348343,1,ok,22831,16186,1,0.193337,0.004600,0.000285,0.067199,6.530780,1.363680,0.000095,23.250211,11.868835,0.724411,456.309923,0.014430,7.471112,500.115134,507.600961,507.904146,0.303185,508.102083
1567,vehicle1,1281.196000,1281.004000,1266.100034,1,ok,22874,16228,1,0.096766,0.006290,0.000340,0.106888,7.163428,1.979255,0.000152,22.856428,9.921123,0.700031,454.150928,0.004697,6.201860,496.878233,503.085130,503.625892,0.540762,503.728948
1568,vehicle1,1281.399000,1281.204000,1266.857332,1,ok,22861,16187,1,0.171399,0.009628,0.000237,0.095812,8.204693,2.012965,0.000096,29.368670,11.698809,0.824644,458.778478,0.003634,6.540218,510.984167,517.528256,518.051777,0.523521,518.232804
1569,vehicle1,1281.592000,1281.404000,1267.597481,1,ok,22815,16140,1,0.100985,0.007183,0.000339,0.095534,6.933501,1.412566,0.000265,22.334403,12.435396,0.974519,445.978867,0.003349,7.466766,490.165051,497.635505,498.187853,0.552348,498.296021
1570,vehicle1,1281.796000,1281.600000,1268.332979,1,ok,22853,16158,1,0.113311,2.544309,0.000297,0.077076,7.327404,1.407715,0.000088,21.629927,13.122144,0.993036,420.260671,0.004128,8.151408,464.818061,472.973894,473.505665,0.531771,476.163285
1571,vehicle1,1281.995000,1281.804000,1269.046913,1,ok,22852,16212,1,0.182876,0.004758,0.000129,0.063035,6.709126,1.921012,0.000097,21.892165,11.741625,0.702016,412.517742,0.003779,7.652332,455.546818,463.203058,463.527825,0.324767,463.715459
1572,vehicle1,1282.196000,1282.003000,1269.808256,1,ok,22829,16182,1,0.196016,0.174006,0.000631,0.095486,6.798802,1.861225,0.000113,21.433528,10.696745,0.848666,423.624687,0.062912,8.811010,465.359252,474.233805,474.813044,0.579239,475.183066
1573,vehicle1,1282.402000,1282.203000,1270.601987,1,ok,22874,16142,1,0.204892,0.008417,0.000236,0.095186,7.768135,2.011606,0.000264,24.810885,12.432939,0.868370,481.028702,0.008048,7.022928,529.016087,536.047299,536.463552,0.416253,536.676861
1574,vehicle1,1282.606000,1282.402000,1271.390262,1,ok,22951,16156,1,0.184278,0.005264,0.000179,0.062155,9.245905,1.743451,0.000104,26.880783,12.456546,0.746647,526.425544,0.004255,7.848959,577.561135,585.414528,585.997411,0.582883,586.186953
1575,vehicle1,1282.802000,1282.606000,1272.112794,1,ok,23085,16241,1,0.079288,0.008594,0.000325,0.105677,8.285441,1.445180,0.000091,26.928902,12.153706,0.714426,530.750379,0.003780,6.278261,580.383802,586.666168,587.163217,0.497049,587.251099
1576,vehicle1,1283.008000,1282.803000,1272.880091,1,ok,23257,16290,1,0.300157,0.009573,0.000185,0.112979,9.253892,1.776700,0.000213,25.393756,11.747151,0.906583,557.782170,0.004135,7.424118,606.973444,614.401882,614.783919,0.382037,615.093649
1577,vehicle1,1283.209000,1283.003000,1273.696278,1,ok,23601,16376,1,0.220858,0.007250,0.000254,0.085785,9.596942,1.294963,0.000121,41.054778,14.954103,0.713333,627.563659,0.013930,8.078316,695.263684,703.356184,703.626934,0.270750,703.855042
1578,vehicle1,1283.411000,1283.202000,1274.392861,1,ok,23880,16454,1,0.099500,0.008171,0.000327,0.117201,12.039611,1.358937,0.000094,30.908355,16.645350,0.924247,590.424377,0.004872,6.177355,652.418172,658.600726,660.256404,1.655678,660.364075
1579,vehicle1,1283.611000,1283.404000,1275.136831,1,ok,24161,16641,1,0.200504,0.006043,0.000459,0.109706,10.935753,1.224966,0.000256,30.686715,15.618740,0.764662,599.921244,0.005761,7.257600,659.262042,666.525862,667.013532,0.487670,667.220079
1580,vehicle1,1283.831000,1283.603000,1275.940713,1,ok,24333,16801,1,0.102972,0.008463,0.000285,0.119946,10.544412,1.301255,0.000128,32.782454,19.197078,1.801281,634.357227,0.004307,8.603619,700.103781,708.711992,709.375739,0.663747,709.487174
1581,vehicle1,1284.007000,1283.804000,1276.592875,1,ok,24535,17020,1,0.187607,0.007740,0.000306,0.108046,10.578446,1.218776,0.000108,28.684144,17.030158,0.991517,581.092428,0.004321,6.575759,639.703623,646.284009,646.761457,0.477448,646.956804
1582,vehicle1,1284.207000,1284.000000,1277.339430,1,ok,24715,17130,1,0.264211,0.009227,0.000277,0.106071,9.958304,1.164405,0.000211,31.162872,14.857231,0.701018,593.873893,0.013276,8.304641,651.824005,660.142199,660.853513,0.711314,661.126951
1583,vehicle1,1284.410000,1284.200000,1278.093106,1,ok,24849,17299,1,0.254659,0.010189,0.000358,0.125227,13.481179,1.722723,0.000108,34.774213,22.565239,0.736483,590.561221,0.012578,6.621289,663.966393,670.600618,670.890147,0.289529,671.154995
1584,vehicle1,1284.610000,1284.402000,1278.866166,1,ok,25299,17354,1,0.100944,0.007200,0.000359,0.118235,12.162337,1.509805,0.000135,33.643307,14.016955,0.691755,610.186491,0.003840,6.924651,672.329020,679.257870,679.555956,0.298086,679.664100
1585,vehicle1,1284.810000,1284.603000,1279.638451,1,ok,26098,17224,1,0.225909,0.006271,0.000160,0.068287,11.717376,1.186364,0.000075,31.188575,20.244389,0.893969,624.409851,0.004140,7.470078,689.708886,697.183264,697.730031,0.546767,697.962211
1586,vehicle1,1285.078000,1284.803000,1280.467535,1,ok,26790,17072,1,0.245450,0.006503,0.000196,0.097705,12.669159,1.511922,0.000132,34.534616,18.095061,0.730130,696.896729,0.004104,6.782042,764.535454,771.321796,771.660102,0.338306,771.912055
1587,vehicle1,1285.284000,1285.005000,1281.229504,1,ok,27047,17099,1,0.102179,37.182787,0.000078,0.069650,11.130185,1.342470,0.000115,31.460442,16.263346,0.695750,691.243259,0.004957,9.262629,752.205217,761.472881,761.935271,0.462390,799.220237
1588,vehicle1,1285.479000,1285.205000,1281.946291,1,ok,27243,17189,1,0.264123,57.372746,0.000078,0.094772,8.216063,1.221092,0.000133,27.820818,13.839345,0.826606,655.858949,0.023340,8.227607,707.877778,716.128803,716.751852,0.623049,774.388721
1589,vehicle1,1285.695000,1285.403000,1282.727098,1,ok,27404,17233,1,0.078838,41.524629,0.000230,0.096196,10.872541,1.212649,0.000117,31.281386,16.332041,0.855255,713.469534,0.012831,6.299324,774.119719,780.432104,780.766162,0.334058,822.369629
1590,vehicle1,1285.879000,1285.602000,1283.451336,1,ok,27565,17192,1,0.233652,87.192741,0.000067,0.093442,9.921425,1.571297,0.000082,34.863943,14.353574,0.929383,654.820923,0.004700,7.252344,716.554069,723.811180,724.203928,0.392748,811.630321
1591,vehicle1,1286.041000,1285.802000,1284.212075,1,ok,27717,17090,1,0.229424,41.902765,0.000102,0.081286,14.253015,1.241433,0.000094,31.866171,13.576662,0.932721,689.318365,0.012390,8.659663,751.269747,759.941902,760.704727,0.762825,802.836916
1592,vehicle1,1286.296000,1286.001000,1285.048470,1,ok,27970,17086,1,0.137784,8.319308,0.000072,0.063600,13.342761,2.805982,0.000118,34.901404,18.078365,0.769116,759.460071,0.003998,6.597159,829.421417,836.022646,836.376078,0.353432,844.833170
1593,vehicle1,1286.496000,1286.202000,1285.840068,1,ok,28109,16964,1,0.274487,91.218085,0.000071,0.067952,13.512738,1.152034,0.000078,33.172078,14.210788,0.716002,720.915102,0.019124,7.479825,783.746772,791.245792,791.567697,0.321905,883.060269
1594,vehicle1,1286.705000,1286.404000,1286.687002,1,ok,28106,16846,1,0.197290,128.354770,0.000069,0.065855,14.273739,1.121813,0.000078,33.324248,20.049102,0.780438,769.371710,0.003765,7.465182,838.986983,846.455999,846.891432,0.435433,975.443492
1595,vehicle1,1286.903000,1286.604000,1287.451864,1,ok,28112,16784,1,0.280643,215.170490,0.000088,0.079167,9.654280,1.096981,0.000037,28.915126,13.911764,0.712169,703.209490,0.004100,6.841626,757.579014,764.424828,764.819454,0.394626,980.270587
1596,vehicle1,1287.102000,1286.805000,1288.222543,1,ok,28160,16744,1,0.284036,236.460591,0.000069,0.072993,11.010877,1.218931,0.000097,31.922787,13.046608,0.694907,705.205912,0.003748,7.210776,763.173112,770.387705,770.632939,0.245234,1007.377566
1597,vehicle1,1287.302000,1287.005000,1288.958468,1,ok,28191,16731,1,0.276757,239.942932,0.000098,0.103024,10.440407,1.197278,0.000108,31.407336,14.426352,0.782059,669.745204,0.003842,7.318733,728.101768,735.424441,735.895758,0.471317,976.115447
1598,vehicle1,1287.511000,1287.203000,1289.780852,1,ok,28190,16683,1,0.138697,184.376723,0.000070,0.073887,14.593606,1.639359,0.000079,35.840495,18.251565,0.722295,743.899934,0.013184,7.077351,815.021220,822.111825,822.358496,0.246671,1006.873916
1599,vehicle1,1287.710000,1287.402000,1290.539896,1,ok,28140,16581,1,0.140826,292.729841,0.000073,0.067319,13.438790,1.516112,0.000336,34.855137,15.150237,0.767997,685.916300,0.003998,6.187661,751.712228,757.903960,759.016824,1.112864,1051.887491
1600,vehicle1,1287.911000,1287.605000,1291.318146,1,ok,28180,16552,1,0.314597,288.877158,0.000069,0.071591,10.089174,1.067238,0.000128,33.252192,17.245041,0.750801,709.090515,0.004012,6.383915,771.566680,777.954676,778.225092,0.270416,1067.416847
1601,vehicle1,1288.193000,1287.803000,1292.144604,1,ok,28226,16489,1,0.904377,323.392175,0.000068,0.071252,15.893717,1.295252,0.000113,35.795947,18.407575,1.111122,746.890173,0.003126,6.570185,819.465151,826.038530,826.434117,0.395587,1150.730669
1602,vehicle1,1288.393000,1288.002000,1292.920817,1,ok,28285,16457,1,0.229371,411.438327,0.000075,0.073351,10.107056,1.107650,0.000152,34.439872,15.112111,0.713084,707.534222,0.008891,6.746037,769.087498,775.842501,776.195285,0.352784,1187.862983
1603,vehicle1,1288.596000,1288.203000,1293.700170,1,ok,28306,16350,1,0.273766,458.113643,0.000070,0.076944,9.622964,1.418242,0.000095,33.043598,15.312808,0.816103,710.138367,0.116250,8.206634,770.429121,778.752075,779.326218,0.574143,1237.713627
1604,vehicle1,1288.802000,1288.400000,1294.508735,1,ok,28393,16282,1,0.159951,490.198763,0.000069,0.074475,8.942617,0.994736,0.000022,30.527137,15.863440,0.744167,744.810060,0.003516,6.276139,801.956654,808.236378,808.534067,0.297689,1298.892781
1605,vehicle1,1289.004000,1288.601000,1295.270525,1,ok,28422,16117,1,0.124192,564.717656,0.000086,0.075915,9.048304,1.017561,0.000160,28.758686,14.907333,0.713872,698.208135,0.005040,8.413076,752.729966,761.148168,761.759257,0.611089,1326.601105
1606,vehicle1,1289.206000,1288.802000,1296.019014,1,ok,28467,15999,1,0.152845,602.009577,0.000092,0.075277,6.389425,1.388084,0.000086,29.154982,13.474158,0.764472,689.955577,0.003270,6.896764,741.202061,748.102187,748.455218,0.353031,1350.617640
1607,vehicle1,1289.409000,1289.004000,1296.843748,1,ok,28578,15888,1,0.105057,614.666677,0.000069,0.074242,10.505148,0.982192,0.000116,34.268744,16.810519,0.922097,754.526621,0.004104,6.301003,818.089679,824.394855,824.709695,0.314840,1439.481429
1608,vehicle1,1289.695000,1289.206000,1297.682839,1,ok,28827,15800,1,0.263563,678.400629,0.000073,0.085013,10.546142,1.045464,0.000038,36.001600,18.034333,0.761942,765.953571,0.057721,6.269640,832.428103,838.755537,839.066827,0.311290,1517.731019
1609,vehicle1,1289.903000,1289.602000,1298.496684,1,ok,29332,15756,1,0.434071,65.139950,0.000069,0.077968,12.880399,0.971150,0.000135,32.369677,15.600962,0.940835,741.511802,0.004363,9.197925,804.352928,813.555285,813.812634,0.257349,879.386655
1610,vehicle1,1290.102000,1289.804000,1299.324418,1,ok,29582,15788,1,0.247333,152.629620,0.000078,0.115370,9.876364,0.946213,0.000110,30.029000,14.983911,0.712150,764.087026,0.003801,6.711779,820.750144,827.465802,827.700966,0.235164,980.577919
1611,vehicle1,1290.327000,1290.004000,1300.215598,1,ok,29655,15687,1,0.160637,207.953946,0.000070,0.101469,20.810633,1.369465,0.000110,32.496413,18.106922,0.704901,810.657802,0.004221,6.536898,884.247715,890.788904,891.145274,0.356370,1099.259857
1612,vehicle1,1290.595000,1290.201000,1301.088137,1,ok,29695,15637,1,0.276219,361.709408,0.000072,0.077004,16.819921,1.087314,0.000150,34.780277,16.507369,0.752591,794.683013,0.016223,7.257446,864.707639,871.981380,872.518347,0.536967,1234.503974
1613,vehicle1,1290.803000,1290.402000,1301.928724,1,ok,29932,15646,1,0.190264,485.809074,0.000141,0.116693,9.667223,0.915300,0.000094,30.270544,13.382861,0.694937,777.916730,0.072442,7.250440,832.964382,840.287405,840.542760,0.255355,1326.542098
1614,vehicle1,1291.013000,1290.603000,1302.709957,1,ok,30348,15674,1,0.259760,566.697625,0.000091,0.111683,7.469761,0.885002,0.000096,26.342293,23.166202,0.911519,714.742561,0.005884,7.202429,773.629117,780.837521,781.194469,0.356948,1348.151854
1615,vehicle1,1291.207000,1290.803000,1303.490536,1,ok,30656,16196,1,0.367006,619.765155,0.000076,0.072357,7.775195,0.912969,0.000140,28.586970,13.677816,0.739054,720.290212,0.006729,7.954598,772.054713,780.016116,780.542974,0.526858,1400.675135
1616,vehicle1,1291.483000,1291.006000,1304.312740,1,ok,30993,16467,1,0.201164,665.789526,0.000103,0.115078,9.976897,1.515503,0.000088,28.832132,15.912040,0.803858,757.257035,0.003543,6.971450,814.412631,821.387727,822.161604,0.773877,1488.152294
1617,vehicle1,1291.705000,1291.403000,1305.171778,1,ok,31636,17017,1,0.313694,38.006514,0.000113,0.095623,15.366610,1.800806,0.000126,28.341955,15.698528,0.699663,790.375342,0.014616,6.273844,852.378653,858.667226,859.010638,0.343412,897.330846
1618,vehicle1,1291.911000,1291.599000,1306.010712,1,ok,32022,17353,1,0.135600,168.779262,0.000154,0.069064,9.592001,0.916692,0.000085,33.538509,14.836214,0.701341,772.230659,0.090899,6.624460,831.884565,838.600078,838.909653,0.309575,1007.824515
1619,vehicle1,1292.109000,1291.804000,1306.758366,1,ok,32281,17568,1,0.136330,277.152522,0.000068,0.073326,8.446136,0.891593,0.000029,24.626024,13.632781,0.703854,691.952624,0.003747,7.033259,740.326367,747.363441,747.617578,0.254137,1024.906430
1620,vehicle1,1292.309000,1292.003000,1307.510906,1,ok,32365,17608,1,0.290521,290.341888,0.000071,0.084363,7.693766,0.886144,0.000072,23.044233,11.928235,0.722900,700.744764,0.005278,7.079083,745.104477,752.188909,752.509361,0.320452,1043.141770
1621,vehicle1,1292.553000,1292.203000,1308.317686,1,ok,32450,17654,1,0.131423,317.923797,0.000092,0.114476,8.628206,0.887010,0.000109,29.742706,14.980610,0.723275,743.601137,0.004355,7.643881,798.677529,806.325857,806.736246,0.410389,1124.791466
1622,vehicle1,1292.795000,1292.402000,1309.149565,1,ok,32527,17729,1,0.164422,387.154128,0.000073,0.071238,10.935684,1.407003,0.000099,29.562196,18.552017,1.011805,762.980897,0.004737,6.698667,824.520939,831.224416,831.851852,0.627436,1219.170402
1623,vehicle1,1292.997000,1292.602000,1309.916185,1,ok,32559,17749,1,0.517377,466.084981,0.000086,0.082577,7.025023,0.903977,0.000032,28.046456,13.719794,0.697200,708.063668,0.074590,7.650060,758.538727,766.263463,766.571563,0.308100,1233.173921
1624,vehicle1,1293.203000,1292.803000,1310.667821,1,ok,32519,17727,1,0.181458,496.331774,0.000066,0.073443,6.787092,1.176297,0.000322,24.760926,13.514836,0.894765,697.146410,0.008562,6.639293,744.354091,751.002012,751.604373,0.602361,1248.117605
1625,vehicle1,1293.402000,1293.005000,1311.429351,1,ok,32534,17685,1,0.223263,516.208342,0.000071,0.071069,6.719339,0.876218,0.000086,29.989236,13.102681,0.718087,701.534499,0.004369,8.148315,753.011215,761.163970,761.496976,0.333006,1277.928581
1626,vehicle1,1293.601000,1293.203000,1312.202352,1,ok,32538,17745,1,0.287915,551.237037,0.000094,0.075721,6.052816,0.865241,0.000043,26.667973,11.871838,0.911721,718.533073,0.005343,7.369546,764.978426,772.353409,772.963275,0.609866,1324.488227
1627,vehicle1,1293.813000,1293.402000,1312.987009,1,ok,32506,17738,1,0.270487,591.344437,0.000068,0.085817,8.018076,0.886941,0.000122,25.860998,11.465416,0.739113,728.763731,0.005712,8.242761,775.820214,784.068755,784.632380,0.563625,1376.247304
1628,vehicle1,1294.011000,1293.601000,1313.725453,1,ok,32553,17772,1,0.173400,634.973447,0.000173,0.117906,8.076515,0.868588,0.000091,25.792694,13.688726,0.710055,681.256128,0.072797,7.536317,730.510703,738.119990,738.404914,0.284924,1373.551761
1629,vehicle1,1294.210000,1293.803000,1314.533185,1,ok,32705,17922,1,0.156430,612.975351,0.000078,0.076557,9.959135,0.914059,0.000090,27.355130,13.766167,0.749210,747.782827,0.004251,6.713412,800.603175,807.320916,807.704621,0.383705,1420.836402
1630,vehicle1,1294.415000,1294.004000,1315.231954,1,ok,32796,18048,1,0.319907,677.250142,0.000073,0.086885,9.268248,1.335618,0.000117,25.470523,12.487034,0.905253,641.614014,0.004154,7.183083,691.167692,698.355002,698.738498,0.383496,1376.308547
1631,vehicle1,1294.600000,1294.203000,1315.952087,1,ok,32775,18121,1,0.168308,622.253405,0.000066,0.070570,8.517251,0.931670,0.000103,24.861255,14.388269,0.683560,664.199703,0.004406,6.173899,713.652381,719.830752,720.106328,0.275576,1342.528041
1632,vehicle1,1294.810000,1294.403000,1316.716486,1,ok,32849,18302,1,0.324997,606.150587,0.000068,0.069417,8.865754,1.264394,0.000131,26.952783,16.815842,0.935206,702.085108,0.006081,6.579741,756.988635,763.574525,764.373023,0.798498,1370.848607
1633,vehicle1,1295.011000,1294.600000,1317.449879,1,ok,32909,18469,1,0.126027,612.915176,0.000067,0.084039,7.639413,1.014604,0.000083,25.459261,14.016919,0.696545,676.341593,0.122661,6.735974,725.252457,732.111159,733.370652,1.259493,1346.411855
1634,vehicle1,1295.217000,1294.803000,1318.273034,1,ok,32943,18590,1,0.161569,627.334146,0.000079,0.072062,13.669954,1.400661,0.000075,29.065411,18.897673,0.911316,750.585837,0.004550,8.196774,814.602989,822.804392,823.120013,0.315621,1450.615728
1635,vehicle1,1295.483000,1295.005000,1319.067436,1,ok,32953,18753,1,0.271876,718.624000,0.000103,0.101191,10.741043,1.093686,0.000152,30.554255,15.582600,0.879060,726.710065,0.004550,7.728257,785.662052,793.394962,794.353944,0.958982,1513.249820
1636,vehicle1,1295.696000,1295.404000,1319.827076,1,ok,32895,19014,1,0.293703,38.333124,0.000073,0.107924,11.111219,1.190674,0.000079,28.154450,12.104436,0.705073,696.632266,0.004063,9.207117,750.006121,759.217374,759.594973,0.377599,798.221800
1637,vehicle1,1295.871000,1295.602000,1320.520109,1,ok,32866,19127,1,0.334886,58.956010,0.000074,0.070181,8.305767,1.293692,0.000100,24.450001,13.341423,0.877953,635.183137,0.004345,8.771147,683.522254,692.297820,693.000647,0.702827,752.291543
1638,vehicle1,1296.048000,1295.801000,1321.232233,1,ok,32835,19252,1,0.279316,36.094060,0.000219,0.102240,9.254643,1.687835,0.000031,26.280675,12.590021,0.804095,647.742443,0.647327,11.797071,698.461983,710.906600,712.093448,1.186848,748.466824
1639,vehicle1,1296.224000,1296.002000,1321.933734,1,ok,32723,19312,1,0.184069,11.855263,0.000145,0.103478,10.413859,1.956480,0.000115,26.490909,13.531269,0.684151,640.125917,0.014045,7.507663,693.306178,700.828031,701.471735,0.643704,713.511067
1640,vehicle1,1296.442000,1296.202000,1322.686526,1,ok,32594,19328,1,0.097603,0.008498,0.000287,0.124091,13.482852,1.832148,0.000194,39.846916,19.412683,0.889090,646.241569,0.005510,8.068823,721.829543,729.904163,730.381383,0.477220,730.487484
1641,vehicle1,1296.613000,1296.401000,1323.378715,1,ok,32389,19250,1,0.192423,1.942294,0.000087,0.074862,10.617806,1.332162,0.000088,26.462867,14.351847,0.719214,631.701244,0.004240,6.479217,685.260090,691.743634,692.152733,0.409099,694.287450
1642,vehicle1,1296.809000,1296.603000,1324.099527,1,ok,32206,19202,1,0.155766,0.003983,0.000210,0.067954,7.987124,1.411921,0.000111,29.203334,14.676979,1.082010,602.528685,0.084010,7.703379,656.958118,664.745717,665.407061,0.661344,665.566810
1643,vehicle1,1297.010000,1296.803000,1324.822571,1,ok,32064,19177,1,0.189403,0.008134,0.000206,0.072118,10.153015,1.730746,0.000083,29.449497,12.630540,0.705214,601.197162,0.003820,6.327047,655.938375,662.269448,662.763049,0.493601,662.960586
1644,vehicle1,1297.214000,1297.003000,1325.589247,1,ok,32042,19318,1,0.287229,0.006511,0.000332,0.109350,9.290245,1.942363,0.000091,33.580381,14.537725,0.701745,612.911672,0.078225,6.265919,673.073572,679.418048,679.755574,0.337526,680.049314
1645,vehicle1,1297.410000,1297.204000,1326.298379,1,ok,31932,19350,1,0.115842,0.004219,0.000200,0.067415,8.692764,1.538396,0.000106,29.741169,12.684850,0.788620,568.462507,0.005457,7.375886,621.975827,629.357370,629.701817,0.344447,629.821878
1646,vehicle1,1297.624000,1297.403000,1327.134099,1,ok,31943,19383,1,0.106996,0.005517,0.000173,0.071599,13.753059,2.148810,0.000246,33.456687,14.921721,0.706873,658.809726,0.003900,7.353358,723.868721,731.226152,731.618882,0.392730,731.731395
1647,vehicle1,1297.807000,1297.602000,1327.823792,1,ok,31953,19415,1,0.151616,0.013915,0.000228,0.114808,10.979462,1.862036,0.000146,34.540526,13.625088,0.864865,605.023369,0.004125,6.314322,667.010300,673.328975,673.857712,0.528737,674.023243
1648,vehicle1,1298.009000,1297.802000,1328.577660,1,ok,31927,19391,1,0.135415,0.008188,0.000215,0.116735,13.054414,2.465915,0.000089,28.504467,14.997956,0.703554,623.091415,0.005159,8.416671,682.934545,691.356590,691.906535,0.549945,692.050138
1649,vehicle1,1298.209000,1298.003000,1329.283204,1,ok,31782,19372,1,0.161019,0.007939,0.000400,0.092288,8.801263,2.458363,0.000104,30.433221,13.579299,0.804275,580.544513,0.024585,8.320152,636.713326,645.058463,645.517620,0.459157,645.686578
1650,vehicle1,1298.412000,1298.202000,1330.032367,1,ok,31597,19338,1,0.153957,0.041313,0.000240,0.091695,9.688440,2.310362,0.000112,30.330480,14.584219,0.696569,582.562462,0.064897,6.894648,640.264339,647.224124,647.643241,0.419117,647.838511
1651,vehicle1,1298.614000,1298.403000,1330.787542,1,ok,31478,19346,1,0.149066,0.009966,0.000230,0.077981,13.895816,2.730768,0.000195,32.471952,16.587412,0.739656,613.141891,0.004433,6.346887,679.645671,685.997221,686.355922,0.358701,686.514954
1652,vehicle1,1298.808000,1298.605000,1331.527164,1,ok,31344,19356,1,0.091105,0.008028,0.000323,0.128066,11.445036,2.005015,0.000093,30.788986,13.296901,0.777867,600.981973,0.003966,7.219478,659.423937,666.647704,666.960111,0.312407,667.059244
1653,vehicle1,1299.008000,1298.801000,1332.304367,1,ok,31213,19350,1,0.116990,0.004124,0.000239,0.064090,10.179322,2.734780,0.000123,32.570386,17.086653,0.822078,629.588755,0.004238,7.596111,693.046187,700.646775,700.969220,0.322445,701.090334
1654,vehicle1,1299.214000,1299.002000,1332.975646,1,ok,31141,19358,1,0.221177,0.010304,0.000225,0.096548,8.017362,2.045374,0.000083,30.082350,12.983970,0.913645,575.585212,0.004447,7.467625,629.724544,637.196841,637.571813,0.374972,637.803294
1655,vehicle1,1299.414000,1299.204000,1333.778037,1,ok,31160,19409,1,0.151332,0.007100,0.000228,0.100443,12.049528,2.194747,0.000099,33.667963,15.284014,0.963799,623.222280,0.011580,7.221481,687.482873,694.716162,695.035798,0.319636,695.194230
1656,vehicle1,1299.612000,1299.406000,1334.484532,1,ok,31095,19397,1,0.163402,0.003770,0.000217,0.064419,10.496043,2.650215,0.000331,33.047252,16.612258,0.878985,608.199366,0.003881,6.533179,671.948869,678.486146,678.935861,0.449715,679.103033
1657,vehicle1,1299.809000,1299.605000,1335.206716,1,ok,30942,19356,1,0.227217,0.007928,0.000377,0.113540,10.760900,3.146190,0.000093,33.713411,13.759645,0.755165,589.546441,0.004375,6.150299,651.795385,657.950436,658.303464,0.353028,658.538609
1658,vehicle1,1300.009000,1299.801000,1335.923141,1,ok,30654,19227,1,0.286346,0.005550,0.000539,0.064844,7.822747,2.105102,0.000078,34.281500,15.066401,0.892090,582.453763,0.008510,7.908136,642.686525,650.603710,651.154539,0.550829,651.446435
1659,vehicle1,1300.210000,1300.002000,1336.690173,1,ok,30489,19193,1,0.151609,0.006373,0.000150,0.062481,10.500035,2.326925,0.000111,32.049057,15.265645,0.716751,605.750011,0.004285,6.243459,666.671016,672.918910,673.218933,0.300023,673.376915
1660,vehicle1,1300.408000,1300.203000,1337.369170,1,ok,30375,19175,1,0.277088,0.006747,0.000351,0.089740,11.615556,3.056322,0.000114,31.746848,14.097524,0.767298,551.274998,0.003789,6.663426,612.648400,619.315966,619.730351,0.414385,620.014186
1661,vehicle1,1300.613000,1300.401000,1338.106603,1,ok,30320,19148,1,0.131437,0.006834,0.000186,0.094267,11.449025,2.479899,0.000103,36.476783,13.628068,0.692324,582.067631,0.012193,6.704557,646.888100,653.605036,653.939592,0.334556,654.077863
1662,vehicle1,1300.812000,1300.605000,1338.805778,1,ok,30303,19171,1,0.131834,0.005320,0.000193,0.093233,9.951935,2.532731,0.000085,32.457414,16.120326,0.752551,557.596212,0.003551,7.031877,619.504487,626.540108,627.345602,0.805494,627.482756
1663,vehicle1,1301.005000,1300.804000,1339.513694,1,ok,30270,19209,1,0.145059,0.019773,0.000201,0.074659,9.901908,2.577025,0.000093,31.126091,14.188841,0.876646,536.183525,0.004097,6.522177,594.928788,601.455263,601.859766,0.404503,602.024598
1664,vehicle1,1301.212000,1301.005000,1340.280494,1,ok,29988,19354,1,0.145052,0.004504,0.000149,0.059718,10.327336,2.800425,0.000086,32.276390,14.355066,0.890916,574.767762,0.003946,6.298507,635.477699,641.780301,642.264013,0.483712,642.413569
1665,vehicle1,1301.409000,1301.205000,1340.976674,1,ok,29372,19416,1,0.127332,0.006877,0.000214,0.098955,10.574066,2.795274,0.000109,29.092413,14.504633,1.050963,543.411812,0.005021,7.655400,601.528225,609.188860,609.924785,0.735925,610.058994
1666,vehicle1,1301.603000,1301.400000,1341.700446,1,ok,28579,19519,1,0.225460,0.005636,0.000163,0.067430,9.489344,2.444219,0.000074,30.227414,27.150310,0.699121,523.595862,0.004217,7.440462,593.673774,601.118616,601.395504,0.276888,601.626600
1667,vehicle1,1301.809000,1301.603000,1342.462332,1,ok,27746,19460,1,0.105513,0.007997,0.000291,0.103462,13.602493,3.218738,0.000134,32.508263,13.717551,0.700440,551.153158,0.021106,8.379219,615.004239,623.404855,623.727381,0.322526,623.840891
1668,vehicle1,1302.010000,1301.802000,1343.216951,1,ok,26973,19213,1,0.139474,0.005275,0.000211,0.121671,10.192047,3.045979,0.000096,32.337517,14.815448,0.975631,584.685560,0.004856,6.225217,646.173949,652.404233,653.383136,0.978903,653.527885
1669,vehicle1,1302.206000,1302.003000,1343.961458,1,ok,26259,18781,1,0.165984,0.007984,0.000250,0.107194,7.658503,2.270994,0.000097,32.571412,14.589630,0.682700,584.352505,0.003729,6.820228,642.233035,649.057242,649.601082,0.543840,649.775050
1670,vehicle1,1302.401000,1302.199000,1344.645489,1,ok,25722,18362,1,0.218482,0.006695,0.000252,0.101768,9.944993,3.300659,0.000139,31.047057,11.772983,0.724600,532.011376,0.004507,7.171553,588.903575,596.079887,596.399903,0.320016,596.625080
1671,vehicle1,1302.607000,1302.401000,1345.390787,1,ok,25344,18036,1,0.239138,0.006969,0.000246,0.095346,9.652108,2.831924,0.000205,27.683243,15.284523,0.734714,543.486144,0.003640,6.731981,599.768207,606.504074,606.823135,0.319061,607.069242
1672,vehicle1,1302.811000,1302.602000,1346.134788,1,ok,25068,17845,1,0.119122,0.005804,0.000216,0.061692,9.152142,2.415799,0.000192,34.385582,11.040193,0.795692,547.743313,0.004079,8.972527,605.594605,614.571427,615.190969,0.619542,615.315895
1673,vehicle1,1303.005000,1302.803000,1346.828511,1,ok,24869,17803,1,0.114021,0.008889,0.000375,0.086878,9.211111,3.211884,0.000175,24.103514,11.670010,0.708285,517.051747,0.198341,7.004386,566.043604,573.246706,574.054337,0.807631,574.177247
1674,vehicle1,1303.205000,1303.005000,1347.559157,1,ok,24350,17862,1,0.158491,0.014421,0.000195,0.094567,8.419130,4.612256,0.000117,23.462849,9.914058,0.791034,501.414856,0.003854,7.346191,548.708867,556.059107,556.497504,0.438397,556.670416
1675,vehicle1,1303.404000,1303.205000,1348.307535,1,ok,23754,17816,1,0.113415,0.009399,0.000435,0.123018,8.380398,3.893692,0.000103,25.272434,13.092316,0.697516,528.480188,0.004108,6.221232,579.939665,586.165440,586.623905,0.458465,586.746719
1676,vehicle1,1303.602000,1303.404000,1348.987482,1,ok,23304,17707,1,0.192287,0.007544,0.000236,0.086693,8.205276,2.242316,0.000112,23.351023,9.115459,0.901072,474.687246,0.003905,7.985297,518.589197,526.578635,526.947078,0.368443,527.146909
1677,vehicle1,1303.803000,1303.602000,1349.743550,1,ok,23080,17580,1,0.181029,0.012402,0.000266,0.093071,9.695655,2.187362,0.000107,23.577801,9.934007,0.713131,499.440129,0.003899,6.493961,545.641263,552.139389,552.492448,0.353059,552.685879
1678,vehicle1,1304.002000,1303.803000,1350.524400,1,ok,23018,17549,1,0.125676,0.010948,0.000265,0.092940,6.818776,2.212692,0.000126,28.175285,12.445406,0.793409,535.082205,0.003913,7.621329,585.620839,593.246346,593.879439,0.633093,594.016063
1679,vehicle1,1304.205000,1304.002000,1351.294123,1,ok,22992,17590,1,0.195835,0.007015,0.000229,0.084250,9.795393,2.289959,0.000154,29.902890,12.030960,0.808592,552.416274,0.082083,8.998885,607.328472,616.409669,616.861518,0.451849,617.064368
1680,vehicle1,1304.403000,1304.205000,1352.020414,1,ok,23059,17670,1,0.108861,0.004057,0.000216,0.051481,7.767660,2.406609,0.000113,26.100042,10.908756,0.703132,527.642845,0.005178,6.453174,575.580638,582.039206,582.620662,0.581456,582.733580
1681,vehicle1,1304.601000,1304.403000,1352.731646,1,ok,23207,17826,1,0.180645,0.005036,0.000267,0.055318,8.446137,2.232062,0.000081,25.441118,11.787225,0.963293,505.619196,0.003920,7.317838,554.544430,561.866455,562.330664,0.464209,562.516345
1682,vehicle1,1304.801000,1304.601000,1353.492614,1,ok,23332,17951,1,0.364667,0.007070,0.000145,0.084936,7.249733,2.285196,0.000113,30.554742,13.868455,0.790897,524.574310,0.003893,7.272433,579.408382,586.684853,587.140374,0.455521,587.512111
1683,vehicle1,1304.999000,1304.801000,1354.233610,1,ok,23389,18040,1,0.085608,0.011136,0.000259,0.087555,8.165525,2.185742,0.000120,26.688173,15.203348,0.923745,544.482493,0.004353,6.975983,597.736701,604.717296,605.458778,0.741482,605.555522
1684,vehicle1,1305.204000,1304.999000,1354.962752,1,ok,23627,18243,1,0.487209,0.007954,0.000390,0.103736,7.914296,2.395356,0.000212,26.190575,12.191232,0.827893,509.808295,0.004117,6.683037,559.431595,566.119139,566.593731,0.474592,567.088894
1685,vehicle1,1305.401000,1305.204000,1355.693682,1,ok,23889,18293,1,0.084872,0.006923,0.000297,0.087378,11.689344,3.555862,0.000124,29.575627,12.789862,0.879586,509.343237,0.010958,6.532708,567.921020,574.464983,575.093561,0.628578,575.185356
1686,vehicle1,1305.605000,1305.401000,1356.433059,1,ok,24005,18328,1,0.221851,0.008435,0.000167,0.081073,9.700580,2.187121,0.000138,27.496786,12.341315,0.745764,520.513749,0.003547,6.172258,573.066526,579.242498,579.742847,0.500349,579.973133
1687,vehicle1,1305.801000,1305.605000,1357.172514,1,ok,24043,18329,1,0.114105,0.006759,0.000229,0.057952,7.920224,2.621255,0.000087,27.856087,14.648412,0.926336,521.534312,0.003850,6.499387,575.564665,582.068131,582.592731,0.524600,582.713595
1688,vehicle1,1306.006000,1305.801000,1357.898160,1,ok,24043,18316,1,0.098159,0.004844,0.000210,0.053999,6.086940,2.118143,0.000104,26.769432,12.009168,0.805192,492.997716,0.004654,9.210588,540.840694,550.056146,550.657434,0.601288,550.760437
1689,vehicle1,1306.202000,1306.006000,1358.654276,1,ok,24059,18300,1,0.207845,0.021245,0.000199,0.103586,9.515603,3.699926,0.000123,29.314833,11.946793,0.864418,526.214863,0.004354,8.415256,581.660145,590.079954,590.767434,0.687480,590.996524
1690,vehicle1,1306.405000,1306.202000,1359.392697,1,ok,24092,18323,1,0.303931,0.008688,0.000293,0.098624,8.821310,2.099117,0.000119,26.064161,12.119077,0.747334,513.061528,0.141312,6.810232,563.011270,569.963107,570.454318,0.491211,570.766937
1691,vehicle1,1306.603000,1306.405000,1360.083286,1,ok,24114,18403,1,0.085499,0.010678,0.000318,0.102311,7.734501,2.860202,0.000137,25.115406,11.470073,0.731192,476.952762,0.003825,6.202744,524.966584,531.173471,531.630011,0.456540,531.726188
1692,vehicle1,1306.803000,1306.603000,1360.850570,1,ok,24115,18467,1,0.201960,0.006353,0.000162,0.086612,7.327757,3.378555,0.000189,27.388300,13.961541,0.713064,504.985311,0.004122,6.737345,557.841329,564.582958,564.960451,0.377493,565.168764
1693,vehicle1,1307.004000,1306.803000,1361.612992,1,ok,24212,18593,1,0.141839,0.047901,0.000272,0.095246,6.931876,2.419244,0.000239,33.434618,13.009698,0.741038,545.040890,0.004392,6.890035,601.672849,608.567548,609.011710,0.444162,609.201450
1694,vehicle1,1307.204000,1307.004000,1362.340958,1,ok,24295,18692,1,0.099718,0.008169,0.000236,0.082295,8.773572,2.346005,0.000156,29.410593,13.589451,0.851548,520.047506,0.003355,9.575098,575.101126,584.679815,585.438979,0.759164,585.546866
1695,vehicle1,1307.409000,1307.204000,1363.125589,1,ok,24477,18920,1,0.097455,0.007975,0.000285,0.091463,9.393413,2.860383,0.000040,32.877066,11.793870,0.709741,562.704701,0.070252,6.257988,620.430677,626.759202,627.420926,0.661724,627.526356
1696,vehicle1,1307.608000,1307.402000,1363.911916,1,ok,24569,19059,1,0.069825,0.007911,0.000278,0.118071,16.419128,2.572918,0.000104,33.266712,16.980997,0.707601,597.010341,0.003944,7.220537,667.075872,674.300631,674.661546,0.360915,674.739282
1697,vehicle1,1307.807000,1307.602000,1364.624658,1,ok,24871,19319,1,0.242345,0.007248,0.000232,0.096825,11.233848,2.272097,0.000104,32.204794,12.600520,0.863222,564.210018,0.003859,8.162339,623.481428,631.647858,632.136182,0.488324,632.385775
1698,vehicle1,1308.010000,1307.800000,1365.336340,1,ok,25075,19456,1,0.116141,0.007919,0.000267,0.109354,11.373090,2.495227,0.000424,30.901465,19.803443,1.005236,575.580280,0.004528,6.179105,641.268519,647.452419,647.971884,0.519465,648.095944
1699,vehicle1,1308.211000,1308.005000,1366.050012,1,ok,25232,19620,1,0.103404,0.008018,0.000413,0.084529,14.634635,2.142786,0.000092,34.321053,14.888333,0.777616,545.461179,0.005263,7.108493,612.310223,619.424392,619.918402,0.494010,620.029824
1700,vehicle1,1308.401000,1308.203000,1366.765905,1,ok,25256,19786,1,0.227280,0.006684,0.000193,0.093501,9.982807,2.116576,0.000087,32.534373,13.359615,0.941685,531.319506,0.008278,7.001874,590.348150,597.358495,598.082175,0.723680,598.316139
1701,vehicle1,1308.611000,1308.401000,1367.600399,1,ok,25266,19920,1,0.110437,0.007755,0.000272,0.071289,12.100749,2.199107,0.000092,36.511892,15.368442,0.970754,590.506111,0.053913,6.322942,657.728436,664.105563,664.465366,0.359803,664.583558
1702,vehicle1,1308.810000,1308.604000,1368.342818,1,ok,25223,20232,1,0.119575,0.009122,0.000248,0.072050,12.844561,2.395473,0.000215,37.417213,15.456448,0.944730,587.922412,0.004057,6.461471,657.053102,663.518878,663.831610,0.312732,663.960307
1703,vehicle1,1309.004000,1308.803000,1369.055083,1,ok,25246,20511,1,0.130560,0.007713,0.000339,0.086886,9.758133,2.140978,0.000032,33.991355,15.186581,0.714859,558.477486,0.005209,7.595779,620.356310,627.957637,628.433758,0.476121,628.572031
1704,vehicle1,1309.206000,1309.004000,1369.860750,1,ok,25282,20727,1,0.249201,0.008313,0.000227,0.093000,12.856330,2.037082,0.000102,37.226486,15.034879,0.841715,595.066824,0.006147,8.862758,663.156418,672.025550,672.486080,0.460530,672.743594
1705,vehicle1,1309.411000,1309.201000,1370.595433,1,ok,25323,20805,1,0.148489,0.007684,0.000314,0.111518,15.265421,2.919486,0.000111,35.330418,15.630907,0.723311,573.416006,0.045478,7.048857,643.397178,650.491827,650.875338,0.383511,651.031511
1706,vehicle1,1309.609000,1309.403000,1371.351089,1,ok,25430,20883,1,0.259479,0.060868,0.000376,0.075253,13.714012,2.200866,0.000083,38.495989,15.951251,0.724320,601.957088,0.004764,6.922623,673.118862,680.046625,680.355632,0.309007,680.675979
1707,vehicle1,1309.811000,1309.602000,1372.104618,1,ok,25622,20979,1,0.242201,0.014054,0.000199,0.071149,14.641256,2.778372,0.000110,40.427760,16.110638,1.095594,610.265714,0.119217,6.351725,685.390593,691.861734,692.417321,0.555587,692.673576
1708,vehicle1,1310.008000,1309.803000,1372.822959,1,ok,25717,21071,1,0.127519,0.075326,0.000195,0.082186,9.640937,2.776885,0.000163,39.611110,14.719532,0.730732,600.208750,0.003776,7.075907,667.770295,674.850173,675.235796,0.385623,675.438641
1709,vehicle1,1310.212000,1310.002000,1373.610921,1,ok,25771,21216,1,0.097834,0.006604,0.000290,0.098536,17.106466,3.057755,0.000088,51.316084,21.647880,0.711845,606.057379,0.004394,6.802400,699.996033,706.803117,707.114750,0.311633,707.219188
1710,vehicle1,1310.414000,1310.205000,1374.314075,1,ok,25771,21301,1,0.217858,0.005970,0.000288,0.095787,17.625839,3.071083,0.000123,35.791054,15.155776,0.715490,588.829697,0.003993,7.684492,661.284849,668.973622,669.306466,0.332844,669.530294
1711,vehicle1,1310.612000,1310.406000,1375.020255,1,ok,25812,21428,1,0.127324,0.006443,0.000176,0.059848,11.126559,2.896747,0.000179,34.023492,14.083298,0.714256,565.855289,0.003754,6.485844,628.759668,635.249442,635.943540,0.694098,636.077307
1712,vehicle1,1310.812000,1310.612000,1375.805659,1,ok,25800,21506,1,0.135175,0.008689,0.000302,0.131307,10.015919,2.259871,0.000078,30.213477,14.926873,0.881387,573.388804,0.045555,7.464311,631.817716,639.327884,639.647059,0.319175,639.790923
1713,vehicle1,1311.011000,1310.805000,1376.542104,1,ok,25747,21512,1,0.146765,0.006211,0.000198,0.097390,11.964463,2.939283,0.000209,41.385255,15.144580,0.698848,592.232128,0.004033,8.570675,664.462156,673.037062,673.348995,0.311933,673.501971
1714,vehicle1,1311.211000,1311.004000,1377.260772,1,ok,25708,21507,1,0.113794,0.007662,0.000252,0.097994,12.253091,2.098066,0.000073,34.028762,15.617445,0.768019,586.946168,0.004075,7.781043,651.809618,659.594988,659.912827,0.317839,660.034283
1715,vehicle1,1311.408000,1311.203000,1378.040257,1,ok,25807,21629,1,0.128686,0.012028,0.000125,0.078752,11.869718,2.114411,0.000139,36.730843,16.197396,0.790113,593.392680,0.003813,6.237705,661.174052,667.415695,667.731252,0.315557,667.871966
1716,vehicle1,1311.604000,1311.402000,1378.726837,1,ok,25866,21708,1,0.137990,0.007765,0.000230,0.112345,8.635319,2.627249,0.000097,30.160699,13.728541,0.717374,565.011645,0.004216,7.576032,620.993269,628.573747,628.943717,0.369970,629.089472
1717,vehicle1,1311.808000,1311.598000,1379.461505,1,ok,25883,21728,1,0.127553,0.007628,0.000592,0.102356,11.139903,3.046082,0.000134,33.386341,14.772649,0.709209,541.952465,0.003624,7.558722,605.109139,612.672077,612.979802,0.307725,613.114983
1718,vehicle1,1312.015000,1311.803000,1380.214127,1,ok,25858,21716,1,0.153511,0.006694,0.000144,0.091731,9.949299,2.749195,0.000182,33.678567,16.468678,0.707831,574.835151,0.011285,7.837479,638.480634,646.329542,646.660164,0.330622,646.820369
1719,vehicle1,1312.266000,1312.008000,1380.966556,1,ok,25831,21730,1,0.155513,0.005861,0.000213,0.100225,10.201063,2.973707,0.000120,31.658267,13.881161,0.696259,585.175901,0.006162,9.214596,644.686703,653.907674,654.639258,0.731584,654.800632
1720,vehicle1,1312.512000,1312.304000,1381.938572,1,ok,25797,21815,1,0.274250,0.027916,0.000456,0.094603,13.974628,2.518831,0.000173,32.751630,15.201560,0.695200,565.244662,0.004768,6.780896,630.481287,637.267407,637.684242,0.416835,637.986408
1721,vehicle1,1312.712000,1312.504000,1382.740696,1,ok,25748,21855,1,0.151705,0.007142,0.000229,0.066116,16.863906,2.061253,0.000093,37.157569,15.985728,1.033464,608.310685,0.003850,7.107955,681.478814,688.590848,688.994086,0.403238,689.152933
1722,vehicle1,1312.911000,1312.704000,1383.462538,1,ok,25697,21862,1,0.127788,0.019482,0.000277,0.080489,9.957481,3.231436,0.000109,31.674356,17.122063,0.692318,608.150419,0.005245,8.540012,670.908671,679.454205,680.123099,0.668894,680.270369
1723,vehicle1,1313.111000,1312.903000,1384.152849,1,ok,25645,21878,1,0.122281,0.009587,0.000315,0.166998,9.486906,2.268031,0.000123,28.742248,13.819261,0.903089,571.141035,0.058305,7.981274,626.527691,634.567585,635.250198,0.682613,635.382066
1724,vehicle1,1313.313000,1313.103000,1384.931116,1,ok,25610,21874,1,0.293089,0.006875,0.000328,0.084893,13.748891,1.923031,0.000094,35.894992,15.137927,0.886867,600.944032,0.005748,6.839191,668.620727,675.465994,676.139925,0.673931,676.439889
1725,vehicle1,1313.509000,1313.304000,1385.683938,1,ok,25590,21935,1,0.124999,0.004124,0.000439,0.054454,10.983485,2.648763,0.000127,34.192317,14.307713,0.710479,601.920946,0.016960,6.417932,664.818284,671.253615,671.634252,0.380637,671.763375
1726,vehicle1,1313.716000,1313.503000,1386.476527,1,ok,25531,21941,1,0.101570,0.005569,0.000350,0.089365,11.387563,2.356160,0.000281,36.850457,13.818865,0.691359,626.867316,0.003660,6.329641,692.061366,698.395017,698.709143,0.314126,698.816282
1727,vehicle1,1313.946000,1313.708000,1387.185932,1,ok,25496,21992,1,0.113434,0.006761,0.000292,0.094913,12.390399,2.342063,0.000075,27.992001,22.097130,0.926707,563.455751,0.003679,7.745596,629.299039,637.048606,637.579793,0.531187,637.699988
1728,vehicle1,1314.207000,1314.004000,1388.219087,1,ok,25459,22022,1,0.196513,0.006707,0.000170,0.079279,11.397555,1.742836,0.000087,34.527265,13.517076,0.765641,598.516676,0.046639,7.213165,660.546415,667.806389,668.079954,0.273565,668.283174
1729,vehicle1,1314.414000,1314.202000,1389.016929,1,ok,25382,22022,1,0.232654,0.009441,0.000250,0.082127,14.816466,2.420160,0.000114,37.474668,16.062128,0.737430,632.869403,0.004811,8.476291,704.462496,712.943848,713.688257,0.744409,713.930352
1730,vehicle1,1314.611000,1314.403000,1389.695704,1,ok,25341,22061,1,0.314921,0.911152,0.000421,0.093749,13.565995,2.263137,0.000297,34.278598,15.523075,0.873979,571.741233,0.003716,8.875012,638.340063,647.219212,647.836903,0.617691,649.062976
1731,vehicle1,1314.809000,1314.605000,1390.482174,1,ok,25210,22011,1,0.194563,0.006749,0.000192,0.082221,8.489714,1.526806,0.000107,34.222581,15.965334,0.919650,580.186464,0.004320,6.189580,641.392877,647.586969,648.508239,0.921270,648.709551
1732,vehicle1,1315.011000,1314.802000,1391.234733,1,ok,25118,21959,1,0.122970,0.005482,0.000250,0.089728,10.654015,1.598773,0.000087,31.092183,15.705472,0.726984,598.084662,0.004399,7.434299,657.951904,665.390852,665.861444,0.470592,665.989896
1733,vehicle1,1315.210000,1315.004000,1391.977893,1,ok,25035,21871,1,0.204453,0.005128,0.000194,0.056509,9.225554,2.077567,0.000137,32.967523,15.841139,0.699055,600.062231,0.074085,8.406477,660.929715,669.410471,669.968590,0.558119,670.178171
1734,vehicle1,1315.411000,1315.203000,1392.784868,1,ok,24997,21822,1,0.109798,0.007125,0.000268,0.092178,18.549487,1.505882,0.000042,36.144457,16.994951,0.780175,623.010289,0.003041,7.353560,697.077461,704.434330,704.714285,0.279955,704.831208
1735,vehicle1,1315.610000,1315.404000,1393.535347,1,ok,24877,21709,1,0.241008,0.007760,0.000261,0.103940,16.033988,1.933991,0.000089,37.301145,18.110634,0.712796,621.306496,0.041844,7.659012,695.503079,703.204196,703.521406,0.317210,703.770174
1736,vehicle1,1315.810000,1315.603000,1394.254624,1,ok,24767,21619,1,0.092484,0.007346,0.000234,0.094063,11.541931,1.461765,0.000102,35.664523,17.830332,0.710393,608.479726,0.019346,8.160398,675.782835,683.962813,684.454709,0.491896,684.554539
1737,vehicle1,1316.012000,1315.803000,1395.019070,1,ok,24766,21619,1,0.212848,0.005803,0.000212,0.063892,11.041450,1.663366,0.000087,34.241847,20.411502,0.718024,624.753294,0.003798,6.423346,692.893462,699.320818,699.754799,0.433981,699.973450
1738,vehicle1,1316.209000,1316.005000,1395.732440,1,ok,24789,21637,1,0.105061,0.007072,0.000147,0.071758,8.706103,1.836574,0.000118,28.293859,15.365987,0.800284,586.078097,0.005415,6.384927,641.152780,647.543269,648.919252,1.375983,649.031385
1739,vehicle1,1316.408000,1316.203000,1396.513266,1,ok,24728,21591,1,0.093782,0.014520,0.000121,0.055605,8.735405,1.473725,0.000077,31.965307,16.745257,0.926365,603.643054,0.051861,8.158714,663.544795,671.755491,672.150643,0.395152,672.258945
1740,vehicle1,1316.610000,1316.402000,1397.227072,1,ok,24628,21487,1,0.107136,0.026673,0.000281,0.079892,6.949226,1.450735,0.000118,29.526243,13.277396,0.842311,578.943009,0.004821,9.191975,631.068930,640.266007,640.818659,0.552652,640.952468
1741,vehicle1,1316.812000,1316.603000,1398.007539,1,ok,24559,21416,1,0.111075,0.007415,0.000433,0.132105,12.493598,1.798007,0.000112,31.927972,15.291070,0.710707,612.755243,0.004215,6.776836,675.108814,681.890298,682.230069,0.339771,682.348559
1742,vehicle1,1317.012000,1316.805000,1398.759775,1,ok,24468,21326,1,0.124005,0.009473,0.000390,0.100389,14.117737,1.966681,0.000361,35.693834,17.122786,0.744807,625.223853,0.006900,7.267688,694.970448,702.245426,702.647604,0.402178,702.781082
1743,vehicle1,1317.211000,1317.004000,1399.497178,1,ok,24366,21218,1,0.194798,0.005635,0.000205,0.052602,8.648585,1.313839,0.000157,31.652710,15.588572,0.687113,624.552546,0.004520,7.607662,682.496124,690.108511,690.445339,0.336828,690.645772
1744,vehicle1,1317.433000,1317.204000,1400.306364,1,ok,24242,21090,1,0.114780,0.014397,0.000308,0.093463,14.369759,1.179607,0.000156,36.241681,17.318740,0.778755,667.634917,0.145314,9.161626,737.617078,746.924326,747.416146,0.491820,747.545323
1745,vehicle1,1317.618000,1317.404000,1401.037563,1,ok,24058,20913,1,0.282699,0.008346,0.000286,0.089225,11.540678,1.517738,0.000115,31.404732,16.896870,0.827554,656.595540,0.003997,6.698713,718.872452,725.575448,726.011858,0.436410,726.302903
1746,vehicle1,1317.827000,1317.602000,1401.813797,1,ok,24005,20852,1,0.083174,0.006507,0.000364,0.089147,12.434034,1.597702,0.000057,41.061092,15.568933,0.687425,670.740028,0.004338,6.689001,742.178418,748.872121,749.244297,0.372176,749.333978
1747,vehicle1,1318.018000,1317.805000,1402.563049,1,ok,24042,20839,1,0.252015,0.007346,0.000230,0.085466,16.070419,1.188937,0.000170,35.423714,16.759128,0.726638,655.523893,0.004915,8.727014,725.778365,734.510524,735.452236,0.941712,735.711597
1748,vehicle1,1318.209000,1318.006000,1403.318366,1,ok,24098,20859,1,0.093327,0.005359,0.000252,0.101790,10.984042,1.209038,0.000096,34.198701,20.034932,0.728219,666.100042,0.003897,7.422577,733.356860,740.783586,741.216531,0.432945,741.315217
1749,vehicle1,1318.416000,1318.201000,1404.106031,1,ok,24093,20840,1,0.086649,0.006665,0.000282,0.091461,12.955648,1.661770,0.000204,37.016659,16.238965,0.906552,656.235421,0.005527,7.388048,725.106680,732.500537,733.065268,0.564731,733.158582
1750,vehicle1,1318.637000,1318.405000,1404.885007,1,ok,24071,20845,1,0.122251,0.008074,0.000192,0.091081,12.366475,1.577583,0.000143,37.392888,16.893895,0.762036,677.861577,0.075751,6.606263,746.945678,753.627884,754.119772,0.491888,754.250097
1751,vehicle1,1318.833000,1318.604000,1405.649920,1,ok,24026,20810,1,0.165533,0.006713,0.000166,0.080277,12.578203,1.280306,0.000106,35.309621,19.288766,0.937271,684.849733,0.003371,6.902352,754.324283,761.230172,761.713494,0.483322,761.885740
1752,vehicle1,1319.011000,1318.804000,1406.412640,1,ok,23987,20782,1,0.196784,7.440172,0.000310,0.084964,10.718921,1.123254,0.000127,33.569647,17.629052,0.840453,672.695009,0.006844,6.941711,736.661427,743.610292,744.349727,0.739435,751.986683
1753,vehicle1,1319.210000,1319.004000,1407.181679,1,ok,23902,20650,1,0.196648,0.009542,0.000230,0.091051,9.587356,1.070107,0.000108,32.103484,15.844295,0.784147,672.034310,0.005134,7.142263,731.514858,738.662485,739.000915,0.338430,739.207105
1754,vehicle1,1319.478000,1319.203000,1408.029236,1,ok,23895,20581,1,0.250767,0.006993,0.000356,0.082721,11.319964,1.063240,0.000107,32.216506,17.092709,0.897859,725.625000,0.008411,11.115375,788.298106,799.422248,800.152553,0.730305,800.410313
1755,vehicle1,1319.679000,1319.403000,1408.797119,1,ok,24028,20619,1,0.220638,47.136695,0.000307,0.103025,12.747289,1.117678,0.000253,33.135524,16.696436,0.715777,693.211405,0.157117,9.065652,757.727387,766.950463,767.844062,0.893599,815.201395
1756,vehicle1,1319.879000,1319.604000,1409.561002,1,ok,24274,20790,1,0.291963,39.322674,0.000105,0.097162,16.311272,1.045222,0.000084,33.701521,18.088182,0.881952,685.926587,0.004086,7.137302,756.051982,763.193475,763.836990,0.643515,803.451627
1757,vehicle1,1320.081000,1319.805000,1410.327184,1,ok,24469,20897,1,0.156099,46.145634,0.000285,0.085647,13.093410,1.117644,0.000132,35.210949,15.005060,1.941302,691.919726,0.003957,7.276760,758.373870,765.654872,766.126116,0.471244,812.427849
1758,vehicle1,1320.289000,1320.002000,1411.116634,1,ok,24545,20931,1,0.240415,37.963115,0.000080,0.069695,15.151390,1.378689,0.000082,37.021082,21.408658,0.726162,705.423330,0.003879,7.534070,781.179088,788.717117,789.420734,0.703617,827.624264
1759,vehicle1,1320.488000,1320.204000,1411.867790,1,ok,24563,20895,1,0.219729,56.195593,0.000088,0.057653,10.357674,1.130057,0.000075,34.557682,17.424729,0.717990,677.317997,0.003814,9.196577,741.563857,750.764336,751.124267,0.359931,807.539589
1760,vehicle1,1320.686000,1320.404000,1412.641385,1,ok,24619,20857,1,0.139848,54.727894,0.000116,0.092094,20.275559,1.185894,0.000186,38.303451,16.953848,0.802403,687.900372,0.144481,7.285874,765.513807,772.944278,773.567976,0.623698,828.435718
1761,vehicle1,1320.850000,1320.603000,1413.358070,1,ok,24635,20802,1,0.135116,47.654255,0.000085,0.059115,10.505574,1.626055,0.000119,36.415567,16.992510,0.707246,642.177538,0.004276,7.856196,708.483724,716.344281,716.658142,0.313861,764.447513
1762,vehicle1,1321.012000,1320.803000,1414.043591,1,ok,24644,20751,1,0.114946,12.584602,0.000077,0.060278,10.283831,1.555326,0.000069,33.835775,16.168126,0.708373,614.898118,0.003301,7.711557,677.509896,685.224831,685.491959,0.267128,698.191507
1763,vehicle1,1321.210000,1321.006000,1414.827075,1,ok,24631,20736,1,0.132142,0.007627,0.000157,0.106450,10.738702,1.369466,0.000093,34.536550,17.017721,0.947886,648.287489,0.003915,6.255687,713.004357,719.264116,719.609946,0.345830,719.749715
1764,vehicle1,1321.411000,1321.203000,1415.582520,1,ok,24615,20720,1,0.151062,0.007845,0.000200,0.100445,11.787814,1.744687,0.000082,33.588266,18.059551,0.864207,634.440779,0.003965,7.419326,700.585831,708.009322,708.543387,0.534065,708.702294
1765,vehicle1,1321.624000,1321.405000,1416.351550,1,ok,24616,20647,1,0.245210,0.010406,0.000261,0.099075,11.699798,1.203493,0.000102,34.038116,20.099531,0.941730,649.354737,0.003827,7.875763,717.436582,725.316433,725.801304,0.484871,726.056920
1766,vehicle1,1321.811000,1321.605000,1417.098535,1,ok,24739,20674,1,0.242642,0.008300,0.000256,0.102558,12.682186,1.466743,0.000074,34.760375,19.283951,0.791136,650.487724,0.018584,6.952635,719.574747,726.546222,727.030759,0.484537,727.281701
1767,vehicle1,1322.072000,1321.804000,1417.903126,1,ok,24941,20872,1,0.148428,0.007863,0.000216,0.073806,15.900449,1.722380,0.000077,38.800477,17.776118,0.789031,690.600579,0.004361,6.418118,765.662917,772.085612,772.598734,0.513122,772.755025
1768,vehicle1,1322.249000,1322.005000,1418.682806,1,ok,25367,21193,1,0.203201,33.896471,0.000092,0.063403,15.047636,1.886961,0.000272,42.984864,19.083782,0.780019,689.898996,0.016224,8.410303,769.745933,778.172552,779.647288,1.474736,813.746960
1769,vehicle1,1322.474000,1322.206000,1419.442616,1,ok,25755,21357,1,0.130359,15.544191,0.000105,0.094982,16.742058,1.923778,0.000096,35.819776,17.408409,0.919115,676.637087,0.003527,9.615945,749.545301,759.164878,759.774348,0.609470,775.448898
1770,vehicle1,1322.677000,1322.404000,1420.188333,1,ok,26029,21551,1,0.222621,38.493085,0.000087,0.081069,14.254531,1.682190,0.000083,36.576249,17.272212,0.957436,665.033119,0.003484,9.228233,735.856889,745.088693,745.680875,0.592182,784.396581
1771,vehicle1,1322.867000,1322.603000,1420.911711,1,ok,26064,21650,1,0.224616,41.508534,0.000094,0.093455,12.267914,1.790645,0.000136,34.526594,15.688648,0.747381,650.323257,0.024470,7.566504,715.438030,723.029098,723.345951,0.316853,765.079101
1772,vehicle1,1323.094000,1322.805000,1421.693742,1,ok,26073,21700,1,0.233943,30.464087,0.000079,0.065751,11.596147,1.975153,0.000087,41.400250,17.317811,0.956032,700.884375,0.003315,7.536875,774.195606,781.735875,781.996398,0.260523,812.694428
1773,vehicle1,1323.297000,1323.005000,1422.494655,1,ok,26240,21793,1,0.134412,54.813506,0.000073,0.082372,18.715104,1.347761,0.000184,39.732304,20.129467,0.707827,712.579394,0.008492,7.286732,793.294413,800.589710,800.878624,0.288914,855.826542
1774,vehicle1,1323.497000,1323.204000,1423.266982,1,ok,26334,21818,1,0.148137,111.818900,0.000071,0.072019,14.702979,1.457907,0.000087,37.712519,17.742246,0.697179,691.391561,0.007033,8.082712,763.776497,771.866313,772.289555,0.423242,884.256592
1775,vehicle1,1323.704000,1323.405000,1424.060347,1,ok,26369,21834,1,0.160262,114.256876,0.000086,0.073800,17.766621,1.947608,0.000091,39.808189,18.360337,0.712462,706.703024,0.011343,7.598835,785.372132,792.982396,793.330780,0.348384,907.747918
1776,vehicle1,1323.896000,1323.604000,1424.766974,1,ok,26303,21719,1,2.784744,159.330558,0.000083,0.101513,14.124822,1.426017,0.000075,34.227288,18.676340,0.878237,629.910521,0.011103,6.975919,699.344813,706.331918,706.599956,0.268038,868.715258
1777,vehicle1,1324.081000,1323.804000,1425.501768,1,ok,26337,21726,1,0.213978,94.204866,0.000077,0.064257,13.588579,1.596304,0.000141,34.413229,16.991478,0.792967,657.652006,0.003027,9.255041,725.098961,734.357106,734.757573,0.400467,829.176417
1778,vehicle1,1324.261000,1324.018000,1426.251648,1,ok,26456,21796,1,0.250198,28.103519,0.000079,0.069016,17.591663,1.460813,0.000068,39.373216,18.690270,0.987687,664.606557,0.003890,6.670768,742.779290,749.454027,749.847419,0.393392,778.201136
1779,vehicle1,1324.409000,1324.204000,1426.934794,1,ok,26464,21838,1,0.224377,18.387568,0.000114,0.126907,12.842534,2.242519,0.000178,35.680762,15.822852,1.349094,607.236809,0.010751,7.237257,675.301655,682.549777,683.110566,0.560789,701.722511
1780,vehicle1,1324.613000,1324.401000,1427.686794,1,ok,26476,21853,1,0.220274,0.005205,0.000235,0.066730,16.659624,1.576553,0.000083,38.861419,15.214428,0.721519,625.519058,0.004252,6.419067,698.619414,705.042968,705.355932,0.312964,705.581411
1781,vehicle1,1324.813000,1324.606000,1428.410589,1,ok,26472,21818,1,0.288973,0.004584,0.000245,0.067772,14.293856,1.634676,0.000135,34.225235,16.760120,0.947172,599.953573,0.004341,7.548501,667.882539,675.435626,675.994368,0.558742,676.287925
1782,vehicle1,1325.010000,1324.806000,1429.220744,1,ok,26548,21791,1,0.251870,0.005287,0.000237,0.113827,18.642226,3.007296,0.000112,37.367114,15.199729,0.734965,620.226356,0.029617,10.364268,695.291625,705.685747,706.103414,0.417667,706.360571
1783,vehicle1,1325.209000,1325.004000,1429.975981,1,ok,26762,21805,1,0.258116,0.007538,0.000173,0.111552,20.295518,2.683076,0.000266,38.130763,16.179928,0.697297,622.260720,0.012919,7.465125,700.359120,707.837337,708.430075,0.592738,708.695729
1784,vehicle1,1325.411000,1325.202000,1430.700329,1,ok,26986,21899,1,0.159804,0.011292,0.000614,0.125607,16.797235,2.299219,0.000261,37.118775,15.186898,0.698594,576.758648,0.004164,8.625603,648.985237,657.615618,657.989321,0.373703,658.160417
1785,vehicle1,1325.667000,1325.403000,1431.468418,1,ok,27062,21971,1,0.117431,0.008025,0.000367,0.099596,13.755882,1.886955,0.000190,32.204615,20.875999,0.970040,595.033087,0.003815,9.132053,664.826364,673.962599,674.690674,0.728075,674.816130
1786,vehicle1,1325.903000,1325.702000,1432.435193,1,ok,27192,22053,1,0.145806,0.006647,0.000133,0.088257,14.945366,2.540135,0.000121,32.274338,16.237685,0.725403,559.122093,0.004452,6.709113,625.933398,632.647096,632.960804,0.313708,633.113257
1787,vehicle1,1326.115000,1325.903000,1433.240344,1,ok,27311,22192,1,0.243805,0.009686,0.000209,0.094070,11.749283,2.540440,0.000191,34.022837,16.028779,0.715828,590.870911,0.011872,8.813245,656.022339,664.847665,665.490424,0.642759,665.743915
1788,vehicle1,1326.312000,1326.107000,1433.918151,1,ok,27462,22345,1,0.263769,0.007037,0.000295,0.105434,11.449783,2.491944,0.000318,36.973703,16.229355,0.730623,550.468929,0.004148,7.583790,618.450089,626.038322,626.541453,0.503131,626.812259
1789,vehicle1,1326.605000,1326.403000,1434.952863,1,ok,27461,22377,1,0.210663,0.006194,0.000168,0.105767,12.394521,2.334093,0.000125,31.404852,13.818920,0.721994,557.940501,0.004455,8.016436,618.720773,626.741832,627.096031,0.354199,627.312888
1790,vehicle1,1326.812000,1326.605000,1435.757886,1,ok,27410,22359,1,0.248844,0.004337,0.000179,0.068482,11.964038,2.259415,0.000115,35.731313,16.850650,0.719670,597.547684,0.004168,6.394964,665.141367,671.540678,671.926634,0.385956,672.179815
1791,vehicle1,1327.003000,1326.805000,1436.450344,1,ok,27491,22460,1,0.140759,0.007958,0.000276,0.105368,14.034241,1.995938,0.000166,30.425716,15.562566,0.902023,546.310607,0.004066,7.274248,609.336625,616.615215,617.377559,0.762344,617.526276
1792,vehicle1,1327.210000,1327.003000,1437.241006,1,ok,27460,22534,1,0.145971,0.005684,0.000310,0.065206,14.641731,2.043892,0.000122,37.359456,16.553240,0.977547,574.781791,0.019983,7.107653,646.422985,653.550931,653.940843,0.389912,654.092498
1793,vehicle1,1327.404000,1327.203000,1437.930737,1,ok,27569,22691,1,0.124772,0.007836,0.000297,0.104392,12.847268,2.310091,0.000084,28.580613,13.386296,0.823265,507.430503,0.004818,7.419706,565.482512,572.907333,573.265923,0.358590,573.398531
1794,vehicle1,1327.607000,1327.404000,1438.704541,1,ok,27661,22799,1,0.344625,0.009769,0.000137,0.097221,12.233284,1.694431,0.000174,32.177822,14.727937,0.844337,535.932809,0.003709,6.378171,597.708015,604.090032,604.438647,0.348615,604.793041
1795,vehicle1,1327.800000,1327.607000,1439.427028,1,ok,27822,22941,1,0.389747,0.008093,0.000154,0.105939,12.922269,3.229067,0.000098,33.450818,16.703119,0.698782,506.775788,0.007046,9.028945,573.885880,582.922025,583.395479,0.473454,583.793319
1796,vehicle1,1328.004000,1327.801000,1440.197825,1,ok,27795,22946,1,0.241768,0.008051,0.000272,0.119536,12.273059,1.962880,0.000078,30.432483,13.731678,0.688796,522.219347,0.003940,8.824344,581.427857,590.256413,590.545052,0.288639,590.794871
1797,vehicle1,1328.203000,1328.004000,1440.957401,1,ok,27860,23069,1,0.127934,0.005728,0.000282,0.064391,10.706063,2.275664,0.000182,30.441844,13.879214,0.830649,518.011820,0.003119,7.413077,576.209827,583.626305,584.060515,0.434210,584.194177
1798,vehicle1,1328.413000,1328.203000,1441.793368,1,ok,28059,23267,1,0.096292,0.005189,0.000204,0.079581,12.710540,1.922339,0.000104,35.166856,14.388833,0.689663,581.168564,0.037945,8.252097,646.126480,654.416726,654.876467,0.459741,654.977948
1799,vehicle1,1328.610000,1328.405000,1442.541716,1,ok,28421,23583,1,0.148646,0.008101,0.000315,0.117664,17.794309,3.066174,0.000143,34.527773,15.124326,0.780109,559.960874,0.004411,6.626732,631.371372,638.002830,638.678979,0.676149,638.835726
1800,vehicle1,1328.805000,1328.603000,1443.267101,1,ok,28596,23698,1,0.228617,0.005701,0.000243,0.095926,11.627091,2.122459,0.000089,34.468112,17.644401,0.741504,523.745471,0.004651,8.403333,590.445053,598.853280,599.268684,0.415404,599.503002
1801,vehicle1,1329.010000,1328.805000,1444.064744,1,ok,28596,23718,1,0.224525,0.005412,0.000224,0.064418,10.892994,2.610969,0.000198,34.079606,15.101254,0.701976,557.165224,0.004063,8.148732,620.616639,628.769658,629.256127,0.486469,629.486064
1802,vehicle1,1329.213000,1329.003000,1444.821828,1,ok,28463,23645,1,0.140894,0.005539,0.000268,0.064706,20.466026,1.890624,0.000077,33.220613,17.314035,0.973135,556.370951,0.012395,8.137974,630.300167,638.450804,639.133283,0.682479,639.279716
1803,vehicle1,1329.408000,1329.204000,1445.540332,1,ok,28382,23589,1,0.238050,0.006707,0.000265,0.076596,11.265982,2.187131,0.000098,31.960378,15.486667,0.924601,528.509382,0.003596,8.574748,590.410835,598.989444,599.406675,0.417231,599.651432
1804,vehicle1,1329.605000,1329.408000,1446.281595,1,ok,28275,23522,1,0.162734,0.005763,0.000182,0.098984,9.539688,1.873215,0.000107,27.832362,13.811106,0.761929,494.773772,0.154928,7.531412,548.691163,556.377685,556.999569,0.621884,557.168066
1805,vehicle1,1329.810000,1329.606000,1447.116146,1,ok,28270,23578,1,0.245660,0.007522,0.000333,0.104186,11.174720,2.063054,0.000086,31.565283,13.815410,0.787163,588.415797,0.003517,7.311682,647.925699,655.241231,655.732089,0.490858,655.985271
1806,vehicle1,1330.012000,1329.803000,1447.850491,1,ok,28209,23534,1,0.132088,0.008347,0.000197,0.093712,8.654320,2.533395,0.000088,32.519165,14.443186,0.705331,568.794775,0.003966,6.720792,627.743972,634.468927,634.834140,0.365213,634.974575
1807,vehicle1,1330.204000,1330.005000,1448.581274,1,ok,28025,23332,1,0.224163,0.129595,0.000114,0.096437,8.654789,2.767295,0.000107,30.571808,17.644658,0.842652,549.318932,0.003875,6.956122,609.896678,616.856789,617.366873,0.510084,617.720631
1808,vehicle1,1330.414000,1330.204000,1449.386294,1,ok,27865,23279,1,0.144748,0.300847,0.000361,0.097025,12.382033,2.319141,0.000107,33.776874,14.644301,0.866175,563.807161,0.003838,7.013887,627.892817,634.910903,635.259339,0.348436,635.704934
1809,vehicle1,1330.620000,1330.405000,1450.134617,1,ok,27666,23191,1,0.123643,0.008671,0.000197,0.108359,11.046450,2.148577,0.000094,33.096744,26.267806,0.702181,547.454453,0.013137,7.694385,620.824664,628.532383,628.823497,0.291114,628.955811
1810,vehicle1,1330.842000,1330.612000,1450.908826,1,ok,27358,22957,1,0.243968,0.008262,0.000319,0.104052,11.215657,2.994891,0.000116,44.387799,17.660898,0.744155,546.841613,0.003705,8.793919,623.949181,632.747124,633.115346,0.368222,633.367576
1811,vehicle1,1331.112000,1330.910000,1451.852180,1,ok,27177,22862,1,0.101282,0.012461,0.000339,0.129723,8.784842,1.944617,0.000029,25.763782,14.026642,0.775608,494.725485,0.005076,8.364730,546.150728,554.520873,555.136618,0.615745,555.250361
1812,vehicle1,1331.310000,1331.112000,1452.660551,1,ok,26991,22745,1,0.242956,0.007350,0.000308,0.098622,7.844501,2.087126,0.000300,26.332800,13.204555,0.747897,536.761277,0.004684,7.645047,587.077078,594.727117,595.016312,0.289195,595.266618
1813,vehicle1,1331.519000,1331.310000,1453.447576,1,ok,26895,22669,1,0.090420,0.009008,0.000260,0.092479,7.494303,2.690605,0.000103,29.821943,15.307946,0.928207,549.708839,0.004405,7.657403,606.044425,613.706493,614.077199,0.370706,614.176627
1814,vehicle1,1331.719000,1331.513000,1454.192151,1,ok,26811,22586,1,0.089136,0.008092,0.000493,0.079100,7.741641,3.076491,0.000099,27.093514,19.602028,0.694181,541.077046,0.045910,6.487925,599.364100,605.898428,606.130195,0.231767,606.227423
1815,vehicle1,1332.112000,1331.911000,1455.577162,1,ok,26622,22439,1,0.101977,0.010143,0.000414,0.096567,12.872882,2.925058,0.000081,32.060114,13.301286,0.704135,531.879899,0.004772,6.221030,593.840022,600.066238,600.580603,0.514365,600.692723
1816,vehicle1,1332.357000,1332.112000,1456.374421,1,ok,26367,22293,1,0.133723,0.006611,0.000235,0.093433,15.724817,3.209507,0.000162,40.739013,15.234852,0.703671,558.507749,0.003952,6.809672,634.213204,641.027063,641.545814,0.518751,641.686148
1817,vehicle1,1332.606000,1332.410000,1457.374416,1,ok,26006,22091,1,0.127083,0.007846,0.000504,0.100295,15.493227,2.442672,0.000125,34.345460,13.396022,0.696425,547.627909,0.003870,8.296587,614.102135,622.403096,622.889822,0.486726,623.024751
1818,vehicle1,1332.809000,1332.606000,1458.095666,1,ok,25630,21839,1,0.144310,0.008365,0.000441,0.138765,10.764775,4.965505,0.000078,31.319994,13.320420,0.968374,512.579318,0.012264,6.926671,574.057229,580.996605,581.581523,0.584918,581.734198
1819,vehicle1,1333.112000,1332.912000,1459.191879,1,ok,25183,21482,1,0.124608,0.006448,0.000230,0.082553,9.423185,2.399961,0.000201,31.033572,15.427692,0.701180,520.411242,0.004500,6.498461,579.479586,585.982777,586.335156,0.352379,586.466212
1820,vehicle1,1333.304000,1333.112000,1459.915358,1,ok,24895,21246,1,0.130267,0.007092,0.000285,0.067563,9.086003,2.847181,0.000176,28.282279,10.428343,0.694145,472.278825,0.003869,6.157334,523.684515,529.846003,530.179489,0.333486,530.316848
1821,vehicle1,1333.510000,1333.312000,1460.769911,1,ok,24627,21050,1,0.102434,0.007617,0.000410,0.122156,14.966434,2.673672,0.000195,38.338209,14.510744,0.703812,523.935208,0.003789,6.758274,595.250430,602.012903,602.355646,0.342743,602.465697
1822,vehicle1,1333.712000,1333.510000,1461.517334,1,ok,24514,20970,1,0.127670,0.008671,0.000270,0.077165,11.913914,2.690630,0.000086,33.268620,15.643426,0.741543,513.814385,0.004034,6.498977,578.149769,584.653050,585.150623,0.497573,585.286964
1823,vehicle1,1333.910000,1333.712000,1462.307542,1,ok,24294,20779,1,0.234720,0.010441,0.000365,0.112325,12.160121,2.524100,0.000083,30.528809,11.950567,0.704538,520.248506,0.012300,7.238860,578.229049,585.480574,585.758239,0.277665,586.003400
1824,vehicle1,1334.110000,1333.910000,1463.120230,1,ok,24056,20584,1,0.101184,0.004689,0.000241,0.069942,11.176169,2.991496,0.000196,29.589672,11.343891,0.699400,537.140724,0.005605,6.737632,593.011490,599.754968,600.048636,0.293668,600.154509
1825,vehicle1,1334.307000,1334.110000,1463.876393,1,ok,23915,20505,1,0.112555,0.005299,0.000320,0.057277,11.336627,2.494970,0.000148,30.107245,13.412025,0.734433,491.476012,0.005786,6.822217,549.618737,556.447060,556.765659,0.318599,556.883513
1826,vehicle1,1334.505000,1334.312000,1464.705671,1,ok,23790,20422,1,0.124338,0.007051,0.000397,0.088582,9.848002,2.516240,0.000190,28.504230,15.990666,0.759936,509.914333,0.005698,8.373309,567.622179,576.001583,576.418825,0.417242,576.550214
1827,vehicle1,1334.704000,1334.505000,1465.434265,1,ok,23649,20334,1,0.080867,0.006548,0.000300,0.090771,15.276511,4.499961,0.000102,33.569071,13.750009,1.027235,473.598383,0.004618,9.188834,541.812043,551.005795,551.693907,0.688112,551.781322
1828,vehicle1,1334.914000,1334.713000,1466.259359,1,ok,23736,20383,1,0.117036,0.502979,0.000241,0.070060,16.540625,2.989015,0.000223,28.830423,10.685863,0.676536,473.963994,0.003310,8.569323,533.756739,542.329613,542.840473,0.510860,543.460488
1829,vehicle1,1335.104000,1334.914000,1467.052003,1,ok,23796,20419,1,0.217379,0.006884,0.000233,0.089166,14.315141,3.079391,0.000176,31.526002,16.268312,0.711392,469.970686,0.022554,6.433387,535.960266,542.416440,542.763502,0.347062,542.987765
1830,vehicle1,1335.414000,1335.208000,1468.154524,1,ok,23803,20402,1,0.188725,0.006957,0.000407,0.088753,10.770590,2.279818,0.000102,29.894178,11.162567,0.762636,468.055291,0.004463,6.846882,523.013935,529.865687,530.267475,0.401788,530.463157
1831,vehicle1,1335.603000,1335.414000,1468.884587,1,ok,23723,20374,1,0.193667,0.007620,0.000240,0.081351,12.744723,3.281396,0.000146,30.091466,12.986757,0.768863,441.838549,0.022232,9.286305,501.793251,511.102028,511.652223,0.550195,511.853510
1832,vehicle1,1335.804000,1335.610000,1469.667344,1,ok,23628,20376,1,0.103302,0.006555,0.000485,0.094122,13.455261,3.678162,0.000098,33.200952,11.397517,0.703700,428.664749,0.004687,7.329126,491.194561,498.528859,498.996459,0.467600,499.106316
1833,vehicle1,1336.104000,1335.911000,1470.711391,1,ok,23389,20277,1,0.252693,0.006632,0.000297,0.079180,8.922314,2.488324,0.000161,31.596617,11.205409,0.808101,403.542747,0.011847,8.916210,458.642853,467.571207,467.858740,0.287533,468.118065
1834,vehicle1,1336.303000,1336.112000,1471.490772,1,ok,23388,20279,1,0.286097,0.066632,0.000590,0.076329,7.540345,2.425042,0.000122,26.208184,10.532447,0.686789,421.115718,0.003395,8.917774,468.584976,477.506735,477.810150,0.303415,478.162879
1835,vehicle1,1336.503000,1336.312000,1472.307653,1,ok,23426,20314,1,0.190426,0.006165,0.000255,0.080264,8.992877,3.637167,0.000144,27.335030,11.847757,0.687194,438.730201,0.004451,6.442646,491.310634,497.757986,498.096951,0.338965,498.293542
1836,vehicle1,1336.703000,1336.511000,1473.074827,1,ok,23450,20339,1,0.202667,0.005761,0.000387,0.084284,6.666068,2.628018,0.000091,27.924229,13.390895,0.779083,423.815428,0.003113,6.179631,475.288096,481.471227,482.581818,1.110591,482.790246
1837,vehicle1,1336.902000,1336.710000,1473.848122,1,ok,23414,20342,1,0.250465,2.365493,0.000244,0.074704,6.861999,3.282780,0.000105,27.849479,11.491180,0.678368,427.939973,0.004843,6.697125,478.178588,484.880800,485.433122,0.552322,488.049080
1838,vehicle1,1337.103000,1336.910000,1474.605916,1,ok,23401,20378,1,0.202105,0.007481,0.000159,0.086503,11.273893,4.742256,0.000191,25.954284,10.600800,0.677498,405.343286,0.008233,7.110303,458.678711,465.797406,466.319264,0.521858,466.528850
1839,vehicle1,1337.303000,1337.109000,1475.411492,1,ok,23482,20478,1,0.125749,0.010760,0.000388,0.095471,8.869870,2.356827,0.000094,28.908076,14.467057,0.864294,443.040512,0.012978,6.312309,498.602201,504.927876,505.495283,0.567407,505.631792
1840,vehicle1,1337.503000,1337.311000,1476.197614,1,ok,23604,20609,1,0.134170,0.005464,0.000210,0.085687,11.801278,2.551508,0.000088,28.075423,13.423084,0.717457,458.934905,0.003231,7.309136,515.589430,522.902007,523.228774,0.326767,523.368408
1841,vehicle1,1337.707000,1337.511000,1477.005299,1,ok,23681,20694,1,0.245499,0.007124,0.000361,0.086329,16.435492,3.785193,0.000077,29.506604,11.625482,0.869774,465.726747,0.006777,8.520839,528.035698,536.563675,537.272625,0.708950,537.525248
1842,vehicle1,1337.910000,1337.710000,1477.792260,1,ok,23777,20790,1,0.096548,0.007035,0.000508,0.083913,9.356967,3.007164,0.000092,25.707918,18.384500,0.803312,464.098686,0.003285,8.061502,521.442552,529.507847,529.847396,0.339549,529.950979
1843,vehicle1,1338.111000,1337.910000,1478.598768,1,ok,23894,20912,1,0.088752,0.009128,0.000568,0.164203,11.989783,2.720959,0.000075,34.095381,12.767504,0.704893,489.571554,0.004201,7.010946,552.014352,559.030067,559.376381,0.346314,559.474261
1844,vehicle1,1338.311000,1338.111000,1479.363482,1,ok,23992,21006,1,0.205708,0.005374,0.000413,0.071207,9.974168,3.401302,0.000105,34.079553,12.578288,0.918614,474.467106,0.029824,9.968761,535.490343,545.489341,546.104503,0.615162,546.315585
1845,vehicle1,1338.503000,1338.311000,1480.143281,1,ok,24139,21170,1,0.110265,0.004141,0.000274,0.055348,9.898188,2.973272,0.000088,26.081979,11.688715,0.897892,478.165708,0.005906,7.457514,529.761190,537.224884,537.780571,0.555687,537.894977
1846,vehicle1,1338.712000,1338.510000,1480.936883,1,ok,24263,21302,1,0.087778,0.006404,0.000274,0.070245,9.228731,3.287177,0.000083,32.499384,13.754398,0.696698,475.854966,0.005015,7.801685,535.391682,543.198656,543.651344,0.452688,543.745526
1847,vehicle1,1338.903000,1338.712000,1481.721205,1,ok,24383,21440,1,0.122896,0.007948,0.000432,0.055287,7.959872,2.782621,0.000233,28.493752,12.751714,0.684045,480.780960,0.004089,6.334413,533.508484,539.847418,540.132748,0.285330,540.263592
1848,vehicle1,1339.103000,1338.910000,1482.546500,1,ok,24413,21515,1,0.226225,0.008603,0.000344,0.101298,8.477847,2.367164,0.000029,30.943355,12.887399,0.722432,486.337957,0.004132,6.725525,541.837481,548.567482,548.969088,0.401606,549.203916
1849,vehicle1,1339.302000,1339.114000,1483.391855,1,ok,24409,21540,1,0.205127,0.004236,0.000203,0.052075,7.735857,2.863490,0.000086,32.692095,14.398766,0.721578,495.384276,0.009331,8.174319,553.848223,562.032076,562.419151,0.387075,562.628514
1850,vehicle1,1339.508000,1339.309000,1484.216995,1,ok,24367,21534,1,0.111964,0.006488,0.000295,0.067849,10.003009,3.218287,0.000076,27.325918,11.550634,0.689163,489.644867,0.013723,7.002109,542.499803,549.515930,549.944113,0.428183,550.062565
1851,vehicle1,1339.703000,1339.509000,1485.045902,1,ok,24398,21583,1,0.199293,0.005132,0.000155,0.048546,13.670412,2.777663,0.000195,31.776754,12.307148,0.700707,506.617346,0.004216,7.168311,567.898771,575.071453,575.463331,0.391878,575.667756
1852,vehicle1,1339.911000,1339.711000,1485.890246,1,ok,24451,21656,1,0.206624,0.005326,0.000255,0.053325,11.610217,2.909925,0.000123,28.845412,12.258975,0.809130,525.653353,0.004254,6.431065,582.140460,588.576034,588.948818,0.372784,589.160768
1853,vehicle1,1340.110000,1339.911000,1486.769621,1,ok,24405,21594,1,0.253206,0.007212,0.000388,0.082632,14.869255,3.160248,0.000141,28.430965,12.647408,0.940124,556.966548,0.003656,6.215411,617.097321,623.316776,623.785696,0.468920,624.046114
1854,vehicle1,1340.309000,1340.110000,1487.599189,1,ok,24477,21604,1,0.134249,0.006480,0.000296,0.086321,14.811889,3.734810,0.000195,30.569590,14.558538,0.747533,541.456616,0.008670,7.436014,605.965492,613.410472,614.374571,0.964099,614.515300
1855,vehicle1,1340.511000,1340.309000,1488.427077,1,ok,24501,21573,1,0.089940,0.006256,0.000197,0.051680,9.985532,2.509378,0.000088,28.597709,11.580879,0.729135,555.506083,0.014243,7.738895,608.960484,616.713819,617.050691,0.336872,617.146887
1856,vehicle1,1340.710000,1340.511000,1489.274516,1,ok,24553,21577,1,0.225075,0.007542,0.000278,0.108027,9.181856,3.174040,0.000090,31.009469,10.916571,0.703438,578.242271,0.003782,7.110371,633.335762,640.450193,640.739509,0.289316,640.972126
1857,vehicle1,1340.912000,1340.710000,1490.142740,1,ok,24556,21542,1,0.107266,0.007163,0.000196,0.082015,9.197383,3.318841,0.000106,26.962189,12.512201,0.803000,589.064367,0.003579,6.896018,641.940102,648.839895,649.271789,0.431894,649.386218
1858,vehicle1,1341.112000,1340.912000,1491.012425,1,ok,24581,21547,1,0.264869,0.768738,0.000289,0.089007,9.671020,2.703051,0.000094,25.848559,12.046057,0.984434,578.516816,0.004016,7.423012,629.859038,637.286355,638.226900,0.940545,639.260507
1859,vehicle1,1341.313000,1341.112000,1491.894149,1,ok,24552,21530,1,0.473915,3.761131,0.000247,0.089997,9.648502,3.332000,0.000077,32.216261,10.948583,0.695926,578.596351,0.005173,6.631938,635.527697,642.165055,642.465242,0.300187,646.700288
1860,vehicle1,1341.511000,1341.313000,1492.766000,1,ok,24580,21555,1,0.205823,0.008092,0.000230,0.100801,10.002554,2.775635,0.000148,29.751976,14.222870,0.695807,587.892342,0.019693,12.113433,645.442133,657.575489,657.908601,0.333112,658.122516
1861,vehicle1,1341.709000,1341.511000,1493.616622,1,ok,24617,21582,1,0.093048,0.007572,0.000237,0.101799,11.218112,2.660821,0.000130,29.598775,12.548552,0.689532,588.656889,0.013697,6.120053,645.474610,651.608597,651.885595,0.276998,651.986215
1862,vehicle1,1341.909000,1341.709000,1494.487646,1,ok,24612,21596,1,0.115375,0.004781,0.000184,0.083001,9.498119,3.574611,0.000264,29.991051,13.631237,0.834503,623.609602,0.003794,6.990134,681.222388,688.216500,689.049760,0.833260,689.169916
1863,vehicle1,1342.109000,1341.909000,1495.348697,1,ok,24646,21637,1,0.105167,0.007763,0.000254,0.076248,9.148396,3.648067,0.000098,30.746193,12.412679,0.885802,606.280280,0.003644,6.555404,663.197763,669.757065,670.151662,0.394597,670.264592
1864,vehicle1,1342.311000,1342.109000,1496.211058,1,ok,24630,21624,1,0.146493,0.010266,0.000322,0.098357,9.555497,5.018636,0.000083,32.527609,13.211671,0.711981,607.019643,0.003467,6.680220,668.143477,674.827486,675.177358,0.349872,675.334117
1865,vehicle1,1342.507000,1342.311000,1497.121513,1,ok,24656,21597,1,0.126004,0.010797,0.000208,0.089357,12.339321,2.889646,0.000088,30.304850,12.790391,0.926548,603.109774,0.024344,6.989750,662.449975,669.464277,670.418715,0.954438,670.555516
1866,vehicle1,1342.712000,1342.507000,1497.933101,1,ok,24505,21390,1,0.113550,0.005660,0.000326,0.108020,13.690132,3.437934,0.000135,32.119051,13.829176,0.752708,583.013620,0.023258,9.269196,646.950776,656.243556,656.872728,0.629172,656.991938
1867,vehicle1,1342.911000,1342.712000,1498.784681,1,ok,24270,21068,1,0.103686,0.007453,0.000271,0.090921,11.336888,3.932551,0.000103,33.041031,11.419693,0.903829,575.865622,0.011126,6.512999,636.590638,643.115034,643.999183,0.884149,644.110322
1868,vehicle1,1343.110000,1342.911000,1499.626098,1,ok,24059,20796,1,0.085564,0.004665,0.000243,0.073521,8.816876,2.944095,0.000026,30.622905,11.275651,0.733805,528.556725,0.004037,9.488310,583.023604,592.516194,592.830079,0.313885,592.920308
1869,vehicle1,1343.310000,1343.110000,1500.490358,1,ok,23912,20571,1,0.339972,0.010761,0.000514,0.123472,12.836333,3.942555,0.000209,27.779508,12.832017,0.960511,564.724843,0.003219,7.036883,623.199448,630.240064,630.784691,0.544627,631.135424
1870,vehicle1,1343.508000,1343.310000,1501.306820,1,ok,23797,20381,1,0.122795,0.004929,0.000384,0.055088,9.711276,3.685169,0.000508,31.618214,11.522878,0.744679,559.730038,0.013236,7.477258,617.067850,624.558728,625.124476,0.565748,625.252200
1871,vehicle1,1343.811000,1343.611000,1502.486747,1,ok,23659,20239,1,0.213078,0.007741,0.000307,0.090774,11.640880,3.127604,0.000116,29.767644,13.275362,0.714421,554.984843,0.013023,7.238172,613.601644,620.853146,621.110373,0.257227,621.331192
1872,vehicle1,1344.010000,1343.811000,1503.334832,1,ok,23481,20037,1,0.242602,0.010046,0.000279,0.087190,12.059878,2.869602,0.000165,29.873797,12.043951,0.923325,544.291761,0.004315,9.182766,602.149669,611.337029,611.837497,0.500468,612.090145
1873,vehicle1,1344.210000,1344.010000,1504.171194,1,ok,23323,19903,1,0.230188,0.427563,0.000377,0.129900,13.444082,3.129416,0.000121,29.311954,10.701824,0.678444,531.359447,0.003741,6.153261,588.755188,594.912567,595.188820,0.276253,595.846571
1874,vehicle1,1344.410000,1344.210000,1504.998936,1,ok,23242,19823,1,0.193499,0.010476,0.000199,0.078716,11.468811,4.241656,0.000114,32.628697,10.997326,0.915040,516.891246,0.004305,8.265772,577.221606,585.491882,586.200036,0.708154,586.404011
1875,vehicle1,1344.607000,1344.410000,1505.824075,1,ok,23251,19803,1,0.109864,0.010868,0.000160,0.087963,11.438555,3.603257,0.000104,31.752470,11.680786,0.691072,520.776038,0.006672,7.713818,580.030245,587.750895,588.087938,0.337043,588.208670
1876,vehicle1,1344.803000,1344.609000,1506.641071,1,ok,23352,19891,1,0.091281,0.008785,0.000285,0.087975,8.235621,4.175250,0.000110,27.510759,12.218917,0.882288,481.463440,0.007217,8.973017,534.574360,543.554879,543.912344,0.357465,544.012410
1877,vehicle1,1345.004000,1344.810000,1507.507716,1,ok,23401,19945,1,0.099396,0.008090,0.000406,0.089803,9.452276,3.976869,0.000092,27.194055,12.907621,0.692407,476.347346,0.049861,9.541888,530.660469,540.252624,540.766708,0.514084,540.874194
1878,vehicle1,1345.204000,1345.010000,1508.384616,1,ok,23459,20037,1,0.121100,0.007138,0.000293,0.101007,7.676508,3.050129,0.000106,27.737167,11.598407,1.790984,477.623882,0.004033,8.298191,529.578190,537.880707,538.533286,0.652579,538.661524
1879,vehicle1,1345.404000,1345.214000,1509.280965,1,ok,23453,20043,1,0.203192,0.008432,0.000265,0.086610,11.656681,5.341281,0.000140,32.133909,11.041607,0.756492,497.340009,0.010449,9.011298,558.356729,567.378741,567.946575,0.567834,568.158199
1880,vehicle1,1345.603000,1345.411000,1510.114543,1,ok,23481,20111,1,0.276509,3.629063,0.000398,0.090748,9.488496,4.005176,0.000139,23.932957,8.478758,0.676837,487.897479,0.003959,7.930225,534.570590,542.505172,542.823969,0.318797,546.729541
1881,vehicle1,1345.803000,1345.613000,1510.975975,1,ok,23585,20181,1,0.072363,0.007616,0.000310,0.092621,12.728292,4.512839,0.000087,28.341403,11.669595,0.990791,491.339594,0.013266,9.343418,549.675222,559.032216,559.810236,0.778020,559.890215
1882,vehicle1,1346.005000,1345.810000,1511.834222,1,ok,23618,20290,1,0.119441,0.011294,0.000212,0.089641,10.028207,3.497928,0.000079,29.501458,10.249881,1.621614,501.015609,0.011759,6.768401,556.004417,562.784789,563.210811,0.426022,563.341546
1883,vehicle1,1346.203000,1346.014000,1512.710393,1,ok,23595,20316,1,0.203391,0.007654,0.000367,0.087277,13.291839,3.665620,0.000118,28.709600,12.348601,0.837629,495.254272,0.004283,7.756680,554.194956,561.956286,562.236763,0.280477,562.447808
1884,vehicle1,1346.409000,1346.211000,1513.555012,1,ok,23549,20313,1,0.535656,0.012622,0.000282,0.076264,14.970133,4.402511,0.000097,28.601578,10.330449,0.677883,498.229811,0.012721,11.137578,557.288726,568.439307,568.967940,0.528633,569.516218
1885,vehicle1,1346.604000,1346.413000,1514.369853,1,ok,23497,20246,1,0.073654,0.007198,0.000322,0.089773,8.509678,4.988239,0.000200,25.509419,10.688895,0.804835,496.456004,0.003324,6.612438,547.047043,553.663127,554.064092,0.400965,554.144944
1886,vehicle1,1346.803000,1346.612000,1515.200699,1,ok,23416,20193,1,0.062663,0.008849,0.000320,0.101018,10.155141,3.151175,0.000179,27.272444,14.097545,0.868058,469.392529,0.004732,8.516913,525.038089,533.560054,533.945162,0.385108,534.016674
1887,vehicle1,1347.003000,1346.810000,1516.043016,1,ok,23300,20118,1,0.289525,0.144194,0.000186,0.079687,7.365418,4.326696,0.000094,29.767096,12.239404,0.831158,466.591842,0.011437,8.613324,521.201395,529.826342,530.423140,0.596798,530.856859
1888,vehicle1,1347.204000,1347.010000,1516.909289,1,ok,23128,20009,1,0.308520,0.060666,0.000233,0.106864,10.615034,4.017255,0.000229,24.052751,11.511000,0.685599,467.691065,0.013158,7.499117,518.679797,526.192305,526.538303,0.345998,526.907489
1889,vehicle1,1347.400000,1347.212000,1517.752355,1,ok,22983,19934,1,0.068465,0.008724,0.000294,0.127251,9.562795,3.210010,0.000085,30.779088,11.734637,0.720424,467.656001,0.005690,7.373311,523.790291,531.169586,531.737505,0.567919,531.814694
1890,vehicle1,1347.604000,1347.412000,1518.616031,1,ok,22903,19850,1,0.114948,0.012744,0.000482,0.076956,11.791977,4.531613,0.000183,26.873052,9.834686,0.798453,483.091792,0.005313,7.010891,536.998712,544.015398,544.358316,0.342918,544.486008
1891,vehicle1,1347.804000,1347.610000,1519.482488,1,ok,23018,19914,1,0.113834,0.006223,0.000247,0.051232,7.603165,3.761818,0.000160,27.398828,11.734161,1.792273,480.891602,0.004061,7.265517,533.233239,540.503064,540.905087,0.402023,541.025144
1892,vehicle1,1348.005000,1347.812000,1520.301417,1,ok,23058,19912,1,0.121843,0.006870,0.000189,0.073860,7.524779,4.023101,0.000076,33.046118,16.237600,0.680431,450.445407,0.003137,7.064963,512.031372,519.099661,519.405097,0.305436,519.533810
1893,vehicle1,1348.304000,1348.112000,1521.476179,1,ok,23047,19895,1,0.108332,0.004528,0.000405,0.053381,6.137106,4.384486,0.000097,28.211496,9.353083,0.710289,440.628744,0.068561,11.467406,489.478682,501.015054,501.348818,0.333764,501.461678
1894,vehicle1,1348.504000,1348.311000,1522.276249,1,ok,22943,19787,1,0.212176,0.006310,0.000319,0.071950,7.436610,4.196674,0.000084,23.069788,9.747975,0.705064,406.143808,0.008268,6.767848,451.371953,458.148388,458.684488,0.536100,458.902974
1895,vehicle1,1348.704000,1348.511000,1523.153776,1,ok,22825,19656,1,0.264013,0.011591,0.000583,0.125707,8.457490,4.038592,0.000169,27.104825,9.307346,0.777958,458.758745,0.005480,6.198964,508.570832,514.775859,515.201720,0.425861,515.477324
1896,vehicle1,1348.904000,1348.713000,1523.986685,1,ok,22753,19591,1,0.172432,0.006636,0.000367,0.088937,7.878771,3.479097,0.000099,32.928228,11.737466,0.712379,441.536845,0.003878,7.408962,498.361822,505.775029,506.426572,0.651543,506.605640
1897,vehicle1,1349.103000,1348.911000,1524.838433,1,ok,22744,19579,1,0.109655,0.006943,0.000302,0.079987,12.883581,3.661327,0.000108,25.932605,8.540472,0.679913,423.508406,0.014547,6.421300,475.286399,481.722548,482.039845,0.317297,482.156443
1898,vehicle1,1349.297000,1349.111000,1525.675048,1,ok,22648,19439,1,0.100487,0.008027,0.000282,0.086920,10.778531,5.091973,0.000136,26.265832,9.324556,1.448625,408.847736,0.003738,6.489016,461.844309,468.337345,468.719690,0.382345,468.828204
1899,vehicle1,1349.503000,1349.312000,1526.517235,1,ok,22446,19204,1,0.085249,0.019738,0.000271,0.064187,12.612670,4.093566,0.000075,24.749188,11.697747,0.682667,410.640717,0.013350,6.310354,464.540817,470.864792,471.168488,0.303696,471.273475
1900,vehicle1,1349.687000,1349.512000,1527.322035,1,ok,22263,18946,1,0.182495,0.006349,0.000199,0.077307,6.564592,4.457260,0.000109,27.709257,10.980933,0.710986,402.117015,0.003082,8.733993,452.617459,461.354733,461.733025,0.378292,461.921869
1901,vehicle1,1349.901000,1349.714000,1528.189014,1,ok,22184,18805,1,0.108319,0.008929,0.000412,0.075022,8.859267,3.764467,0.000095,26.003666,11.819266,0.738994,420.420552,0.009343,11.228602,471.681329,482.919686,483.503652,0.583966,483.620900
1902,vehicle1,1350.104000,1349.912000,1529.078283,1,ok,22225,18832,1,0.086133,0.007511,0.000249,0.104157,10.901577,4.979240,0.000168,40.251376,11.434411,0.929225,437.475614,0.004128,6.680238,506.075768,512.760383,513.093029,0.332646,513.186673
1903,vehicle1,1350.278000,1350.112000,1529.816765,1,ok,22202,18841,1,0.122226,0.011376,0.000319,0.066710,7.438286,4.209893,0.000151,29.274020,9.582503,0.674227,377.971480,0.004226,8.319252,429.217270,437.541067,437.873345,0.332278,438.006947
1904,vehicle1,1350.503000,1350.310000,1530.690736,1,ok,22144,18802,1,0.068619,0.007144,0.004670,0.049813,7.481041,3.841618,0.000198,26.933074,10.524161,0.687527,418.046098,0.012871,10.690884,467.563530,478.271955,478.502412,0.230457,478.578175
1905,vehicle1,1350.703000,1350.512000,1531.527010,1,ok,22093,18766,1,0.087847,0.008185,0.000493,0.092704,8.760356,4.972930,0.000193,30.311130,9.484470,0.847676,408.514969,0.004817,7.395746,462.984428,470.385484,470.777264,0.391780,470.873296
1906,vehicle1,1350.903000,1350.709000,1532.330541,1,ok,22056,18738,1,0.094960,0.008040,0.000628,0.090926,10.837007,4.592675,0.000157,24.982445,8.498374,0.753350,406.604898,0.004565,10.694523,456.359832,467.059548,467.377380,0.317832,467.480380
1907,vehicle1,1351.105000,1350.911000,1533.144236,1,ok,21897,18537,1,0.191321,0.007182,0.000210,0.071309,9.641082,4.779059,0.000111,27.597947,9.012263,0.909644,402.895161,0.005033,9.114976,454.906576,464.026795,464.410831,0.384036,464.609334
1908,vehicle1,1351.305000,1351.109000,1533.981451,1,ok,21733,18333,1,0.089749,0.007787,0.000433,0.081204,10.217611,4.195492,0.000087,30.595889,12.782466,0.887247,416.511444,0.004612,8.848752,475.271440,484.125237,484.964722,0.839485,485.062258
1909,vehicle1,1351.502000,1351.313000,1534.791066,1,ok,21675,18176,1,0.238439,0.008266,0.000342,0.082147,9.351233,4.087148,0.000075,26.587838,9.401802,0.675467,411.200583,0.006133,8.316762,461.386293,469.709530,470.086034,0.376504,470.332739
1910,vehicle1,1351.679000,1351.514000,1535.622239,1,ok,21583,18043,1,0.185448,0.007267,0.000295,0.078318,9.364626,7.804744,0.000115,25.127040,12.392137,0.902812,409.912321,0.039128,7.795067,465.582113,473.416603,473.978163,0.561560,474.170878
1911,vehicle1,1351.904000,1351.716000,1536.531487,1,ok,21500,17854,1,0.105849,0.006870,0.000312,0.080301,10.306719,4.766800,0.000119,35.487550,11.203537,0.911105,457.461501,0.004056,7.200569,520.217632,527.422569,527.788841,0.366272,527.901560
1912,vehicle1,1352.103000,1351.913000,1537.374076,1,ok,21492,17793,1,0.329707,0.012987,0.000607,0.095557,9.072114,6.152126,0.000123,29.731850,11.245106,0.696536,454.186043,0.003301,6.902831,511.179455,518.086194,518.431679,0.345485,518.774373
1913,vehicle1,1352.307000,1352.109000,1538.184980,1,ok,21571,17829,1,0.325345,0.009254,0.000384,0.072690,8.598530,4.822570,0.000097,29.945283,11.334595,0.844762,441.700388,0.003272,8.198391,497.318915,505.520962,505.970672,0.449710,506.305271
1914,vehicle1,1352.514000,1352.316000,1539.066950,1,ok,21597,17824,1,0.082913,0.009300,0.000454,0.083086,7.752185,3.941927,0.000168,28.117915,13.005231,0.925405,469.119767,0.003437,9.044380,522.945684,531.993955,532.451031,0.457076,532.543244
1915,vehicle1,1352.803000,1352.612000,1540.200657,1,ok,21580,17894,1,0.093580,0.008328,0.000226,4.011207,8.897783,4.139585,0.000164,36.734503,13.684159,0.798887,464.438881,0.013306,6.359860,532.705169,539.078561,539.385855,0.307294,539.487763
1916,vehicle1,1353.004000,1352.811000,1541.065736,1,ok,21490,17820,1,0.180751,0.006776,0.000235,0.073337,8.355956,4.749491,0.000106,31.732338,11.507838,0.941259,469.832233,0.004521,9.152538,527.192558,536.349852,536.848250,0.498398,537.035777
1917,vehicle1,1353.205000,1353.012000,1541.900621,1,ok,21516,17808,1,0.103174,0.008706,0.000367,0.099253,12.175286,4.929427,0.000129,34.106447,10.279809,0.692741,473.510228,0.003785,8.941614,535.793320,544.739086,545.267549,0.528463,545.379429
1918,vehicle1,1353.412000,1353.213000,1542.710499,1,ok,21603,17826,1,0.189401,0.478993,0.000181,0.068948,9.191889,4.801371,0.000230,33.329082,11.439798,0.705007,483.161792,0.003560,6.252205,542.698117,548.954063,549.452066,0.498003,550.120460
1919,vehicle1,1353.603000,1353.412000,1543.516149,1,ok,21751,17982,1,0.183243,0.020854,0.000200,0.078222,11.952546,3.978897,0.000096,37.297432,14.119200,0.862642,492.053898,0.004803,7.707574,560.342933,568.055510,568.645033,0.589523,568.849130
1920,vehicle1,1353.812000,1353.610000,1544.380015,1,ok,21801,18083,1,0.205205,0.018124,0.000285,0.078270,15.479790,5.317283,0.000147,32.983314,14.636120,0.774801,498.005076,0.012588,6.923308,567.274801,574.210982,574.498396,0.287414,574.721725
1921,vehicle1,1354.006000,1353.812000,1545.201695,1,ok,21796,18117,1,0.085638,0.077779,0.000375,0.089235,13.313040,4.322396,0.000119,30.623073,13.840059,0.847490,491.488066,0.005496,6.768513,554.523478,561.297862,561.644660,0.346798,561.808077
1922,vehicle1,1354.203000,1354.008000,1546.057373,1,ok,21920,18270,1,0.091623,0.007393,0.000280,0.108457,13.916601,6.878689,0.000185,32.031069,12.848691,0.697277,505.971671,0.003027,8.667847,572.452640,581.123794,581.627852,0.504058,581.726868
1923,vehicle1,1354.423000,1354.214000,1546.934785,1,ok,22060,18439,1,0.072879,0.008407,0.000307,0.096967,14.623940,4.396946,0.000167,37.608508,11.892557,0.884874,507.826922,0.003720,6.145753,577.330881,583.480661,583.805122,0.324461,583.886408
1924,vehicle1,1354.710000,1354.514000,1548.061970,1,ok,22398,18823,1,0.209355,0.007102,0.000208,0.089661,18.069729,3.787392,0.000112,37.078666,13.477791,0.695062,534.424609,0.024129,8.501037,607.623022,616.148396,616.675992,0.527596,616.892449
1925,vehicle1,1354.912000,1354.710000,1548.844205,1,ok,22687,19143,1,0.105273,0.010192,0.000455,0.079999,13.494807,5.140480,0.000114,32.886513,12.178701,0.751723,494.927420,0.012154,6.328533,559.459757,565.800899,566.055298,0.254399,566.170763
1926,vehicle1,1355.117000,1354.912000,1549.650593,1,ok,23026,19491,1,0.110887,0.016764,0.000228,0.061707,12.678607,4.112302,0.000119,38.783620,12.378898,0.683762,501.963576,0.004195,6.147243,570.662591,576.814257,577.172602,0.358345,577.300253
1927,vehicle1,1355.312000,1355.117000,1550.438442,1,ok,23304,19776,1,0.095153,0.005348,0.000207,0.088765,17.039761,7.399463,0.000092,33.476464,14.814123,0.906444,497.214751,0.003058,7.570143,570.939863,578.513271,578.958794,0.445523,579.059295
1928,vehicle1,1355.509000,1355.312000,1551.226838,1,ok,23563,20066,1,0.207243,0.006706,0.000214,0.084381,20.674094,5.293558,0.000114,34.460748,13.278730,0.691587,516.350168,0.003187,8.319645,590.833380,599.156426,599.671295,0.514869,599.885244
1929,vehicle1,1355.713000,1355.509000,1551.990734,1,ok,23980,20448,1,0.221315,0.005002,0.000203,0.055229,15.179265,3.890339,0.000107,38.717820,16.293066,0.945764,527.645898,0.004699,6.299227,602.727488,609.031617,609.447244,0.415627,609.673561
1930,vehicle1,1355.918000,1355.713000,1552.806705,1,ok,24549,20945,1,1.425801,0.008654,0.000268,0.080573,16.815935,4.096182,0.000202,39.532854,14.774211,0.949794,562.602336,0.009552,8.067340,638.852087,646.929247,647.764577,0.835330,649.199032
1931,vehicle1,1356.111000,1355.909000,1553.569208,1,ok,24929,21287,1,0.112832,0.005903,0.000208,0.059053,17.566342,5.814910,0.000147,36.711806,14.435149,0.916385,548.381741,0.027423,6.684852,623.885533,630.598016,631.166851,0.568835,631.285586
1932,vehicle1,1356.314000,1356.111000,1554.370888,1,ok,25382,21624,1,0.110492,0.004532,0.000309,0.054980,27.124966,6.185487,0.000080,43.401680,16.102373,0.761140,558.610097,0.008373,7.859125,652.240803,660.108610,660.570609,0.461999,660.685633
1933,vehicle1,1356.519000,1356.314000,1555.188394,1,ok,25799,22045,1,0.106463,0.011598,0.000346,0.091518,20.106951,5.230805,0.000139,35.732923,15.079161,0.711510,568.158443,0.012368,6.563148,645.111450,651.687312,652.031293,0.343981,652.149354
1934,vehicle1,1356.704000,1356.512000,1555.976260,1,ok,25996,22337,1,0.356890,0.006529,0.000249,0.089945,17.171849,5.110062,0.000148,35.863577,16.891714,0.779513,565.935040,0.005523,8.386106,641.841848,650.233726,650.541292,0.307566,650.904711
1935,vehicle1,1356.914000,1356.704000,1556.795494,1,ok,26082,22440,1,0.243359,0.014508,0.000421,0.097615,24.855703,5.177347,0.000112,39.762491,16.363428,0.772436,576.796133,0.004986,8.946585,663.825265,672.777257,673.101993,0.324736,673.359860
1936,vehicle1,1357.114000,1356.914000,1557.613312,1,ok,26139,22619,1,0.269014,0.006804,0.000282,0.087906,16.287188,4.358405,0.000186,40.983307,15.948991,0.859987,567.692640,0.018727,7.294960,646.218610,653.532579,653.972696,0.440117,654.248514
1937,vehicle1,1357.316000,1357.114000,1558.399408,1,ok,26194,22750,1,0.116164,0.007956,0.000183,0.059227,13.262609,5.483736,0.000088,42.873738,17.165435,0.893349,558.133196,0.003718,7.880336,637.871378,645.755615,646.379216,0.623601,646.503336
1938,vehicle1,1357.520000,1357.316000,1559.206714,1,ok,26213,22743,1,0.282829,0.015321,0.000382,0.076460,11.520993,5.587300,0.000192,40.426258,14.612739,0.772510,583.602099,0.004409,7.723509,656.598551,664.326851,664.857015,0.530164,665.155165
1939,vehicle1,1357.727000,1357.520000,1560.014465,1,ok,26327,22833,1,0.183029,0.014173,0.000298,0.098406,13.425465,5.504963,0.000116,41.747787,15.197653,0.754248,584.580609,0.005725,7.740450,661.309247,669.055720,669.472775,0.417055,669.669977
1940,vehicle1,1357.926000,1357.719000,1560.839339,1,ok,26438,22865,1,0.240609,0.007195,0.000451,0.058475,22.217713,6.813201,0.000157,44.165049,17.551693,0.787152,615.990821,0.005844,8.713437,707.584261,716.303993,716.864361,0.560368,717.112165
1941,vehicle1,1358.124000,1357.917000,1561.627742,1,ok,26534,22900,1,0.124522,0.006797,0.000337,0.060458,20.619943,5.604242,0.000129,44.306183,21.056341,0.723873,621.030759,0.012963,8.201170,713.401928,721.616398,722.160981,0.544583,722.292300
1942,vehicle1,1358.322000,1358.115000,1562.396002,1,ok,26612,22769,1,0.131419,0.011038,0.000256,0.054019,22.072225,4.537928,0.000116,41.787581,15.828267,0.771766,621.921838,0.004553,7.693051,706.973740,714.671600,714.988605,0.317005,715.131062
1943,vehicle1,1358.583000,1358.315000,1563.210386,1,ok,26669,22666,1,0.130306,0.008296,0.000208,0.093980,17.660027,4.215709,0.000079,38.622700,17.857668,0.760434,630.790108,0.004273,8.900639,710.000705,718.905825,719.315425,0.409600,719.454027
1944,vehicle1,1358.909000,1358.618000,1564.310846,1,ok,26631,22753,1,0.103042,0.011300,0.000311,0.097545,18.270922,5.247746,0.000165,39.218736,17.633432,0.734683,642.618803,0.004036,6.570534,723.822032,730.396913,730.741114,0.344201,730.855456
1945,vehicle1,1359.123000,1358.916000,1565.344736,1,ok,26629,22852,1,0.102997,0.006123,0.000260,0.065351,18.550604,5.022618,0.000088,41.360576,15.355586,0.747862,632.462892,0.005452,6.883267,713.565577,720.454556,720.825378,0.370822,720.934498
1946,vehicle1,1359.398000,1359.115000,1566.136022,1,ok,26584,22820,1,0.249010,0.006022,0.000231,0.088178,16.608847,4.454410,0.000090,39.613297,17.098158,0.939702,640.899249,0.065132,11.542009,719.701931,731.309303,732.013924,0.704621,732.268956
1947,vehicle1,1359.622000,1359.416000,1567.198576,1,ok,26587,22692,1,0.252249,0.007586,0.000245,0.071107,12.972219,5.437844,0.000189,36.251836,15.492590,0.701244,625.413383,0.015113,7.700234,696.340412,704.056004,704.761889,0.705885,705.021724
1948,vehicle1,1359.909000,1359.616000,1567.990071,1,ok,26612,22739,1,0.094026,0.008525,0.000304,0.107197,14.195104,4.288282,0.000158,46.072343,13.380295,0.957593,635.095739,0.017193,6.585977,714.096711,720.700185,721.134769,0.434584,721.237320
1949,vehicle1,1360.125000,1359.917000,1569.088938,1,ok,26520,22673,1,0.220590,0.008284,0.000330,0.094408,16.110050,8.060291,0.000102,41.744208,25.544995,0.722287,650.809663,0.004424,6.455011,743.086004,749.545769,750.119732,0.573963,750.348606
1950,vehicle1,1360.410000,1360.117000,1569.935961,1,ok,26222,22473,1,0.204631,0.008399,0.000326,0.092178,16.131935,4.862823,0.000217,43.499319,16.835990,0.776761,679.579382,0.011869,7.667743,761.778605,769.458543,769.829181,0.370638,770.042211
1951,vehicle1,1360.704000,1360.418000,1570.982648,1,ok,25794,22251,1,0.114876,0.009051,0.000189,0.080526,21.737056,4.160869,0.000178,38.666616,17.619495,0.776725,667.044348,0.023990,6.709842,750.085813,756.819834,757.455177,0.635343,757.579104
1952,vehicle1,1361.024000,1360.815000,1572.303859,1,ok,25442,22158,1,0.205236,0.005826,0.000194,0.055457,15.462593,4.273892,0.000081,41.500222,18.068700,0.981185,617.377290,0.004466,7.776119,697.719420,705.500199,705.925813,0.425614,706.136875
1953,vehicle1,1361.223000,1361.019000,1573.093513,1,ok,25348,22211,1,0.256806,0.010708,0.000296,0.135890,14.200198,4.666274,0.000119,47.128444,16.364713,0.764973,630.033968,0.004519,7.839902,713.294579,721.139296,721.500155,0.360859,721.767669
1954,vehicle1,1361.420000,1361.216000,1573.864868,1,ok,25408,22314,1,0.245099,0.007980,0.000252,0.099194,17.276874,3.620331,0.000089,39.973706,17.962769,0.899282,627.315327,0.015632,7.243387,707.147572,714.406843,714.940635,0.533792,715.193714
1955,vehicle1,1361.623000,1361.414000,1574.612970,1,ok,25422,22308,1,0.301540,0.007116,0.000132,0.091209,10.647011,4.114241,0.000127,36.674556,14.947184,0.714407,598.910160,0.005732,7.234197,666.098895,673.338956,673.789093,0.450137,674.097749
1956,vehicle1,1361.821000,1361.616000,1575.464941,1,ok,25427,22262,1,0.132727,0.008657,0.000218,0.076936,11.287972,3.743772,0.000146,34.352384,16.576071,0.822049,642.308023,0.006932,9.719008,709.167353,718.893511,719.434955,0.541444,719.576339
1957,vehicle1,1362.020000,1361.815000,1576.204676,1,ok,25423,22258,1,0.110831,0.010599,0.000284,0.086781,9.405283,4.588587,0.000094,38.580406,13.391912,0.751840,617.943624,0.003569,6.230025,684.748527,690.982405,691.378480,0.396075,691.499910
1958,vehicle1,1362.241000,1362.017000,1577.080541,1,ok,25485,22334,1,0.214148,0.006015,0.000138,0.086848,12.801477,3.982970,0.000090,44.373647,17.512808,0.852025,664.166168,0.004933,7.134776,743.776033,750.915880,751.301341,0.385461,751.521504
1959,vehicle1,1362.447000,1362.218000,1577.864816,1,ok,25482,22348,1,0.416735,0.009744,0.000164,0.088687,17.954439,6.213028,0.000119,41.504565,15.176814,0.709330,669.862099,0.023167,9.275821,751.509081,760.808233,761.294652,0.486419,761.721131
1960,vehicle1,1362.623000,1362.416000,1578.581977,1,ok,25447,22307,1,0.493987,1.379094,0.000375,0.091266,11.891202,4.066418,0.000084,33.743244,15.972978,0.957527,629.554212,0.003130,6.146866,696.276931,702.427302,703.192490,0.765188,705.065571
1961,vehicle1,1362.829000,1362.616000,1579.413577,1,ok,25465,22369,1,0.221465,0.007599,0.000178,0.091829,15.249248,4.099408,0.000167,39.717432,16.945526,0.854890,667.752197,0.003093,6.511694,744.710697,751.225662,751.941893,0.716231,752.170957
1962,vehicle1,1363.023000,1362.819000,1580.188204,1,ok,25466,22396,1,0.127397,0.008266,0.000256,0.073860,11.822391,5.215886,0.000096,37.187014,15.384364,0.887299,668.018042,0.004049,7.046733,738.588952,745.639990,746.237997,0.598007,746.373660
1963,vehicle1,1363.222000,1363.014000,1580.976990,1,ok,25432,22329,1,0.128696,0.009074,0.000124,0.071921,10.890860,4.443156,0.000097,37.990148,16.166265,0.697032,671.322717,0.003478,6.762124,741.582196,748.347922,748.900498,0.552576,749.038268
1964,vehicle1,1363.460000,1363.215000,1581.814183,1,ok,25308,22220,1,0.219071,0.007995,0.000213,0.093650,14.802913,4.119133,0.000098,40.463170,17.500115,0.828847,697.246604,0.019821,8.044848,775.054530,783.119412,783.659622,0.540210,783.886688
1965,vehicle1,1363.693000,1363.415000,1582.629381,1,ok,25272,22142,1,0.410941,0.003363,0.000134,0.079764,24.043845,4.370534,0.000213,41.209206,16.996419,0.720241,718.661319,0.004147,8.293881,806.081541,814.379703,814.884805,0.505102,815.299109
1966,vehicle1,1363.892000,1363.619000,1583.418078,1,ok,25165,22090,1,0.100499,39.897441,0.000072,0.061223,11.068536,3.983263,0.000072,42.016629,16.894685,0.698165,705.747559,0.013971,7.700515,780.470132,788.184690,788.666403,0.481713,828.664343
1967,vehicle1,1364.105000,1363.815000,1584.200973,1,ok,25132,22067,1,0.276863,31.259656,0.000094,0.078939,12.364030,4.301542,0.000121,36.068880,14.131386,0.932029,706.615765,0.004704,7.468627,774.492692,781.966117,782.853645,0.887528,814.390164
1968,vehicle1,1364.288000,1364.015000,1584.965322,1,ok,24965,21911,1,0.303391,46.214500,0.000075,0.053780,9.921485,3.710285,0.000098,37.002168,16.864286,0.723200,686.257782,0.004812,9.274625,754.533084,763.812596,764.320377,0.507781,810.838268
1969,vehicle1,1364.463000,1364.217000,1585.729013,1,ok,24794,21746,1,0.123572,31.105376,0.000071,0.050245,11.288156,4.100230,0.000145,41.554270,16.414835,0.721055,679.379146,0.026750,9.421902,753.508082,762.956805,763.664223,0.707418,794.893171
1970,vehicle1,1364.650000,1364.415000,1586.472118,1,ok,24660,21613,1,0.093164,8.080578,0.000173,0.088447,11.716141,4.248982,0.000095,37.435236,15.073320,0.856879,663.509711,0.003945,9.226588,732.928811,742.159517,743.064738,0.905221,751.238480
1971,vehicle1,1364.825000,1364.614000,1587.217998,1,ok,24537,21564,1,0.130750,0.006338,0.000203,0.081622,15.528492,5.763172,0.000156,45.023495,16.236997,0.759585,647.631728,0.003824,7.417565,731.025247,738.446839,738.816005,0.369166,738.953093
1972,vehicle1,1365.022000,1364.818000,1588.047123,1,ok,24454,21592,1,0.114028,0.006662,0.000306,0.088023,15.784795,5.180024,0.000107,39.236932,13.528369,0.758193,650.591470,0.004630,7.362111,725.167913,732.534960,732.953313,0.418353,733.074003
1973,vehicle1,1365.225000,1365.017000,1588.837294,1,ok,24308,21544,1,0.108269,0.025218,0.000091,0.069080,10.596446,4.108347,0.000083,45.833042,15.632316,0.763511,632.784282,0.003990,6.252751,709.787107,716.043939,716.666479,0.622540,716.799966
1974,vehicle1,1365.423000,1365.217000,1589.614593,1,ok,24130,21415,1,0.706505,0.005889,0.000238,0.073739,17.727798,4.499843,0.000144,39.922819,15.967997,0.725671,635.971632,0.003901,6.185747,714.889643,721.079529,721.405219,0.325690,722.117613
1975,vehicle1,1365.622000,1365.415000,1590.342287,1,ok,23874,21211,1,0.237023,0.010763,0.000193,0.099528,13.836516,5.464017,0.000205,39.760932,18.457281,0.737118,592.222330,0.049021,8.118195,670.577927,678.745336,679.447196,0.701860,679.694982
1976,vehicle1,1365.886000,1365.622000,1591.158418,1,ok,23432,20824,1,0.231520,0.006316,0.000151,0.083999,11.984111,4.708853,0.000237,43.587269,14.403859,0.698238,604.615743,0.003944,6.721985,680.082309,686.808389,687.256658,0.448269,687.494494
1977,vehicle1,1366.127000,1365.917000,1592.195998,1,ok,22973,20435,1,0.136936,0.006920,0.000386,0.075166,12.664980,5.904314,0.000205,39.547142,15.859170,1.043693,598.522936,0.004523,9.537070,673.617606,683.159585,683.578348,0.418763,683.722204
1978,vehicle1,1366.323000,1366.118000,1592.934409,1,ok,22640,20201,1,0.181905,0.005721,0.000185,0.048754,16.355702,4.992100,0.000102,40.581506,15.642831,0.964398,602.473329,0.003701,6.502860,681.058722,687.565468,688.655548,1.090080,688.843174
1979,vehicle1,1366.526000,1366.315000,1593.670354,1,ok,22359,19992,1,0.204794,0.007122,0.000379,0.058203,11.562213,4.418668,0.000074,42.233367,15.489072,0.710715,565.177261,0.003665,8.634131,639.649573,648.287748,648.619752,0.332004,648.831668
1980,vehicle1,1366.718000,1366.517000,1594.403250,1,ok,22121,19760,1,0.079051,0.006619,0.000342,0.079228,9.963090,6.197723,0.000092,38.912934,16.582974,0.946563,552.533646,0.032322,8.358031,625.216250,633.606945,634.387154,0.780209,634.472824
1981,vehicle1,1366.930000,1366.718000,1595.211204,1,ok,21897,19586,1,0.186417,0.008423,0.000387,0.078093,13.066810,4.576617,0.000153,41.040151,13.831310,0.709500,565.654450,0.005597,8.529366,638.957084,647.492434,647.997191,0.504757,648.192031
1982,vehicle1,1367.186000,1366.922000,1595.972996,1,ok,21713,19448,1,0.081298,0.006232,0.000337,0.078471,17.802626,5.782982,0.000080,42.109850,18.467283,1.889804,592.540224,0.012601,14.005381,678.671320,692.689639,693.413198,0.723559,693.500728
1983,vehicle1,1367.424000,1367.218000,1596.977302,1,ok,21664,19362,1,0.180632,0.022844,0.000156,0.075486,14.161230,6.046619,0.000111,39.463139,14.686757,0.849278,564.592973,0.004150,7.115942,639.875593,646.995841,647.511737,0.515896,647.715213
1984,vehicle1,1367.628000,1367.417000,1597.784369,1,ok,21685,19323,1,0.102540,0.007998,0.000286,0.092213,13.989388,5.073385,0.000083,51.988293,13.640437,0.706066,593.383375,0.004065,7.801950,678.873240,686.679541,687.038746,0.359205,687.149284
1985,vehicle1,1367.816000,1367.618000,1598.481915,1,ok,21646,19209,1,0.227914,0.010143,0.000491,0.110307,12.114281,5.574010,0.000111,37.165713,13.235749,0.750572,547.329538,0.033055,7.059908,616.280281,623.373735,623.898492,0.524757,624.136549
1986,vehicle1,1368.024000,1367.816000,1599.249669,1,ok,21508,19029,1,0.125791,0.006904,0.000217,0.085862,14.075124,5.433485,0.000114,43.343690,11.688527,0.736763,551.070788,0.005501,11.045399,626.434353,637.485470,637.787757,0.302287,637.920452
1987,vehicle1,1368.223000,1368.017000,1599.956325,1,ok,21370,18874,1,0.105905,0.007543,0.000250,0.081002,11.186561,7.332488,0.000127,35.074158,10.855213,0.723900,537.944648,0.004434,7.866851,603.198097,611.069632,611.370668,0.301036,611.484116
1988,vehicle1,1368.415000,1368.213000,1600.652446,1,ok,21158,18701,1,0.195926,0.008083,0.000296,0.115016,10.759551,5.564131,0.000090,34.122726,11.337367,0.736906,524.818815,0.004892,7.024687,587.454602,594.484477,594.906922,0.422445,595.110931
1989,vehicle1,1368.615000,1368.415000,1601.402307,1,ok,20953,18525,1,0.106920,0.016156,0.000180,0.068417,13.004034,5.799071,0.000144,38.670351,11.473197,0.708733,510.916527,0.003909,7.441876,580.640474,588.086439,588.466067,0.379628,588.589143
1990,vehicle1,1368.816000,1368.615000,1602.146285,1,ok,20920,18496,1,0.202451,0.017228,0.000259,0.072083,9.809019,7.521114,0.000113,38.163411,16.254958,0.880313,512.138840,0.019394,6.240583,584.839851,591.100087,591.690123,0.590036,591.909802
1991,vehicle1,1369.018000,1368.816000,1602.904904,1,ok,20939,18547,1,0.189111,0.008856,0.000167,0.075315,12.326258,6.453495,0.000196,39.651223,14.409531,0.724404,529.184959,0.004325,7.169580,602.825381,609.999453,610.276026,0.276573,610.473993
1992,vehicle1,1369.219000,1369.016000,1603.621839,1,ok,21055,18692,1,0.060139,0.006968,0.000323,0.079261,11.540668,6.242666,0.000114,37.549782,14.960997,0.940581,523.108090,0.030370,6.883823,594.422159,601.336675,601.796840,0.460165,601.863947
1993,vehicle1,1369.419000,1369.219000,1604.342093,1,ok,21180,18831,1,0.190935,0.007217,0.000206,0.077304,12.699318,7.204872,0.000080,36.946522,14.336996,0.750050,525.164468,0.002999,7.690843,597.179610,604.873658,605.164149,0.290491,605.362301
1994,vehicle1,1369.615000,1369.419000,1605.060694,1,ok,21403,19090,1,0.194234,0.007306,0.000235,0.087435,10.269275,5.529580,0.000079,35.025827,11.140396,0.712781,500.254586,0.023046,8.735737,563.019959,571.778977,572.376594,0.597617,572.578134
1995,vehicle1,1369.825000,1369.615000,1605.832707,1,ok,21604,19348,1,0.191755,0.007463,0.000176,0.075504,15.274802,8.345420,0.000110,46.016273,11.097555,0.876172,537.303041,0.014471,8.625445,618.988877,627.628969,628.010086,0.381117,628.209304
1996,vehicle1,1370.018000,1369.816000,1606.516343,1,ok,21855,19672,1,0.081965,0.008164,0.000311,0.076860,15.292931,5.769026,0.000093,40.278044,15.807834,0.715649,512.903511,0.006080,6.688366,590.843948,597.538705,598.023034,0.484329,598.113163
1997,vehicle1,1370.219000,1370.018000,1607.257154,1,ok,22151,20008,1,0.101414,0.007596,0.000306,0.082515,14.131997,5.620142,0.000109,39.730133,11.749771,0.717918,510.426903,0.003856,6.192386,582.459488,588.656036,589.005122,0.349086,589.114132
1998,vehicle1,1370.433000,1370.219000,1608.025838,1,ok,22522,20413,1,0.073610,0.008051,0.000314,0.083330,15.758358,6.491576,0.000123,37.953815,11.826352,0.731084,527.407521,0.004750,9.865785,600.252159,610.123008,610.682238,0.559230,610.763899
1999,vehicle1,1370.720000,1370.520000,1609.031144,1,ok,22934,20821,1,0.104204,0.009335,0.000208,0.063275,16.701283,6.279404,0.000099,40.540996,11.980847,0.722023,534.331682,0.004083,7.236076,610.619609,617.859976,618.335511,0.475535,618.449050
2000,vehicle1,1370.922000,1370.720000,1609.807619,1,ok,23376,21282,1,0.234795,0.007053,0.000209,0.075038,13.329785,6.316853,0.000109,41.261822,13.822272,0.959870,542.753017,0.018685,9.201911,618.518766,627.739571,628.376381,0.636810,628.618229
2001,vehicle1,1371.123000,1370.922000,1610.557499,1,ok,23665,21590,1,0.217412,0.010146,0.000497,0.184978,13.269052,6.147099,0.000097,38.590885,14.290046,0.722126,534.652434,0.004232,7.550173,607.856717,615.411619,615.710993,0.299374,615.938551
2002,vehicle1,1371.325000,1371.123000,1611.300227,1,ok,23933,21829,1,0.117319,0.009171,0.000386,0.081249,12.159658,7.434302,0.000237,41.598648,13.786879,0.713669,526.839285,0.004110,8.296843,602.613927,610.915266,613.188460,2.273194,613.314950
2003,vehicle1,1371.620000,1371.419000,1612.320975,1,ok,24236,22100,1,0.095489,0.011281,0.000300,0.079064,15.304104,6.698912,0.000073,36.340271,13.294784,1.004914,534.538301,0.015347,7.122023,607.260423,614.398093,615.112976,0.714883,615.219746
2004,vehicle1,1371.821000,1371.620000,1613.086231,1,ok,24310,22198,1,0.198678,0.007385,0.000225,0.084050,16.949464,7.913825,0.000132,43.031566,12.776959,0.704981,527.271193,0.003728,7.898495,608.732170,616.634618,616.888639,0.254021,617.094702
2005,vehicle1,1372.029000,1371.821000,1613.846747,1,ok,24197,22200,1,0.128479,0.006520,0.000364,0.052482,14.950006,5.569572,0.000122,42.094635,17.989003,0.898530,538.989885,0.014928,7.514170,620.544235,628.073697,628.431357,0.357660,628.566356
2006,vehicle1,1372.318000,1372.119000,1614.881472,1,ok,24080,22239,1,0.101699,0.010947,0.000362,0.074505,14.142548,6.336698,0.000112,41.892876,15.208762,0.942955,537.433188,0.004923,6.839069,616.031644,622.875998,623.398452,0.522454,623.511098
2007,vehicle1,1372.521000,1372.318000,1615.650250,1,ok,24035,22243,1,0.252562,0.009667,0.000197,0.076385,11.103411,6.072749,0.000088,48.884781,13.220958,0.777450,516.212651,0.011438,8.431811,596.348473,604.791919,605.355317,0.563398,605.617546
2008,vehicle1,1372.718000,1372.521000,1616.425439,1,ok,24062,22266,1,0.141493,0.005749,0.000230,0.080429,13.459269,6.814238,0.000084,38.232935,15.036205,0.712843,536.097675,0.003888,7.362484,610.433678,617.800280,618.206646,0.406366,618.353888
2009,vehicle1,1372.929000,1372.718000,1617.203799,1,ok,24140,22318,1,0.197415,0.004877,0.000266,0.054288,11.864153,6.675072,0.000201,38.909214,12.748426,1.721651,537.184129,0.004326,6.435102,609.157134,615.596828,615.825077,0.228249,616.027369
2010,vehicle1,1373.120000,1372.921000,1617.907466,1,ok,24201,22364,1,0.606099,0.007364,0.000294,0.052584,12.043568,6.835048,0.000081,42.861096,12.772870,0.969309,513.208770,0.023235,6.624727,588.743326,595.391582,595.837804,0.446222,596.451267
2011,vehicle1,1373.321000,1373.120000,1618.677850,1,ok,24206,22381,1,0.198370,0.006806,0.000242,0.078084,10.810558,6.094717,0.000082,38.976423,14.001433,0.776812,538.858928,0.012322,7.103820,609.597037,616.713421,617.028895,0.315474,617.234071
2012,vehicle1,1373.519000,1373.321000,1619.425845,1,ok,24078,22268,1,0.187934,0.005850,0.000188,0.085707,17.472841,6.898552,0.000116,40.331756,15.422385,0.723576,496.171223,0.014010,7.246965,577.106156,584.367319,584.875756,0.508437,585.069540
2013,vehicle1,1373.718000,1373.519000,1620.199992,1,ok,24037,22240,1,0.217655,0.006393,0.000293,0.080963,15.733253,6.424288,0.000082,38.750249,14.144952,0.699384,520.835152,0.004660,6.477024,596.668323,603.150300,603.628094,0.477794,603.852142
2014,vehicle1,1373.920000,1373.718000,1620.967036,1,ok,24030,22249,1,0.113225,0.014021,0.000373,0.051785,10.205534,9.541335,0.000077,39.209104,15.527277,1.002852,517.727807,0.004199,7.063998,593.265771,600.334341,600.729001,0.394660,600.856247
2015,vehicle1,1374.119000,1373.920000,1621.734240,1,ok,24034,22211,1,0.104118,0.009014,0.000407,0.078865,13.524402,5.928245,0.000096,38.727799,13.330118,1.008357,510.444332,0.003304,7.363795,583.042214,590.409720,591.166554,0.756834,591.279686
2016,vehicle1,1374.321000,1374.119000,1622.551311,1,ok,23956,22103,1,0.194494,0.006350,0.000212,0.076505,10.534282,6.043706,0.000098,39.387872,12.405189,0.698906,538.217499,0.014112,6.181765,607.364057,613.560146,613.949909,0.389763,614.150753
2017,vehicle1,1374.520000,1374.321000,1623.303477,1,ok,23839,21906,1,0.115392,0.005652,0.000169,0.051401,10.223699,7.053089,0.000134,38.268884,13.184582,0.748384,517.203038,0.003563,6.856342,586.733211,593.593285,593.871697,0.278412,593.992741
2018,vehicle1,1374.721000,1374.520000,1624.067364,1,ok,23824,21810,1,0.254287,0.008436,0.000627,0.091255,12.572632,6.071343,0.000217,41.619767,13.252533,0.705470,527.141148,0.012371,6.655012,601.454365,608.122375,608.457884,0.335509,608.720607
2019,vehicle1,1374.914000,1374.721000,1624.857758,1,ok,23731,21670,1,0.216979,0.007352,0.000355,0.079947,12.139156,6.618510,0.000127,39.529808,14.025604,0.756138,533.206909,0.003558,6.347740,606.356199,612.707852,613.235048,0.527196,613.459379
2020,vehicle1,1375.121000,1374.914000,1625.624106,1,ok,23532,21486,1,0.317855,0.012562,0.000487,0.117893,15.204369,7.876717,0.000146,38.605188,12.584686,0.709916,518.875968,0.003922,7.524325,593.974883,601.503617,601.799896,0.296279,602.130313
2021,vehicle1,1375.318000,1375.121000,1626.355804,1,ok,23329,21313,1,0.157696,0.007396,0.000254,0.064851,10.666023,6.431190,0.000132,40.251657,11.345946,0.695066,506.755739,0.007088,6.557952,576.210604,582.775898,583.099360,0.323462,583.264452
2022,vehicle1,1375.613000,1375.418000,1627.420079,1,ok,23089,21088,1,0.274791,0.007369,0.000342,0.085764,8.729129,6.393836,0.000117,38.594267,11.160669,0.729812,483.495798,0.014734,7.385517,549.189392,556.589985,556.838677,0.248692,557.120837
2023,vehicle1,1375.820000,1375.622000,1628.253780,1,ok,22769,20771,1,0.111109,0.005716,0.000136,0.047146,10.126273,5.656885,0.000117,41.669331,16.518667,0.802968,504.501577,0.004150,7.341801,579.322964,586.669051,586.941363,0.272312,587.058188
2024,vehicle1,1376.024000,1375.820000,1629.036735,1,ok,22631,20593,1,0.117925,0.006313,0.000291,0.060354,11.442508,8.540735,0.000124,47.573959,13.179309,0.698710,512.739148,0.005519,9.114338,594.234847,603.354995,603.669142,0.314147,603.793380
2025,vehicle1,1376.220000,1376.024000,1629.822652,1,ok,22788,20550,1,0.130824,0.008202,0.000272,0.097696,11.208088,6.079919,0.000098,40.160358,12.431029,0.870141,520.164841,0.003623,7.017066,591.012170,598.033131,598.325527,0.292396,598.464553
2026,vehicle1,1376.418000,1376.220000,1630.625046,1,ok,22957,20474,1,1.661298,0.008697,0.000232,0.075828,11.169748,7.592183,0.000201,39.089529,13.644209,0.906553,519.555516,0.003932,8.071252,592.033767,600.109183,600.532644,0.423461,602.202639
2027,vehicle1,1376.619000,1376.418000,1631.349265,1,ok,22923,20428,1,0.218708,0.008595,0.000204,0.085085,7.329185,6.429398,0.000122,39.411900,11.418027,0.722394,509.812709,0.013311,7.496766,575.208820,582.719101,582.961523,0.242422,583.188826
2028,vehicle1,1376.819000,1376.619000,1632.141213,1,ok,22582,20195,1,0.174986,0.006406,0.000246,0.055678,9.599678,7.004314,0.000119,53.744467,13.069278,0.730306,518.115044,0.009847,8.099262,602.318884,610.428239,610.902833,0.474594,611.084225
2029,vehicle1,1377.021000,1376.819000,1632.871835,1,ok,22257,19964,1,0.193644,0.006515,0.000253,0.077377,11.067466,7.837548,0.000241,38.837636,14.007046,0.709521,522.798562,0.003232,7.114970,595.335397,602.453852,602.866756,0.412904,603.066915
2030,vehicle1,1377.222000,1377.021000,1633.666562,1,ok,21838,19621,1,0.211699,0.007387,0.000248,0.087005,18.918269,6.552460,0.000092,41.585592,13.466901,0.740685,536.881898,0.027994,8.281772,618.232902,626.542916,626.981336,0.438420,627.200422
2031,vehicle1,1377.423000,1377.222000,1634.442015,1,ok,21539,19289,1,0.145838,0.653869,0.000419,0.096489,18.308900,6.934763,0.000086,42.553588,13.025921,0.876395,527.298977,0.004757,8.294450,609.095119,617.394745,617.988422,0.593677,618.788129
2032,vehicle1,1377.620000,1377.423000,1635.195963,1,ok,20577,18285,1,0.206628,0.007371,0.000260,0.079855,11.091482,6.109651,0.000174,42.790195,13.073316,0.705688,519.932863,0.055470,8.296286,593.783224,602.135240,602.475318,0.340078,602.689317
2033,vehicle1,1377.819000,1377.620000,1635.939030,1,ok,19509,17222,1,0.097945,0.006902,0.000240,0.075963,9.693899,8.349721,0.000116,41.518767,10.725489,0.919336,482.494276,0.003645,7.012339,553.777567,560.793791,561.685098,0.891307,561.789945
2034,vehicle1,1377.974000,1377.819000,1636.586015,1,ok,19027,16779,1,0.083920,0.005187,0.000268,0.064210,7.922699,7.402073,0.000085,32.935050,7.856534,0.855736,360.858804,0.004201,6.566364,417.895191,424.466024,424.902273,0.436249,424.991380
2035,vehicle1,1378.187000,1378.020000,1637.412110,1,ok,19196,16966,1,0.088961,0.009321,0.000241,0.071367,7.506851,6.049211,0.000094,31.505471,10.123798,0.892254,345.767017,0.004292,8.193037,401.916063,410.113633,410.580421,0.466788,410.678703
2036,vehicle1,1378.401000,1378.221000,1638.195806,1,ok,19003,16720,1,0.191089,0.011530,0.000347,0.059723,6.676135,7.021208,0.000154,34.742804,9.504394,0.926250,350.646929,0.004852,7.196393,409.577597,416.779189,417.194531,0.415342,417.397150
2037,vehicle1,1378.565000,1378.420000,1638.910562,1,ok,18683,16314,1,0.095948,0.009076,0.000262,0.063483,7.329547,7.647548,0.000098,29.777536,6.852964,0.707766,318.823482,0.003574,8.434977,371.202424,379.641237,379.976366,0.335129,380.081390
2038,vehicle1,1378.769000,1378.617000,1639.691372,1,ok,18899,16521,1,0.093332,0.005003,0.000200,0.044041,6.132940,6.691725,0.000218,30.430912,6.961982,1.181929,324.330741,0.024023,8.247472,375.774488,384.046183,384.829404,0.783221,384.927739
2039,vehicle1,1378.960000,1378.819000,1640.484765,1,ok,19405,17104,1,0.178821,0.008363,0.000168,0.093069,8.326825,8.749851,0.000130,32.029501,9.519389,0.938942,348.172588,0.009754,9.225458,407.830295,417.065675,417.463568,0.397893,417.650752
2040,vehicle1,1379.161000,1379.020000,1641.253665,1,ok,19829,17557,1,0.082958,0.004365,0.000154,0.038571,5.814278,8.482779,0.000342,30.610654,9.147387,0.710250,340.255793,0.004834,7.636953,395.060054,402.701995,402.982298,0.280303,403.069621
2041,vehicle1,1379.392000,1379.219000,1642.067913,1,ok,20131,17906,1,0.067985,0.004943,0.000239,0.041742,7.313034,6.500711,0.000136,33.473932,13.838783,0.842205,359.591848,0.003081,6.871427,421.602391,428.477138,428.919350,0.442212,428.992278
2042,vehicle1,1379.605000,1379.422000,1642.844708,1,ok,20490,18221,1,0.119044,0.006307,0.000273,0.046782,9.302214,6.912132,0.000238,33.473997,10.480067,0.683267,366.284659,0.005707,8.770808,427.183356,435.960144,436.614454,0.654310,436.739805
2043,vehicle1,1379.812000,1379.620000,1643.622373,1,ok,20850,18567,1,0.130316,0.006918,0.000226,0.078268,8.901056,7.487679,0.000146,33.445905,8.511804,0.752178,374.796616,0.040070,6.469508,433.973652,440.483456,440.744763,0.261307,440.881997
2044,vehicle1,1380.011000,1379.819000,1644.387862,1,ok,21272,18937,1,0.112268,0.005811,0.000258,0.047916,8.021005,6.965019,0.000134,34.827605,8.519694,0.699551,375.772177,0.004803,6.655020,434.853101,441.513182,441.807332,0.294150,441.925411
2045,vehicle1,1380.187000,1380.019000,1645.138732,1,ok,21755,19470,1,0.086705,0.010535,0.000237,0.144471,10.632036,6.501702,0.000165,35.972831,9.724150,0.741432,373.830769,0.003580,8.909055,437.547556,446.460428,446.806918,0.346490,446.904158
2046,vehicle1,1380.412000,1380.218000,1645.958994,1,ok,22297,20001,1,0.093118,0.007157,0.000318,0.080767,11.877853,8.375909,0.000098,33.741619,8.395351,1.684208,392.664672,0.004128,6.935576,456.820477,463.760499,464.019970,0.259471,464.120245
2047,vehicle1,1380.614000,1380.420000,1646.769060,1,ok,22522,20248,1,0.068056,0.007848,0.000190,0.069063,12.841453,7.750275,0.000103,37.211379,11.592452,0.786293,421.529944,0.003211,6.713901,491.780962,498.498264,498.863191,0.364927,498.939095
2048,vehicle1,1380.812000,1380.621000,1647.512827,1,ok,22733,20501,1,0.312155,0.007734,0.000206,0.080688,10.194569,9.183948,0.000153,36.149335,11.315563,0.843441,406.354465,0.040456,6.665550,474.122162,480.828374,481.198602,0.370228,481.518491
2049,vehicle1,1381.013000,1380.822000,1648.288696,1,ok,23130,20916,1,0.216389,0.006997,0.000143,0.074643,12.244870,11.232398,0.000106,37.822817,8.410648,0.720327,404.032909,0.004793,7.047150,474.538718,481.590804,482.114265,0.523461,482.337651
2050,vehicle1,1381.213000,1381.022000,1649.042100,1,ok,23538,21382,1,0.093164,0.005690,0.000229,0.057223,8.495318,7.454553,0.000142,39.901213,12.208745,1.081206,404.210352,0.003680,6.442853,473.408752,479.855514,480.180823,0.325309,480.279677
2051,vehicle1,1381.413000,1381.222000,1649.843834,1,ok,23831,21631,1,0.344364,0.008334,0.000138,0.079185,19.278480,7.225090,0.000093,39.478500,10.099301,0.747092,414.044296,0.004989,7.492509,490.952037,498.449673,498.767704,0.318031,499.120402
2052,vehicle1,1381.613000,1381.420000,1650.604059,1,ok,24044,21141,1,0.240016,0.006429,0.000262,0.091977,10.181412,8.308769,0.000079,47.095287,9.254993,0.892619,395.218887,0.006673,7.647558,471.044023,478.698516,479.081227,0.382711,479.327672
2053,vehicle1,1381.812000,1381.620000,1651.379761,1,ok,24186,19638,1,0.090751,0.013229,0.000266,0.079083,9.167106,7.701804,0.000074,36.691157,9.402149,0.727872,385.954194,0.003326,6.504115,449.723439,456.231146,456.496464,0.265318,456.600444
2054,vehicle1,1382.012000,1381.820000,1652.192480,1,ok,24343,18722,1,0.251232,0.006618,0.000171,0.074047,8.656925,8.489753,0.000121,37.035486,8.900625,0.704790,406.246951,0.178352,8.629084,470.108698,478.916305,479.391208,0.474903,479.649058
2055,vehicle1,1382.216000,1382.019000,1653.042962,1,ok,24507,18097,1,0.107407,0.010157,0.000269,0.083965,12.928510,7.522198,0.000173,36.255411,9.807957,0.868981,432.426756,0.004118,6.557539,499.893951,506.455877,506.810820,0.354943,506.928384
2056,vehicle1,1382.419000,1382.223000,1653.789845,1,ok,24693,17589,1,0.185094,0.005914,0.000306,0.077408,8.421485,8.756658,0.000099,35.091430,9.064835,0.769465,395.593264,0.004196,7.200379,457.774644,464.979525,465.290852,0.311327,465.481860
2057,vehicle1,1382.713000,1382.520000,1654.886746,1,ok,24690,16829,1,0.090901,0.004581,0.000200,0.044109,8.509291,8.839639,0.000096,35.485660,9.970304,0.914006,415.969203,0.013478,6.618376,479.732308,486.364362,486.786909,0.422547,486.882391
2058,vehicle1,1382.915000,1382.721000,1655.675344,1,ok,24676,16433,1,0.210612,0.009274,0.000224,0.059803,8.826699,7.883584,0.000094,34.760321,8.833929,0.878555,410.955638,0.021869,7.727006,472.198623,479.947722,480.211390,0.263668,480.431276
2059,vehicle1,1383.113000,1382.920000,1656.415036,1,ok,24785,16094,1,0.123006,0.028575,0.000665,0.171898,10.179076,8.873540,0.000194,33.024715,9.262963,0.810736,395.405566,0.041625,7.102957,457.728688,464.873935,465.448361,0.574426,465.599942
2060,vehicle1,1383.312000,1383.120000,1657.235178,1,ok,24983,15749,1,0.120173,0.006445,0.000311,0.075810,12.907560,10.417402,0.000143,45.783124,12.019499,1.113718,431.724996,0.004040,8.101797,514.042252,522.148400,522.571943,0.423543,522.698561
2061,vehicle1,1383.512000,1383.320000,1658.016560,1,ok,25273,15641,1,0.079505,0.008731,0.000562,0.083190,11.621990,9.390283,0.000093,33.681347,9.922690,0.766952,443.737985,0.011648,6.670420,509.204530,515.887160,516.386159,0.498999,516.474395
2062,vehicle1,1383.714000,1383.517000,1658.853984,1,ok,26190,15770,1,0.219859,0.005413,0.000182,0.070207,16.537873,7.481225,0.000091,35.244655,8.137787,0.854213,517.313857,0.003590,7.728272,585.639908,593.371952,593.709095,0.337143,593.934367
2063,vehicle1,1383.920000,1383.723000,1659.691773,1,ok,27727,16332,1,0.249931,0.007752,0.000233,0.098817,16.293611,7.789810,0.000247,37.324052,8.364801,0.696796,531.950172,0.004249,6.258589,602.518306,608.781377,609.048091,0.266714,609.305774
2064,vehicle1,1384.124000,1383.920000,1660.524119,1,ok,29409,17162,1,0.153310,0.005278,0.000321,0.086657,16.088725,12.438422,0.000080,37.237023,10.008047,0.727070,560.192630,0.049799,6.781487,636.778654,643.610261,643.895715,0.285454,644.054303
2065,vehicle1,1384.317000,1384.118000,1661.289109,1,ok,30180,17778,1,0.230977,0.006608,0.000168,0.104445,15.956261,10.909582,0.000107,49.181378,14.355548,0.982163,542.261023,0.005325,7.212914,633.750507,640.968914,641.980658,1.011744,642.218243
2066,vehicle1,1384.525000,1384.317000,1662.088809,1,ok,30607,18159,1,0.159434,0.005665,0.000360,0.100980,15.296702,9.269844,0.000092,36.673750,11.224694,0.707064,565.990042,0.005942,6.405260,639.263168,645.674730,646.022352,0.347622,646.187451
2067,vehicle1,1384.720000,1384.518000,1662.837873,1,ok,30675,18568,1,0.123562,0.014601,0.000111,0.097196,18.426583,7.365745,0.000092,38.521784,11.872639,0.775270,555.513688,0.003209,6.802295,632.572997,639.378612,639.671730,0.293118,639.809893
2068,vehicle1,1384.920000,1384.720000,1663.616598,1,ok,30933,19135,1,0.171135,0.006303,0.000308,0.096959,18.512102,8.562888,0.000087,38.109029,11.523435,0.922489,520.405001,0.005835,6.601456,598.131990,604.739589,605.354395,0.614806,605.531833
2069,vehicle1,1385.119000,1384.920000,1664.402860,1,ok,31564,19868,1,0.298058,0.008040,0.000366,0.104755,24.603741,9.538992,0.000184,37.235147,12.084144,0.772036,515.040220,0.078084,6.876729,599.379219,606.334398,607.023838,0.689440,607.329936
2070,vehicle1,1385.323000,1385.119000,1665.232187,1,ok,32592,20877,1,0.265638,0.006979,0.000296,0.112709,36.753247,9.683340,0.000231,43.387552,13.176666,0.705944,560.166773,0.005302,7.260675,663.986462,671.252735,671.664951,0.412216,671.937568
2071,vehicle1,1385.528000,1385.323000,1666.002520,1,ok,33282,21789,1,0.262523,0.007217,0.000174,0.111285,25.088909,8.433906,0.000255,38.369924,13.664175,1.014272,547.243739,0.005827,6.612387,633.926465,640.544853,640.992607,0.447754,641.262347
2072,vehicle1,1385.817000,1385.619000,1667.089719,1,ok,33940,22690,1,0.152228,0.007449,0.000221,0.098194,24.494722,8.174625,0.000081,38.622824,16.303033,0.966381,546.279374,0.013272,9.271838,634.939234,644.224565,645.199730,0.975165,645.359407
2073,vehicle1,1386.021000,1385.817000,1667.845563,1,ok,34240,23223,1,0.262038,0.006926,0.000303,0.117752,21.533520,9.379859,0.000099,36.151327,11.125097,0.916990,523.185123,0.004135,7.636553,602.409767,610.050758,610.566348,0.515590,610.835312
2074,vehicle1,1386.323000,1386.123000,1668.935879,1,ok,34377,23467,1,0.164320,0.006573,0.000328,0.120229,23.825576,7.282780,0.000133,38.538091,12.640587,0.930518,517.149220,0.059344,6.911727,600.487134,607.458533,607.810578,0.352045,607.981471
2075,vehicle1,1386.523000,1386.323000,1669.720945,1,ok,34421,23558,1,0.345677,0.014456,0.000297,0.119159,17.039154,8.088755,0.000077,38.548159,11.293775,0.731217,499.921610,0.004284,6.347070,575.741906,582.093557,582.431380,0.337823,582.791513
2076,vehicle1,1386.712000,1386.523000,1670.471169,1,ok,34499,23719,1,0.325705,0.010484,0.000225,0.106836,18.457875,7.074214,0.000118,38.549031,11.911299,0.717480,477.203553,0.004184,7.754261,554.020406,561.779076,562.191575,0.412499,562.527764
2077,vehicle1,1386.918000,1386.720000,1671.317285,1,ok,34500,23770,1,0.128210,0.007077,0.000319,0.125963,19.301587,6.921289,0.000135,37.811844,12.937877,2.046129,513.167537,0.005906,6.920703,592.312361,599.239289,599.871336,0.632047,600.006623
2078,vehicle1,1387.119000,1386.918000,1672.147304,1,ok,34472,23753,1,0.147501,0.010193,0.000601,0.206130,12.789362,11.852487,0.000198,41.395503,13.428983,0.971346,495.738224,0.004263,7.274487,576.382233,583.661584,584.331753,0.670169,584.489447
2079,vehicle1,1387.320000,1387.119000,1672.957475,1,ok,34499,23762,1,0.185791,0.008543,0.000306,0.128963,16.449572,8.057175,0.000212,38.848727,11.899648,0.906526,506.547695,0.003681,7.344887,582.838518,590.187392,590.567683,0.380291,590.762017
2080,vehicle1,1387.522000,1387.320000,1673.751040,1,ok,34492,23771,1,0.361986,0.009744,0.000345,0.117656,15.358602,7.121830,0.000146,38.320980,13.621559,0.928089,494.325544,0.018173,7.116401,569.794406,576.929325,577.458592,0.529267,577.830322
2081,vehicle1,1387.720000,1387.522000,1674.579973,1,ok,34464,23806,1,0.281824,0.005409,0.000206,0.117547,12.869450,9.514084,0.000158,42.532431,12.884528,0.969047,527.562026,0.005644,6.604915,606.449271,613.060036,613.863584,0.803548,614.150817
2082,vehicle1,1387.921000,1387.720000,1675.354290,1,ok,34395,23974,1,0.160984,0.008449,0.000384,0.083736,14.267266,9.082549,0.000089,39.348608,12.703063,0.925718,521.966597,0.005058,6.401887,598.377626,604.784955,605.137180,0.352225,605.306613
2083,vehicle1,1388.120000,1387.921000,1676.152816,1,ok,34175,24325,1,0.157240,0.008264,0.000206,0.141116,33.326044,7.100668,0.000159,39.601602,13.100023,0.785231,509.905178,0.004655,7.003505,603.960021,610.968387,611.431670,0.463283,611.597174
2084,vehicle1,1388.321000,1388.120000,1676.926395,1,ok,33607,24821,1,0.199965,4.350153,0.000317,0.099258,17.953546,6.065849,0.000118,39.065052,12.698206,0.711273,523.672608,0.004664,8.051463,600.265910,608.322354,608.641185,0.318831,613.191303
2085,vehicle1,1388.526000,1388.321000,1677.746077,1,ok,32505,24971,1,0.135662,0.006895,0.000390,0.132691,20.003808,6.734139,0.000216,56.623090,11.418170,0.857288,523.773040,0.019973,6.371729,619.542442,625.934534,626.351236,0.416702,626.493793
2086,vehicle1,1388.725000,1388.525000,1678.463460,1,ok,31365,24787,1,0.264776,0.007635,0.000335,0.101454,16.639215,6.024217,0.000078,37.225271,11.967156,0.777102,498.916034,0.004481,7.816923,571.650527,579.472266,579.840007,0.367741,580.112418
2087,vehicle1,1388.924000,1388.725000,1679.250407,1,ok,30142,24500,1,0.312141,0.012012,0.000255,0.083923,15.169039,8.354427,0.000102,37.542626,13.890671,0.721398,525.136163,0.005089,7.058481,600.898349,607.962174,608.494951,0.532777,608.819104
2088,vehicle1,1389.123000,1388.924000,1679.953401,1,ok,27945,23341,1,0.108617,0.006864,0.000322,0.105252,15.814387,9.292945,0.000196,38.368517,11.650968,0.932601,464.190291,0.003833,6.648538,540.355157,547.007850,547.351146,0.343296,547.466627
2089,vehicle1,1389.319000,1389.123000,1680.685428,1,ok,25737,22127,1,0.115986,0.021804,0.000294,0.093912,12.004754,6.616616,0.000119,38.505889,12.878889,0.778101,454.566278,0.005272,7.340753,525.444558,532.790877,533.155820,0.364943,533.293610
2090,vehicle1,1389.517000,1389.325000,1681.353289,1,ok,24302,21473,1,0.184949,0.007052,0.000307,0.090408,9.802178,7.120404,0.000117,39.551639,11.177219,0.729353,368.421633,0.005303,8.231571,436.892951,445.130132,445.603904,0.473772,445.795905
2091,vehicle1,1389.691000,1389.526000,1682.095870,1,ok,23410,21243,1,0.105656,0.008652,0.000559,0.079601,8.388989,5.998570,0.000084,32.236905,10.397700,0.693747,341.182717,0.013232,7.128863,398.978313,406.120967,406.439904,0.318937,406.554212
2092,vehicle1,1389.877000,1389.728000,1682.832593,1,ok,21735,20264,1,0.066510,0.007901,0.000372,0.095144,8.378519,9.677866,0.000078,43.540166,8.748862,0.693869,308.603140,0.004295,7.962897,379.737644,387.705208,388.585304,0.880096,388.659715
2093,vehicle1,1390.030000,1389.925000,1683.532507,1,ok,20160,19241,1,0.196076,0.004451,0.000165,0.045492,6.373135,8.009393,0.000086,30.823201,9.335464,0.753934,283.621395,0.015182,6.603251,338.962100,345.580698,345.968176,0.387478,346.168703
2094,vehicle1,1390.227000,1390.124000,1684.232133,1,ok,18475,17937,1,0.087704,0.010216,0.000257,0.067217,4.895015,11.238152,0.000108,29.366665,6.192636,3.473696,229.640622,0.005465,8.202295,284.874111,293.082128,293.692679,0.610551,293.790599
2095,vehicle1,1390.423000,1390.324000,1684.961281,1,ok,17475,17166,1,0.141821,0.006330,0.000258,0.036689,5.060897,7.226402,0.000096,28.553184,5.416137,0.688519,173.904297,0.004332,7.607641,220.886221,228.498452,228.815669,0.317217,228.963820
2096,vehicle1,1390.627000,1390.525000,1685.713826,1,ok,17012,16816,1,0.064029,0.006061,0.000498,0.042429,4.704325,6.986323,0.000121,24.731288,6.604477,0.822475,164.056993,0.003984,7.481464,207.948431,215.434377,215.794950,0.360573,215.865040
2097,vehicle1,1390.825000,1390.728000,1686.520132,1,ok,16324,16192,1,0.075545,0.008595,0.000129,0.053358,4.983143,6.683226,0.000111,27.456308,6.260705,0.675120,164.991810,0.030256,6.304178,211.103781,217.438344,218.032192,0.593848,218.116332
2098,vehicle1,1391.025000,1390.924000,1687.266608,1,ok,15547,15453,1,0.068862,0.007950,0.000313,0.076661,4.833778,7.090977,0.000283,26.171106,5.617572,0.729249,171.664114,0.003835,10.052468,216.183740,226.240356,226.903891,0.663535,226.980703
2099,vehicle1,1391.227000,1391.126000,1688.071378,1,ok,15998,15901,1,0.141349,0.007652,0.000169,0.063921,11.604062,11.040298,0.000088,29.090450,7.959576,0.758432,204.586079,0.008921,7.347140,265.102906,272.459136,272.830763,0.371627,272.979764
2100,vehicle1,1391.432000,1391.322000,1688.953057,1,ok,18305,17969,1,0.073557,0.009169,0.000459,0.084415,16.730968,8.726464,0.000115,33.276505,9.769958,0.799887,281.526504,0.006364,6.396471,350.914816,357.318110,357.772844,0.454734,357.855570
2101,vehicle1,1391.673000,1391.528000,1689.764813,1,ok,20527,19898,1,0.104421,0.007495,0.000286,0.077959,11.265864,8.307942,0.000128,35.633228,8.419822,0.694041,294.811116,0.005779,7.364976,359.210100,366.581141,367.212157,0.631016,367.324073
2102,vehicle1,1391.832000,1391.725000,1690.460633,1,ok,21424,20594,1,0.200934,0.006657,0.000262,0.079723,10.401015,6.981762,0.000157,31.203433,9.028856,0.693403,289.713861,0.061307,7.689927,348.102210,355.853706,356.168305,0.314599,356.375896
2103,vehicle1,1392.035000,1391.925000,1691.234353,1,ok,21427,20569,1,0.104826,0.818281,0.000291,0.082650,8.620500,7.064586,0.000121,31.093484,8.105647,0.750898,285.047813,0.004591,6.442914,340.765699,347.213495,347.541964,0.328469,348.465071
2104,vehicle1,1392.247000,1392.126000,1691.979942,1,ok,21541,20635,1,0.210422,0.007394,0.000256,0.078201,9.200623,6.803234,0.000105,31.636031,13.389049,0.698403,286.923696,0.004883,7.005909,348.729342,355.740390,356.086573,0.346183,356.304389
2105,vehicle1,1392.431000,1392.326000,1692.744235,1,ok,22023,21002,1,0.085516,0.007369,0.000469,0.083302,10.170843,8.098927,0.000286,33.219108,9.323508,0.764206,279.875928,0.003535,6.873102,341.536108,348.413214,348.697155,0.283941,348.790040
2106,vehicle1,1392.630000,1392.524000,1693.533816,1,ok,22672,21464,1,0.075808,0.007294,0.000278,0.102661,10.390572,8.094174,0.000081,33.007303,8.483815,0.681548,287.181000,0.004236,8.455606,347.941154,356.401274,356.651452,0.250178,356.734554
2107,vehicle1,1392.852000,1392.725000,1694.316259,1,ok,23108,21738,1,0.209423,0.008629,0.000266,0.093140,12.905031,15.620569,0.000259,36.129096,10.587670,0.906538,288.672227,0.093828,7.366316,364.914530,372.374940,372.980407,0.605467,373.198459
2108,vehicle1,1393.035000,1392.924000,1695.070294,1,ok,23399,21975,1,0.086421,0.006244,0.000296,0.084847,10.108567,8.916671,0.000144,31.157538,9.253053,0.784280,288.795581,0.003339,7.772736,349.100681,356.877052,357.206923,0.329871,357.299588
2109,vehicle1,1393.305000,1393.127000,1695.924997,1,ok,23595,22138,1,0.113294,0.008797,0.000410,0.090747,10.426264,10.526965,0.000196,45.186470,13.523837,0.967115,347.517808,0.003192,8.511027,428.239402,436.754031,437.168072,0.414041,437.290163
2110,vehicle1,1393.432000,1393.325000,1696.608492,1,ok,23709,22220,1,0.257570,0.009771,0.000354,0.144203,11.871802,7.094426,0.000074,33.350738,8.777650,0.917378,284.453075,0.005149,7.782196,346.609346,354.397045,354.999385,0.602340,355.266726
2111,vehicle1,1393.635000,1393.525000,1697.453237,1,ok,23890,22351,1,0.297501,0.011377,0.000227,0.103283,9.963780,7.910296,0.000097,32.760866,9.954928,0.704862,291.468379,0.003819,7.336560,352.866491,360.207097,360.453344,0.246247,360.762222
2112,vehicle1,1393.834000,1393.724000,1698.194713,1,ok,24018,22447,1,0.083964,0.003383,0.000161,0.052600,9.008358,8.980113,0.000100,32.241883,9.659597,0.930223,281.725207,0.003820,6.616425,342.598081,349.218487,349.752964,0.534477,349.840311
2113,vehicle1,1394.043000,1393.924000,1698.999596,1,ok,24034,22492,1,0.216292,0.006851,0.000383,0.090674,10.140073,9.014404,0.000114,32.911689,8.469195,0.679391,281.809179,0.040212,10.887150,343.114719,354.042464,354.343754,0.301290,354.566897
2114,vehicle1,1394.233000,1394.124000,1699.738260,1,ok,24140,22544,1,0.122853,0.004869,0.000256,0.055489,10.165537,8.529948,0.000091,35.064862,8.881456,0.735515,283.496165,0.003799,6.650240,346.929063,353.583358,353.948631,0.365273,354.076353
2115,vehicle1,1394.432000,1394.325000,1700.500104,1,ok,24104,22518,1,0.181464,0.009876,0.000353,0.212776,12.182484,11.776297,0.000105,31.103269,8.753264,0.792552,275.312133,0.005901,9.090224,340.132880,349.229358,349.977089,0.747731,350.168429
2116,vehicle1,1394.633000,1394.523000,1701.231980,1,ok,24062,22477,1,0.140338,0.006323,0.000308,0.084169,7.174296,6.863496,0.000109,34.062619,10.641900,0.826590,265.076733,0.004492,7.467312,324.729912,332.202024,332.487668,0.285644,332.634329
2117,vehicle1,1394.828000,1394.725000,1701.995308,1,ok,24066,22500,1,0.123708,0.004853,0.000353,0.055650,6.400492,7.486788,0.000106,33.385361,9.939882,0.740211,286.056298,0.004093,8.257607,344.064788,352.326841,352.642574,0.315733,352.771135
2118,vehicle1,1395.027000,1394.925000,1702.780712,1,ok,24234,22646,1,0.248840,0.008257,0.000303,0.084129,7.729004,10.093500,0.000261,34.517928,8.159354,0.796574,281.403489,0.005659,7.608301,342.784239,350.398502,350.745378,0.346876,351.002475
2119,vehicle1,1395.232000,1395.126000,1703.563426,1,ok,24120,22529,1,0.084777,0.008287,0.000483,0.098413,13.330428,10.178133,0.000096,40.497662,12.246142,0.887901,276.416417,0.050143,8.204567,353.655192,361.910385,362.668970,0.758585,362.762034
2120,vehicle1,1395.434000,1395.323000,1704.334524,1,ok,23976,22414,1,0.223388,0.005394,0.000228,0.055013,7.870442,7.678235,0.000116,34.631270,8.837318,0.852777,280.713872,0.003648,6.706063,340.639043,347.348982,347.745747,0.396765,347.974529
2121,vehicle1,1395.635000,1395.523000,1705.075090,1,ok,23982,22430,1,0.104702,0.005617,0.000221,0.057472,7.176747,7.808397,0.000088,32.442819,10.230117,0.709605,268.999042,0.003821,6.189830,327.424287,333.618159,333.929577,0.311418,334.039896
2122,vehicle1,1395.830000,1395.726000,1705.872449,1,ok,23962,22474,1,0.098853,0.005817,0.000423,0.062817,6.830910,8.565381,0.000078,32.499415,9.611848,0.944059,273.040178,0.003109,7.651548,331.554686,339.209766,339.539413,0.329647,339.644083
2123,vehicle1,1396.048000,1395.927000,1706.656518,1,ok,23814,22469,1,0.126387,0.007327,0.000357,0.093765,15.681498,10.183999,0.000162,45.244442,9.407138,0.793213,285.004939,0.010531,8.452385,366.409156,374.872429,375.524316,0.651887,375.658030
2124,vehicle1,1396.232000,1396.127000,1707.362282,1,ok,23438,22231,1,0.179861,0.006592,0.000228,0.088564,9.301363,8.078977,0.000076,31.517157,8.873213,0.930153,258.858062,0.063513,8.118706,317.647565,325.830012,326.263244,0.433232,326.449697
2125,vehicle1,1396.431000,1396.324000,1708.081771,1,ok,22987,21835,1,0.230273,0.007155,0.000244,0.078011,7.365801,6.930662,0.000157,34.587033,8.599347,0.712919,230.934196,0.002688,6.514464,289.208126,295.725522,295.983005,0.257483,296.220433
2126,vehicle1,1396.632000,1396.524000,1708.900940,1,ok,22281,21173,1,0.090317,0.007627,0.000338,0.091928,7.775001,7.224014,0.000095,38.035254,14.499258,0.919389,257.944209,0.003626,6.831147,326.489148,333.324259,334.277853,0.953594,334.375797
2127,vehicle1,1396.831000,1396.725000,1709.652709,1,ok,21033,20108,1,0.066380,0.007413,0.000183,0.082976,13.370288,7.688505,0.000092,36.572140,8.364918,0.727396,256.459941,0.004589,6.946410,323.266256,330.217438,330.532754,0.315316,330.606547
2128,vehicle1,1397.030000,1396.925000,1710.378018,1,ok,19061,18519,1,0.126770,0.005201,0.000203,0.043927,7.190611,7.718776,0.000111,33.060406,7.606674,0.705779,247.889571,0.003370,7.200486,304.215855,311.419914,311.679050,0.259136,311.811021
2129,vehicle1,1397.235000,1397.124000,1711.165588,1,ok,17297,17127,1,0.166797,0.008117,0.000311,0.070347,7.597324,7.572182,0.000098,35.523701,10.129871,0.707471,271.055568,0.043382,8.456116,332.656562,341.156371,341.442289,0.285918,341.617203
2130,vehicle1,1397.422000,1397.324000,1711.837686,1,ok,16171,16097,1,0.149512,0.007658,0.000446,0.069928,7.612553,6.480065,0.000106,28.120575,5.407272,1.618272,202.981761,0.003667,6.933597,252.290532,259.228242,259.467817,0.239575,259.624987
2131,vehicle1,1397.624000,1397.525000,1712.566581,1,ok,15448,15386,1,0.079713,0.006472,0.000157,0.089475,5.805954,7.371505,0.000081,25.749041,5.319904,0.851793,182.680376,0.010349,10.901195,227.868129,238.779830,239.264594,0.484764,239.350779
2132,vehicle1,1397.823000,1397.727000,1713.352860,1,ok,14912,14847,1,0.063232,0.007028,0.000461,0.057773,5.730042,8.779652,0.000134,24.458918,6.663021,0.968893,192.304325,0.004457,7.845756,238.962758,246.813432,247.399184,0.585752,247.469444
2133,vehicle1,1398.024000,1397.925000,1714.063643,1,ok,14889,14801,1,0.073139,0.008525,0.000416,0.111599,6.320890,7.154004,0.000103,25.842584,4.499012,0.848281,171.571530,0.003305,8.588713,216.348003,224.940437,225.422107,0.481670,225.503771
2134,vehicle1,1398.225000,1398.123000,1714.828063,1,ok,15352,15242,1,0.120541,0.004819,0.000325,0.034344,4.771233,7.963814,0.000109,27.451094,6.677526,0.921980,191.217358,0.005122,7.429785,239.037458,246.472690,247.204433,0.731743,247.329793
2135,vehicle1,1398.428000,1398.329000,1715.660954,1,ok,15941,15792,1,0.197816,0.006916,0.000269,0.055137,5.820444,9.452791,0.000089,27.037594,6.930034,0.697942,186.770488,0.045825,8.915289,236.764519,245.725902,246.101704,0.375802,246.306436
2136,vehicle1,1398.625000,1398.524000,1716.386364,1,ok,16601,16399,1,0.148940,0.005564,0.000306,0.038604,5.511881,7.438291,0.000150,25.882543,6.185734,0.866411,199.751296,0.004736,6.292441,245.674910,251.972393,252.329892,0.357499,252.484396
2137,vehicle1,1398.823000,1398.727000,1717.180231,1,ok,17184,16897,1,0.080147,0.008732,0.000223,0.058951,5.758271,7.618527,0.000195,24.718147,6.464193,0.823961,211.667854,0.002812,7.642218,257.110099,264.755352,265.159978,0.404626,265.248857
2138,vehicle1,1399.032000,1398.926000,1717.983484,1,ok,17815,17411,1,0.074065,0.005227,0.000309,0.067389,6.857391,6.771162,0.000178,25.387320,5.802020,0.718271,221.847773,0.002805,7.756403,267.451504,275.211021,275.506520,0.295499,275.585812
2139,vehicle1,1399.235000,1399.125000,1718.785017,1,ok,18555,18025,1,0.071165,0.005597,0.000161,0.039282,7.873431,6.655409,0.000113,29.615370,9.385615,0.805222,279.554199,0.004689,8.002483,333.928641,341.935974,342.225467,0.289493,342.302229
2140,vehicle1,1399.435000,1399.328000,1719.599397,1,ok,19298,18631,1,0.079937,0.006781,0.000199,0.054326,8.147645,9.953097,0.000112,32.942214,7.970810,0.759760,287.120622,0.039786,7.508150,346.948586,354.496721,354.783679,0.286958,354.870397
2141,vehicle1,1399.632000,1399.527000,1720.390310,1,ok,20147,19239,1,0.165004,0.006206,0.000403,0.073244,8.383546,6.624732,0.000269,32.648700,9.970398,0.760445,312.479147,0.008485,8.235610,370.940481,379.184979,379.520236,0.335257,379.691446
2142,vehicle1,1399.864000,1399.726000,1721.204406,1,ok,21207,19916,1,0.240227,0.008139,0.000242,0.069530,9.055568,7.345062,0.000139,38.933762,10.370419,0.847240,331.709778,0.003591,7.601463,398.331498,405.936794,406.400366,0.463572,406.648732
2143,vehicle1,1400.118000,1399.927000,1722.073337,1,ok,23068,21286,1,0.259613,0.011911,0.000348,0.100463,12.792871,8.696591,0.000152,39.882674,10.863777,0.928824,403.281513,0.022512,8.530955,476.546865,485.100680,485.590234,0.489554,485.861758
2144,vehicle1,1400.318000,1400.125000,1722.858392,1,ok,24914,22649,1,0.289199,0.005683,0.000283,0.062836,10.461413,6.489118,0.000138,43.673717,11.710767,0.713387,402.595650,0.004920,9.145638,475.707026,484.857867,485.180515,0.322648,485.475397
2145,vehicle1,1400.520000,1400.325000,1723.644827,1,ok,25915,23305,1,0.257758,0.006203,0.000210,0.098288,13.766931,6.418511,0.000144,36.386740,15.084941,0.716437,401.393573,0.218348,9.016217,473.865565,483.100340,483.627924,0.527584,483.891885
2146,vehicle1,1400.717000,1400.528000,1724.460074,1,ok,26270,23380,1,0.157032,0.008487,0.000273,0.100136,11.227766,6.643106,0.000108,39.318042,11.382187,0.767996,436.810287,0.004621,8.465681,506.249628,514.720203,514.992794,0.272591,515.158313
2147,vehicle1,1400.920000,1400.725000,1725.267328,1,ok,26721,23391,1,0.147834,0.006265,0.000195,0.093697,10.886353,6.320116,0.000193,40.706732,12.261375,0.883179,417.503213,0.005042,8.750123,488.654858,497.410218,498.358150,0.947932,498.512249
2148,vehicle1,1401.119000,1400.927000,1726.080303,1,ok,27354,23455,1,0.138303,0.020832,0.000222,0.102603,20.057861,10.946905,0.000094,42.234424,13.151140,0.946819,413.584006,0.003895,7.327708,501.023852,508.355677,510.939271,2.583594,511.098406
2149,vehicle1,1401.319000,1401.127000,1726.877097,1,ok,28300,23669,1,0.136039,0.008179,0.000425,0.151790,13.229254,6.876695,0.000303,42.107849,11.904412,0.709305,458.795206,0.002438,7.008434,533.774814,540.786111,541.174278,0.388167,541.318496
2150,vehicle1,1401.519000,1401.326000,1727.671026,1,ok,29534,24039,1,0.150821,0.004816,0.000496,0.065365,13.507037,7.498796,0.000135,39.649942,11.913642,0.957086,445.107590,0.003824,7.360338,518.699593,526.064251,526.426900,0.362649,526.582537
2151,vehicle1,1401.724000,1401.528000,1728.475161,1,ok,30464,24130,1,0.289674,0.008307,0.000234,0.097752,14.386942,7.026515,0.000077,38.495563,11.791978,0.871713,466.538656,0.039766,7.877186,539.209196,547.126382,547.500665,0.374283,547.798646
2152,vehicle1,1401.921000,1401.724000,1729.259077,1,ok,30732,23560,1,0.106570,0.006134,0.000349,0.115353,35.006079,8.784711,0.000117,52.984295,18.820681,1.046510,458.268980,0.005331,7.159744,575.026726,582.192150,582.567648,0.375498,582.680352
2153,vehicle1,1402.119000,1401.926000,1730.040334,1,ok,30837,22957,1,0.262093,0.008147,0.000347,0.094997,13.306618,8.869166,0.000098,49.330482,13.009848,0.880875,474.156831,0.003422,6.303705,559.648915,565.956389,566.260854,0.304465,566.531094
2154,vehicle1,1402.319000,1402.127000,1730.814621,1,ok,30959,22429,1,0.149509,0.006647,0.000265,0.103665,12.106227,8.741997,0.000209,40.467086,12.047021,0.813863,460.779214,0.003871,6.840782,535.059282,541.904200,542.707204,0.803004,542.863360
2155,vehicle1,1402.517000,1402.325000,1731.607979,1,ok,31089,22020,1,0.190929,0.008737,0.000246,0.101539,11.654148,7.119234,0.000118,38.534929,11.301374,0.754300,457.753104,0.003788,7.369955,527.218746,534.592735,535.006418,0.413683,535.206084
2156,vehicle1,1402.719000,1402.526000,1732.384278,1,ok,31372,21476,1,0.353154,0.007317,0.000428,0.104392,12.614680,6.949578,0.000083,39.702322,11.505213,0.939698,455.255368,0.004668,7.826044,527.071334,534.902474,535.660607,0.758133,536.021078
2157,vehicle1,1402.919000,1402.724000,1733.170123,1,ok,31782,20873,1,0.163579,0.006154,0.000415,0.075039,11.607940,8.482349,0.000119,38.990297,21.031608,1.734005,463.031015,0.040004,6.234754,544.952372,551.227545,551.702343,0.474798,551.872076
2158,vehicle1,1403.118000,1402.925000,1733.934334,1,ok,32181,20324,1,0.296312,0.012317,0.000626,0.722071,15.309823,7.828257,0.000102,38.638868,11.298888,0.723382,465.715099,0.004001,8.131668,540.236490,548.372785,548.678594,0.305809,548.987223
2159,vehicle1,1403.415000,1403.227000,1735.004729,1,ok,32872,20151,1,0.161138,0.010881,0.000376,0.108125,15.297576,7.344318,0.000196,43.806421,11.854060,0.876179,451.205270,0.003266,7.816018,530.492145,538.311805,539.045893,0.734088,539.217912
2160,vehicle1,1403.618000,1403.423000,1735.767840,1,ok,33513,20270,1,0.276106,0.008903,0.000389,0.103471,11.789630,8.591462,0.000158,38.644128,9.979694,0.752205,444.561409,0.003602,7.852491,514.422157,522.278639,522.891669,0.613030,523.176678
2161,vehicle1,1403.826000,1403.627000,1736.542112,1,ok,34039,20399,1,0.154891,0.007210,0.000274,0.111812,14.502203,9.446641,0.000120,59.437568,11.753771,0.732693,430.672838,0.003912,7.819074,526.657646,534.480906,535.003018,0.522112,535.165119
2162,vehicle1,1404.020000,1403.826000,1737.273407,1,ok,34037,20298,1,0.280978,0.005422,0.000184,0.065688,15.323772,7.916778,0.000111,39.261594,14.948582,0.768178,432.060450,0.184312,8.384765,510.345153,518.914414,519.489361,0.574947,519.775761
2163,vehicle1,1404.220000,1404.029000,1738.060771,1,ok,33931,20119,1,0.112788,0.007591,0.000287,0.078856,9.912128,6.544023,0.000095,37.554677,9.622913,0.692471,403.857797,0.003921,7.334181,468.262960,475.601349,475.857571,0.256222,475.977950
2164,vehicle1,1404.418000,1404.227000,1738.852741,1,ok,34048,20102,1,0.191325,0.012476,0.000134,0.093782,11.738401,7.222655,0.000116,39.092827,11.277674,0.772664,416.161587,0.005663,11.387546,486.359706,497.753049,498.561440,0.808391,498.765241
2165,vehicle1,1404.620000,1404.428000,1739.668205,1,ok,34214,20019,1,0.157346,0.009077,0.000346,0.143456,14.536116,8.027122,0.000104,38.896076,12.231924,0.880667,427.730750,0.005088,7.394925,502.446215,509.846574,510.284883,0.438309,510.451306
2166,vehicle1,1404.818000,1404.626000,1740.404633,1,ok,34450,19877,1,0.365070,0.006380,0.000290,0.095159,10.547817,6.607070,0.000122,36.789558,10.219431,0.719060,389.199431,0.003615,6.939687,454.177648,461.121240,461.499740,0.378500,461.871190
2167,vehicle1,1405.020000,1404.826000,1741.235693,1,ok,34154,21336,1,0.147252,0.007782,0.000385,0.083095,18.858220,5.695283,0.000105,41.671968,16.025366,0.942886,433.577683,0.172502,6.921020,516.854606,523.948513,524.518838,0.570325,524.673872
2168,vehicle1,1405.220000,1405.029000,1741.988050,1,ok,32683,21609,1,0.128762,0.005800,0.000380,0.079534,14.418818,6.909654,0.000091,36.865651,13.946594,0.737789,408.311152,0.004130,6.368557,481.269283,487.642350,488.087245,0.444895,488.221807
2169,vehicle1,1405.418000,1405.226000,1742.743848,1,ok,29806,20670,1,0.135129,0.007406,0.000277,0.126756,13.415299,7.976426,0.000119,39.085213,12.263269,2.113833,409.614313,0.004947,6.781444,484.595228,491.381896,491.779612,0.397716,491.922147
2170,vehicle1,1405.616000,1405.420000,1743.424585,1,ok,25362,18048,1,0.230474,0.010588,0.000451,0.098931,12.619646,7.649204,0.000133,32.990434,10.853871,0.861380,354.722727,0.011438,7.125005,419.796326,426.933220,427.481125,0.547905,427.722187
2171,vehicle1,1405.767000,1405.628000,1744.150317,1,ok,20807,14860,1,0.163336,0.013012,0.000184,0.052181,6.258597,6.252865,0.000090,26.701101,9.207501,0.741203,301.083744,0.076067,7.584895,350.297282,357.958428,358.512399,0.553971,358.688747
2172,vehicle1,1405.985000,1405.829000,1744.892274,1,ok,18671,13090,1,0.096711,0.692228,0.000214,0.080447,6.213935,6.072572,0.000138,28.997123,8.933478,0.685323,294.421351,0.011658,10.815892,345.404367,356.232131,356.925489,0.693358,357.714428
2173,vehicle1,1406.134000,1406.026000,1745.613947,1,ok,17810,12232,1,0.137084,0.005817,0.000166,0.060522,7.264891,10.559199,0.000205,31.422221,7.585416,0.722314,279.735165,0.060545,6.186037,337.349933,343.596681,343.895063,0.298382,344.037964
2174,vehicle1,1406.335000,1406.225000,1746.342765,1,ok,17045,11598,1,0.159139,0.005898,0.000363,0.063186,5.992721,7.942521,0.000156,27.552268,5.814754,0.773543,248.390984,0.003445,6.306399,296.530133,302.840340,303.334999,0.494659,303.500036
2175,vehicle1,1406.535000,1406.426000,1747.055181,1,ok,16495,11254,1,0.066192,0.006870,0.000250,0.054373,4.401586,6.492063,0.000116,21.923429,6.195004,0.714554,225.779913,0.012563,13.362706,265.561038,278.936557,279.572299,0.635742,279.645361
2176,vehicle1,1406.733000,1406.625000,1747.854695,1,ok,16243,11147,1,0.133368,0.007591,0.000434,0.074140,5.465282,6.769553,0.000136,31.267211,8.968555,1.016817,271.543740,0.004421,7.640612,325.105434,332.750901,333.122526,0.371625,333.263485
2177,vehicle1,1406.935000,1406.827000,1748.595278,1,ok,16228,11120,1,0.140534,0.008529,0.000197,0.044607,3.900908,5.706481,0.000132,25.924196,7.211716,0.669689,275.442414,0.004850,8.670002,318.900143,327.575192,328.138906,0.563714,328.287969
2178,vehicle1,1407.132000,1407.029000,1749.357144,1,ok,16277,11144,1,0.139595,0.006525,0.000216,0.052750,3.726995,5.638356,0.000155,23.337448,7.815746,0.896644,220.256501,0.003914,7.130605,261.724595,268.859330,269.534378,0.675048,269.680498
2179,vehicle1,1407.346000,1407.227000,1750.182318,1,ok,16248,11102,1,0.154382,0.008463,0.000172,0.058306,3.771040,6.388788,0.000151,24.907301,8.130594,0.723195,310.997366,0.053121,6.380630,354.976741,361.410664,361.721982,0.311318,361.884827
2180,vehicle1,1407.538000,1407.429000,1750.950119,1,ok,16209,11092,1,0.064141,0.010029,0.000470,0.071454,6.568221,13.327144,0.000222,28.970945,6.211312,0.748050,285.043655,0.003948,6.181432,340.941003,347.126853,347.835549,0.708696,347.909719
2181,vehicle1,1407.737000,1407.625000,1751.678457,1,ok,16150,11080,1,0.328101,0.008694,0.000261,0.061766,5.267431,7.050361,0.000158,24.417168,5.230240,0.806507,253.062817,0.003761,6.863286,295.896448,302.763756,303.163260,0.399504,303.500055
2182,vehicle1,1407.933000,1407.825000,1752.421941,1,ok,16075,11064,1,0.061948,0.006480,0.000261,0.054824,6.029783,8.096978,0.000081,30.785775,6.109609,0.743540,257.949989,0.003625,6.144263,309.770579,315.918728,316.262917,0.344189,316.331345
2183,vehicle1,1408.141000,1408.023000,1753.217028,1,ok,15971,11031,1,0.573411,0.009100,0.000273,0.060782,6.009630,7.026921,0.000127,28.037247,5.836961,0.704265,288.770865,0.003993,7.089252,336.446798,343.540316,344.024449,0.484133,344.606960
2184,vehicle1,1408.334000,1408.226000,1753.952762,1,ok,15848,10996,1,0.063383,5.647231,0.000196,0.042730,4.780905,6.467875,0.000092,27.579547,6.714972,0.723774,301.353127,0.005255,6.575637,347.663022,354.244110,354.778888,0.534778,360.489502
2185,vehicle1,1408.537000,1408.422000,1754.719883,1,ok,15735,10973,1,0.060833,0.006804,0.000334,0.053807,4.017337,5.023634,0.000177,22.972176,7.851070,0.853376,303.732594,0.126240,8.637864,344.504171,353.268609,354.075815,0.807206,354.143452
2186,vehicle1,1408.732000,1408.626000,1755.503408,1,ok,15704,10941,1,0.141685,0.006736,0.000199,0.039725,4.123862,13.890413,0.000123,26.655575,7.888307,0.749725,307.089796,0.009368,7.300669,360.437526,367.747762,368.331482,0.583720,368.479903
2187,vehicle1,1409.017000,1408.836000,1756.317671,1,ok,15720,11196,1,0.131293,0.005489,0.000114,0.028715,3.533977,4.992308,0.000096,30.159260,11.623299,0.859044,355.459948,0.003658,7.476816,406.656647,414.137235,415.142823,1.005588,415.279605
2188,vehicle1,1409.266000,1409.128000,1757.388543,1,ok,15799,11767,1,0.149744,0.009029,0.000348,0.049073,9.021000,6.250889,0.000101,23.046572,6.148001,0.853161,345.420746,0.004158,9.140208,390.789543,399.934257,400.907255,0.972998,401.066028
2189,vehicle1,1409.480000,1409.328000,1758.167302,1,ok,15654,12173,1,0.121068,0.006612,0.000224,0.048584,4.965720,6.109726,0.000208,24.960064,6.399875,0.719139,352.245652,0.004228,9.584053,395.448968,405.037473,405.601844,0.564371,405.729524
2190,vehicle1,1409.700000,1409.528000,1758.974280,1,ok,15965,12614,1,0.056821,0.006161,0.000261,0.065760,4.949254,5.489710,0.000077,20.576787,7.933185,0.849236,379.188950,0.066454,7.420185,419.052959,426.539859,426.952399,0.412540,427.015381
2191,vehicle1,1409.851000,1409.723000,1759.697804,1,ok,16698,13364,1,0.052801,0.010782,0.000256,0.037589,5.858964,4.477801,0.000242,25.472130,9.505804,0.800495,346.140230,0.005204,8.777239,392.293255,401.075954,401.495948,0.419994,401.559531
2192,vehicle1,1410.088000,1409.928000,1760.495430,1,ok,16792,14495,1,0.078412,0.005807,0.000262,0.049261,5.013746,5.298530,0.000152,27.082398,7.047654,0.867519,338.772075,0.003552,6.734248,384.131335,390.869397,392.075034,1.205637,392.159253
2193,vehicle1,1410.258000,1410.123000,1761.230408,1,ok,16372,15306,1,0.143402,0.006337,0.000300,0.062013,4.992717,4.645898,0.000319,27.310036,7.788848,0.676953,343.517716,0.005319,8.116470,388.994500,397.116589,397.744403,0.627814,397.894142
2194,vehicle1,1410.481000,1410.329000,1761.968824,1,ok,16012,15014,1,0.101816,2.186807,0.000460,0.058657,6.074901,3.992853,0.000094,24.437191,6.308261,0.692489,312.539461,0.004956,7.879673,354.103907,361.988996,362.646292,0.657296,364.934915
2195,vehicle1,1410.637000,1410.527000,1762.650379,1,ok,15933,14857,1,0.297777,0.011691,0.000527,0.074773,4.516658,4.907730,0.000130,21.778876,8.756608,1.012388,303.223024,0.004167,6.781959,344.270187,351.056840,351.616955,0.560115,351.926423
2196,vehicle1,1410.835000,1410.725000,1763.438465,1,ok,15931,14721,1,0.047087,0.007092,0.000578,0.075903,6.576098,6.345783,0.000154,18.806421,9.459943,0.738920,304.379779,0.132073,6.668043,346.383001,353.183695,353.680831,0.497136,353.735010
2197,vehicle1,1411.033000,1410.930000,1764.216028,1,ok,16113,14815,1,0.060084,0.011525,0.000147,0.061224,5.967564,4.739010,0.000099,21.674234,8.468427,0.903331,292.723328,0.004542,6.772643,334.537217,341.314549,341.787472,0.472923,341.859081
2198,vehicle1,1411.256000,1411.131000,1765.025224,1,ok,16214,14818,1,0.144738,0.006461,0.000197,0.045629,4.972622,4.045209,0.000198,24.056336,6.793517,0.684742,299.733504,0.004176,7.735999,340.331757,348.072129,348.549601,0.477472,348.700800
2199,vehicle1,1411.467000,1411.329000,1765.775037,1,ok,15989,14373,1,0.079245,0.007180,0.000254,0.060022,7.932887,4.230653,0.000099,25.878501,10.509215,0.673237,305.619688,0.003770,7.889316,354.904302,362.797642,363.222627,0.424985,363.309052
2200,vehicle1,1411.639000,1411.522000,1766.471916,1,ok,15413,13471,1,0.063771,0.010327,0.000414,0.059635,5.243990,4.465087,0.000099,20.435960,5.330167,0.663318,277.092245,0.014285,10.769539,313.290501,324.074739,324.773822,0.699083,324.847920
2201,vehicle1,1411.852000,1411.730000,1767.217003,1,ok,14894,12770,1,0.159231,0.051723,0.000290,0.055971,4.392203,4.882966,0.000177,19.542267,4.634274,0.672653,275.959308,0.024975,7.467757,310.139819,317.632841,318.423362,0.790521,318.634316
2202,vehicle1,1412.070000,1411.931000,1767.967095,1,ok,14692,12588,1,0.079054,0.008041,0.000394,0.054097,5.400115,5.903529,0.000196,25.583399,6.669613,0.844817,282.265159,0.004390,8.288367,326.720925,335.014076,335.683324,0.669248,335.770419
2203,vehicle1,1412.237000,1412.130000,1768.669089,1,ok,14843,12767,1,0.130065,0.012249,0.000170,0.055660,4.825537,3.924085,0.000221,20.288408,5.888771,0.697632,264.764209,0.004261,7.632100,300.444523,308.081054,308.549257,0.468203,308.691571
2204,vehicle1,1412.463000,1412.329000,1769.441736,1,ok,15452,13347,1,0.064570,0.010997,0.000405,0.067646,6.753350,5.096936,0.000085,23.999991,5.372752,0.720934,269.414365,0.005177,6.679006,311.426059,318.110647,318.603508,0.492861,318.679075
2205,vehicle1,1412.641000,1412.526000,1770.121871,1,ok,16226,13996,1,0.178548,0.005490,0.000311,0.039011,5.649292,4.838258,0.000112,25.259305,9.433372,0.704491,274.651890,0.016441,7.551380,320.575731,328.143863,328.689141,0.545278,328.873179
2206,vehicle1,1412.834000,1412.730000,1770.880552,1,ok,16722,14353,1,0.084085,0.069091,0.000246,0.066149,4.978700,4.426604,0.000120,21.547046,6.975827,0.798220,256.416525,0.003986,9.002929,295.209191,304.216352,304.607344,0.390992,304.760520
2207,vehicle1,1413.034000,1412.927000,1771.653884,1,ok,16811,14376,1,0.134799,0.005755,0.000214,0.038273,6.516343,6.223257,0.000114,31.154066,11.831670,0.693767,268.570805,0.064317,9.322891,325.028295,334.415717,334.954142,0.538425,335.094696
2208,vehicle1,1413.235000,1413.127000,1772.432354,1,ok,17278,14700,1,0.130377,0.005244,0.000343,0.061699,6.069873,4.479936,0.000137,27.355653,9.636941,0.812669,297.409459,0.005153,7.440865,345.826367,353.272728,353.828388,0.555660,353.964009
2209,vehicle1,1413.507000,1413.330000,1773.248857,1,ok,18027,15328,1,0.179872,0.005721,0.000282,0.051705,11.056710,3.485737,0.000093,21.778674,12.552367,0.956945,309.694860,0.003885,7.878325,359.577091,367.459583,368.064442,0.604859,368.250035
2210,vehicle1,1413.631000,1413.525000,1773.911536,1,ok,18738,15929,1,0.169108,0.010824,0.000291,0.064106,7.259579,4.070409,0.000171,25.082559,9.192082,0.777701,294.041738,0.005513,8.994599,340.488345,349.488748,350.001745,0.512997,350.181677
2211,vehicle1,1413.846000,1413.725000,1774.728407,1,ok,19564,16688,1,0.132733,0.007508,0.000200,0.069481,10.164306,4.217852,0.000097,29.380432,8.916153,0.688774,318.629205,0.014378,8.390640,372.066300,380.471518,380.941922,0.470404,381.082163
2212,vehicle1,1414.081000,1413.928000,1775.536612,1,ok,20327,17415,1,0.103975,0.008700,0.000328,0.082300,16.758378,4.337649,0.000095,27.205959,8.387479,0.689067,315.340948,0.150862,8.350613,372.801875,381.303678,382.259297,0.955619,382.371972
2213,vehicle1,1414.268000,1414.129000,1776.291897,1,ok,21073,18124,1,0.201237,0.006029,0.000181,0.066613,7.727835,3.234195,0.000146,26.331169,9.899168,0.696562,327.712690,0.010535,11.146793,375.668378,386.825887,387.571670,0.745783,387.778936
2214,vehicle1,1414.516000,1414.328000,1777.093596,1,ok,21874,18930,1,0.207526,0.007211,0.000170,0.080150,10.941738,6.972950,0.000099,27.450472,9.206545,0.705799,363.866290,0.003697,7.830932,419.224043,427.058842,427.664457,0.605615,427.879194
2215,vehicle1,1414.696000,1414.527000,1777.843131,1,ok,22586,19784,1,0.117840,0.958138,0.000301,0.080953,9.056791,4.365250,0.000089,31.952114,9.634324,0.694936,374.786787,0.004149,7.152854,430.571244,437.728548,438.084585,0.356037,439.160563
2216,vehicle1,1414.912000,1414.730000,1778.583389,1,ok,22972,20258,1,0.105574,0.007159,0.000285,0.075245,6.666222,3.211656,0.000102,25.241679,9.668842,0.815074,347.752181,0.011801,9.679193,393.431001,403.122280,403.727097,0.604817,403.839830
2217,vehicle1,1415.097000,1414.928000,1779.326583,1,ok,23195,20450,1,0.226251,0.006492,0.000245,0.086668,9.442273,3.584169,0.000077,25.370377,9.212140,0.711740,344.252533,0.197161,8.250745,392.659977,401.108128,401.983616,0.875488,402.216359
2218,vehicle1,1415.305000,1415.129000,1780.055452,1,ok,23222,20418,1,0.114176,0.005151,0.000258,0.074391,9.004813,3.815269,0.000092,24.604699,10.965992,0.902882,335.842318,0.003772,6.901031,385.210456,392.115517,393.107978,0.992461,393.227305
2219,vehicle1,1415.506000,1415.327000,1780.789032,1,ok,23171,20410,1,0.097376,0.010787,0.000382,0.095670,9.329874,3.903838,0.000118,23.646196,8.749736,0.682561,348.719372,0.003560,6.723766,395.127365,401.855073,402.298829,0.443756,402.406992
2220,vehicle1,1415.702000,1415.529000,1781.514878,1,ok,23017,20277,1,0.222100,0.010190,0.000412,0.112721,8.125076,3.474137,0.000142,25.800059,8.190816,0.885364,329.491796,0.004102,7.252095,376.080111,383.336720,383.687263,0.350543,383.919553
2221,vehicle1,1415.878000,1415.726000,1782.220438,1,ok,22596,19764,1,0.110189,0.006996,0.000380,0.064952,6.454416,3.367529,0.000121,26.268899,8.295535,0.690962,331.567895,0.011131,9.939893,376.710309,386.661713,387.299838,0.638125,387.417023
2222,vehicle1,1416.067000,1415.927000,1782.965101,1,ok,21709,18780,1,0.131645,0.006090,0.000261,0.107005,7.714676,4.294160,0.000120,33.407771,9.954938,0.723867,327.210226,0.003471,8.416894,383.412763,391.833389,392.571794,0.738405,392.709529
2223,vehicle1,1416.239000,1416.127000,1783.649853,1,ok,20923,17925,1,0.150421,0.006512,0.000357,0.062806,5.974935,3.023016,0.000100,24.153669,8.372929,0.723866,301.671683,0.019557,6.484226,343.983004,350.487144,350.926925,0.439781,351.083858
2224,vehicle1,1416.443000,1416.326000,1784.391743,1,ok,20012,17000,1,0.086579,0.007978,0.000381,0.071590,7.101680,3.907090,0.000058,24.498397,7.212826,0.747716,304.247222,0.004744,7.483026,347.786579,355.274730,355.653703,0.378973,355.748260
2225,vehicle1,1416.635000,1416.527000,1785.079984,1,ok,19167,16116,1,0.168272,0.006989,0.000542,0.061378,6.467823,4.507532,0.000102,26.727706,8.106749,1.126325,284.165749,0.004982,7.865749,331.163364,339.034637,339.473975,0.439338,339.649236
2226,vehicle1,1416.835000,1416.729000,1785.827466,1,ok,18706,15764,1,0.132686,0.005712,0.000238,0.065277,5.299082,3.071880,0.000127,18.767264,6.550704,0.655607,265.637423,0.008480,9.996687,300.047364,310.052769,310.540345,0.487576,310.678743
2227,vehicle1,1417.033000,1416.926000,1786.584535,1,ok,18648,15887,1,0.154817,0.007885,0.000288,0.065914,7.558306,4.051841,0.000151,30.017465,8.890745,0.969962,295.711829,0.004168,7.612237,347.266213,354.882906,355.461907,0.579001,355.624609
2228,vehicle1,1417.259000,1417.127000,1787.350095,1,ok,18937,16412,1,0.169612,0.275843,0.000492,0.076576,9.764807,3.345542,0.000104,21.789229,11.812243,0.997097,325.943128,0.050420,7.458089,373.728726,381.237727,381.931061,0.693334,382.376516
2229,vehicle1,1417.450000,1417.327000,1788.060642,1,ok,19036,16616,1,0.066337,0.005492,0.000501,0.058303,5.805134,5.046259,0.000525,22.893372,10.012966,0.795791,309.079319,0.006850,8.439501,353.691669,362.138521,362.714331,0.575810,362.786160
2230,vehicle1,1417.704000,1417.529000,1788.860536,1,ok,19079,16636,1,0.171754,0.984823,0.000316,0.061296,7.620255,3.144464,0.000314,24.164369,9.535745,1.996652,323.574618,0.003504,8.447058,370.097713,378.548591,378.918869,0.370278,380.075446
2231,vehicle1,1417.905000,1417.725000,1789.600608,1,ok,19305,16882,1,0.165472,0.005543,0.000235,0.038193,10.847389,3.791308,0.000170,38.110722,11.371989,0.697879,354.056091,0.004124,7.739042,418.913741,426.657142,427.093146,0.436004,427.264161
2232,vehicle1,1418.120000,1417.927000,1790.431589,1,ok,19646,17305,1,0.095932,0.004994,0.000311,0.042007,12.882196,3.692316,0.000212,35.705297,13.474416,0.765413,422.790551,0.005015,9.306023,489.352408,498.663757,499.401441,0.737684,499.502367
2233,vehicle1,1418.319000,1418.127000,1791.186536,1,ok,20171,17898,1,0.101791,0.005564,0.000191,0.049063,14.073898,3.061712,0.000123,33.359637,13.712093,0.739028,442.597136,0.176801,7.678100,507.592690,515.447782,516.041218,0.593436,516.148573
2234,vehicle1,1418.527000,1418.326000,1791.966188,1,ok,20841,18551,1,0.201513,0.005841,0.000340,0.078766,20.811885,4.123941,0.000176,38.158209,13.796054,0.710215,461.679994,0.003206,7.735456,539.359240,547.098242,548.246795,1.148553,548.454149
2235,vehicle1,1418.729000,1418.527000,1792.713898,1,ok,21207,18856,1,0.095472,0.006602,0.000406,0.055675,14.103686,3.317081,0.000098,33.978176,14.675011,0.782262,479.825599,0.007419,6.929917,546.737588,553.675330,554.074335,0.399005,554.176409
2236,vehicle1,1418.926000,1418.729000,1793.450449,1,ok,21486,19004,1,0.107117,0.004459,0.000224,0.045683,12.784624,2.671409,0.000103,33.997648,12.802472,0.695042,459.225658,0.003978,6.692828,522.222639,528.919669,529.262678,0.343009,529.374254
2237,vehicle1,1419.127000,1418.926000,1794.176960,1,ok,21641,19131,1,0.179644,0.005327,0.000245,0.053764,9.942632,3.081014,0.000095,32.351795,11.878530,0.850113,479.907552,0.004737,7.241107,538.065495,545.311584,545.824038,0.512454,546.009009
2238,vehicle1,1419.328000,1419.127000,1794.897555,1,ok,21703,19233,1,0.081153,0.005959,0.000298,0.076267,12.707008,3.836206,0.000117,37.216407,12.424101,0.720853,477.199437,0.080652,7.088185,544.180396,551.349531,551.740814,0.391283,551.827926
2239,vehicle1,1419.525000,1419.328000,1795.689181,1,ok,21661,19275,1,0.105928,0.006237,0.000406,0.075238,11.688421,2.744052,0.000077,33.678717,16.784103,0.714987,481.957172,0.004483,7.279584,547.642767,554.927240,555.223743,0.296503,555.335908
2240,vehicle1,1419.729000,1419.525000,1796.371575,1,ok,21559,19251,1,0.116364,0.008812,0.000270,0.065605,12.957206,2.736915,0.000101,33.344615,12.689408,0.735492,483.966525,0.004842,6.999742,546.495867,553.500721,553.869234,0.368513,553.994410
2241,vehicle1,1419.926000,1419.729000,1797.093458,1,ok,21559,19254,1,0.114862,0.009341,0.000450,0.069417,10.973459,2.749777,0.000027,30.437855,12.957580,0.903065,456.573787,0.005491,7.733801,514.664967,522.404709,524.214880,1.810171,524.339083
2242,vehicle1,1420.126000,1419.926000,1797.805471,1,ok,21546,19193,1,0.107927,0.006933,0.000295,0.071944,11.786385,3.585738,0.000143,33.121653,14.593449,0.811055,493.082201,0.004535,6.872846,557.052568,563.930244,564.319175,0.388931,564.434035
2243,vehicle1,1420.326000,1420.126000,1798.540882,1,ok,21563,19191,1,0.058365,0.006272,0.000301,0.078876,12.689702,2.888526,0.000120,32.223711,13.684685,0.719801,481.822337,0.005738,7.338077,544.107758,551.451874,551.946242,0.494368,552.010879
2244,vehicle1,1420.529000,1420.326000,1799.249552,1,ok,21520,19118,1,0.092136,0.006456,0.000346,0.076819,9.811175,2.860273,0.000094,32.691810,14.134413,0.747706,484.656451,0.133396,7.755374,544.978741,552.867857,553.318900,0.451043,553.417492
2245,vehicle1,1420.727000,1420.529000,1800.031886,1,ok,21424,19054,1,0.176907,0.199887,0.000420,0.068755,13.783090,2.994466,0.000100,30.885321,12.760725,0.697113,481.841534,0.003755,8.240997,543.031104,551.276276,551.727102,0.450826,552.103896
2246,vehicle1,1420.927000,1420.727000,1800.732791,1,ok,21182,18831,1,0.193378,0.006593,0.000412,0.073625,11.732233,3.131773,0.000098,29.820250,11.017192,0.695366,482.997741,0.005198,8.907903,539.468278,548.381791,548.799915,0.418124,548.999886
2247,vehicle1,1421.128000,1420.927000,1801.487404,1,ok,21086,18767,1,0.086566,0.006756,0.000312,0.072259,14.070528,4.117655,0.000115,41.180079,18.324937,0.922786,478.360003,0.005591,6.543226,557.048362,563.597491,563.972723,0.375232,564.066045
2248,vehicle1,1421.329000,1421.128000,1802.210113,1,ok,20852,18549,1,0.190732,0.007912,0.000356,0.070119,11.222550,3.868916,0.000137,29.634175,13.262040,0.714837,463.062074,0.012866,7.227797,521.834848,529.075867,529.972229,0.896362,530.170873
2249,vehicle1,1421.527000,1421.329000,1802.966512,1,ok,20701,18393,1,0.106801,0.005929,0.000336,0.087948,9.514423,2.640544,0.000077,31.602549,11.816954,0.692942,473.820499,0.004502,6.704181,530.175936,536.884955,537.174170,0.289215,537.286900
2250,vehicle1,1421.720000,1421.527000,1803.672900,1,ok,20791,18441,1,0.113537,0.007838,0.000335,0.065245,10.121826,2.811553,0.000103,31.307669,11.548504,0.962838,471.607147,0.013100,7.001592,528.424885,535.439912,535.749365,0.309453,535.870740
2251,vehicle1,1421.926000,1421.727000,1804.434567,1,ok,21271,18865,1,0.111250,0.006116,0.000424,0.053899,9.191750,2.928363,0.000077,29.298805,15.012702,0.868677,469.471087,0.003811,6.249704,526.825360,533.079299,533.471129,0.391830,533.588495
2252,vehicle1,1422.132000,1421.926000,1805.265364,1,ok,21954,19493,1,0.096737,0.006997,0.000279,0.080676,11.596699,3.550102,0.000095,33.125877,14.366028,0.751589,569.002710,0.004520,8.393003,632.473776,640.871578,641.320710,0.449132,641.424444
2253,vehicle1,1422.325000,1422.127000,1805.933575,1,ok,22355,19933,1,0.100610,0.011448,0.000373,0.090863,9.631027,3.194455,0.000170,33.937193,12.848534,0.932386,508.210379,0.004525,6.855417,568.845007,575.705322,576.090576,0.385254,576.202634
2254,vehicle1,1422.527000,1422.325000,1806.687692,1,ok,22645,20321,1,0.101349,0.005815,0.000300,0.048594,9.907515,2.868149,0.000105,29.768235,13.692680,0.732788,492.553921,0.003663,6.901803,549.571987,556.477753,556.769885,0.292132,556.877049
2255,vehicle1,1422.726000,1422.527000,1807.448118,1,ok,22656,20450,1,0.197989,0.011083,0.000216,0.076025,11.219731,3.695489,0.000140,35.073243,12.639901,0.800950,493.991266,0.048538,6.477961,557.496745,564.023460,564.456486,0.433026,564.665558
2256,vehicle1,1422.927000,1422.726000,1808.176656,1,ok,22804,20662,1,0.215225,0.006044,0.000373,0.081840,8.654904,3.051936,0.000107,28.365890,12.914769,0.815355,489.076591,0.003314,6.281071,542.961392,549.246150,549.681868,0.435718,549.903137
2257,vehicle1,1423.134000,1422.927000,1809.017102,1,ok,22891,20761,1,0.121049,0.007105,0.000281,0.079993,10.376686,3.464430,0.000118,49.332309,14.806028,0.887977,533.440046,0.004837,8.245094,612.387587,620.637799,621.715078,1.077279,621.843232
2258,vehicle1,1423.325000,1423.127000,1809.747411,1,ok,22898,20747,1,0.111853,0.009166,0.000373,0.082977,9.223441,3.348127,0.000203,29.840395,14.454753,0.919933,553.238787,0.004925,6.384701,611.108616,617.498615,618.212797,0.714182,618.333816
2259,vehicle1,1423.527000,1423.325000,1810.479499,1,ok,22974,20800,1,0.158575,0.009866,0.000384,0.112427,9.842778,3.133047,0.000097,36.284501,13.240047,0.717554,517.303341,0.004212,7.604445,580.633792,588.242833,588.789481,0.546648,588.957922
2260,vehicle1,1423.729000,1423.527000,1811.181841,1,ok,23009,20799,1,0.095337,0.007328,0.000342,0.088531,10.223133,3.233932,0.000098,29.240326,12.323894,0.857013,518.185010,0.087353,7.222671,574.151937,581.462303,582.238802,0.776499,582.341467
2261,vehicle1,1423.926000,1423.729000,1811.983739,1,ok,23094,20874,1,0.125437,0.007861,0.000368,0.073144,9.253886,2.456174,0.000082,28.832601,12.898447,0.860305,528.447591,0.004052,6.256104,582.822230,589.082754,589.504834,0.422080,589.638132
2262,vehicle1,1424.126000,1423.926000,1812.752269,1,ok,23182,20975,1,0.191684,0.003781,0.000200,0.048928,12.419979,3.257786,0.000262,40.014947,18.523089,0.892749,549.155880,0.011851,6.208104,624.313620,630.533775,631.042965,0.509190,631.238430
2263,vehicle1,1424.328000,1424.126000,1813.493332,1,ok,23211,20989,1,0.232253,0.008926,0.000328,0.089462,16.110615,3.460159,0.000114,33.705381,13.332629,0.800780,534.904550,0.006799,7.299334,602.403690,609.710151,610.100902,0.390751,610.342081
2264,vehicle1,1424.526000,1424.328000,1814.269930,1,ok,23214,20963,1,0.182701,0.007620,0.000165,0.084912,9.641110,2.787727,0.000171,29.612013,13.237505,0.731658,518.415845,0.008151,7.608483,574.510941,582.127740,582.798989,0.671249,582.989310
2265,vehicle1,1424.718000,1424.526000,1814.967555,1,ok,23273,20971,1,0.211265,0.009874,0.000327,0.084646,9.981695,3.340609,0.000085,27.761292,12.826573,0.905530,500.232803,0.012577,6.642120,555.133233,561.788257,562.626370,0.838113,562.847509
2266,vehicle1,1424.926000,1424.726000,1815.748034,1,ok,23268,20914,1,0.210048,0.009361,0.000376,0.080255,8.220494,2.521043,0.000043,27.810427,12.921730,0.751179,489.039388,0.014030,6.992362,541.344559,548.351327,548.729468,0.378141,548.948877
2267,vehicle1,1425.119000,1424.926000,1816.509481,1,ok,23281,20908,1,0.106977,0.027724,0.000382,0.151827,8.171075,2.726083,0.000113,42.819703,17.132414,0.954368,464.896255,0.004243,7.590242,536.851838,544.446705,545.009449,0.562744,545.144150
2268,vehicle1,1425.320000,1425.128000,1817.291368,1,ok,23264,20883,1,0.102288,0.017508,0.000413,0.086317,8.395430,3.316835,0.000197,29.564317,11.218810,0.724185,474.907617,0.004845,6.204023,528.213708,534.422989,534.907091,0.484102,535.026887
2269,vehicle1,1425.525000,1425.328000,1818.049679,1,ok,23238,20857,1,0.181636,0.006371,0.000200,0.079197,8.819463,2.230969,0.000088,27.297652,12.305920,0.708169,464.918055,0.005662,7.171715,516.359513,523.537090,524.262892,0.725802,524.450899
2270,vehicle1,1425.720000,1425.525000,1818.776456,1,ok,23214,20821,1,0.189421,0.017472,0.000210,0.085548,8.899661,3.343638,0.000091,29.118646,12.268239,0.750775,459.915445,0.003362,6.154475,514.382043,520.540090,520.938789,0.398699,521.145682
2271,vehicle1,1425.921000,1425.728000,1819.577339,1,ok,23114,20738,1,0.130475,0.006219,0.000315,0.052753,7.896000,2.743256,0.000088,25.106124,12.453737,0.869181,443.354809,0.042723,8.040771,492.475948,500.559757,501.117980,0.558223,501.254674
2272,vehicle1,1426.119000,1425.930000,1820.367895,1,ok,23006,20674,1,0.191084,0.006689,0.000195,0.079751,7.715701,2.217751,0.000075,29.184532,14.213933,4.460718,466.012923,0.013048,6.227290,523.885384,530.125917,530.768204,0.642287,530.965977
2273,vehicle1,1426.259000,1426.127000,1821.043628,1,ok,22854,20550,1,0.193346,0.006619,0.000359,0.073316,7.163415,2.153280,0.000100,25.541436,11.280436,0.750013,380.690642,0.003809,7.683183,427.652638,435.339989,435.818739,0.478750,436.018704
2274,vehicle1,1426.519000,1426.325000,1821.879280,1,ok,22704,20392,1,0.084996,0.008407,0.000418,0.092873,22.526444,2.755308,0.000110,23.571797,10.180107,0.722277,386.756538,0.005065,8.330926,446.605454,454.941863,455.339552,0.397689,455.432955
2275,vehicle1,1426.719000,1426.527000,1822.657307,1,ok,22579,20265,1,0.164647,0.005810,0.000374,0.045766,7.272027,1.996351,0.000109,33.164918,10.539567,0.690601,398.680031,0.005528,7.170572,452.389370,459.565844,459.987765,0.421921,460.158222
2276,vehicle1,1426.920000,1426.731000,1823.443063,1,ok,22523,20214,1,0.225680,0.009721,0.000506,0.073261,7.697666,2.310004,0.000102,23.009150,12.300063,0.847363,391.649291,0.004874,6.958553,437.886900,444.850833,445.857999,1.007166,446.093400
2277,vehicle1,1427.101000,1426.927000,1824.212399,1,ok,22430,20123,1,0.072934,0.007431,0.000361,0.086139,9.076974,3.043770,0.000165,28.053410,11.339390,0.746354,417.104372,0.013631,6.936895,469.450574,476.401461,477.043484,0.642023,477.123849
2278,vehicle1,1427.318000,1427.128000,1825.049399,1,ok,22262,19963,1,0.103934,0.004391,0.000188,0.042975,6.937995,2.738985,0.000162,24.829370,11.917986,0.697646,420.348858,0.003971,7.518809,467.513977,475.036945,475.479486,0.442541,475.587811
2279,vehicle1,1427.519000,1427.325000,1825.791436,1,ok,22107,19817,1,0.077675,0.007446,0.000258,0.080037,10.486707,1.893956,0.000131,26.166117,14.325012,0.745836,410.648369,0.008528,6.716806,464.346165,471.071757,471.501578,0.429821,471.586699
2280,vehicle1,1427.719000,1427.529000,1826.559775,1,ok,21840,19665,1,0.320569,0.006815,0.000463,0.073896,9.262668,2.703567,0.000203,23.971016,12.138331,0.938084,398.652120,0.004748,6.821839,447.739885,454.566935,455.167002,0.600067,455.494386
2281,vehicle1,1427.918000,1427.726000,1827.336800,1,ok,21677,19630,1,0.185944,0.007271,0.000327,0.073814,9.150228,1.823189,0.000110,28.758740,12.005895,0.945450,408.195667,0.012636,7.267695,460.953093,468.233751,468.915321,0.681570,469.108536
2282,vehicle1,1428.076000,1427.925000,1828.060838,1,ok,21516,19554,1,0.258303,0.007488,0.000321,0.068075,8.606019,2.296860,0.000112,24.409579,12.832389,0.930516,367.223796,0.004765,8.478943,416.367346,424.851375,425.587465,0.736090,425.853256
2283,vehicle1,1428.302000,1428.128000,1828.872266,1,ok,21421,19481,1,0.210988,0.011502,0.000129,0.071437,7.055495,1.730413,0.000183,24.412232,12.073873,0.859484,373.984869,0.018451,8.701034,420.187986,428.907600,429.489799,0.582199,429.712289
2284,vehicle1,1428.520000,1428.328000,1829.643805,1,ok,21256,19309,1,0.206202,0.007733,0.000353,0.078718,8.078853,2.415105,0.000102,25.609896,11.622616,0.786516,360.221862,0.004159,7.968154,408.813668,416.786334,417.276435,0.490101,417.490370
2285,vehicle1,1428.652000,1428.527000,1830.323120,1,ok,21143,19182,1,0.092628,0.008596,0.000267,0.050342,6.515445,2.106400,0.000338,23.877639,8.990428,0.794978,337.009281,0.003456,6.700763,379.344851,386.049337,386.601314,0.551977,386.702538
2286,vehicle1,1428.890000,1428.726000,1831.137022,1,ok,21027,19052,1,0.069159,0.005495,0.000314,0.073402,8.915732,2.463743,0.000104,27.385683,11.489046,0.703676,362.723457,0.004128,7.487474,413.754843,421.246759,421.750597,0.503838,421.825251
2287,vehicle1,1429.120000,1428.928000,1831.941085,1,ok,20896,18977,1,0.144017,0.010007,0.000349,0.088737,11.470618,2.439146,0.000135,21.458748,9.756177,0.691723,379.774477,0.004496,6.747474,425.679761,432.432080,434.163653,1.731573,434.317677
2288,vehicle1,1429.253000,1429.128000,1832.654407,1,ok,20763,18872,1,0.075020,0.006360,0.000324,0.080557,6.648160,1.705005,0.000225,19.781775,9.508758,0.875014,331.266946,0.005336,7.848584,369.866440,377.720684,378.339749,0.619065,378.421129
2289,vehicle1,1429.477000,1429.332000,1833.463944,1,ok,20695,18779,1,0.182880,0.007672,0.000328,0.089257,6.602207,1.641285,0.000176,21.468957,11.880000,0.898986,339.377634,0.015043,7.263327,381.958502,389.237200,389.818570,0.581370,390.009122
2290,vehicle1,1429.695000,1429.527000,1834.247060,1,ok,20624,18672,1,0.103634,0.006305,0.000516,0.046482,6.142492,2.293608,0.000219,23.618700,8.686679,0.674271,362.019730,0.004620,8.155738,403.482181,411.643055,412.065081,0.422026,412.175020
2291,vehicle1,1429.869000,1429.727000,1834.971151,1,ok,20519,18539,1,0.093677,0.005765,0.000154,0.061978,5.430696,1.792170,0.000201,23.946703,8.479390,0.813509,348.309367,0.004498,7.986093,388.834014,396.824759,397.309279,0.484520,397.408721
2292,vehicle1,1430.067000,1429.930000,1835.746753,1,ok,20424,18465,1,0.120688,0.011280,0.000271,0.077570,7.174607,1.738733,0.000165,21.793871,9.522804,0.890502,344.834110,0.003923,8.518563,386.032362,394.555119,395.143822,0.588703,395.275790
2293,vehicle1,1430.241000,1430.127000,1836.500486,1,ok,20349,18372,1,0.090074,0.017005,0.000364,0.057647,7.587843,2.108999,0.000090,20.003511,9.888985,0.754965,333.655894,0.004039,8.022067,374.057934,382.084404,382.556914,0.472510,382.663993
2294,vehicle1,1430.480000,1430.328000,1837.279137,1,ok,20332,18327,1,0.094436,0.004813,0.000425,0.068711,6.350404,1.556262,0.000104,19.413562,9.356177,0.786218,322.773151,0.072251,8.774748,360.304589,369.152013,369.822209,0.670196,369.921458
2295,vehicle1,1430.636000,1430.525000,1838.016048,1,ok,20273,18242,1,0.084961,0.011160,0.000309,0.063075,8.196942,1.849216,0.000089,21.759375,8.574296,0.686363,334.020505,0.004259,8.163699,375.149861,383.318128,383.606430,0.288302,383.702551
2296,vehicle1,1430.830000,1430.726000,1838.691078,1,ok,20149,18104,1,0.165813,0.007099,0.000205,0.072897,5.548118,1.359227,0.000088,17.308171,9.551293,0.713934,341.026630,0.003780,6.484210,375.580358,382.068553,382.408139,0.339586,382.581051
2297,vehicle1,1431.072000,1430.930000,1839.566305,1,ok,20009,17938,1,0.101748,0.009127,0.000251,0.059673,6.602249,1.443937,0.000132,19.899538,8.683517,0.677145,344.278967,0.004676,7.394144,381.645158,389.044229,389.690569,0.646340,389.801444
2298,vehicle1,1431.310000,1431.131000,1840.382126,1,ok,19811,17695,1,0.074939,0.005894,0.000318,0.070106,7.250457,1.450973,0.000079,20.908835,9.334064,0.677487,354.963471,0.015307,8.750152,394.655472,403.421249,403.948981,0.527732,404.029814
2299,vehicle1,1431.489000,1431.332000,1841.108628,1,ok,19663,17534,1,0.089646,0.009116,0.000185,0.071508,8.656679,1.781969,0.000138,24.187062,9.400453,0.665906,321.293016,0.014474,7.517057,366.056731,373.588447,374.065399,0.476952,374.164161
2300,vehicle1,1431.686000,1431.530000,1841.862235,1,ok,19499,17328,1,0.109887,0.007587,0.000412,0.065382,6.703053,1.333204,0.000099,19.258877,10.578375,0.681285,327.489271,0.004326,7.865003,366.109546,373.979287,374.502683,0.523396,374.620157
2301,vehicle1,1431.918000,1431.728000,1842.652094,1,ok,19381,17166,1,0.096693,1.109757,0.000428,0.076387,6.855709,1.261658,0.000086,21.104010,9.108845,0.673819,354.973660,0.014208,8.684043,394.054174,402.752853,403.294497,0.541644,404.500947
2302,vehicle1,1432.082000,1431.930000,1843.384622,1,ok,19350,17098,1,0.083717,0.006563,0.000202,0.065620,6.060677,1.222183,0.000110,21.766034,9.008790,0.686246,322.180368,0.068683,6.933055,360.990028,367.991968,368.395229,0.403261,368.485509
2303,vehicle1,1432.245000,1432.132000,1844.135932,1,ok,19339,17003,1,0.157328,0.007815,0.000186,0.074461,9.443758,1.524234,0.000089,20.917580,9.981300,0.698872,320.353877,0.004559,7.895992,362.994171,370.894908,371.375187,0.480279,371.540330
2304,vehicle1,1432.438000,1432.333000,1844.890711,1,ok,19277,16838,1,0.174377,0.009234,0.000209,0.080550,7.297264,1.121436,0.000069,17.943519,8.767205,0.969415,294.469119,0.004592,8.809064,330.648577,339.462442,340.183644,0.721202,340.367255
2305,vehicle1,1432.639000,1432.533000,1845.699442,1,ok,19311,16764,1,0.169693,0.008035,0.000336,0.074270,6.383222,1.526342,0.000075,19.207406,8.628497,0.667851,307.421367,0.018675,8.602242,343.909030,352.530283,353.022644,0.492361,353.200372
2306,vehicle1,1432.834000,1432.731000,1846.452062,1,ok,19401,16710,1,0.279142,0.009272,0.000211,0.073563,8.397863,1.072261,0.000135,18.076729,9.685420,0.774527,282.279709,0.005212,6.171959,320.360207,326.537589,326.978637,0.441048,327.267051
2307,vehicle1,1433.057000,1432.933000,1847.262819,1,ok,19398,16623,1,0.164860,0.008206,0.000225,0.069729,7.746108,1.518944,0.000166,21.908960,11.093370,0.745631,315.041676,0.003780,8.886656,358.124584,367.015245,367.557502,0.542257,367.730568
2308,vehicle1,1433.265000,1433.131000,1848.036814,1,ok,19272,16410,1,0.061085,0.009148,0.000463,0.096334,10.406460,1.313888,0.000052,23.165359,10.934940,0.733144,326.230149,0.015837,10.627171,372.880326,383.523797,384.169163,0.645366,384.239396
2309,vehicle1,1433.454000,1433.329000,1848.829489,1,ok,19336,16345,1,0.159728,0.005575,0.000295,0.065637,8.355929,0.944552,0.000198,21.618479,11.632413,0.691817,315.832345,0.003564,7.800650,359.141370,366.945879,367.361445,0.415566,367.526748
2310,vehicle1,1433.637000,1433.532000,1849.603764,1,ok,19749,16490,1,0.190127,0.018010,0.000309,0.070592,8.975134,1.720805,0.000107,22.572440,10.298800,0.729868,308.530449,0.121523,7.256335,352.898195,360.276362,361.151010,0.874648,361.359147
2311,vehicle1,1433.854000,1433.729000,1850.378993,1,ok,20207,16704,1,0.077995,0.008001,0.000323,0.085951,9.566217,1.124978,0.000142,21.045832,9.887450,0.705710,299.381375,0.065652,7.043801,341.797655,348.907431,349.626303,0.718872,349.712299
2312,vehicle1,1434.032000,1433.931000,1851.122103,1,ok,20735,16875,1,0.101457,0.006716,0.000272,0.074075,10.596312,1.078963,0.000105,21.774304,12.300713,0.717020,299.586525,0.004385,6.615495,346.128017,352.748169,353.145001,0.396832,353.253174
2313,vehicle1,1434.246000,1434.133000,1851.917259,1,ok,21411,17110,1,0.225125,0.012446,0.000159,0.086465,9.755498,0.857280,0.000026,24.778452,13.018947,0.791231,299.864335,0.003916,9.075688,349.152234,358.231997,358.846051,0.614054,359.083622
2314,vehicle1,1434.444000,1434.333000,1852.687225,1,ok,21996,17300,1,0.075065,0.007015,0.000299,0.084472,8.590945,1.124479,0.000101,24.300974,12.624265,0.690331,290.877213,0.005154,11.618324,338.292780,349.916557,350.244783,0.328226,350.326863
2315,vehicle1,1434.746000,1434.628000,1853.766048,1,ok,22365,17328,1,0.302373,0.008508,0.000240,0.087972,9.234599,1.365777,0.000152,26.902877,12.247425,0.705345,291.912354,0.003907,9.807756,342.456501,352.268404,353.114171,0.845767,353.425052
2316,vehicle1,1434.938000,1434.831000,1854.530132,1,ok,22599,17321,1,0.114462,0.007928,0.000175,0.084816,9.901223,0.850047,0.000054,26.110418,13.629561,0.702521,282.965661,0.014633,7.256564,334.244301,341.515673,341.900629,0.384956,342.023019
2317,vehicle1,1435.155000,1435.031000,1855.315240,1,ok,22812,17313,1,0.109839,0.006281,0.000296,0.097882,10.012640,1.178776,0.000389,28.465416,13.113952,0.683961,288.627592,0.004327,8.264547,342.180608,350.449778,351.074873,0.625095,351.190993
2318,vehicle1,1435.389000,1435.228000,1856.109592,1,ok,22939,17309,1,0.094745,0.006970,0.000393,0.072457,10.958175,0.886920,0.000072,29.408564,16.597272,0.715946,318.957975,0.010538,7.297263,377.597381,384.905575,385.607622,0.702047,385.709337
2319,vehicle1,1435.600000,1435.430000,1856.875096,1,ok,23010,17299,1,0.107671,0.007121,0.000201,0.096794,10.805332,1.087812,0.000105,28.321185,14.901766,0.696481,327.025688,0.004559,7.027228,382.935163,389.967151,390.557106,0.589955,390.671898
2320,vehicle1,1435.807000,1435.633000,1857.622563,1,ok,23004,17261,1,0.315158,0.007899,0.000204,0.119746,8.632889,1.063718,0.000333,26.831090,14.021374,0.722522,318.831128,0.004410,6.917836,370.222800,377.145250,377.643928,0.498678,377.966985
2321,vehicle1,1435.995000,1435.831000,1858.391449,1,ok,23080,17208,1,0.116047,0.005110,0.000191,0.061807,8.805350,1.230266,0.000087,30.075317,14.307751,0.705213,333.030140,0.024383,7.263045,388.215931,395.503550,396.055680,0.552130,396.176837
2322,vehicle1,1436.213000,1436.032000,1859.165670,1,ok,23105,17084,1,0.238481,0.007431,0.000201,0.089744,11.006430,1.582053,0.000266,30.600130,14.584217,0.726781,332.669733,0.004234,8.435985,391.259354,399.699774,400.235317,0.535543,400.481229
2323,vehicle1,1436.422000,1436.232000,1859.939212,1,ok,23238,17104,1,0.195464,0.008823,0.000217,0.106915,19.423713,1.943124,0.000131,35.702579,14.971093,0.718460,349.690158,0.013654,8.196260,422.556173,430.766304,431.527977,0.761673,431.732264
2324,vehicle1,1436.623000,1436.430000,1860.722910,1,ok,23378,17169,1,0.199973,0.005470,0.000172,0.081000,16.448504,2.417197,0.000344,32.219974,17.896104,0.735418,363.852007,0.004146,6.205140,433.650548,439.860006,440.404677,0.544671,440.610120
2325,vehicle1,1436.825000,1436.630000,1861.456148,1,ok,23513,17264,1,0.114009,0.005755,0.000165,0.062061,16.213091,1.580264,0.000130,32.538881,15.476952,0.703946,366.951777,0.004770,8.687775,433.527102,442.219812,442.689006,0.469194,442.808770
2326,vehicle1,1437.026000,1436.835000,1862.275042,1,ok,23649,17389,1,0.108328,0.004327,0.000347,0.061582,20.380135,1.463063,0.000078,38.571822,18.064973,0.726525,409.602621,0.038280,7.183564,488.870799,496.092990,496.685885,0.592895,496.798540
2327,vehicle1,1437.222000,1437.032000,1863.032496,1,ok,23983,17642,1,0.117754,0.011707,0.000212,0.087364,23.541128,2.357506,0.000092,36.979200,19.706835,0.737805,431.374536,0.003892,8.982181,514.784466,523.770751,524.403736,0.632985,524.533197
2328,vehicle1,1437.424000,1437.229000,1863.797865,1,ok,24355,17844,1,0.158661,0.010549,0.000284,0.107714,23.053407,2.009759,0.000064,35.976348,20.834303,1.072168,422.424217,0.003593,8.810766,505.477980,514.292623,514.995378,0.702755,515.164588
2329,vehicle1,1437.628000,1437.433000,1864.568711,1,ok,24652,18048,1,0.207920,0.004520,0.000234,0.067188,14.460864,1.326208,0.000100,36.708287,15.088350,0.699021,440.642921,0.004108,6.680290,508.992939,515.677571,515.982109,0.304538,516.194549
2330,vehicle1,1437.831000,1437.631000,1865.335394,1,ok,24940,18298,1,0.219470,0.007400,0.000270,0.106859,21.379516,3.099479,0.000132,35.639112,16.130184,0.718255,439.288039,0.004151,6.840750,516.361576,523.206747,523.978569,0.771822,524.205439
2331,vehicle1,1438.023000,1437.831000,1866.078539,1,ok,25197,18495,1,0.227300,0.007768,0.000241,0.114120,13.158418,1.370774,0.000168,34.201284,18.703214,0.870903,436.316045,0.006160,8.969033,504.734926,513.710360,514.307202,0.596842,514.542270
2332,vehicle1,1438.231000,1438.031000,1866.879804,1,ok,25503,18685,1,0.105563,0.004288,0.000181,0.069073,14.046223,2.001637,0.000110,36.828012,15.548171,0.758200,447.186965,0.023607,8.587228,516.438391,525.049407,525.393360,0.343953,525.503211
2333,vehicle1,1438.430000,1438.231000,1867.648428,1,ok,25871,18941,1,0.182263,0.007132,0.000358,0.113817,15.965751,2.459345,0.000091,41.429451,20.134530,0.720255,459.969964,0.010942,8.450803,540.793204,549.255307,549.618776,0.363469,549.808171
2334,vehicle1,1438.629000,1438.430000,1868.402843,1,ok,26285,19200,1,0.222235,0.004608,0.000170,0.075270,17.347240,1.756991,0.000118,40.597569,19.429597,0.706766,459.111932,0.004328,6.509624,539.025483,545.539605,545.955060,0.415455,546.181903
2335,vehicle1,1438.829000,1438.629000,1869.153884,1,ok,26643,19437,1,0.106477,0.009727,0.000395,0.143549,19.377067,1.583284,0.000112,35.301829,19.495434,0.818122,444.000179,0.013962,7.024422,520.719576,527.758355,528.446897,0.688542,528.563101
2336,vehicle1,1439.030000,1438.832000,1869.953440,1,ok,27102,19672,1,0.162652,0.041638,0.000572,0.125160,16.263129,2.787134,0.000128,41.796119,18.525067,0.899937,476.965482,0.003753,6.205729,557.362156,563.572210,564.153036,0.580826,564.357326
2337,vehicle1,1439.225000,1439.030000,1870.670243,1,ok,27557,19927,1,0.221194,0.006364,0.000391,0.132988,16.000933,2.698637,0.000109,35.156359,17.700125,0.693433,456.826116,0.019319,7.486218,529.208700,536.714628,537.093436,0.378808,537.320994
2338,vehicle1,1439.432000,1439.232000,1871.472989,1,ok,27931,20176,1,0.218399,0.005845,0.000147,0.077915,23.473029,2.920440,0.000096,38.367024,20.149689,0.724680,478.191330,0.011871,7.749906,563.904203,571.666127,571.957093,0.290966,572.181337
2339,vehicle1,1439.632000,1439.432000,1872.232590,1,ok,28094,20314,1,0.111857,0.009787,0.000285,0.146165,16.201312,1.893992,0.000262,35.817608,18.737124,0.967017,467.752716,0.005766,7.651737,541.516196,549.173984,550.159609,0.985625,550.281253
2340,vehicle1,1439.832000,1439.632000,1873.020413,1,ok,28323,20450,1,0.245420,0.008115,0.000443,0.160765,16.417000,2.334342,0.000094,41.223704,18.706124,0.937121,481.875537,0.005037,6.889137,561.654687,568.549304,569.067726,0.518422,569.321261
2341,vehicle1,1440.031000,1439.833000,1873.805308,1,ok,28477,20593,1,0.201010,0.006365,0.000233,0.128868,15.047150,3.282592,0.000078,39.060358,18.371246,0.737753,476.977012,0.004580,7.962374,553.605057,561.572244,563.002858,1.430614,563.210233
2342,vehicle1,1440.231000,1440.031000,1874.569073,1,ok,28448,20589,1,0.138630,0.004068,0.000145,0.079157,15.665497,1.910429,0.000072,42.186882,18.574150,0.716582,477.121627,0.004509,7.380059,556.254396,563.639109,564.234276,0.595167,564.376974
2343,vehicle1,1440.428000,1440.231000,1875.371473,1,ok,28477,20548,1,0.237245,0.005966,0.000158,0.124248,15.680852,2.825218,0.000089,38.242459,18.606977,0.840739,488.577384,0.003531,6.169068,564.897966,571.070723,571.463019,0.392296,571.706230
2344,vehicle1,1440.632000,1440.428000,1876.110479,1,ok,28498,20557,1,0.122389,0.009881,0.004943,0.088677,19.342724,3.023466,0.000116,36.827061,18.312690,0.780783,467.709673,0.011945,6.547146,546.085190,552.649224,552.964793,0.315569,553.097063
2345,vehicle1,1440.833000,1440.632000,1876.884021,1,ok,28390,20471,1,0.143912,0.020624,0.000139,0.121777,21.334460,2.851862,0.000197,40.259716,18.288319,0.753526,477.549940,0.003677,7.440629,561.159797,568.604242,569.138057,0.533815,569.302593
2346,vehicle1,1441.034000,1440.833000,1877.616239,1,ok,28179,20331,1,0.225477,0.006149,0.000191,0.080056,11.528011,6.344692,0.000087,35.335258,16.627926,0.924962,458.868163,0.003912,6.189523,529.709155,535.902781,536.185445,0.282664,536.417071
2347,vehicle1,1441.223000,1441.034000,1878.340819,1,ok,28003,20195,1,0.257717,2.394012,0.000255,0.099531,10.557946,2.154664,0.000166,34.155957,15.902578,0.824329,434.216334,0.004608,8.243558,497.911505,506.159926,506.727476,0.567550,509.379205
2348,vehicle1,1441.423000,1441.231000,1879.129135,1,ok,27866,20080,1,0.135486,0.023378,0.000206,0.113857,11.265461,2.111535,0.000088,33.487272,16.540705,0.728196,441.424558,0.004247,6.936845,505.671672,512.612970,513.129362,0.516392,513.288226
2349,vehicle1,1441.620000,1441.425000,1879.875062,1,ok,27813,19982,1,0.143345,0.005164,0.000267,0.079427,13.088892,3.055668,0.000276,35.654121,17.968615,0.990163,442.258076,0.005238,9.269563,513.095238,522.370306,523.110096,0.739790,523.258605
2350,vehicle1,1441.826000,1441.629000,1880.668446,1,ok,27708,19837,1,0.154661,0.005791,0.000209,0.123031,10.410826,2.352991,0.000102,31.307171,16.397008,0.716222,428.757919,0.016242,8.086874,490.065270,498.168595,499.217515,1.048920,499.377967
2351,vehicle1,1442.023000,1441.833000,1881.452976,1,ok,27595,19654,1,0.140697,0.007334,0.000366,0.131160,12.743599,3.240941,0.000106,32.879806,13.419561,0.708529,435.790744,0.003550,6.196998,498.914446,505.115360,505.561815,0.446455,505.709846
2352,vehicle1,1442.224000,1442.028000,1882.218140,1,ok,27425,19494,1,0.346814,0.007991,0.000309,0.126002,11.100651,2.259984,0.000074,30.459156,14.069707,0.693963,428.310758,0.003786,6.186638,487.020295,493.211028,493.556249,0.345221,493.911054
2353,vehicle1,1442.422000,1442.231000,1883.005159,1,ok,27244,19392,1,0.226138,0.013148,0.000270,0.121845,10.572123,2.768762,0.000088,32.646400,16.030916,0.705233,424.604895,0.004399,11.507705,487.450262,498.962636,499.275974,0.313338,499.515260
2354,vehicle1,1442.622000,1442.430000,1883.761379,1,ok,27046,19317,1,0.123671,0.009731,0.000405,0.154891,9.541971,2.327683,0.000143,38.177129,12.028625,0.700586,413.148437,0.003865,6.599851,476.079465,482.683586,483.016601,0.333015,483.150003
2355,vehicle1,1442.824000,1442.629000,1884.531746,1,ok,26849,19197,1,0.175479,0.011716,0.000370,0.120948,11.344898,2.481362,0.000130,32.353228,13.186764,0.926113,403.287072,0.004517,7.565730,463.700515,471.271132,471.665237,0.394105,471.852432
2356,vehicle1,1443.023000,1442.837000,1885.298685,1,ok,26642,19105,1,0.186333,0.005079,0.000180,0.077771,8.021120,2.414754,0.000092,30.691241,12.158650,0.733100,401.551767,0.011961,7.516107,455.648495,463.176743,463.418732,0.241989,463.610144
2357,vehicle1,1443.223000,1443.028000,1886.101366,1,ok,26410,18982,1,0.096005,0.004530,0.000189,0.079498,10.684231,3.283518,0.000222,37.120919,16.474470,0.863611,417.147525,0.004368,6.342719,485.653994,492.001270,492.651139,0.649869,492.751674
2358,vehicle1,1443.424000,1443.230000,1886.874308,1,ok,26303,18933,1,0.090224,0.004446,0.000202,0.076749,11.860957,3.814467,0.000099,34.082629,13.410070,0.696868,388.122730,0.005992,7.529140,452.064569,459.599903,460.209398,0.609495,460.304068
2359,vehicle1,1443.624000,1443.433000,1887.627725,1,ok,26049,18778,1,0.137062,0.007929,0.000230,0.104210,11.935109,3.998456,0.000132,39.898950,15.448019,0.710052,383.673033,0.003776,6.751306,455.767961,462.523273,462.837476,0.314203,462.982467
2360,vehicle1,1443.824000,1443.632000,1888.350594,1,ok,25745,18593,1,0.069726,0.009029,0.000336,0.130776,13.095182,3.894746,0.000139,29.717680,14.584513,0.783483,377.842126,0.003814,7.714426,440.048645,447.767221,448.110961,0.343740,448.189716
2361,vehicle1,1444.024000,1443.832000,1889.111416,1,ok,25447,18452,1,0.087129,0.006174,0.000283,0.109305,10.416266,4.042583,0.000092,31.991526,14.330553,0.698521,364.785797,0.011403,6.852530,426.374643,433.238859,433.537045,0.298186,433.630348
2362,vehicle1,1444.226000,1444.032000,1889.879945,1,ok,25215,18371,1,0.128319,0.004635,0.000210,0.068426,12.488647,5.910450,0.000092,28.229442,14.997239,0.690227,366.452444,0.014600,6.853063,428.836967,435.704840,436.120929,0.416089,436.253883
2363,vehicle1,1444.425000,1444.235000,1890.643528,1,ok,24964,18267,1,0.096923,0.005249,0.000214,0.070472,10.959473,4.314206,0.000160,34.939609,15.204726,0.992598,370.221659,0.003892,6.172877,436.702903,442.879886,443.360344,0.480458,443.462516
2364,vehicle1,1444.602000,1444.431000,1891.366765,1,ok,24787,18152,1,0.249214,0.009038,0.000312,0.077961,10.804826,3.538593,0.000107,27.385118,11.711851,0.708868,334.462061,0.014738,11.247428,388.689385,399.951863,400.558814,0.606951,400.817066
2365,vehicle1,1444.817000,1444.629000,1892.163493,1,ok,24599,18081,1,0.100754,0.012656,0.000607,0.091481,10.971380,3.297680,0.000083,31.254329,12.219404,0.710498,355.507114,0.003557,8.608838,414.051969,422.664971,423.036955,0.371984,423.150365
2366,vehicle1,1445.022000,1444.829000,1892.925338,1,ok,24395,18031,1,0.093486,0.006237,0.000342,0.100599,7.939620,3.679198,0.000092,29.090275,13.251174,0.717037,353.605670,0.003702,6.957540,408.383665,415.345249,415.764308,0.419059,415.864031
2367,vehicle1,1445.191000,1445.033000,1893.662410,1,ok,24257,18045,1,0.121642,0.008857,0.000229,0.102510,6.326785,3.197695,0.000073,26.990128,11.174752,0.676429,310.750487,0.005107,9.113656,359.218859,368.337851,368.659461,0.321610,368.789960
2368,vehicle1,1445.347000,1445.230000,1894.422006,1,ok,24083,18006,1,0.098767,0.010071,0.000192,0.089921,6.120924,3.247096,0.000124,24.436866,8.168828,0.687479,290.925152,0.011555,9.112855,333.676390,342.800992,343.086608,0.285616,343.195446
2369,vehicle1,1445.608000,1445.433000,1895.237112,1,ok,23949,18011,1,0.346337,0.007308,0.000174,0.094424,8.049919,4.299984,0.000099,28.261195,11.336011,0.945741,336.814536,0.003666,7.467373,389.801909,397.273122,397.838208,0.565086,398.191853
2370,vehicle1,1445.786000,1445.626000,1895.972573,1,ok,23796,17977,1,0.102851,0.006962,0.000336,0.111615,7.832502,5.414307,0.000148,27.225580,12.614172,0.817085,340.398464,0.003232,6.936249,394.413873,401.353690,401.783837,0.430147,401.893650
2371,vehicle1,1445.991000,1445.832000,1896.738785,1,ok,23782,17995,1,0.116207,0.004700,0.000135,0.060169,7.518706,4.652816,0.000111,27.117114,12.729998,0.779424,337.886818,0.004954,9.151802,390.745156,399.902047,400.497044,0.594997,400.617951
2372,vehicle1,1446.189000,1446.032000,1897.509060,1,ok,23766,17975,1,0.198294,0.007157,0.000320,0.105868,6.701483,3.347822,0.000077,26.344257,9.309654,0.693536,328.359787,0.004887,8.935017,374.862484,383.802708,384.148398,0.345690,384.353849
2373,vehicle1,1446.410000,1446.233000,1898.302255,1,ok,23762,18008,1,0.124386,0.006249,0.000187,0.110513,9.799331,4.607965,0.000138,32.537757,15.696763,1.081859,339.662379,0.011425,10.610764,403.496705,414.119081,414.612710,0.493629,414.743345
2374,vehicle1,1446.600000,1446.430000,1899.050625,1,ok,23676,17966,1,0.211221,0.008254,0.000193,0.099031,7.377066,3.336239,0.000049,25.403680,10.467383,8.509195,330.927334,0.003597,6.599120,386.119977,392.722887,393.030572,0.307685,393.250047
2375,vehicle1,1446.795000,1446.632000,1899.815697,1,ok,23523,17962,1,0.227481,0.007192,0.000266,0.062708,8.523147,4.518430,0.000250,28.860083,12.014480,0.866524,347.079119,0.003518,6.811363,401.924741,408.739888,409.359959,0.620071,409.594632
2376,vehicle1,1446.982000,1446.833000,1900.572891,1,ok,23277,17921,1,0.108286,0.004783,0.000223,0.057735,7.721286,4.160136,0.000083,28.121813,11.493113,0.918921,332.968671,0.004972,8.896267,385.441758,394.343220,395.108986,0.765766,395.222055
2377,vehicle1,1447.212000,1447.031000,1901.363733,1,ok,22995,17910,1,0.112242,0.005731,0.000402,0.089532,11.334369,4.628474,0.000110,31.901253,12.834165,0.694119,344.646890,0.003981,7.617120,406.128912,413.750415,414.060208,0.309793,414.178181
2378,vehicle1,1447.392000,1447.234000,1902.095399,1,ok,22745,17849,1,0.364814,0.008688,0.000176,0.084511,7.247042,4.342566,0.000095,25.760851,10.444400,0.902020,325.353068,0.008077,12.939522,374.134553,387.082328,387.636749,0.554421,388.010251
2379,vehicle1,1447.619000,1447.433000,1902.860548,1,ok,22475,17761,1,0.193661,0.007127,0.000316,0.093729,8.920242,5.375649,0.000095,27.855107,13.373047,0.695653,346.326965,0.015333,7.674825,402.640487,410.330961,410.728093,0.397132,410.928881
2380,vehicle1,1447.793000,1447.630000,1903.574510,1,ok,22334,17778,1,0.217406,0.005354,0.000195,0.054304,5.639452,7.372971,0.000081,24.087666,11.442067,0.692663,301.585807,0.002780,7.677503,350.875011,358.555489,358.970539,0.415050,359.193299
2381,vehicle1,1447.951000,1447.831000,1904.307559,1,ok,22058,17683,1,0.170368,0.004177,0.000161,0.050682,5.859229,4.287394,0.000084,28.151522,10.649224,0.816561,303.671438,0.003468,7.260315,353.486134,360.750078,361.380510,0.630432,361.555055
2382,vehicle1,1448.150000,1448.033000,1905.047938,1,ok,21886,17629,1,0.092337,0.006357,0.000431,0.071218,6.372830,4.565372,0.000102,26.780122,9.305735,0.767325,271.421301,0.003978,6.867912,319.284005,326.156326,326.639700,0.483374,326.738394
2383,vehicle1,1448.425000,1448.241000,1905.743902,1,ok,21751,17552,1,0.188535,0.006572,0.000204,0.067544,6.959439,4.082486,0.000097,25.246891,8.458976,0.739656,237.463002,0.003432,7.192519,283.018091,290.214246,290.477932,0.263686,290.673039
2384,vehicle1,1448.639000,1448.532000,1906.744092,1,ok,21784,17625,1,0.101605,0.004462,0.000196,0.052915,6.549009,5.585670,0.000080,30.578851,10.539077,0.892345,275.387023,0.016938,8.024544,329.584970,337.626648,338.138850,0.512202,338.244917
2385,vehicle1,1448.838000,1448.730000,1907.457021,1,ok,21791,17747,1,0.097440,0.006017,0.000185,0.058754,7.913231,6.194659,0.000094,26.395763,12.116810,0.871079,244.332765,0.004230,6.122609,297.883155,304.010179,304.404394,0.394215,304.507851
2386,vehicle1,1449.040000,1448.935000,1908.209257,1,ok,21743,17880,1,0.224647,0.008552,0.000168,0.098069,5.923066,4.321089,0.000076,28.190922,11.933881,0.717250,235.979313,0.029146,8.366241,287.163666,295.559221,296.026218,0.466997,296.259417
2387,vehicle1,1449.238000,1449.132000,1908.971178,1,ok,21812,18102,1,0.187460,0.329295,0.000193,0.086927,7.925483,4.957142,0.000087,31.215630,10.207456,0.677416,242.575659,0.003428,6.174643,297.645800,303.824064,304.093542,0.269478,304.610297
2388,vehicle1,1449.441000,1449.332000,1909.694154,1,ok,21862,18318,1,0.096890,0.004209,0.000328,0.057726,6.556305,5.446720,0.000115,26.243392,9.764947,0.728666,206.943784,0.004027,7.750881,255.741655,263.496891,263.859850,0.362959,263.960949
2389,vehicle1,1449.631000,1449.534000,1910.481806,1,ok,21943,18528,1,0.159379,0.009847,0.000439,0.086271,8.154034,5.936993,0.000322,28.546368,11.620112,0.943770,205.933425,0.017855,6.647774,261.221295,267.887363,268.301389,0.414026,268.470615
2390,vehicle1,1449.842000,1449.732000,1911.262024,1,ok,21979,18663,1,0.081580,0.006653,0.000401,0.088073,7.253325,6.431691,0.000138,28.840001,8.221484,0.893963,195.956925,0.013437,7.510825,247.685600,255.210263,255.523907,0.313644,255.612140
2391,vehicle1,1450.047000,1449.932000,1912.030409,1,ok,22134,18852,1,0.447530,0.014003,0.000245,0.098643,5.717618,4.700588,0.000088,25.679105,9.770619,0.864278,201.191821,0.004454,10.427695,248.022760,258.455154,259.097633,0.642479,259.559166
2392,vehicle1,1450.241000,1450.132000,1912.764792,1,ok,22285,18994,1,0.082510,0.006756,0.000282,0.089045,6.857136,5.374787,0.000106,29.282746,10.567352,0.743288,204.219659,0.004025,8.056475,257.134119,265.194901,265.559464,0.364563,265.648730
2393,vehicle1,1450.439000,1450.334000,1913.554632,1,ok,22438,19135,1,0.116534,0.004335,0.000276,0.060769,6.851224,5.293672,0.000206,32.915773,10.043898,0.761069,222.335039,0.003568,6.714934,278.261650,284.980428,285.225105,0.244677,285.345974
2394,vehicle1,1450.636000,1450.532000,1914.292748,1,ok,22595,19293,1,0.197258,0.011664,0.000287,0.093786,6.744466,4.919240,0.000162,30.694596,11.155930,0.750893,207.644654,0.004718,6.534575,262.003727,268.543307,268.829189,0.285882,269.038111
2395,vehicle1,1450.839000,1450.730000,1915.063458,1,ok,22768,19465,1,0.222738,0.011611,0.000317,0.080281,9.964472,4.835324,0.000100,27.338689,13.698145,0.954190,220.148526,0.013705,8.276324,277.019727,285.310073,285.701214,0.391141,285.935563
2396,vehicle1,1451.041000,1450.934000,1915.846542,1,ok,22993,19660,1,0.148620,0.926555,0.000351,0.090615,10.303529,5.606437,0.000087,30.765678,8.988025,0.679381,201.324361,0.004452,7.063097,257.758113,264.826013,265.078207,0.252194,266.153382
2397,vehicle1,1451.235000,1451.131000,1916.628279,1,ok,23298,19929,1,0.147647,0.007233,0.000133,0.093479,8.649292,6.246960,0.000270,33.981399,11.656160,0.777763,229.271028,0.004068,6.881629,290.676351,297.562181,297.829191,0.267010,297.984071
2398,vehicle1,1451.436000,1451.336000,1917.404921,1,ok,23581,20140,1,0.174652,0.006880,0.000261,0.096744,10.333339,5.750400,0.000080,33.007496,9.666566,0.915191,217.095392,0.006643,8.771952,276.865208,285.644064,286.081891,0.437827,286.263423
2399,vehicle1,1451.644000,1451.533000,1918.142568,1,ok,23847,20347,1,0.189476,0.010722,0.000216,0.093532,11.782121,5.815505,0.000220,32.199107,14.003266,0.690221,202.358077,0.003851,8.038296,266.942049,274.984412,275.488827,0.504415,275.689025
2400,vehicle1,1451.842000,1451.733000,1918.940254,1,ok,24081,20527,1,0.098702,0.182314,0.000327,0.078482,8.032500,5.889868,0.000262,42.249122,14.319555,0.853011,218.851776,0.011718,7.314321,290.274576,297.600942,297.903113,0.302171,298.184129
2401,vehicle1,1452.039000,1451.931000,1919.674092,1,ok,24293,20704,1,0.255444,0.007172,0.000150,0.085525,8.239619,6.293973,0.000092,28.370459,11.178980,0.802449,208.288591,0.003491,7.824308,263.259688,271.087637,271.459132,0.371495,271.721748
2402,vehicle1,1452.238000,1452.132000,1920.477344,1,ok,24551,20921,1,0.227303,0.007486,0.000200,0.074829,8.642501,6.507816,0.000117,34.328215,9.605750,0.778685,229.697462,0.004679,7.567596,289.635375,297.207850,297.549435,0.341585,297.784224
2403,vehicle1,1452.439000,1452.331000,1921.230771,1,ok,24794,21118,1,0.118536,0.011568,0.000347,0.099458,10.597146,5.930466,0.000119,32.717793,13.087770,0.896600,217.815746,0.005120,7.655754,281.145098,288.806319,289.202363,0.396044,289.332467
2404,vehicle1,1452.637000,1452.531000,1921.989077,1,ok,24992,21232,1,0.179034,0.005759,0.000245,0.096807,8.855923,5.878390,0.000175,33.166839,13.187245,0.713697,212.305812,0.004244,6.426420,274.204888,280.635797,281.077912,0.442115,281.262705
2405,vehicle1,1452.838000,1452.730000,1922.787609,1,ok,25209,21439,1,0.250497,0.006310,0.000245,0.104277,12.021908,7.649151,0.000227,46.071654,15.275765,0.796299,212.475353,0.006875,6.538742,294.394634,300.940496,301.261757,0.321261,301.518564
2406,vehicle1,1453.037000,1452.932000,1923.521745,1,ok,25356,21491,1,0.221093,0.008411,0.000315,0.103101,9.371767,6.128439,0.000198,33.327904,10.175329,0.954051,199.714976,0.011890,8.812475,259.775765,268.600445,268.914454,0.314009,269.143958
2407,vehicle1,1453.241000,1453.131000,1924.305176,1,ok,25516,21606,1,0.138617,0.009586,0.000339,0.099663,9.193700,5.187814,0.000083,34.385981,10.109657,0.947835,206.887680,0.003475,7.003842,266.812413,273.820069,274.274174,0.454105,274.422377
2408,vehicle1,1453.438000,1453.329000,1925.076709,1,ok,25695,21698,1,0.121010,0.004893,0.000197,0.070547,8.708743,6.517211,0.000252,41.625837,14.289656,0.728916,190.995890,0.004570,6.192384,262.937052,269.134203,269.388945,0.254742,269.514848
2409,vehicle1,1453.633000,1453.532000,1925.836383,1,ok,25859,21787,1,0.116332,0.008666,0.000355,0.107076,14.665852,5.936368,0.000082,33.696048,15.279934,0.967842,201.644179,0.004378,8.312130,272.297381,280.614244,281.996958,1.382714,282.121956
2410,vehicle1,1453.833000,1453.731000,1926.602745,1,ok,25998,21913,1,0.178717,0.006497,0.000155,0.117158,10.770585,7.693350,0.000144,36.403474,15.191011,0.905501,185.987133,0.003972,7.560094,257.068356,264.632577,264.938314,0.305737,265.123528
2411,vehicle1,1454.041000,1453.932000,1927.387245,1,ok,26026,21938,1,0.294675,0.009278,0.000208,0.098376,12.106191,5.933113,0.000132,41.499623,13.222976,0.899802,200.299109,0.012169,7.618836,274.059322,281.690535,281.994201,0.303666,282.298154
2412,vehicle1,1454.238000,1454.131000,1928.145705,1,ok,26023,21916,1,0.108364,0.018605,0.000388,0.099858,10.686885,6.193262,0.000076,38.187627,13.357451,0.742944,212.667892,0.003584,6.162078,281.935995,288.102045,288.609246,0.507201,288.736215
2413,vehicle1,1454.438000,1454.331000,1928.936333,1,ok,26058,21906,1,0.217725,0.609851,0.000293,0.088479,8.412835,5.294552,0.000108,33.777827,13.109735,0.821911,199.589295,0.004065,6.748134,261.094742,267.847234,268.102865,0.255631,268.930441
2414,vehicle1,1454.633000,1454.531000,1929.678033,1,ok,26052,21817,1,0.135200,0.009189,0.000214,0.097112,10.264453,5.863867,0.000080,39.612134,14.708892,0.722747,189.455349,0.003597,7.023974,260.724634,267.752419,268.007160,0.254741,268.151549
2415,vehicle1,1454.838000,1454.732000,1930.487641,1,ok,26110,21839,1,0.107920,0.610390,0.000281,0.113912,13.966288,5.953407,0.000147,40.421313,16.591424,0.722167,206.176378,0.010720,6.496327,283.945036,290.452364,290.835683,0.383319,291.553993
2416,vehicle1,1455.039000,1454.933000,1931.244333,1,ok,26216,21892,1,0.093320,0.009028,0.000370,0.121605,10.428020,5.938498,0.000093,37.971912,14.975522,0.938598,198.156570,0.003990,7.234434,268.530818,275.769612,276.110823,0.341211,276.213171
2417,vehicle1,1455.234000,1455.130000,1931.997161,1,ok,26197,21835,1,0.195815,0.005555,0.000187,0.075174,8.857238,6.572067,0.000090,35.943629,12.524148,0.701871,190.523516,0.011906,8.356032,255.197733,263.565858,263.787008,0.221150,263.988378
2418,vehicle1,1455.438000,1455.334000,1932.749130,1,ok,26134,22212,1,0.421763,0.007062,0.000222,0.104921,7.618660,6.009871,0.000111,45.409740,11.827969,0.943732,175.676954,0.005213,6.768848,247.591958,254.366241,254.819463,0.453222,255.248288
2419,vehicle1,1455.633000,1455.533000,1933.509262,1,ok,26149,22366,1,0.132365,0.012872,0.000114,0.080272,12.857767,7.129946,0.000172,37.535615,14.134213,0.757288,178.068318,0.003664,7.352953,250.563591,257.920322,258.274270,0.353948,258.419507
2420,vehicle1,1455.839000,1455.734000,1934.347585,1,ok,26224,22468,1,0.135457,0.006040,0.000207,0.118384,21.018213,8.491014,0.000227,41.268743,13.671557,0.743188,218.659439,0.006309,6.884293,303.970765,310.861574,311.417158,0.555584,311.558655
2421,vehicle1,1456.039000,1455.931000,1935.075535,1,ok,26275,22492,1,0.131162,0.004227,0.000165,0.058465,8.300591,6.482953,0.000079,35.656213,11.926482,1.050830,206.380708,0.003631,6.259241,269.856321,276.119358,276.413342,0.293984,276.548731
2422,vehicle1,1456.240000,1456.130000,1935.857542,1,ok,26079,22342,1,0.116695,0.004851,0.000202,0.058432,10.103683,5.840955,0.000084,39.636382,11.629583,0.974208,211.344063,0.011325,6.264683,279.587390,285.863600,286.141727,0.278127,286.263273
2423,vehicle1,1456.440000,1456.330000,1936.621408,1,ok,25837,22188,1,0.185704,0.008912,0.000258,0.100067,12.143390,6.735707,0.000107,38.259058,12.261334,0.720596,201.220982,0.004276,6.183836,271.441241,277.629611,277.861182,0.231571,278.055798
2424,vehicle1,1456.635000,1456.534000,1937.363166,1,ok,25753,22158,1,0.122394,0.012184,0.000175,0.092296,7.094253,7.585219,0.000094,33.344119,11.546395,0.940949,192.783798,0.003827,7.200122,253.387123,260.591247,261.348954,0.757707,261.483532
2425,vehicle1,1456.842000,1456.736000,1938.152573,1,ok,25713,22094,1,0.107190,0.007252,0.000335,0.077673,9.060611,7.842198,0.000303,36.762835,14.782675,0.758066,205.239548,0.004334,7.526874,274.523909,282.055452,282.635539,0.580087,282.749981
2426,vehicle1,1457.042000,1456.933000,1938.899688,1,ok,25641,21952,1,0.126521,0.029668,0.000108,0.090003,9.118254,6.423322,0.000101,33.537685,9.703990,0.703898,188.392790,0.027399,6.761875,247.970043,254.759425,255.022914,0.263489,255.179103
2427,vehicle1,1457.239000,1457.134000,1939.666950,1,ok,25665,21883,1,0.113135,0.009928,0.000191,0.068415,9.678197,7.177760,0.000109,38.668961,12.141850,0.736309,211.945493,0.004203,6.898556,280.417094,287.320044,289.069011,1.748967,289.192074
2428,vehicle1,1457.441000,1457.331000,1940.464009,1,ok,25583,21804,1,0.126608,0.004469,0.000114,0.054593,8.556607,6.596679,0.000145,37.402978,12.056585,0.700120,215.575365,0.020228,8.383700,280.943072,289.347114,289.631827,0.284713,289.762904
2429,vehicle1,1457.643000,1457.532000,1941.222539,1,ok,25511,21777,1,0.092489,0.011833,0.000206,0.058480,13.105289,5.915080,0.000075,41.188922,14.960562,0.792966,217.093192,0.003665,6.867435,293.114566,299.985872,300.307706,0.321834,300.412028
2430,vehicle1,1457.839000,1457.731000,1941.962016,1,ok,25455,21733,1,0.088935,0.006616,0.000246,0.092756,8.641248,6.355161,0.000103,37.245126,12.568504,0.747705,219.625214,0.003448,8.050334,285.275817,293.329845,293.688720,0.358875,293.784271
2431,vehicle1,1458.037000,1457.933000,1942.758364,1,ok,25483,21684,1,0.134644,0.008220,0.000283,0.072308,11.133640,6.265709,0.000128,35.494297,14.977002,0.802049,241.921968,0.003977,6.514897,310.667101,317.186258,317.545946,0.359688,317.688810
2432,vehicle1,1458.238000,1458.132000,1943.516558,1,ok,25448,21612,1,0.224197,0.006969,0.000319,0.098195,10.451698,6.642969,0.000081,39.336146,10.955987,0.708300,254.048126,0.003092,7.082873,322.241502,329.327786,329.713145,0.385359,329.944311
2433,vehicle1,1458.437000,1458.332000,1944.254933,1,ok,25361,21491,1,0.082071,0.088362,0.000174,0.122648,9.148478,6.507066,0.000090,33.928308,9.718572,0.798692,230.715257,0.003838,6.845443,290.939111,297.788566,298.418410,0.629844,298.588843
2434,vehicle1,1458.640000,1458.530000,1945.011279,1,ok,25301,21449,1,0.368231,0.012646,0.000538,0.090967,8.472397,6.740227,0.000087,32.831371,11.278765,0.682235,222.127493,0.011168,7.566377,282.223542,289.801625,290.107201,0.305576,290.488078
2435,vehicle1,1458.840000,1458.732000,1945.757642,1,ok,25322,21502,1,0.215452,0.005143,0.000184,0.058999,7.129214,7.078939,0.000096,35.041130,9.946048,1.005775,225.087628,0.003307,7.758280,285.347829,293.109600,293.568595,0.458995,293.789190
2436,vehicle1,1459.039000,1458.932000,1946.530697,1,ok,25304,21478,1,0.112797,0.005327,0.000168,0.063688,8.757935,8.538315,0.000098,34.013542,11.349391,0.785923,228.266762,0.004751,8.073545,291.775654,299.854118,300.218412,0.364294,300.336536
2437,vehicle1,1459.238000,1459.132000,1947.267477,1,ok,25298,21464,1,0.218591,0.006796,0.000291,0.083807,7.143851,6.556661,0.000129,33.877780,11.131493,0.710226,233.538559,0.003988,7.879546,293.042506,300.926331,301.429885,0.503554,301.655272
2438,vehicle1,1459.438000,1459.333000,1948.043682,1,ok,25286,21448,1,0.099823,0.007257,0.000373,0.123745,7.167627,8.949087,0.000158,32.625507,11.233082,0.705094,225.148958,0.005565,6.652695,285.953258,292.611891,292.905370,0.293479,293.012450
2439,vehicle1,1459.636000,1459.533000,1948.788058,1,ok,25307,21456,1,0.382384,0.014775,0.000188,0.086645,8.519153,6.203690,0.000094,37.690463,12.278265,0.879896,228.992147,0.004177,7.232899,294.650353,301.887617,302.209865,0.322248,302.607024
2440,vehicle1,1459.841000,1459.731000,1949.536476,1,ok,25311,21439,1,0.115805,0.006675,0.000200,0.053832,8.465266,7.185375,0.000176,39.829402,12.682360,0.767679,224.079732,0.012390,8.242115,293.063822,301.318527,301.590636,0.272109,301.713116
2441,vehicle1,1460.039000,1459.931000,1950.348640,1,ok,25303,21406,1,0.109392,0.034434,0.000248,0.077596,9.808221,6.338784,0.000076,36.010286,12.732381,0.697947,223.387200,0.004860,6.971126,289.052491,296.028725,296.330734,0.302009,296.474560
2442,vehicle1,1460.240000,1460.131000,1951.081696,1,ok,25239,21325,1,0.099342,0.004010,0.000228,0.054558,7.914774,8.106634,0.000081,35.146303,12.898119,0.767441,234.635040,0.003806,7.797306,299.522950,307.324290,307.701126,0.376836,307.804478
2443,vehicle1,1460.441000,1460.332000,1951.833420,1,ok,25279,21241,1,0.202102,0.005671,0.000138,0.053910,6.686235,6.664518,0.000115,35.569808,11.822885,0.727299,224.636682,0.013952,7.376670,286.161452,293.552212,293.782526,0.230314,293.990299
2444,vehicle1,1460.641000,1460.530000,1952.587371,1,ok,25376,21294,1,0.117656,0.070710,0.000192,0.095649,8.408293,6.333659,0.000133,39.296333,11.079586,0.932540,223.958525,0.004071,7.251160,290.104718,297.360141,297.623908,0.263767,297.812274
2445,vehicle1,1460.841000,1460.732000,1953.350423,1,ok,25363,21276,1,0.235175,1.777495,0.000453,0.095840,10.057172,6.135897,0.000310,35.878990,11.293113,0.804290,220.562128,0.016889,6.947537,284.827740,291.792619,292.157439,0.364820,294.170109
2446,vehicle1,1461.043000,1460.933000,1954.083210,1,ok,25367,21284,1,0.132854,0.004115,0.000211,0.052163,6.905798,7.643214,0.000101,32.844914,13.250193,0.917698,211.961402,1.599972,7.607438,273.575483,282.783104,283.117604,0.334500,283.254573
2447,vehicle1,1461.243000,1461.130000,1954.846328,1,ok,25445,21287,1,0.411932,0.011301,0.000213,0.085360,7.668507,9.284523,0.000102,35.742571,9.632679,0.684723,229.878052,0.004145,7.294087,292.976517,300.274962,300.505791,0.230829,300.929024
2448,vehicle1,1461.441000,1461.330000,1955.569498,1,ok,25581,21361,1,0.119632,0.007280,0.000258,0.088563,8.269749,7.093586,0.000119,32.120507,11.497632,0.743798,204.909921,0.004118,7.286587,264.723875,272.014838,272.269327,0.254489,272.396239
2449,vehicle1,1461.638000,1461.531000,1956.337826,1,ok,25677,21500,1,0.128667,0.004248,0.000329,0.056243,6.462974,8.498522,0.000076,40.572546,9.720676,0.696923,212.297590,0.004014,8.671566,278.305550,286.981459,287.190139,0.208680,287.323054
2450,vehicle1,1461.841000,1461.730000,1957.098236,1,ok,25737,21601,1,0.213654,0.009219,0.000405,0.109727,9.818197,7.937768,0.000096,35.719960,12.293682,0.982544,223.683994,0.014329,8.054427,290.545968,298.615129,299.026886,0.411757,299.249759
2451,vehicle1,1462.042000,1461.931000,1957.832028,1,ok,25826,21666,1,0.233363,0.005943,0.000202,0.050709,6.459834,7.623870,0.000116,37.064520,10.814909,1.055958,213.000611,0.003315,8.880578,276.070527,284.954622,285.281129,0.326507,285.520435
2452,vehicle1,1462.236000,1462.132000,1958.551620,1,ok,25882,21749,1,0.297083,0.006247,0.000216,0.087307,7.741853,7.387293,0.000106,35.653906,10.988649,0.700413,215.239759,0.003810,7.573826,277.799286,285.377138,285.597039,0.219901,285.900369
2453,vehicle1,1462.440000,1462.332000,1959.289882,1,ok,25892,21780,1,0.130283,0.005520,0.000258,0.090242,6.557148,6.966333,0.000072,35.711587,12.558999,0.905703,207.616501,0.003679,6.226724,270.406585,276.637246,277.118928,0.481682,277.254731
2454,vehicle1,1462.639000,1462.534000,1960.060906,1,ok,26018,21947,1,0.236115,0.007954,0.000244,0.106967,9.671819,8.707566,0.000075,36.880034,12.696665,0.891117,228.152974,0.004326,7.671711,297.107217,304.783498,305.084789,0.301291,305.328858
2455,vehicle1,1462.842000,1462.731000,1960.798511,1,ok,26142,22061,1,0.132471,0.006125,0.000178,0.063559,7.818180,9.368179,0.000113,37.009844,10.045010,0.704747,213.454100,0.012978,8.503348,278.463732,286.980236,287.196148,0.215912,287.334744
2456,vehicle1,1463.040000,1462.933000,1961.569241,1,ok,26172,22189,1,0.085388,0.004760,0.000171,0.053479,8.859991,8.170195,0.000196,41.833819,10.212924,0.714227,220.205019,0.014351,9.297296,290.049850,299.361668,300.238002,0.876334,300.328150
2457,vehicle1,1463.239000,1463.132000,1962.330468,1,ok,26091,22204,1,0.235914,0.006696,0.000207,0.091601,9.106330,9.035691,0.000101,38.823627,12.148032,0.730925,220.659889,0.004399,6.717860,290.596196,297.318662,297.907267,0.588605,298.149877
2458,vehicle1,1463.441000,1463.332000,1963.117128,1,ok,26092,22334,1,0.226883,0.006876,0.000192,0.091742,9.884442,7.826838,0.000082,41.937207,10.664893,0.746272,218.461753,0.004128,7.001630,289.613229,296.619179,296.904374,0.285195,297.138133
2459,vehicle1,1463.637000,1463.532000,1963.878534,1,ok,26144,22504,1,0.148006,0.005307,0.000220,0.085032,9.719246,13.737022,0.000090,37.564887,10.506127,0.942844,223.154737,0.011639,6.521627,295.709985,302.243471,302.702326,0.458855,302.855639
2460,vehicle1,1463.842000,1463.730000,1964.640272,1,ok,26247,22597,1,0.231028,0.007251,0.000194,0.095710,10.970544,11.149700,0.000108,34.788185,10.255236,0.745872,199.571770,0.013282,7.913102,267.577125,275.503703,275.865835,0.362132,276.104114
2461,vehicle1,1464.043000,1463.933000,1965.443445,1,ok,26308,22661,1,0.250094,0.008814,0.000255,0.112788,12.262813,8.979934,0.000102,39.895989,11.827798,0.725791,215.688206,0.004414,7.407126,289.493421,296.905216,297.170127,0.264911,297.429035
2462,vehicle1,1464.240000,1464.133000,1966.197134,1,ok,26327,22665,1,0.104025,0.006168,0.000316,0.098512,8.665333,8.669413,0.000182,41.054403,9.914579,0.697052,218.474881,0.003687,6.132551,287.574355,293.710909,293.968588,0.257679,294.078781
2463,vehicle1,1464.436000,1464.333000,1966.973353,1,ok,26357,22673,1,0.245377,0.010382,0.000413,0.119048,9.619688,8.190641,0.000115,37.776313,9.832784,0.763293,211.484548,0.010362,6.211583,277.786430,284.008788,284.303684,0.294896,284.559443
2464,vehicle1,1464.639000,1464.532000,1967.731673,1,ok,26374,22755,1,0.099279,0.014958,0.000318,0.095107,8.824644,9.868726,0.000166,35.808861,10.902678,0.980676,225.374022,0.003987,7.986577,291.854880,299.845762,300.154008,0.308246,300.268245
2465,vehicle1,1464.841000,1464.732000,1968.501335,1,ok,26381,22856,1,0.109012,0.006510,0.000259,0.113859,8.517408,9.250652,0.000099,38.568402,11.006178,0.799747,221.096979,0.005750,9.806096,289.353324,299.165429,299.519656,0.354227,299.635178
2466,vehicle1,1465.040000,1464.933000,1969.274352,1,ok,26334,22908,1,0.238160,0.008613,0.000221,0.112162,14.040824,21.817768,0.000088,36.481584,10.735652,0.712743,231.693025,0.011334,6.893765,315.593846,322.499166,322.772233,0.273067,323.019006
2467,vehicle1,1465.240000,1465.132000,1970.035346,1,ok,26289,22936,1,0.199069,0.007684,0.000211,0.095997,8.904259,11.375511,0.000140,37.908758,9.285688,0.738542,242.151112,0.004703,7.794630,310.460007,318.259551,318.719951,0.460400,318.926704
2468,vehicle1,1465.440000,1465.331000,1970.768798,1,ok,26212,22913,1,0.213482,0.007109,0.000260,0.097479,7.290475,8.417021,0.000072,36.412827,7.972939,0.712324,217.356955,0.003977,7.726603,278.260092,285.990932,286.207732,0.216800,286.428323
2469,vehicle1,1465.641000,1465.534000,1971.561666,1,ok,26098,22852,1,0.107228,0.011958,0.000512,0.101452,8.453953,8.858734,0.000222,37.768909,9.270828,0.793028,236.956774,0.004631,6.521535,302.203900,308.730578,309.057326,0.326748,309.176512
2470,vehicle1,1465.840000,1465.732000,1972.325246,1,ok,25988,22777,1,0.276999,0.007882,0.000258,0.112992,8.844855,10.425474,0.000087,40.742777,9.701729,0.783078,236.326236,0.024625,8.234652,306.937228,315.196763,316.098492,0.901729,316.383373
2471,vehicle1,1466.039000,1465.932000,1973.093832,1,ok,25932,22749,1,0.078099,0.006938,0.000215,0.092630,8.820522,9.418752,0.000235,35.478502,8.504848,0.733857,230.132380,0.011648,8.150870,293.181726,301.344459,302.235378,0.890919,302.320415
2472,vehicle1,1466.240000,1466.130000,1973.851014,1,ok,25871,22735,1,0.122739,0.004447,0.000244,0.061144,6.152663,9.198677,0.000267,44.832687,7.550261,0.878839,239.065535,0.012056,6.253245,307.740073,314.005618,314.299699,0.294081,314.426885
2473,vehicle1,1466.440000,1466.333000,1974.611352,1,ok,25789,22704,1,0.114481,0.007133,0.000392,0.102405,8.174709,11.947806,0.000139,35.880795,8.098184,0.706664,217.952363,0.003420,7.677253,282.863065,290.544130,290.839155,0.295025,290.960769
2474,vehicle1,1466.640000,1466.532000,1975.380411,1,ok,25683,22651,1,0.100910,0.007963,0.000215,0.108516,7.695395,14.416873,0.000106,36.763562,10.210681,0.814715,226.853243,0.004378,7.682676,296.863091,304.550360,305.184689,0.634329,305.293562
2475,vehicle1,1466.839000,1466.729000,1976.163050,1,ok,25525,22557,1,0.111590,0.008704,0.000195,0.095387,10.340437,10.544254,0.000075,36.130268,9.247343,0.908058,231.537982,0.003497,12.912851,298.803804,311.720347,312.451731,0.731384,312.572025
2476,vehicle1,1467.042000,1466.931000,1976.928524,1,ok,25350,22475,1,0.231467,0.007783,0.000261,0.093787,9.674479,9.901814,0.000111,40.231275,9.498866,0.778107,233.016137,0.004003,7.206586,303.194576,310.405426,310.758562,0.353136,310.997812
2477,vehicle1,1467.239000,1467.130000,1977.685488,1,ok,25289,22457,1,0.239319,0.007390,0.000272,0.098866,9.904452,8.619884,0.000121,46.530605,10.041305,0.736323,238.975150,0.004330,7.298707,314.906706,322.210015,322.565110,0.355095,322.811819
2478,vehicle1,1467.449000,1467.335000,1978.443566,1,ok,25271,22473,1,0.219463,0.010290,0.000435,0.118826,9.651703,10.387784,0.000166,41.398912,10.583382,0.856612,250.427758,0.024682,6.612579,323.425143,330.062839,330.440245,0.377406,330.669998
2479,vehicle1,1467.640000,1467.538000,1979.205550,1,ok,25252,22473,1,0.253333,0.007041,0.000221,0.094527,12.074347,11.233618,0.000094,42.093815,11.534330,0.909350,251.371504,0.003731,6.316475,329.311585,335.632012,335.951404,0.319392,336.211778
2480,vehicle1,1467.837000,1467.730000,1979.967211,1,ok,25231,22453,1,0.244557,0.007852,0.000250,0.100789,9.033797,9.305258,0.000129,36.601606,9.309362,0.838659,246.358690,0.004504,6.745359,311.548290,318.298403,318.751120,0.452717,319.003529
2481,vehicle1,1468.039000,1467.931000,1980.736708,1,ok,25178,22404,1,0.084592,0.007093,0.000300,0.098659,15.387679,8.941952,0.000137,36.174977,8.474902,0.898544,242.420234,0.004000,6.440711,312.397084,318.842095,319.196593,0.354498,319.288278
2482,vehicle1,1468.249000,1468.136000,1981.487105,1,ok,25190,22431,1,0.212631,0.004686,0.000155,0.059584,9.069274,10.627957,0.000179,42.572206,9.784685,0.858758,263.174407,0.003380,6.519563,336.147050,342.670148,342.904118,0.233970,343.121435
2483,vehicle1,1468.440000,1468.333000,1982.211537,1,ok,25268,22515,1,0.129802,0.009436,0.000167,0.093473,9.350082,10.126611,0.000128,35.653684,8.617838,2.560952,246.577808,0.004467,7.809798,312.980576,320.795008,321.331286,0.536278,321.470524
2484,vehicle1,1468.661000,1468.534000,1982.977811,1,ok,25208,22462,1,0.110302,0.136915,0.000440,0.120398,11.084660,10.167792,0.000107,36.981700,10.007387,0.864657,250.937263,0.017880,8.364269,320.163964,328.546553,329.073577,0.527024,329.320794
2485,vehicle1,1468.845000,1468.732000,1983.679511,1,ok,25103,22365,1,0.254745,0.011326,0.000271,0.087326,8.081400,9.628945,0.000073,37.222998,8.730989,0.815346,249.558868,0.003453,7.631375,314.125945,321.761044,322.021966,0.260922,322.288037
2486,vehicle1,1469.040000,1468.933000,1984.432266,1,ok,25102,22371,1,0.216328,3.216287,0.000294,0.099282,7.422125,9.867492,0.000088,34.133451,7.730545,0.844682,232.449240,0.004493,7.857718,292.546905,300.409410,301.148083,0.738673,304.580698
2487,vehicle1,1469.244000,1469.131000,1985.213936,1,ok,25036,22325,1,0.251278,0.008640,0.000312,0.099042,7.904327,10.332466,0.000145,36.399135,8.121271,0.788298,251.734776,0.003702,7.773436,315.379460,323.156910,323.463946,0.307036,323.723864
2488,vehicle1,1469.449000,1469.333000,1985.969267,1,ok,24976,22272,1,0.267650,0.008336,0.000325,0.095777,7.315080,10.658771,0.000107,33.057507,10.632280,0.841145,230.945423,0.004141,8.317301,293.546090,301.867857,302.329046,0.461189,302.605032
2489,vehicle1,1469.645000,1469.533000,1986.732058,1,ok,24957,22247,1,0.094239,0.006431,0.000247,0.095097,10.849980,12.400659,0.000084,40.913119,9.872924,0.733242,247.877912,0.003297,6.603876,322.743017,329.350437,329.796447,0.446010,329.897117
2490,vehicle1,1469.855000,1469.732000,1987.502837,1,ok,25022,22290,1,0.214860,0.006521,0.000319,0.087346,7.834543,10.816699,0.000106,34.400584,9.318480,0.717640,259.329335,0.060472,10.238822,322.504733,332.804346,333.196609,0.392263,333.417990
2491,vehicle1,1470.065000,1469.933000,1988.253849,1,ok,25086,22328,1,0.077510,0.008059,0.000222,0.090451,8.297419,9.126289,0.000123,36.410009,10.323369,0.877950,246.833421,0.005528,7.038905,311.959031,319.003686,319.418811,0.415125,319.504380
2492,vehicle1,1470.241000,1470.134000,1988.947132,1,ok,25078,22312,1,0.213233,0.015066,0.000227,2.499454,7.838712,9.710062,0.000134,36.127671,9.519998,0.812620,229.793042,0.005658,7.560717,296.301693,303.868295,304.534182,0.665887,304.762481
2493,vehicle1,1470.439000,1470.334000,1989.700198,1,ok,25125,22344,1,0.298553,0.013935,0.000256,0.106864,7.036954,9.306885,0.000132,37.826360,9.141657,0.750475,249.600142,0.003779,6.692121,313.769469,320.465625,320.782883,0.317258,321.095371
2494,vehicle1,1470.640000,1470.536000,1990.443089,1,ok,25231,22436,1,0.106458,0.006289,0.000253,0.094972,7.002734,11.535863,0.000252,35.998650,7.101610,0.776965,255.000342,0.005047,7.854903,317.511388,325.371591,325.740114,0.368523,325.852861
2495,vehicle1,1470.843000,1470.733000,1991.173308,1,ok,25258,22428,1,0.231338,1.647123,0.000150,0.075488,7.268408,9.296744,0.000140,34.723747,9.535817,0.709885,237.994096,0.014213,8.755317,299.604325,308.374005,308.836767,0.462762,310.715228
2496,vehicle1,1471.044000,1470.933000,1991.978487,1,ok,25353,22461,1,0.108037,0.007379,0.000269,0.068772,8.527960,8.543002,0.000198,42.114966,12.683071,0.727326,252.491031,0.011297,6.184782,325.156326,331.352674,331.636198,0.283524,331.751614
2497,vehicle1,1471.244000,1471.132000,1992.737718,1,ok,25478,22577,1,0.124817,0.005893,0.000232,0.086421,10.955171,8.733298,0.000232,44.013315,11.189288,0.736337,250.849511,0.023292,8.043263,326.563573,334.630360,334.974609,0.344249,335.105319
2498,vehicle1,1471.442000,1471.334000,1993.510012,1,ok,25564,22607,1,0.242524,0.007635,0.000311,0.098372,8.702540,14.237520,0.000075,38.232146,10.696057,0.706445,251.520929,0.003345,7.226617,324.194084,331.424357,331.727034,0.302677,331.977193
2499,vehicle1,1471.643000,1471.535000,1994.273124,1,ok,25613,22583,1,0.223012,2.397956,0.000353,0.098545,13.505945,14.334417,0.000090,39.514876,10.167167,0.715825,253.098118,0.004085,6.276268,331.434983,337.715689,338.193590,0.477901,340.814558
2500,vehicle1,1471.846000,1471.732000,1995.044221,1,ok,25665,22574,1,0.225789,0.009357,0.000155,0.085281,8.900289,8.648109,0.000121,35.760996,8.588477,0.963558,259.119792,0.005110,6.526027,322.066623,328.597915,329.135844,0.537929,329.370990
2501,vehicle1,1472.040000,1471.933000,1995.819201,1,ok,25733,22570,1,0.194653,0.005152,0.000193,0.061558,6.123712,8.053974,0.000157,38.961600,10.282565,1.137892,250.949411,0.003165,6.165916,315.570869,321.740143,322.403180,0.663037,322.602985
2502,vehicle1,1472.245000,1472.133000,1996.585372,1,ok,25816,22651,1,0.214736,0.008004,0.000228,0.098274,9.973910,10.250535,0.000159,37.077200,9.871419,0.721143,268.709702,0.015650,6.589971,336.702342,343.308191,343.640533,0.332342,343.863273
2503,vehicle1,1472.441000,1472.334000,1997.342430,1,ok,25829,22633,1,0.100824,0.005923,0.000154,0.065939,7.738830,9.832870,0.000074,37.785577,9.139837,0.705217,260.258167,0.004107,6.673014,325.526511,332.203786,332.449684,0.245898,332.556431
2504,vehicle1,1472.640000,1472.532000,1998.105471,1,ok,25929,22670,1,0.200059,0.007812,0.000166,0.087311,7.877331,7.735803,0.000085,39.995207,10.478076,0.898938,247.559944,0.003331,8.028058,314.632695,322.664250,322.934215,0.269965,323.142086
2505,vehicle1,1472.837000,1472.733000,1998.902696,1,ok,26073,22741,1,0.242438,0.008477,0.000304,0.114839,16.887323,10.450700,0.000203,47.688591,14.360966,0.897840,252.870206,0.004175,6.128155,343.270668,349.403302,349.665245,0.261943,349.916160
2506,vehicle1,1473.041000,1472.936000,1999.679416,1,ok,26109,22736,1,0.141662,0.012633,0.000302,0.068532,7.657539,9.021475,0.000105,38.770171,8.803063,0.740193,258.144150,0.004291,6.480488,323.205228,329.690309,329.913448,0.223139,330.067743
2507,vehicle1,1473.239000,1473.132000,2000.455739,1,ok,26106,22741,1,0.115726,0.007547,0.000236,0.074401,8.790562,8.405396,0.000105,37.566216,10.739389,0.713616,263.315288,0.004475,8.697441,329.604973,338.307125,338.538676,0.231551,338.661949
2508,vehicle1,1473.442000,1473.333000,2001.233095,1,ok,26038,22671,1,0.099411,0.006654,0.000281,0.092493,8.328158,10.417846,0.000170,40.217975,15.413378,0.990493,240.090590,0.044040,9.094008,315.551103,324.689432,325.053064,0.363632,325.159129
2509,vehicle1,1473.640000,1473.534000,2002.000081,1,ok,25934,22571,1,0.266513,0.006773,0.000179,0.082774,8.122038,7.259829,0.000135,44.437337,10.444006,0.722405,247.134005,0.005461,8.870137,318.202529,327.078306,327.556500,0.478194,327.829786
2510,vehicle1,1473.843000,1473.734000,2002.759613,1,ok,25899,22522,1,0.235874,0.006136,0.000288,0.112365,6.728030,7.022408,0.000122,33.536476,11.622553,1.034933,249.362601,0.065655,8.861208,309.419488,318.346639,319.067963,0.721324,319.309973
2511,vehicle1,1474.039000,1473.932000,2003.486403,1,ok,25933,22518,1,0.279412,0.013219,0.000177,0.094308,7.222333,6.928694,0.000099,34.193500,8.561679,0.886376,219.464746,0.004463,7.083612,277.351735,284.439987,285.071752,0.631765,285.364383
2512,vehicle1,1474.241000,1474.134000,2004.250690,1,ok,25961,22479,1,0.257453,0.011497,0.000159,0.085139,7.696691,9.550652,0.000183,37.496027,9.779649,1.147056,229.486499,0.009578,8.260711,295.241896,303.512344,304.424866,0.912522,304.693816
2513,vehicle1,1474.443000,1474.333000,2005.019797,1,ok,25938,22359,1,0.129268,2.608229,0.000325,0.081552,7.406636,7.368150,0.000177,35.989880,9.744040,0.770411,220.957761,0.011965,7.101000,282.318607,289.431897,289.754394,0.322497,292.491891
2514,vehicle1,1474.643000,1474.533000,2005.806147,1,ok,25962,22326,1,0.130158,0.004609,0.000321,0.057008,9.028460,7.007206,0.000083,39.875349,10.369139,0.956043,248.768023,0.003846,6.480941,316.061311,322.546419,322.891670,0.345251,323.026437
2515,vehicle1,1474.845000,1474.733000,2006.533369,1,ok,25899,22329,1,0.119542,0.010179,0.000176,0.104846,7.772543,9.661488,0.000155,38.086645,11.095142,0.719883,241.954893,0.008516,8.357658,309.395595,317.761945,318.177949,0.416004,318.307670
2516,vehicle1,1475.039000,1474.935000,2007.300499,1,ok,25780,22280,1,0.249969,0.005995,0.000270,0.083012,12.909531,6.639084,0.000077,39.888964,13.087474,0.836750,242.039341,0.004319,8.068406,315.484233,323.557228,324.092337,0.535109,324.348301
2517,vehicle1,1475.242000,1475.134000,2008.016825,1,ok,25641,22182,1,0.239193,0.024981,0.000290,0.095038,7.329978,7.352291,0.000140,35.539693,10.671046,0.724009,224.652333,0.003603,7.385500,286.364528,293.753921,294.212019,0.458098,294.476193
2518,vehicle1,1475.444000,1475.332000,2008.824373,1,ok,25648,22135,1,0.102213,0.011845,0.000386,0.093854,9.110287,7.368636,0.000125,36.997614,10.290031,0.706846,240.597744,0.012485,7.579146,305.165137,312.757154,313.230163,0.473009,313.344221
2519,vehicle1,1475.645000,1475.536000,2009.544293,1,ok,25682,22125,1,0.185563,0.009421,0.000218,0.078773,9.506342,7.805917,0.000129,35.405032,11.240109,0.744443,222.364129,0.003669,6.686657,287.144874,293.835418,294.308037,0.472619,294.503021
2520,vehicle1,1475.842000,1475.735000,2010.321284,1,ok,25719,22087,1,0.236262,0.008895,0.000326,0.113739,8.982659,7.340980,0.000103,39.824726,12.252175,0.806760,236.651317,0.004015,6.682488,305.972459,312.659288,313.110368,0.451080,313.355525
2521,vehicle1,1476.043000,1475.935000,2011.103518,1,ok,25729,22072,1,0.123811,0.006960,0.000232,0.084246,10.115484,6.744092,0.000145,36.617940,11.974810,0.807146,229.837670,0.004011,7.240139,296.181533,303.425915,303.924327,0.498412,304.055098
2522,vehicle1,1476.243000,1476.134000,2011.884105,1,ok,25763,21952,1,0.105802,0.007019,0.000228,0.093104,7.781009,6.760428,0.000097,38.965228,11.469120,0.946656,245.796546,0.004497,8.403274,311.812188,320.220187,320.639578,0.419391,320.752399
2523,vehicle1,1476.444000,1476.335000,2012.595427,1,ok,25703,21740,1,0.153849,0.147855,0.000273,0.089483,7.477089,6.443298,0.000191,31.539583,9.318709,0.883020,201.343793,0.011271,7.404240,257.095166,264.510950,264.960466,0.449516,265.262170
2524,vehicle1,1476.642000,1476.536000,2013.397786,1,ok,25549,21627,1,0.233037,0.007062,0.000187,0.098687,9.706605,7.085113,0.000147,40.381346,11.757119,0.880457,239.850983,0.009250,7.795196,309.760457,317.565090,318.025390,0.460300,318.265489
2525,vehicle1,1476.844000,1476.732000,2014.136152,1,ok,25392,21624,1,0.252972,0.009923,0.000229,0.095931,10.311221,6.368204,0.000144,36.467757,11.499563,0.932069,241.525201,0.003091,7.576104,307.200090,314.779514,315.105476,0.325962,315.368371
2526,vehicle1,1477.043000,1476.937000,2014.880318,1,ok,25290,21626,1,0.115499,0.009413,0.000277,0.098285,8.283685,5.546394,0.000073,31.363260,11.733926,0.901348,213.886480,0.004551,6.528573,271.813451,278.346852,278.835076,0.488224,278.959988
2527,vehicle1,1477.242000,1477.137000,2015.680065,1,ok,25283,21519,1,0.130685,0.008361,0.000399,0.074393,8.023437,6.522472,0.000293,34.448978,12.205568,0.720552,238.196669,0.007025,7.618238,300.192362,307.818024,308.272438,0.454414,308.411484
2528,vehicle1,1477.445000,1477.337000,2016.472444,1,ok,25243,21422,1,0.127013,0.008058,0.000260,0.083006,10.820804,6.178877,0.000084,40.131418,13.480749,0.795668,250.334670,0.039150,8.021708,321.825276,329.886394,330.228431,0.342037,330.363502
2529,vehicle1,1477.644000,1477.535000,2017.221167,1,ok,25216,21366,1,0.109151,0.046063,0.000343,0.106386,6.794769,5.221392,0.000135,37.491085,13.843760,0.712469,240.540955,0.006042,8.440185,304.710951,313.157521,313.764654,0.607133,313.919868
2530,vehicle1,1477.846000,1477.736000,2017.965840,1,ok,25247,21359,1,0.107532,0.006821,0.000248,0.105726,9.547961,5.544231,0.000152,34.007610,11.843835,0.787140,235.460417,0.004578,8.498522,297.297072,305.800420,306.099879,0.299459,306.214232
2531,vehicle1,1478.046000,1477.933000,2018.701341,1,ok,25252,21335,1,0.272641,0.007623,0.000208,0.086872,13.707457,5.274155,0.000188,40.595648,13.587949,0.706081,252.402519,0.017109,6.128325,326.360869,332.506511,332.783328,0.276817,333.063592
2532,vehicle1,1478.241000,1478.134000,2019.488978,1,ok,25203,21294,1,0.219715,0.010499,0.000180,0.094599,12.300496,6.998125,0.000107,40.527568,15.118835,0.774701,276.499590,0.003689,6.867426,352.314021,359.185316,359.530361,0.345045,359.760575
2533,vehicle1,1478.443000,1478.335000,2020.225657,1,ok,25157,21229,1,0.207186,0.007249,0.000232,0.093442,8.053276,7.651019,0.000237,36.027583,12.041376,0.886170,236.203699,0.004461,8.606810,300.956802,309.568305,310.013375,0.445070,310.227810
2534,vehicle1,1478.642000,1478.538000,2021.024313,1,ok,25047,21166,1,0.248657,0.009668,0.000365,0.095146,7.987019,6.384637,0.000092,38.773679,12.177858,0.939188,250.210970,0.012329,8.900536,316.568589,325.481819,325.765464,0.283645,326.023789
2535,vehicle1,1478.905000,1478.739000,2021.813563,1,ok,25084,21237,1,0.243222,0.010912,0.000302,0.058070,7.722321,5.138182,0.000184,46.279451,11.946103,0.706999,257.498473,0.003005,6.499174,329.349783,335.852264,336.078707,0.226443,336.332841
2536,vehicle1,1479.043000,1478.936000,2022.495850,1,ok,25106,21322,1,0.142022,0.014883,0.000254,0.095778,8.865873,10.843111,0.000103,32.458686,14.363514,1.021978,239.502307,0.003315,6.959245,307.151350,314.114164,314.790333,0.676169,314.947238
2537,vehicle1,1479.243000,1479.138000,2023.307985,1,ok,25135,21355,1,0.154543,0.005373,0.000232,0.096765,8.570704,5.668713,0.000091,41.250704,14.539824,0.882164,260.893123,0.003222,7.393926,331.902088,339.299468,339.635781,0.336313,339.795697
2538,vehicle1,1479.441000,1479.337000,2024.110524,1,ok,25081,21336,1,0.129106,0.006635,0.000302,0.104400,12.919665,7.220742,0.000133,42.024875,16.881100,0.723980,259.024714,0.005201,6.295552,338.899609,345.200664,345.465073,0.264409,345.600814
2539,vehicle1,1479.643000,1479.539000,2024.874573,1,ok,25045,21353,1,0.200777,0.009832,0.000214,0.090006,9.355288,5.478124,0.000194,41.027014,14.903651,0.862674,237.042652,0.013087,6.696206,308.759603,315.469110,315.817299,0.348189,316.027908
2540,vehicle1,1479.844000,1479.737000,2025.633620,1,ok,25087,21422,1,0.208916,0.007047,0.000285,0.096351,10.604169,6.101818,0.000077,38.382047,13.818255,0.927300,240.902510,0.004003,6.613326,310.832527,317.450141,317.817401,0.367260,318.033364
2541,vehicle1,1480.045000,1479.936000,2026.426396,1,ok,25060,21449,1,0.124689,0.010498,0.000272,0.090412,9.428920,5.322515,0.000205,39.853123,14.437336,0.741029,248.716908,0.003526,7.751872,318.590448,326.346118,326.869665,0.523547,327.004852
2542,vehicle1,1480.243000,1480.134000,2027.140365,1,ok,25058,21445,1,0.104990,0.011738,0.000183,0.078317,7.092853,4.848589,0.000251,31.185643,10.646571,0.699321,211.710502,0.005724,7.927377,266.262047,274.195331,274.521930,0.326599,274.638658
2543,vehicle1,1480.442000,1480.336000,2027.904166,1,ok,25041,21460,1,0.236399,0.011975,0.000456,0.203695,9.569838,5.358311,0.000084,32.299275,10.993250,0.779639,216.926890,0.004148,7.734047,276.130982,283.869633,284.320645,0.451012,284.569019
2544,vehicle1,1480.645000,1480.535000,2028.736554,1,ok,24977,21422,1,0.208970,0.008127,0.000622,0.097918,10.915351,6.471146,0.000110,43.236573,12.873332,0.964596,256.136872,0.060060,6.811464,330.695898,337.568044,338.053441,0.485397,338.270538
2545,vehicle1,1480.845000,1480.734000,2029.466448,1,ok,24881,21350,1,0.154862,0.006403,0.000216,0.090280,6.267190,5.642525,0.000257,35.854291,9.962986,0.724460,237.076993,0.002864,9.638792,295.618982,305.260854,305.524328,0.263474,305.685593
2546,vehicle1,1481.045000,1480.936000,2030.240519,1,ok,24810,21284,1,0.116761,0.847767,0.000219,0.086801,12.605751,6.142672,0.000088,35.742339,14.240336,2.532380,238.287556,0.005835,7.773449,309.637923,317.417426,317.723903,0.306477,318.688431
2547,vehicle1,1481.248000,1481.135000,2030.992514,1,ok,24753,21213,1,0.094592,0.006291,0.000257,0.070759,8.010631,4.720862,0.000211,34.665894,10.819798,0.790917,244.555739,0.008477,8.078646,303.634811,311.722191,311.921691,0.199500,312.022574
2548,vehicle1,1481.446000,1481.335000,2031.734225,1,ok,24769,21192,1,0.236148,0.007130,0.000330,0.097128,10.132774,6.668381,0.000135,35.597008,15.140090,0.759914,223.141364,0.003586,6.581738,291.536794,298.122448,298.501577,0.379129,298.744855
2549,vehicle1,1481.646000,1481.536000,2032.547781,1,ok,24635,21133,1,0.213138,0.008455,0.000319,0.089214,10.199976,5.681830,0.000113,41.293937,16.823231,0.716218,233.363449,0.026998,6.799935,308.167968,314.995220,315.590496,0.595276,315.812089
2550,vehicle1,1481.844000,1481.736000,2033.309809,1,ok,24470,21006,1,0.094188,0.005457,0.000285,0.083520,9.535706,5.172170,0.000140,38.011815,14.211730,0.707160,231.893513,0.003470,7.373719,299.615754,306.993228,307.426569,0.433341,307.526214
2551,vehicle1,1482.042000,1481.938000,2034.173294,1,ok,24440,20975,1,0.230813,0.008899,0.000273,0.065441,10.406124,4.530787,0.000097,53.227152,14.280896,0.816090,249.297563,0.003719,6.984466,332.624150,339.612608,339.854458,0.241850,340.094170
2552,vehicle1,1482.307000,1482.141000,2034.950904,1,ok,24257,20788,1,0.230181,0.008721,0.000327,0.113351,12.106001,6.304475,0.000150,51.879878,13.154630,0.857131,256.099120,0.013635,9.434150,340.514736,349.962848,350.425311,0.462463,350.664213
2553,vehicle1,1482.443000,1482.336000,2035.665064,1,ok,24011,20525,1,0.234265,0.007682,0.000283,0.099294,11.054713,5.817631,0.000112,38.579038,16.958168,0.913184,260.008969,0.005297,9.319504,333.431109,342.756193,343.327868,0.571675,343.569815
2554,vehicle1,1482.643000,1482.537000,2036.471174,1,ok,23916,20240,1,0.112498,0.005185,0.000250,0.067054,11.240993,8.030511,0.000127,43.102908,19.815482,0.721249,266.112883,0.005235,7.186071,349.091207,356.282763,356.666956,0.384193,356.784639
2555,vehicle1,1482.845000,1482.735000,2037.247846,1,ok,23825,19776,1,0.189217,0.005821,0.000345,0.069764,7.469039,4.893882,0.000253,49.497068,12.515162,0.716557,264.198366,0.012473,7.444183,339.360091,346.817092,347.075075,0.257983,347.270113
2556,vehicle1,1483.044000,1482.936000,2037.981619,1,ok,23766,19750,1,0.265292,0.008098,0.000349,0.066076,7.789667,5.809008,0.000093,32.385758,11.744477,1.827913,213.661444,0.004304,7.035707,273.284436,280.324796,280.663321,0.338525,280.936711
2557,vehicle1,1483.242000,1483.137000,2038.807245,1,ok,23671,19700,1,0.249904,0.007852,0.000295,0.085117,9.765381,4.838284,0.000095,42.063938,15.821494,0.739676,256.805875,0.004305,6.371768,330.119860,336.496228,336.739320,0.243092,336.997076
2558,vehicle1,1483.442000,1483.337000,2039.561744,1,ok,23666,19746,1,0.117200,0.006764,0.000261,0.089931,9.505844,5.940019,0.000125,42.100276,17.520739,0.926851,242.337281,0.018941,8.692903,318.421066,327.133171,327.691487,0.558316,327.815451
2559,vehicle1,1483.643000,1483.536000,2040.358734,1,ok,23486,19653,1,0.110950,0.008738,0.000261,0.102127,21.972704,5.152023,0.000169,43.392572,21.424962,0.750892,254.364556,0.004168,6.237558,347.160005,353.401992,353.840659,0.438667,353.960347
2560,vehicle1,1483.840000,1483.737000,2041.115235,1,ok,23414,19617,1,0.109551,0.007634,0.000261,0.094206,9.872396,6.246035,0.000136,38.874788,12.713676,0.946989,238.875149,0.015227,8.249927,307.623375,315.888790,316.311215,0.422425,316.428400
2561,vehicle1,1484.042000,1483.939000,2041.885803,1,ok,23310,19560,1,0.065127,0.005608,0.000272,0.068718,7.745174,5.335427,0.000383,35.944338,12.359343,0.848713,240.041786,0.010904,7.618950,302.343882,309.974008,310.264891,0.290883,310.335626
2562,vehicle1,1484.240000,1484.137000,2042.659314,1,ok,23229,19492,1,0.152885,0.008186,0.000459,0.109645,12.007776,4.600960,0.000274,32.208000,12.286086,0.715266,232.689261,0.004296,7.727806,294.617268,302.349829,302.767306,0.417477,302.928377
2563,vehicle1,1484.444000,1484.336000,2043.440117,1,ok,23119,19402,1,0.191682,0.006129,0.000287,0.094100,7.140675,5.481663,0.000489,33.092580,11.121765,0.775237,240.583534,0.005130,7.217469,298.290043,305.512929,305.956299,0.443370,306.154110
2564,vehicle1,1484.650000,1484.532000,2044.264131,1,ok,22984,19249,1,0.190049,0.004570,0.000119,0.070418,14.127553,6.244897,0.000094,38.474825,12.682673,0.734853,269.129916,0.003904,7.144623,341.465229,348.613875,349.038153,0.424278,349.232772
2565,vehicle1,1484.842000,1484.736000,2045.024075,1,ok,22833,19074,1,0.106292,0.007396,0.000323,0.120461,10.543179,5.532256,0.000098,37.764470,15.265939,1.031580,250.085690,0.003865,7.391497,320.343673,327.739358,328.165897,0.426539,328.279585
2566,vehicle1,1485.042000,1484.935000,2045.825808,1,ok,22602,18787,1,0.078792,0.007618,0.000411,0.067826,7.886245,6.494286,0.000102,34.175671,15.604272,0.694459,257.767809,0.031240,6.566182,322.690670,329.288503,329.810296,0.521793,329.896706
2567,vehicle1,1485.243000,1485.136000,2046.625365,1,ok,22346,18521,1,0.119151,0.008243,0.000331,0.098140,8.398823,6.214395,0.000181,35.137911,13.308572,0.771435,285.311246,0.004060,7.001841,349.240703,356.246935,356.610392,0.363457,356.737786
2568,vehicle1,1485.469000,1485.338000,2047.453350,1,ok,22264,18421,1,0.107708,0.008745,0.000248,0.110033,11.854978,4.765040,0.000125,43.294027,13.888084,0.802351,303.803208,0.005254,8.816644,378.517846,387.339992,387.754568,0.414576,387.871021
2569,vehicle1,1485.669000,1485.537000,2048.166518,1,ok,22101,18212,1,0.104116,0.006665,0.000561,0.103448,13.139935,5.148414,0.000115,39.313033,18.354507,0.959224,314.354593,0.011114,9.096076,391.373269,400.481020,401.157776,0.676756,401.268557
2570,vehicle1,1485.857000,1485.738000,2048.927970,1,ok,21839,17878,1,0.285141,0.007992,0.000188,0.099288,10.778112,4.576840,0.000079,40.391867,11.433097,0.767059,298.690892,0.003369,7.965839,366.737234,374.706630,374.978254,0.271624,375.271387
2571,vehicle1,1486.064000,1485.935000,2049.724580,1,ok,21498,17430,1,0.225712,0.007167,0.000220,0.069083,8.690386,5.132714,0.000101,36.916455,12.528371,0.812253,300.087248,0.012910,7.244038,364.236611,371.493779,371.828117,0.334338,372.060996
2572,vehicle1,1486.272000,1486.136000,2050.539761,1,ok,21503,17312,1,0.290918,0.035612,0.000263,0.092536,8.829517,8.621598,0.000190,39.966761,16.273777,0.929510,327.876617,0.008850,8.656758,402.590506,411.256377,411.870405,0.614028,412.196935
2573,vehicle1,1486.478000,1486.336000,2051.336470,1,ok,21471,17248,1,0.075762,0.004067,0.000223,0.061646,11.021427,6.240313,0.000238,39.425201,18.153810,0.782774,320.716655,0.004245,8.171084,396.402064,404.577616,404.921656,0.344040,405.001485
2574,vehicle1,1486.707000,1486.537000,2052.183999,1,ok,21540,17396,1,0.099309,0.007694,0.000543,0.101309,16.592832,6.637992,0.000104,45.512213,17.336820,0.781900,329.073927,0.004070,7.845452,416.037097,423.887162,424.461500,0.574338,424.568503
2575,vehicle1,1486.924000,1486.737000,2052.964987,1,ok,21559,17406,1,0.248735,0.008336,0.000269,0.097412,14.981963,6.444196,0.000177,39.058739,18.727788,0.845579,343.746387,0.013811,13.682858,423.902241,437.599179,438.274763,0.675584,438.531834
2576,vehicle1,1487.116000,1486.937000,2053.739082,1,ok,21554,17414,1,0.224887,0.010974,0.000168,0.096936,18.750942,11.443721,0.000155,45.451883,16.655397,1.743688,338.623640,0.012485,7.099136,432.766362,439.878151,440.482104,0.603953,440.717965
2577,vehicle1,1487.295000,1487.136000,2054.505532,1,ok,21491,17386,1,0.198029,0.010122,0.000182,0.098885,11.860321,6.350449,0.000234,42.538553,11.804390,0.811583,335.195433,0.003098,6.552304,408.659848,415.215432,416.492271,1.276839,416.700422
2578,vehicle1,1487.488000,1487.335000,2055.291430,1,ok,21519,17422,1,0.166639,0.007724,0.000245,0.099627,12.536917,5.707966,0.000214,42.738239,12.526509,0.984444,323.091492,0.011311,8.513241,397.685408,406.210205,406.896767,0.686562,407.071130
2579,vehicle1,1487.700000,1487.538000,2056.097845,1,ok,21524,17438,1,0.225483,0.009388,0.000192,0.095423,12.154934,5.108770,0.000098,45.506238,16.580797,0.901818,345.575631,0.004441,8.815595,425.923709,434.743937,435.220894,0.476957,435.455765
2580,vehicle1,1487.876000,1487.737000,2056.877219,1,ok,21503,17405,1,0.179742,0.006407,0.000299,0.066548,8.815451,6.721287,0.000114,37.451446,15.015180,0.903728,323.517334,0.003926,8.062661,392.491088,400.557974,401.015920,0.457946,401.202069
2581,vehicle1,1488.088000,1487.935000,2057.698034,1,ok,21480,17370,1,0.113437,0.006334,0.000277,0.096305,10.512739,6.782934,0.000170,37.131705,15.881752,0.711904,321.322564,0.003537,8.466106,392.440073,400.909993,401.525704,0.615711,401.645475
2582,vehicle1,1488.259000,1488.136000,2058.447464,1,ok,21534,17402,1,0.315241,0.005815,0.000288,0.097814,6.333437,4.805239,0.000142,34.726837,10.008799,0.871442,304.267650,0.011538,7.065493,361.111360,368.188679,368.742941,0.554262,369.063997
2583,vehicle1,1488.508000,1488.336000,2059.304315,1,ok,21548,17440,1,0.091871,0.011190,0.000238,0.113479,7.746971,5.638914,0.000109,46.196740,18.189358,0.955208,329.460253,0.004438,7.322264,408.301032,415.627972,416.072093,0.444121,416.175154
2584,vehicle1,1488.696000,1488.537000,2060.118509,1,ok,21712,17625,1,0.197046,0.006218,0.000138,0.090317,12.379558,5.957908,0.000092,40.142406,13.463355,0.961494,354.641467,0.003025,8.705914,427.636597,436.345674,437.115853,0.770179,437.319117
2585,vehicle1,1488.888000,1488.735000,2060.884801,1,ok,21942,17813,1,0.105397,0.020529,0.000101,0.113326,9.045738,5.095822,0.000103,39.165356,15.268488,0.848444,335.192140,0.009744,8.062208,404.729417,412.801470,413.323942,0.522472,413.449868
2586,vehicle1,1489.127000,1488.938000,2061.749641,1,ok,22312,18089,1,0.219171,0.004566,0.000262,0.071246,14.747849,6.261314,0.000180,43.005812,17.831374,0.737074,371.375567,0.003965,7.160476,454.030416,461.195119,461.571974,0.376855,461.795711
2587,vehicle1,1489.329000,1489.134000,2062.530027,1,ok,22666,18347,1,0.197696,0.008626,0.000197,0.105478,14.287199,6.424749,0.000128,47.441887,17.875067,1.133926,372.809671,0.012221,10.129866,460.078105,470.220389,470.569332,0.348943,470.775654
2588,vehicle1,1489.527000,1489.336000,2063.297878,1,ok,23030,18707,1,0.094288,0.010850,0.000308,0.091084,10.888045,5.388346,0.000173,42.030581,17.164184,0.788901,366.167772,0.004080,9.879779,442.519086,452.403253,452.681801,0.278548,452.786939
2589,vehicle1,1489.718000,1489.535000,2064.048461,1,ok,23308,19031,1,0.188233,0.006418,0.000306,0.066804,9.319357,4.212756,0.000106,39.507819,13.921660,0.950756,339.108276,0.004999,6.462581,407.087534,413.555420,414.004686,0.449266,414.199337
2590,vehicle1,1489.896000,1489.737000,2064.813587,1,ok,23657,19416,1,0.215146,0.011494,0.000232,0.102665,8.299716,4.103371,0.000105,40.357793,14.146871,0.860340,326.734859,0.003236,6.948911,394.605720,401.558099,401.853456,0.295357,402.080096
2591,vehicle1,1490.084000,1489.937000,2065.599249,1,ok,23936,19754,1,0.223160,0.008327,0.000198,0.102343,10.217781,5.065784,0.000220,42.106763,20.878904,0.778626,316.598896,0.004530,7.662254,395.749317,403.416299,403.805317,0.389018,404.036804
2592,vehicle1,1490.281000,1490.133000,2066.377266,1,ok,24064,19954,1,0.174673,0.005729,0.000139,0.092531,11.903384,5.070166,0.000120,43.800680,16.378839,0.879876,310.753172,0.004278,7.241878,388.878768,396.125063,396.770307,0.645244,396.950709
2593,vehicle1,1490.449000,1490.332000,2067.128327,1,ok,23945,19886,1,0.211870,0.007041,0.000197,0.102201,11.101985,3.866784,0.000190,40.966452,12.385464,0.925978,275.789187,0.011405,7.955608,345.138241,353.105451,353.364661,0.259210,353.583572
2594,vehicle1,1490.653000,1490.535000,2067.857279,1,ok,24352,20284,1,0.226677,0.007159,0.000285,0.101222,14.953061,3.941430,0.000086,44.482015,16.504623,0.716817,300.008301,0.005158,6.648051,380.707555,387.361049,387.692477,0.331428,387.926313
2595,vehicle1,1490.850000,1490.738000,2068.540338,1,ok,24531,20664,1,0.122218,0.005082,0.000274,0.061720,12.600633,12.078271,0.000282,38.931361,15.309703,0.718796,284.038288,0.003608,7.500219,363.739054,371.243155,371.524390,0.281235,371.651690
2596,vehicle1,1491.146000,1491.040000,2069.516402,1,ok,24741,20897,1,0.193804,0.005675,0.000332,0.064585,10.196718,4.073955,0.000204,38.684187,14.407222,0.839179,271.238287,0.004018,6.770322,339.504337,346.279009,346.625142,0.346133,346.824621
2597,vehicle1,1491.349000,1491.239000,2070.296163,1,ok,24914,21008,1,0.120612,3.573724,0.000254,0.065314,8.180980,4.430966,0.000106,35.733550,13.850114,0.956859,256.921889,0.003139,7.275622,320.139778,327.418793,327.775095,0.356302,331.469431
2598,vehicle1,1491.544000,1491.439000,2071.083010,1,ok,25183,21256,1,0.106963,0.008458,0.000452,0.097904,11.463881,3.777504,0.000108,34.071394,13.461819,0.945431,268.335422,0.013175,6.614066,332.153463,338.781156,339.164823,0.383667,339.280244
2599,vehicle1,1491.746000,1491.634000,2071.840528,1,ok,25383,21452,1,0.155026,0.010947,0.000137,0.080678,13.672047,4.173217,0.000150,37.684437,16.239213,0.693090,260.500781,0.005008,8.139816,333.043613,341.188574,341.682037,0.493463,341.848010
2600,vehicle1,1491.940000,1491.838000,2072.641865,1,ok,25567,21672,1,0.087787,0.007438,0.000320,0.115816,9.780237,4.537902,0.000167,41.062285,13.538758,0.738201,278.164868,0.004510,6.482934,347.938234,354.425998,354.735184,0.309186,354.830409
2601,vehicle1,1492.146000,1492.038000,2073.465168,1,ok,25793,21952,1,0.219200,0.027147,0.000194,0.132921,9.021949,3.548147,0.000109,34.423653,13.260579,0.737837,275.605960,0.012351,7.426106,336.731155,344.169806,344.492100,0.322294,344.738447
2602,vehicle1,1492.346000,1492.239000,2074.227391,1,ok,25888,22107,1,0.097787,0.005406,0.000313,0.079387,6.907046,4.365037,0.000117,33.432126,13.927559,0.699564,254.393068,0.004033,7.213780,313.803904,321.022030,321.407645,0.385615,321.510838
2603,vehicle1,1492.546000,1492.437000,2075.025635,1,ok,25983,22224,1,0.131875,0.008159,0.000311,0.164160,9.084931,3.592583,0.000127,32.082588,13.730010,0.749297,262.616656,0.026858,7.078317,322.020352,329.125838,329.714522,0.588684,329.854556
2604,vehicle1,1492.748000,1492.637000,2075.821901,1,ok,25954,22198,1,0.198410,0.862550,0.000246,0.097563,6.937353,3.229638,0.000226,32.065338,12.958888,0.711995,262.135607,0.003557,7.195187,318.136608,325.335598,325.692591,0.356993,326.753551
2605,vehicle1,1492.944000,1492.840000,2076.618729,1,ok,25868,22141,1,0.151449,0.007420,0.000204,0.088806,9.726425,4.222993,0.000256,36.525840,17.133501,0.706817,280.559362,0.005455,6.619515,348.964000,355.589174,355.900996,0.311822,356.059865
2606,vehicle1,1493.163000,1493.036000,2077.431870,1,ok,25751,22044,1,0.094606,0.008342,0.000606,0.094882,9.476625,4.434972,0.000075,33.621162,13.446473,0.874803,274.715189,0.011192,10.031867,336.664181,346.707846,347.195880,0.488034,347.298828
2607,vehicle1,1493.412000,1493.242000,2078.193851,1,ok,25695,22019,1,0.274207,0.007825,0.000204,0.119693,13.595895,5.098485,0.000112,40.775768,14.472279,0.706114,271.800809,0.003082,10.175466,346.569155,356.747907,357.424950,0.677043,357.706982
2608,vehicle1,1493.546000,1493.439000,2078.878657,1,ok,25679,22020,1,0.247267,0.009635,0.000307,0.110697,6.838102,4.156602,0.000078,31.340000,16.058037,0.766392,270.287027,0.012516,6.423374,329.556935,335.993132,336.290980,0.297848,336.547882
2609,vehicle1,1493.742000,1493.637000,2079.611375,1,ok,25576,21938,1,0.108858,0.005559,0.000374,0.073475,6.225901,3.213304,0.000077,31.772233,14.996362,0.926783,240.690374,0.004020,7.869021,297.898509,305.771924,306.143124,0.371200,306.257541
2610,vehicle1,1493.948000,1493.840000,2080.412747,1,ok,25431,21805,1,0.125788,0.009988,0.000374,0.099276,8.275913,3.616391,0.000087,32.357924,15.207839,0.907284,279.934770,0.003897,7.325415,340.399484,347.729170,348.058336,0.329166,348.194112
2611,vehicle1,1494.146000,1494.039000,2081.209253,1,ok,25252,21616,1,0.145654,0.007012,0.000368,0.100880,9.625740,4.076426,0.000234,37.217872,14.817298,0.706806,268.624245,0.004653,6.316918,335.169501,341.491440,341.766537,0.275097,341.919203
2612,vehicle1,1494.346000,1494.240000,2082.019959,1,ok,25193,21541,1,0.375424,0.008349,0.000441,0.069423,9.548958,4.215332,0.000131,34.813011,16.251276,0.825194,271.737835,0.008998,6.772444,337.461160,344.243043,344.538168,0.295125,344.921941
2613,vehicle1,1494.547000,1494.439000,2082.770696,1,ok,25220,21558,1,0.173263,0.007685,0.000425,0.100034,9.206795,3.719618,0.000225,30.465703,15.033583,0.709258,278.492798,0.004527,8.817289,337.728014,346.550255,347.011911,0.461656,347.192859
2614,vehicle1,1494.831000,1494.642000,2083.527022,1,ok,25211,21545,1,0.198538,0.006555,0.000291,0.099677,8.526679,3.489963,0.000098,31.189090,12.707446,0.702555,265.293495,0.017894,10.472430,322.009003,332.499618,332.944497,0.444879,333.149590
2615,vehicle1,1495.045000,1494.939000,2084.570469,1,ok,25069,21363,1,0.243747,0.010428,0.000618,0.107295,20.909061,4.239677,0.000104,41.268109,17.775904,0.703125,290.534308,0.004360,6.778287,375.537583,382.320848,382.651430,0.330582,382.905605
2616,vehicle1,1495.244000,1495.138000,2085.350505,1,ok,24998,21307,1,0.104642,0.011585,0.000452,0.114620,14.395357,3.268081,0.000098,41.380493,16.800614,0.784289,279.515473,0.004328,6.164278,356.259025,362.428083,362.852410,0.424327,362.968637
2617,vehicle1,1495.446000,1495.339000,2086.106742,1,ok,24884,21183,1,0.089389,0.006238,0.000296,0.103570,9.554348,3.833445,0.000096,36.512907,14.742442,0.813592,264.360652,0.008504,6.891412,329.921052,336.821264,337.323143,0.501879,337.418770
2618,vehicle1,1495.646000,1495.540000,2086.911936,1,ok,24700,21055,1,0.109130,0.007130,0.000247,0.099326,13.370609,3.740518,0.000200,38.716065,14.146106,0.874013,290.499764,0.006087,7.263738,361.446601,368.716673,369.408111,0.691438,369.524371
2619,vehicle1,1495.851000,1495.738000,2087.698176,1,ok,24496,20868,1,0.082582,0.006199,0.000259,0.060459,6.744809,4.753598,0.000111,35.962851,12.702871,0.705877,279.689014,0.014405,7.758405,340.619590,348.392659,348.768453,0.375794,348.857234
2620,vehicle1,1496.067000,1495.939000,2088.485315,1,ok,24300,20710,1,0.112321,0.009688,0.000220,0.081673,14.419511,3.756142,0.000090,36.086247,15.516998,0.711825,303.487752,0.010795,11.445649,374.060238,385.516902,386.070700,0.553798,386.192709
2621,vehicle1,1496.346000,1496.238000,2089.433759,1,ok,24050,20480,1,0.195412,0.005436,0.000479,0.066708,6.979596,3.748408,0.000175,30.035255,15.166865,0.842957,299.283936,0.004169,6.212604,356.123900,362.341152,362.749761,0.408609,362.950609
2622,vehicle1,1496.546000,1496.441000,2090.201217,1,ok,23734,20226,1,0.193142,0.009432,0.000251,0.099604,7.043389,2.682180,0.000087,29.533367,11.099597,0.705427,283.292938,0.003727,6.554575,334.456589,341.015142,341.281618,0.266476,341.484192
2623,vehicle1,1496.746000,1496.639000,2090.984554,1,ok,23377,19921,1,0.114140,0.007831,0.000251,0.066526,5.723122,2.653275,0.000084,26.260495,12.821531,0.933452,259.417436,0.004273,6.400599,307.875921,314.281044,314.946129,0.665085,315.068100
2624,vehicle1,1496.946000,1496.840000,2091.775093,1,ok,23165,19726,1,0.216663,0.006641,0.000391,0.092525,7.323460,3.582429,0.000183,29.803668,11.608511,0.747485,276.658793,0.013148,6.992152,329.817054,336.822745,337.184560,0.361815,337.407864
2625,vehicle1,1497.144000,1497.039000,2092.546506,1,ok,22989,19559,1,0.194794,0.008146,0.000418,0.092482,8.141664,3.529669,0.000116,31.626262,11.581505,0.753311,280.400414,0.004071,7.517461,336.125423,343.647373,344.057949,0.410576,344.260889
2626,vehicle1,1497.342000,1497.239000,2093.331694,1,ok,22707,19264,1,0.209237,0.006128,0.000204,0.062103,5.942581,2.691655,0.000080,29.548236,12.119865,0.766388,272.258974,0.005576,7.708715,323.389882,331.104377,331.464544,0.360167,331.679909
2627,vehicle1,1497.545000,1497.438000,2094.115618,1,ok,22595,19107,1,0.094136,0.006230,0.000320,0.057751,5.939313,2.436995,0.000199,28.673337,12.147114,1.253589,258.820955,0.016364,6.648044,309.329253,315.993981,316.532857,0.538876,316.633223
2628,vehicle1,1497.804000,1497.641000,2094.909277,1,ok,22593,19000,1,0.106984,0.006014,0.000259,0.091164,6.261631,3.094534,0.000151,29.425520,14.353747,0.710689,269.131051,0.003655,8.241681,323.068487,331.314082,331.672523,0.358441,331.785521
2629,vehicle1,1498.147000,1498.039000,2096.148187,1,ok,22578,18785,1,0.103493,0.005017,0.000438,0.059584,6.731212,2.282917,0.000151,26.481685,11.407532,0.738759,248.386980,0.011765,6.637129,296.088820,302.738152,303.005642,0.267490,303.114152
2630,vehicle1,1498.347000,1498.235000,2096.947708,1,ok,22460,18456,1,0.170004,0.005987,0.000201,0.069207,7.508973,3.040224,0.000105,25.463983,11.871243,0.750682,273.265761,0.004719,6.841582,321.970178,328.816680,329.166214,0.349534,329.342205
2631,vehicle1,1498.545000,1498.439000,2097.705112,1,ok,22306,18162,1,0.100949,0.005384,0.000289,0.053752,6.119438,3.035596,0.000164,28.880411,10.411038,0.723914,274.675438,0.004980,6.840903,323.899751,330.745923,331.234829,0.488906,331.341162
2632,vehicle1,1498.748000,1498.638000,2098.497889,1,ok,22255,18034,1,0.081201,0.006922,0.000315,0.099100,9.507600,3.244009,0.000120,30.187960,11.716407,0.720403,278.397348,0.007405,8.088185,333.872947,341.968852,342.487004,0.518152,342.575127
2633,vehicle1,1498.950000,1498.841000,2099.286985,1,ok,22102,17846,1,0.166370,0.006077,0.000153,0.069936,9.058756,2.346442,0.000108,33.672239,11.430750,0.763653,281.013824,0.003766,6.889510,338.355708,345.249137,345.541693,0.292556,345.714140
2634,vehicle1,1499.146000,1499.038000,2100.080846,1,ok,22021,17743,1,0.214931,0.006566,0.000233,0.092202,8.591902,2.769897,0.000115,27.424693,10.993949,0.710371,288.775393,0.003940,6.119610,339.358522,345.482305,345.783010,0.300705,346.004507
2635,vehicle1,1499.348000,1499.238000,2100.853447,1,ok,21941,17594,1,0.315172,1.469378,0.000365,0.071253,7.009212,2.607235,0.000355,24.093888,14.716576,0.884161,284.137174,0.013833,6.239953,333.519854,339.774005,340.429932,0.655927,342.214482
2636,vehicle1,1499.548000,1499.439000,2101.596268,1,ok,21857,17483,1,0.214785,0.006914,0.000263,0.091075,11.686505,3.092478,0.000141,26.486937,19.320667,0.865523,264.660230,0.004751,7.822294,326.203556,334.030864,334.573528,0.542664,334.795227
2637,vehicle1,1499.747000,1499.640000,2102.372784,1,ok,21784,17412,1,0.084060,0.007069,0.000333,0.100557,9.373998,2.464491,0.000080,25.363292,12.062204,0.688679,266.142032,0.003860,6.190280,316.195333,322.389806,322.802220,0.412414,322.893349
2638,vehicle1,1499.943000,1499.842000,2103.148464,1,ok,21762,17393,1,0.229156,0.009551,0.000341,0.102221,9.165693,2.859897,0.000195,29.750301,10.356045,0.883007,267.375743,0.006045,7.556665,320.493102,328.056153,328.676058,0.619905,328.914765
2639,vehicle1,1500.147000,1500.041000,2103.897846,1,ok,21801,17392,1,0.224977,0.009529,0.000282,0.099572,6.902539,2.520274,0.000155,22.490692,12.529951,0.848428,243.538540,0.004564,6.993875,288.930151,295.928872,296.342045,0.413173,296.576551
2640,vehicle1,1500.347000,1500.238000,2104.634675,1,ok,21757,17361,1,0.092875,0.006381,0.000226,0.148959,7.641945,2.334949,0.000116,21.462257,10.362874,1.006245,239.590616,0.003729,6.913405,282.547961,289.465321,290.034226,0.568905,290.133482
2641,vehicle1,1500.545000,1500.439000,2105.431975,1,ok,21748,17352,1,0.097549,0.011649,0.000709,0.132794,9.899573,2.117855,0.000074,23.778965,11.789823,0.696537,253.165030,0.013371,6.883347,301.580651,308.478078,308.795570,0.317492,308.904768
2642,vehicle1,1500.742000,1500.635000,2106.196522,1,ok,21782,17385,1,0.128634,0.006161,0.000224,0.060747,6.702651,2.709755,0.000252,24.439657,12.028688,0.697359,244.372412,0.003915,7.439492,291.011521,298.455152,298.751168,0.296016,298.885963
2643,vehicle1,1500.948000,1500.839000,2106.977909,1,ok,21777,17391,1,0.105323,0.008380,0.000217,0.092671,6.403415,2.481918,0.000085,25.619016,10.787387,0.738524,257.453158,0.003825,7.310733,303.576174,310.890949,311.434731,0.543782,311.548434
2644,vehicle1,1501.148000,1501.038000,2107.752238,1,ok,21752,17361,1,0.081789,0.005767,0.000382,0.058787,7.019357,2.386172,0.000090,24.593513,11.051351,0.720398,254.972002,0.003559,12.971995,300.801670,313.777606,314.085206,0.307600,314.172762
2645,vehicle1,1501.346000,1501.238000,2108.517551,1,ok,21660,17272,1,0.196176,0.009164,0.000257,0.099027,8.291051,3.616618,0.000154,23.019160,10.505758,0.851250,244.407556,0.005162,8.521679,290.790574,299.317672,299.866172,0.548500,300.071512
2646,vehicle1,1501.544000,1501.438000,2109.273835,1,ok,21659,17272,1,0.224502,0.007899,0.000258,0.089804,7.079689,3.562029,0.000107,27.440006,10.728258,0.697873,238.083385,0.004361,6.315872,287.681151,294.001642,294.379937,0.378295,294.612338
2647,vehicle1,1501.748000,1501.640000,2110.037994,1,ok,21734,17344,1,0.192429,0.026758,0.000266,0.089006,5.987882,2.567655,0.000114,21.616526,9.951980,0.690282,227.164272,0.012029,6.781242,268.067717,274.861254,275.302491,0.441237,275.521678
2648,vehicle1,1501.941000,1501.839000,2110.834207,1,ok,21760,17385,1,0.190100,0.005372,0.000220,0.053780,7.695248,2.667403,0.000105,23.994794,13.930623,0.781955,255.045756,0.003677,6.862771,304.169664,311.036332,311.524242,0.487910,311.719714
2649,vehicle1,1502.146000,1502.039000,2111.627113,1,ok,21783,17424,1,0.108444,0.007029,0.000270,0.090182,6.418007,2.975531,0.000093,24.320828,10.116566,0.906958,234.198395,0.005502,7.896630,279.026560,286.928962,287.359320,0.430358,287.474793
2650,vehicle1,1502.342000,1502.240000,2112.401638,1,ok,21742,17433,1,0.220460,0.008029,0.000258,0.083042,5.317513,2.723602,0.000080,23.566107,10.476865,0.710868,226.346364,0.004383,8.011194,269.224441,277.240276,277.547127,0.306851,277.775616
2651,vehicle1,1502.545000,1502.441000,2113.186212,1,ok,21651,17400,1,0.097461,0.011302,0.000257,0.086119,6.257005,2.336457,0.000170,24.626290,10.467530,0.835976,230.941028,0.004563,6.211307,275.550575,281.766702,282.188087,0.421385,282.296850
2652,vehicle1,1502.743000,1502.640000,2113.955484,1,ok,21598,17413,1,0.091070,0.006736,0.000289,0.103439,6.316506,2.925296,0.000113,24.922309,8.648815,0.700635,226.469666,0.004171,6.517937,270.086779,276.609176,277.065956,0.456780,277.163762
2653,vehicle1,1502.944000,1502.838000,2114.749054,1,ok,21644,17530,1,0.117073,0.010657,0.000242,0.081563,5.384543,3.151977,0.000156,22.241983,11.092031,0.837319,254.715004,0.012000,6.832144,297.504576,304.348962,305.057536,0.708574,305.185266
2654,vehicle1,1503.147000,1503.039000,2115.543031,1,ok,21649,17598,1,0.228853,0.007513,0.000327,0.119758,8.250366,4.947971,0.000106,24.172858,12.984839,0.831872,260.704312,0.003515,6.177377,312.012082,318.193301,318.678175,0.484874,318.914541
2655,vehicle1,1503.344000,1503.240000,2116.278772,1,ok,21673,17647,1,0.106144,0.009724,0.000226,0.078951,4.788983,2.860915,0.000111,21.357587,10.186876,0.887706,237.903419,0.003462,6.996326,278.064548,285.064562,285.553213,0.488651,285.669081
2656,vehicle1,1503.546000,1503.438000,2117.034087,1,ok,21663,17640,1,0.097874,0.007118,0.000253,0.115406,6.035080,3.736277,0.000670,20.699521,8.649326,0.754915,243.728903,0.004521,6.770423,283.720098,290.495295,291.192842,0.697547,291.297834
2657,vehicle1,1503.748000,1503.640000,2117.798208,1,ok,21621,17592,1,0.142874,0.007049,0.000308,0.081585,6.064546,2.235639,0.000089,20.094052,8.459652,0.950474,238.967449,0.008517,7.416268,276.853486,284.278579,284.710679,0.432100,284.860602
2658,vehicle1,1503.948000,1503.841000,2118.597554,1,ok,21649,17622,1,0.175623,0.005376,0.000131,0.064587,5.430399,2.404871,0.000098,26.603041,12.796465,0.738469,252.580773,0.022456,8.418309,300.618703,309.059599,309.458115,0.398516,309.639114
2659,vehicle1,1504.147000,1504.040000,2119.368337,1,ok,21696,17664,1,0.160673,0.005424,0.000125,0.052420,4.774074,2.702430,0.000130,24.196506,8.983581,0.710993,241.419695,0.004808,7.318224,282.839829,290.162986,290.776597,0.613611,290.942694
2660,vehicle1,1504.345000,1504.238000,2120.126148,1,ok,21698,17691,1,0.106669,0.004694,0.000193,0.083760,5.531186,2.993695,0.000087,21.946170,8.708357,0.704078,244.518409,0.011256,7.584029,284.485742,292.081220,292.771433,0.690213,292.882796
2661,vehicle1,1504.548000,1504.441000,2120.882736,1,ok,21683,17683,1,0.268215,0.010104,0.000203,0.070829,6.463059,3.134789,0.000122,26.567477,9.967576,0.708391,248.431354,0.003873,6.659138,295.343597,302.006811,302.428178,0.421367,302.706497
2662,vehicle1,1504.746000,1504.638000,2121.652899,1,ok,21725,17715,1,0.108886,2.551765,0.000335,0.079571,4.595903,2.642811,0.000255,20.828685,9.049963,0.879388,242.686399,0.003781,7.346569,280.762975,288.113660,288.712811,0.599151,291.373462
2663,vehicle1,1504.942000,1504.838000,2122.418543,1,ok,21736,17717,1,0.079197,0.006586,0.000302,0.088662,6.559660,2.794859,0.000088,23.104095,10.061698,0.742995,242.227421,0.004066,7.451374,285.579478,293.035220,293.596289,0.561069,293.682072
2664,vehicle1,1505.143000,1505.040000,2123.226124,1,ok,21718,17691,1,0.093613,0.008977,0.000290,0.094990,4.724367,2.287433,0.000057,20.950274,9.887868,0.846912,243.565455,0.012812,6.427882,282.357356,288.798340,289.170274,0.371934,289.272864
2665,vehicle1,1505.347000,1505.239000,2123.978601,1,ok,21669,17650,1,0.112685,0.018264,0.000199,0.078467,5.653199,3.285237,0.000156,22.198029,7.810726,0.703073,234.749998,0.006121,9.182317,274.478885,283.667522,284.142652,0.475130,284.273601
2666,vehicle1,1505.546000,1505.440000,2124.736613,1,ok,21688,17652,1,0.096689,0.008806,0.000258,0.082724,5.050320,2.606743,0.000089,22.603877,7.870722,0.840188,241.837171,0.004331,8.796251,280.891834,289.692674,290.270452,0.577778,290.375947
2667,vehicle1,1505.743000,1505.639000,2125.479869,1,ok,21743,17697,1,0.088570,0.008406,0.000247,0.083917,5.181209,2.185070,0.000094,18.541404,8.537267,0.712647,213.827321,0.004064,7.545798,249.068929,256.619038,256.999897,0.380859,257.096873
2668,vehicle1,1505.947000,1505.838000,2126.271375,1,ok,21727,17674,1,0.111733,0.005659,0.000208,0.074850,3.979702,3.031806,0.000089,20.308128,7.743030,0.908253,259.818543,0.003360,7.361631,295.864401,303.229600,303.909936,0.680336,304.027328
2669,vehicle1,1506.146000,1506.038000,2127.060696,1,ok,21699,17672,1,0.103468,0.010071,0.000266,0.084297,7.018223,2.659252,0.000104,25.565692,12.677583,0.680731,261.529204,0.016297,7.727545,310.215086,317.959194,318.360305,0.401111,318.473844
2670,vehicle1,1506.349000,1506.242000,2127.822378,1,ok,21713,17691,1,0.065995,0.007519,0.000207,0.090126,8.914725,4.187809,0.000164,29.070653,10.194589,0.975493,258.298706,0.004357,6.334444,311.732265,318.071273,318.727677,0.656404,318.801191
2671,vehicle1,1506.540000,1506.440000,2128.530967,1,ok,21838,17784,1,0.120092,0.007394,0.000207,0.091623,4.545112,4.719412,0.000160,22.186526,10.082028,0.850168,207.041769,0.005710,7.882106,249.516798,257.404821,258.095668,0.690847,258.223154
2672,vehicle1,1506.746000,1506.639000,2129.337945,1,ok,21885,17797,1,0.186879,0.007574,0.000203,0.087287,6.104069,3.013147,0.000101,21.502042,11.575856,1.162536,226.280781,0.003447,7.109871,269.725819,276.839340,277.253308,0.413968,277.447761
2673,vehicle1,1506.942000,1506.844000,2130.154414,1,ok,21881,17767,1,0.356566,0.008736,0.000254,0.094758,5.575653,2.610953,0.000091,21.765305,10.319566,0.743290,244.040006,0.003888,7.751442,285.149622,292.905206,293.335756,0.430550,293.701058
2674,vehicle1,1507.142000,1507.040000,2130.942493,1,ok,21913,17766,1,0.093469,0.008127,0.000467,0.104459,9.156678,2.844718,0.000169,19.559088,11.144579,0.890056,233.253207,0.004206,8.063380,276.952954,285.021007,285.559702,0.538695,285.661298
2675,vehicle1,1507.345000,1507.241000,2131.767881,1,ok,21880,17653,1,0.086516,0.006546,0.000222,0.088897,4.374827,6.620500,0.000091,24.464420,10.739214,0.756576,240.839779,0.011389,7.030977,287.884304,294.926892,295.295741,0.368849,295.388803
2676,vehicle1,1507.547000,1507.437000,2132.585294,1,ok,21937,17635,1,0.289459,0.009555,0.000400,0.103730,11.174101,3.204362,0.000129,21.397198,12.123603,0.854289,277.627674,0.003877,6.577121,326.485086,333.066484,333.449676,0.383192,333.748690
2677,vehicle1,1507.758000,1507.640000,2133.431492,1,ok,21929,17564,1,0.091626,0.008179,0.000336,0.083455,6.700306,2.789416,0.000115,28.342620,10.936750,0.690861,307.193094,0.004444,7.734087,356.736617,364.475484,364.854183,0.378699,364.953988
2678,vehicle1,1507.961000,1507.836000,2134.218147,1,ok,21980,17599,1,0.107501,0.005205,0.000389,0.053727,6.431197,2.635512,0.000107,26.082346,11.848818,0.990448,318.263042,0.038960,8.820891,366.305197,375.165437,375.684112,0.518675,375.796818
2679,vehicle1,1508.220000,1508.040000,2135.035187,1,ok,22010,17671,1,0.085957,0.009987,0.000516,0.109300,8.800008,3.184726,0.000097,35.412944,14.237910,0.696837,347.807856,0.003144,8.010842,410.249678,418.264180,418.704704,0.440524,418.800648
2680,vehicle1,1508.410000,1508.237000,2135.795335,1,ok,22119,17709,1,0.082515,0.005968,0.000277,0.069482,8.361452,2.086084,0.000110,29.527064,14.658675,0.903383,356.861443,0.022126,7.259528,412.467693,419.749624,420.418004,0.668380,420.506487
2681,vehicle1,1508.610000,1508.439000,2136.562535,1,ok,22252,17770,1,0.100700,0.006935,0.000303,0.104562,10.247833,2.033519,0.000038,25.631276,12.132710,0.802406,371.192725,0.003980,7.774889,422.145069,429.924241,430.376812,0.452571,430.484447
2682,vehicle1,1508.827000,1508.637000,2137.375616,1,ok,22458,17789,1,0.094311,0.006429,0.000413,0.085064,10.855400,3.035578,0.000234,32.171374,13.857842,0.718174,377.173836,0.003959,8.222360,437.897502,446.124234,446.788308,0.664074,446.889048
2683,vehicle1,1509.029000,1508.841000,2138.178235,1,ok,22659,17841,1,0.115687,0.007843,0.000226,0.075549,7.751952,2.038743,0.000099,31.550214,13.226955,0.710813,401.583754,0.005342,8.924981,456.938079,465.868628,466.290667,0.422039,466.414197
2684,vehicle1,1509.231000,1509.040000,2139.002197,1,ok,22896,17947,1,0.199521,0.005063,0.000148,0.054682,8.866818,2.199502,0.000105,34.374750,14.460039,0.702279,428.334194,0.007140,6.841672,488.992369,495.841329,496.153175,0.311846,496.357759
2685,vehicle1,1509.431000,1509.240000,2139.808053,1,ok,23152,17959,1,0.108776,0.010391,0.000331,0.069343,11.950470,2.500581,0.000216,36.640430,17.720923,0.827937,433.986791,0.082574,7.194779,503.696691,510.974375,511.575732,0.601357,511.694899
2686,vehicle1,1509.641000,1509.444000,2140.599220,1,ok,23454,17954,1,0.105930,0.008824,0.000654,0.083643,11.186187,2.281683,0.000077,31.384254,16.054249,0.726955,423.933527,0.004502,8.956403,485.650575,494.612134,495.087436,0.475302,495.202190
2687,vehicle1,1509.940000,1509.738000,2141.758947,1,ok,23860,18016,1,0.123035,0.008550,0.000286,0.085444,13.635799,2.787487,0.000184,34.529714,16.725851,0.874662,496.782033,0.004487,7.537233,565.421174,572.963180,573.399075,0.435895,573.530660
2688,vehicle1,1510.132000,1509.940000,2142.446117,1,ok,24246,18239,1,0.267877,0.010263,0.000267,0.100656,9.732391,2.617899,0.000174,34.904597,15.680371,0.732779,416.901281,0.004125,6.506510,480.670148,487.181050,487.644259,0.463209,487.922399
2689,vehicle1,1510.331000,1510.138000,2143.246887,1,ok,24614,18547,1,0.189933,3.562520,0.000410,0.097832,14.988230,2.553227,0.000087,34.734400,13.931532,0.949459,429.716907,0.004235,6.213082,496.971674,503.189401,503.636112,0.446711,507.388565
2690,vehicle1,1510.539000,1510.338000,2144.022378,1,ok,24761,18720,1,0.503123,0.021403,0.000252,0.137079,15.795223,3.052973,0.000165,32.941386,15.018354,1.010545,461.783834,0.016977,7.197251,529.739559,536.954039,537.564555,0.610516,538.089081
2691,vehicle1,1510.732000,1510.539000,2144.749542,1,ok,24852,18775,1,0.189773,0.005640,0.000242,0.063618,9.916327,2.042126,0.000119,37.981298,15.722290,0.976089,438.987223,0.004726,6.354597,505.689090,512.048655,512.485505,0.436850,512.680918
2692,vehicle1,1510.931000,1510.742000,2145.491798,1,ok,24908,18789,1,0.134312,0.009906,0.000268,0.119876,10.626157,2.621072,0.000162,32.096594,15.859393,0.702183,442.004951,0.003195,7.210742,504.030388,511.244593,511.698881,0.454288,511.843099
2693,vehicle1,1511.131000,1510.938000,2146.250252,1,ok,24924,18781,1,0.121990,0.008027,0.000320,0.106963,13.757090,2.016286,0.000158,32.397852,15.122477,0.775908,422.247741,0.004821,8.088693,486.424475,494.518309,495.324551,0.806242,495.454568
2694,vehicle1,1511.334000,1511.138000,2147.025939,1,ok,25008,18879,1,0.119440,0.010015,0.000159,0.096612,14.363299,2.801805,0.000291,35.620430,18.081744,0.708977,439.725556,0.003407,7.319252,511.398714,518.721532,519.190993,0.469461,519.320448
2695,vehicle1,1511.629000,1511.441000,2147.958673,1,ok,25074,18955,1,0.120092,0.005975,0.000263,0.064886,11.631796,2.150161,0.000114,36.023832,16.819381,0.771676,450.095545,0.013768,7.255104,517.557391,524.826526,525.150048,0.323522,525.276115
2696,vehicle1,1511.840000,1511.636000,2148.759621,1,ok,25138,18931,1,0.109761,0.008628,0.000234,0.082329,12.908837,2.351243,0.000093,34.318286,18.031575,0.940599,455.296993,0.003910,6.839476,523.929955,530.773575,531.491851,0.718276,531.610240
2697,vehicle1,1512.033000,1511.840000,2149.512805,1,ok,25064,18722,1,0.102966,0.005287,0.000360,0.070409,12.279450,2.268602,0.000023,35.099441,17.279587,0.717398,456.645606,0.003963,8.223179,524.360516,532.588018,532.997944,0.409926,533.106197
2698,vehicle1,1512.240000,1512.042000,2150.303924,1,ok,25022,18524,1,0.159124,0.006277,0.000293,0.070754,11.259792,2.157847,0.000158,31.189812,17.736543,0.709932,465.194542,0.004705,7.697576,528.319380,536.021954,536.343970,0.322016,536.509371
2699,vehicle1,1512.441000,1512.240000,2151.073769,1,ok,25000,18361,1,0.131703,0.007571,0.000262,0.105423,17.050190,2.256928,0.000102,32.425978,16.430808,0.710310,459.944108,0.003497,6.634175,528.923847,535.561781,535.881505,0.319724,536.020779
2700,vehicle1,1512.638000,1512.441000,2151.855674,1,ok,25030,18314,1,0.223053,0.004885,0.000178,0.065549,11.395112,1.991907,0.000110,39.322468,18.379276,0.732525,467.766237,0.013440,8.152336,539.653184,547.819138,548.198847,0.379709,548.426785
2701,vehicle1,1512.840000,1512.638000,2152.609547,1,ok,25071,18316,1,0.341838,0.006221,0.000259,0.078436,9.228220,2.276715,0.000141,32.917844,17.594285,0.760163,467.360522,0.012895,8.070576,530.216326,538.300056,538.610339,0.310283,538.958398
2702,vehicle1,1513.042000,1512.840000,2153.409604,1,ok,25226,18407,1,0.181525,0.009687,0.000515,0.099135,11.854197,1.836089,0.000310,33.341739,17.556899,2.079163,506.625994,0.009262,8.618944,573.393526,582.022247,582.426463,0.404216,582.617675
2703,vehicle1,1513.237000,1513.042000,2154.167196,1,ok,25392,18525,1,0.074491,0.007622,0.000337,0.087919,9.767497,2.150968,0.000095,33.936772,16.079170,0.937309,491.694354,0.007403,8.553255,554.654084,563.215079,564.794082,1.579003,564.876195
2704,vehicle1,1513.443000,1513.238000,2154.985144,1,ok,25590,18663,1,0.186087,0.006626,0.000245,0.112217,25.137824,1.745501,0.000086,38.166934,17.143045,0.732752,516.080884,0.012022,7.644059,599.119243,606.775569,607.446311,0.670742,607.639024
2705,vehicle1,1513.671000,1513.443000,2155.754687,1,ok,25779,18742,1,0.080416,0.011065,0.000570,0.157536,17.666571,2.307971,0.000168,38.486738,16.359079,0.842672,522.559443,0.158269,7.483631,598.380178,606.022648,606.542524,0.519876,606.634005
2706,vehicle1,1513.940000,1513.740000,2156.767560,1,ok,25960,18820,1,0.219769,0.005923,0.000219,0.110075,18.044673,2.602082,0.000097,38.861212,18.410502,0.773928,538.196261,0.003304,6.750014,616.998830,623.752367,624.317257,0.564890,624.542949
2707,vehicle1,1514.140000,1513.940000,2157.538298,1,ok,26079,18854,1,0.085842,0.007143,0.000329,0.115815,16.997016,3.401044,0.000118,39.826538,15.596831,0.703430,548.766445,0.004320,6.611349,625.407237,632.023235,632.435159,0.411924,632.528144
2708,vehicle1,1514.340000,1514.140000,2158.311035,1,ok,26246,18994,1,0.126782,0.009065,0.000200,0.100967,16.944102,1.705981,0.000092,39.654523,19.545922,0.799384,547.593090,0.004310,6.615755,626.344061,632.964326,633.898159,0.933833,634.034006
2709,vehicle1,1514.539000,1514.340000,2159.101397,1,ok,26410,19140,1,0.136831,0.009677,0.000351,0.124294,12.527663,1.612771,0.000078,39.582143,21.428721,0.717235,555.889130,0.003959,7.142471,631.882035,639.028816,639.362045,0.333229,639.508553
2710,vehicle1,1514.743000,1514.539000,2159.866964,1,ok,26677,19290,1,0.132861,0.011048,0.000404,0.103379,16.399678,1.864224,0.000120,41.534068,19.295304,0.711457,529.466397,0.152351,7.027938,609.374627,616.555320,617.043508,0.488188,617.187417
2711,vehicle1,1514.943000,1514.743000,2160.661680,1,ok,27019,19472,1,0.269886,0.008546,0.000368,0.102193,18.926528,1.561056,0.000085,44.376662,19.474954,0.779752,531.425755,0.004076,7.654002,616.646985,624.305431,624.717978,0.412547,624.996410
2712,vehicle1,1515.141000,1514.943000,2161.479475,1,ok,27320,19658,1,0.155280,0.008301,0.000359,0.120732,28.959521,1.586333,0.000155,43.588648,19.811799,0.771021,531.830668,0.007748,8.432705,626.668877,635.109689,636.836193,1.726504,636.999774
2713,vehicle1,1515.350000,1515.141000,2162.287224,1,ok,27688,19913,1,0.103044,0.007010,0.000284,0.122543,19.478021,1.519449,0.000113,43.645153,24.295535,0.726469,566.664883,0.004903,6.690495,656.452166,663.147848,663.549879,0.402031,663.659933
2714,vehicle1,1515.544000,1515.342000,2163.056855,1,ok,28125,20250,1,0.134296,0.013375,0.000292,0.119808,23.248978,1.885004,0.000113,46.230765,20.513268,0.778138,570.519256,0.003955,7.909703,663.295330,671.209280,671.777661,0.568381,671.925332
2715,vehicle1,1515.774000,1515.537000,2163.809885,1,ok,28584,20565,1,0.115407,0.010138,0.000208,0.097425,16.065877,1.542307,0.000178,42.321869,20.068275,0.817558,573.917674,0.018235,7.124407,654.831163,661.974013,662.645901,0.671888,662.771446
2716,vehicle1,1516.049000,1515.840000,2164.863931,1,ok,28993,20818,1,0.107444,0.006865,0.000360,0.124512,15.222769,2.008779,0.000216,40.988269,18.795640,0.738679,577.152567,0.004812,8.222965,655.031431,663.259568,663.675090,0.415522,663.789399
2717,vehicle1,1516.250000,1516.042000,2165.634654,1,ok,29196,20966,1,0.152499,0.004562,0.000284,0.076983,16.913504,1.499526,0.000092,40.338138,18.964682,0.727494,582.452315,0.016731,7.481175,660.972734,668.470924,669.116491,0.645567,669.273552
2718,vehicle1,1516.447000,1516.240000,2166.404191,1,ok,29185,20953,1,0.147749,0.007707,0.000360,0.128615,22.175771,1.346010,0.000084,41.380929,23.440997,0.969797,589.010058,0.005997,8.927825,678.452261,687.386443,687.967150,0.580707,688.122606
2719,vehicle1,1516.649000,1516.440000,2167.156212,1,ok,29152,20916,1,0.282614,0.008961,0.000149,0.099298,16.207027,1.697543,0.000192,39.221451,21.789936,0.870723,607.546944,0.004590,6.222978,687.433114,693.660831,694.115183,0.454352,694.406758
2720,vehicle1,1516.850000,1516.641000,2167.898431,1,ok,29149,20923,1,0.091287,0.007244,0.000229,0.148107,19.129997,1.349922,0.000107,39.211165,21.870352,0.755508,583.678645,0.024823,9.491820,666.143803,675.660675,676.363885,0.703210,676.462416
2721,vehicle1,1517.051000,1516.844000,2168.671790,1,ok,29192,20924,1,0.254428,0.006526,0.000179,0.106672,20.904407,1.386105,0.000096,40.991606,20.957607,0.716785,582.107430,0.004772,8.975223,667.170708,676.150882,676.648491,0.497609,676.909445
2722,vehicle1,1517.247000,1517.043000,2169.418024,1,ok,29238,20940,1,0.243626,0.005559,0.000237,0.122244,27.683995,1.939177,0.000099,43.806237,18.834799,0.744458,566.492889,0.004537,6.640008,659.623898,666.268680,667.806873,1.538193,668.056058
2723,vehicle1,1517.449000,1517.241000,2170.217157,1,ok,29288,20971,1,0.153156,0.009247,0.000297,0.143563,19.638447,1.356516,0.000082,41.371649,22.010409,0.762207,596.120959,0.003818,7.735901,681.403832,689.143848,689.516780,0.372932,689.679183
2724,vehicle1,1517.649000,1517.441000,2170.982774,1,ok,29269,20975,1,0.116183,0.004763,0.000189,0.076690,22.645377,1.556444,0.000080,42.279357,19.033039,0.847890,607.721668,0.006242,7.082836,694.160545,701.249812,701.831169,0.581357,701.952115
2725,vehicle1,1517.849000,1517.642000,2171.703389,1,ok,29218,20924,1,0.216032,0.010246,0.000295,0.110541,17.811555,1.407700,0.000084,45.724584,19.302405,0.758284,573.312573,0.004693,6.651910,658.427726,665.084624,665.478512,0.393888,665.704790
2726,vehicle1,1518.041000,1517.842000,2172.431498,1,ok,29184,20905,1,0.153412,0.007287,0.000297,0.129354,16.186494,1.898349,0.000123,41.219164,20.469204,0.891156,540.477989,0.012539,7.098684,621.271833,628.383353,628.943786,0.560433,629.104485
2727,vehicle1,1518.241000,1518.041000,2173.231891,1,ok,29121,20882,1,0.198704,0.005907,0.000154,0.075778,15.483843,1.532624,0.000080,38.804566,20.869881,0.755037,547.436051,0.004249,6.982774,624.957860,631.945037,632.252701,0.307664,632.457312
2728,vehicle1,1518.440000,1518.241000,2174.025209,1,ok,29098,20867,1,0.137302,0.005440,0.000197,0.079978,12.593538,1.367295,0.000082,38.340154,19.513572,0.738311,537.486659,0.006082,6.920799,610.119589,617.046667,617.557751,0.511084,617.700493
2729,vehicle1,1518.641000,1518.440000,2174.844309,1,ok,29073,20894,1,0.154642,0.006250,0.000155,0.119230,10.872134,1.562580,0.000130,38.327606,18.554866,0.724122,566.353376,0.004161,6.917873,636.514044,643.436233,644.109976,0.673743,644.270868
2730,vehicle1,1518.842000,1518.641000,2175.649301,1,ok,29086,20880,1,0.126874,0.007966,0.000203,0.129697,28.339803,1.876847,0.000111,43.530834,20.312952,0.714122,563.891298,0.004823,7.464242,658.795664,666.264932,666.924543,0.659611,667.059383
2731,vehicle1,1519.049000,1518.842000,2176.441143,1,ok,29076,20825,1,0.181609,0.007961,0.000426,0.115320,24.243071,1.384074,0.000173,44.489957,21.038941,0.946434,567.479222,0.014497,7.778322,659.697192,667.490437,668.132158,0.641721,668.321728
2732,vehicle1,1519.250000,1519.044000,2177.180811,1,ok,28975,20709,1,0.232713,0.004764,0.000147,0.086250,17.100838,1.382290,0.000094,41.239957,20.733655,0.788932,542.710570,0.004164,8.610258,624.042586,632.657155,633.056810,0.399655,633.294287
2733,vehicle1,1519.540000,1519.340000,2178.195252,1,ok,28705,20514,1,0.103682,0.007250,0.000597,0.105340,15.050326,1.533984,0.000105,41.274939,22.743390,0.723859,514.992042,0.003694,7.506077,596.423985,603.934353,604.402532,0.468179,604.513464
2734,vehicle1,1519.740000,1519.540000,2178.999749,1,ok,28383,20294,1,0.256667,0.007448,0.000387,0.126392,23.121513,2.231285,0.000088,40.844347,21.900901,0.725399,528.563132,0.005430,6.809987,617.513057,624.328861,625.134805,0.805944,625.398920
2735,vehicle1,1519.941000,1519.740000,2179.747883,1,ok,28127,20091,1,0.123737,0.006253,0.000240,0.110952,16.315558,1.569795,0.000121,41.872820,18.621372,0.821270,520.285068,0.004593,8.288513,599.596956,607.890302,608.338744,0.448442,608.468734
2736,vehicle1,1520.138000,1519.941000,2180.409832,1,ok,27992,20051,1,0.293735,0.008317,0.000334,0.096233,14.290225,2.237977,0.000127,45.795082,17.619560,0.939360,472.875480,0.012618,6.683084,553.854044,560.550080,560.940406,0.390326,561.242458
2737,vehicle1,1520.339000,1520.138000,2181.122902,1,ok,27937,19992,1,0.130731,0.006592,0.000250,0.124627,12.617936,1.943990,0.000115,37.288817,19.025482,0.735224,444.108195,0.004694,6.716821,515.844386,522.566151,523.099741,0.533590,523.237064
2738,vehicle1,1520.542000,1520.340000,2181.989473,1,ok,28282,20206,1,0.147667,0.006759,0.000248,0.123531,33.586951,1.714683,0.000102,42.475163,20.416459,0.748712,523.217857,0.003973,7.785535,622.283458,630.073214,630.572786,0.499572,630.727212
2739,vehicle1,1520.741000,1520.542000,2182.720445,1,ok,28292,20206,1,0.119306,0.011129,0.000316,0.133477,13.739567,2.171131,0.000149,41.734699,18.758710,0.729928,505.690891,0.005618,6.588394,582.958552,589.552880,590.346350,0.793470,590.476785
2740,vehicle1,1520.939000,1520.741000,2183.501193,1,ok,28095,20066,1,0.241178,0.005538,0.000246,0.122940,28.296092,1.740227,0.000133,41.850326,20.724212,0.917373,521.414579,0.008871,7.140451,615.065882,622.215450,622.836808,0.621358,623.083524
2741,vehicle1,1521.141000,1520.939000,2184.200758,1,ok,27882,19916,1,0.148118,0.006715,0.000309,0.157590,18.543853,1.804330,0.000246,42.483343,19.645669,0.723049,472.629330,0.013882,8.043550,555.987410,564.045151,564.565564,0.520413,564.720397
2742,vehicle1,1521.341000,1521.141000,2184.997074,1,ok,27905,19951,1,0.314747,3.865450,0.000428,0.153510,14.771242,2.207030,0.000268,40.887357,19.783675,0.752411,503.273205,0.005116,7.141985,581.828698,588.976227,589.700163,0.723936,593.880360
2743,vehicle1,1521.540000,1521.341000,2185.717798,1,ok,27908,19954,1,0.218576,0.005630,0.000255,0.107641,9.810584,1.732295,0.000087,35.788994,17.935117,0.713268,471.587376,0.004722,8.158095,537.675362,545.838434,546.644366,0.805932,546.868572
2744,vehicle1,1521.733000,1521.540000,2186.474137,1,ok,27932,19969,1,0.109055,0.006461,0.000314,0.125222,10.889325,1.669222,0.000250,33.524344,19.378748,0.774577,464.988728,0.005391,7.083972,531.350416,538.440093,539.289147,0.849054,539.404663
2745,vehicle1,1521.935000,1521.742000,2187.258743,1,ok,27973,20016,1,0.228864,0.006049,0.000210,0.119322,13.580358,1.660221,0.000111,37.540328,21.630062,0.737669,472.084180,0.004767,6.462220,547.352251,553.819448,554.220657,0.401209,554.455570
2746,vehicle1,1522.140000,1521.935000,2188.038651,1,ok,27950,19997,1,0.240283,0.006548,0.000268,0.122798,12.702344,1.467116,0.000111,38.676489,19.396961,0.721882,495.343324,0.004553,7.859295,568.431025,576.295141,576.718754,0.423613,576.965585
2747,vehicle1,1522.342000,1522.140000,2188.800486,1,ok,27909,19939,1,0.116227,0.012567,0.000258,0.095124,16.940894,1.697295,0.000194,42.897577,22.139385,0.768538,519.094278,0.023456,7.493894,603.633285,611.150893,611.927552,0.776659,612.056346
2748,vehicle1,1522.541000,1522.342000,2189.574182,1,ok,27855,19902,1,0.148104,0.006763,0.000283,0.087234,14.365361,1.540184,0.000091,41.991870,19.280051,0.949546,529.203615,0.004401,6.958201,607.417952,614.380837,614.767707,0.386870,614.922574
2749,vehicle1,1522.747000,1522.541000,2190.341293,1,ok,27887,19926,1,0.209919,0.005805,0.000174,0.114954,18.683882,1.560157,0.000089,43.571699,19.528181,0.998468,546.503516,0.004577,7.337461,630.960946,638.303158,639.012781,0.709623,639.228505
2750,vehicle1,1522.941000,1522.740000,2191.029131,1,ok,27919,19951,1,0.228695,0.006366,0.000214,0.127719,12.217524,1.462257,0.000109,37.054749,19.601345,0.790846,488.694797,0.005338,8.266644,559.949346,568.221542,568.710314,0.488772,568.945375
2751,vehicle1,1523.243000,1523.043000,2192.116364,1,ok,27860,19920,1,0.096156,0.007765,0.000499,0.132039,12.920847,2.075601,0.000120,35.901600,18.408986,0.780240,524.475793,0.004885,8.917108,594.695226,603.617718,604.016114,0.398396,604.120035
2752,vehicle1,1523.441000,1523.243000,2192.821088,1,ok,27806,19905,1,0.265893,0.007957,0.000371,0.115459,10.653007,1.448861,0.000032,32.461229,18.015371,0.969712,490.102032,0.013947,7.074742,553.765703,560.854763,561.414512,0.559749,561.688362
2753,vehicle1,1523.642000,1523.441000,2193.617191,1,ok,27804,19929,1,0.133019,0.008023,0.000517,0.114507,18.639692,2.307860,0.000078,40.828736,19.368931,0.727327,530.388804,0.004508,7.731468,612.375935,620.112428,620.686915,0.574487,620.827957
2754,vehicle1,1523.842000,1523.642000,2194.374832,1,ok,27947,20025,1,0.110343,0.004609,0.000390,0.076341,16.485916,1.460113,0.000127,38.353581,22.149286,0.759122,537.412733,0.004193,7.923779,616.697219,624.625581,625.033886,0.408305,625.148838
2755,vehicle1,1524.047000,1523.839000,2195.129868,1,ok,28266,20234,1,0.150543,0.008982,0.000227,0.119465,18.914841,1.458370,0.000084,42.090168,21.561745,0.943275,551.203812,0.005330,8.203199,636.291760,644.500516,645.197713,0.697197,645.357238
2756,vehicle1,1524.333000,1524.047000,2195.957018,1,ok,28743,20589,1,0.115946,0.004454,0.000240,0.077687,16.919230,1.353464,0.000075,41.838527,20.790187,0.722430,601.297085,0.007190,9.078847,682.998685,692.084962,692.687320,0.602358,692.807720
2757,vehicle1,1524.565000,1524.341000,2196.966699,1,ok,29307,21072,1,0.260991,0.005242,0.000323,0.116783,31.147420,1.908673,0.000136,45.710621,21.285932,0.728158,627.701857,0.022183,8.948401,728.599580,737.570487,738.520065,0.949578,738.786298
2758,vehicle1,1524.750000,1524.542000,2197.675475,1,ok,29838,21644,1,0.144069,0.007378,0.000236,0.134764,21.262812,1.320350,0.000084,41.992982,21.810910,0.793570,592.373192,0.004922,6.612954,679.688664,686.306776,686.850291,0.543515,687.001738
2759,vehicle1,1524.948000,1524.741000,2198.413054,1,ok,30120,22131,1,0.155452,0.005431,0.000167,0.076595,15.418658,1.499133,0.000106,42.664000,20.483134,1.042796,583.246407,0.004015,6.303023,664.430829,670.738034,671.185337,0.447303,671.346220
2760,vehicle1,1525.149000,1524.941000,2199.145019,1,ok,30268,22594,1,0.097419,0.004971,0.000296,0.077243,16.388573,1.632615,0.000085,38.352463,20.298677,0.886271,571.218879,0.013669,9.001167,648.854806,657.869938,658.982803,1.112865,659.085193
2761,vehicle1,1525.346000,1525.142000,2199.905715,1,ok,30460,23053,1,0.153277,0.008862,0.000209,0.117442,16.349572,1.488972,0.000131,41.117797,19.582470,0.798514,582.190012,0.004202,6.416954,661.644910,668.066275,668.665259,0.598984,668.827398
2762,vehicle1,1525.548000,1525.339000,2200.645545,1,ok,30776,23652,1,0.176270,0.007533,0.000458,0.138671,15.780584,1.334236,0.000188,35.772167,21.090822,0.976762,571.137935,0.005376,6.747496,646.231365,652.984695,653.988403,1.003708,654.172206
2763,vehicle1,1525.748000,1525.541000,2201.420881,1,ok,31137,24269,1,0.225415,0.005158,0.000423,0.072581,33.514408,1.211190,0.000089,38.664382,18.833301,0.736808,581.911360,0.014885,6.575207,674.944119,681.534634,681.976800,0.442166,682.207373
2764,vehicle1,1525.946000,1525.741000,2202.145007,1,ok,31459,24867,1,0.265944,0.007133,0.000264,0.123065,22.253006,1.232237,0.000095,38.904755,17.273554,0.891331,576.575810,0.004319,7.348119,657.253853,664.606555,665.052354,0.445799,665.325431
2765,vehicle1,1526.148000,1525.941000,2202.921243,1,ok,31838,25434,1,0.354364,0.008705,0.000498,0.126050,28.551537,1.487749,0.000095,36.767853,19.683947,0.842910,590.244304,0.013892,6.252323,677.704445,683.971158,685.422741,1.451583,685.785810
2766,vehicle1,1526.348000,1526.140000,2203.670596,1,ok,32084,25951,1,0.179480,0.006776,0.000209,0.109879,27.791183,1.119062,0.000126,39.082585,17.866394,0.721263,606.651631,0.015566,7.387801,693.342123,700.745699,702.037557,1.291858,702.223813
2767,vehicle1,1526.547000,1526.340000,2204.403021,1,ok,32091,26383,1,0.184145,0.009153,0.000240,0.128077,18.283148,1.399973,0.000248,38.257813,16.822144,0.928824,593.786524,0.004033,6.288482,669.606751,675.899506,676.606194,0.706688,676.799492
2768,vehicle1,1526.748000,1526.540000,2205.136448,1,ok,31978,26615,1,0.315177,0.027925,0.000403,0.118795,22.453513,1.647448,0.000096,36.816634,16.896588,0.775516,571.436987,0.014527,7.562177,650.145577,657.722684,658.370180,0.647496,658.713282
2769,vehicle1,1526.943000,1526.740000,2205.895893,1,ok,32051,26804,1,0.246774,0.007663,0.000220,0.119377,18.944697,1.770892,0.000318,37.745089,17.283151,0.706971,574.580340,0.004611,8.053389,651.150835,659.209055,660.972832,1.763777,661.227269
2770,vehicle1,1527.148000,1526.939000,2206.642951,1,ok,32092,26884,1,0.261728,0.006552,0.000415,0.106941,16.359895,1.537925,0.000191,37.679156,16.417608,0.701425,565.011178,0.004578,6.293858,637.814319,644.113170,644.596059,0.482889,644.864339
2771,vehicle1,1527.345000,1527.141000,2207.383010,1,ok,32090,26846,1,0.105115,0.007378,0.000326,0.119135,13.488915,1.070238,0.000036,34.511453,21.398207,0.725944,552.463455,0.004380,6.878643,623.777383,630.660732,631.133496,0.472764,631.245989
2772,vehicle1,1527.540000,1527.341000,2208.129466,1,ok,31990,26742,1,0.174291,0.005437,0.000256,0.085575,13.036956,1.408393,0.000090,35.026032,18.950025,0.939723,547.934273,0.004510,7.681584,617.381067,625.067417,625.507030,0.439613,625.686758
2773,vehicle1,1527.743000,1527.540000,2208.888592,1,ok,31966,26719,1,0.311248,0.013483,0.000275,0.125012,14.648868,1.056327,0.000044,33.861459,15.258569,0.912563,557.840354,0.004350,7.573889,623.703196,631.281710,631.766485,0.484775,632.091216
2774,vehicle1,1527.943000,1527.743000,2209.612441,1,ok,31963,26731,1,0.164179,0.005643,0.000339,0.111033,11.618076,1.131863,0.000098,33.780437,16.075919,0.704842,535.267389,0.113564,7.133586,598.689657,605.937146,606.804028,0.866882,606.973850
2775,vehicle1,1528.149000,1527.943000,2210.417260,1,ok,31989,26764,1,0.363504,0.013979,0.000604,0.144821,14.767275,1.101743,0.000093,34.975927,17.162201,0.761591,554.968383,0.004720,7.593300,623.882034,631.480658,632.114570,0.633912,632.492053
2776,vehicle1,1528.341000,1528.142000,2211.143175,1,ok,31998,26773,1,0.097796,0.007006,0.000372,0.121892,18.426946,1.608145,0.000083,37.380182,17.488488,1.037740,546.966269,0.004332,7.288714,623.029745,630.323163,631.089621,0.766458,631.194423
2777,vehicle1,1528.550000,1528.341000,2211.897993,1,ok,32049,26797,1,0.264563,0.006402,0.000175,0.126273,12.419407,1.068773,0.000028,34.804337,16.959540,0.707235,553.444326,0.005161,8.021636,619.529919,627.556891,628.187433,0.630542,628.458398
2778,vehicle1,1528.748000,1528.542000,2212.647796,1,ok,32036,26801,1,0.287248,0.008943,0.000357,0.096800,10.406123,1.434236,0.000177,35.955626,17.446005,0.710887,564.369218,0.004256,6.439901,630.419072,636.863586,637.324969,0.461383,637.621160
2779,vehicle1,1528.943000,1528.741000,2213.368599,1,ok,32030,26815,1,0.253202,0.008608,0.000231,0.119621,13.550105,1.037066,0.000045,37.554517,16.641209,0.950370,557.157689,0.020871,8.677527,627.010622,635.709251,636.136388,0.427137,636.398198
2780,vehicle1,1529.147000,1528.943000,2214.132185,1,ok,31955,26765,1,0.137230,0.010510,0.000202,0.089181,15.762902,1.208965,0.000210,35.530748,19.414714,0.744875,547.004872,0.005069,7.452484,619.756467,627.214222,627.686781,0.472559,627.834521
2781,vehicle1,1529.349000,1529.147000,2214.916942,1,ok,31811,26687,1,0.091203,0.007916,0.000310,0.132208,33.348380,1.463841,0.000112,36.322421,19.800497,0.713267,559.578395,0.004754,8.223452,651.359121,659.587637,660.434287,0.846650,660.533406
2782,vehicle1,1529.547000,1529.341000,2215.631985,1,ok,31537,26552,1,0.158588,0.004326,0.000620,0.073424,18.800833,1.113272,0.000099,37.675832,16.650557,0.697241,551.752430,0.003952,7.244848,626.763688,634.013108,634.737377,0.724269,634.900291
2783,vehicle1,1529.747000,1529.541000,2216.371914,1,ok,31310,26500,1,0.164310,0.007886,0.000353,0.109908,18.942825,1.828936,0.000132,37.593288,17.382483,0.715069,547.345079,0.060354,7.718630,623.917720,631.697057,632.500389,0.803332,632.672585
2784,vehicle1,1529.942000,1529.742000,2217.091099,1,ok,31080,26318,1,0.222642,0.004550,0.000145,0.074864,15.287252,1.437791,0.000101,34.115966,15.665888,0.731767,526.127541,0.006771,8.636023,593.441170,602.084109,603.757290,1.673181,603.984482
2785,vehicle1,1530.146000,1529.942000,2217.865268,1,ok,30635,25944,1,0.314538,0.006716,0.000339,0.158620,15.397476,1.527128,0.000184,33.511472,16.878464,1.147793,529.625579,0.047946,7.284977,598.246716,605.579978,606.513492,0.933514,606.834746
2786,vehicle1,1530.343000,1530.143000,2218.596648,1,ok,30322,25776,1,0.253753,0.006337,0.000230,0.107714,16.669439,1.354243,0.000134,34.597491,17.484494,0.727384,532.193324,0.005049,7.679313,603.134223,610.818815,612.399284,1.580469,612.659374
2787,vehicle1,1530.543000,1530.343000,2219.354864,1,ok,29199,25125,1,0.110114,0.004942,0.000276,0.065835,24.685187,1.271542,0.000109,34.475378,17.080112,0.757779,524.245375,0.009127,7.165685,602.581317,609.756405,610.843239,1.086834,610.958295
2788,vehicle1,1530.742000,1530.543000,2220.067532,1,ok,27805,24173,1,0.249668,0.005832,0.000353,0.100411,13.995845,1.293744,0.000089,31.220286,15.089750,0.728668,516.665001,0.004465,6.835869,579.093794,585.934481,586.590646,0.656165,586.846146
2789,vehicle1,1530.934000,1530.742000,2220.675722,1,ok,26893,23458,1,0.237433,0.005733,0.000299,0.050779,13.457772,1.794707,0.000174,25.047912,12.432041,0.850520,382.653575,0.004301,7.153192,436.287480,443.445272,443.993218,0.547946,444.236384
2790,vehicle1,1531.101000,1530.941000,2221.398108,1,ok,27039,23680,1,0.278318,0.007686,0.000464,0.093660,9.813174,1.530152,0.000093,23.256484,9.419939,0.683725,345.309576,0.004230,7.691288,390.106803,397.802785,398.962732,1.159947,399.248736
2791,vehicle1,1531.335000,1531.139000,2222.207097,1,ok,27105,23894,1,0.239607,0.008065,0.000348,0.093503,14.347134,1.773158,0.000081,25.196618,12.266522,0.701617,396.918984,0.021378,11.125986,451.297617,462.445329,463.326077,0.880748,463.573749
2792,vehicle1,1531.536000,1531.341000,2222.926680,1,ok,26926,23835,1,0.225652,0.005076,0.000162,0.052063,8.540871,1.537603,0.000085,23.743043,10.857880,0.675476,371.601499,0.004979,8.185623,417.008520,425.199284,425.569831,0.370547,425.800559
2793,vehicle1,1531.677000,1531.543000,2223.653606,1,ok,25597,22449,1,0.123071,0.006243,0.000381,0.060685,9.232940,1.425709,0.000041,24.238127,11.042811,0.732407,360.106740,0.005297,7.824324,406.839460,414.669462,415.518505,0.849043,415.647819
2794,vehicle1,1531.867000,1531.742000,2224.354082,1,ok,23464,20125,1,0.189062,0.008396,0.000291,0.081401,7.931261,1.509832,0.000144,24.253522,10.454393,0.673799,332.018851,0.016966,9.983602,376.923203,386.924062,387.576114,0.652052,387.773572
2795,vehicle1,1532.046000,1531.941000,2225.107191,1,ok,21623,18552,1,0.225843,0.008971,0.000134,0.081293,14.095404,2.224289,0.000116,21.816536,9.846410,0.727204,292.872677,0.004453,6.436311,341.663929,348.104827,348.664626,0.559799,348.899440
2796,vehicle1,1532.250000,1532.141000,2225.871454,1,ok,20553,17727,1,0.178740,0.012849,0.000149,0.076272,10.210294,1.696337,0.000088,20.906387,8.536852,0.725270,281.917410,0.004275,7.528494,324.068910,331.601828,332.093218,0.491390,332.284807
2797,vehicle1,1532.449000,1532.341000,2226.650622,1,ok,21065,18236,1,0.195662,0.006721,0.000168,0.062004,9.695881,1.823394,0.000189,24.295283,10.352062,0.896462,277.192366,0.015624,7.986495,324.317641,332.319928,332.736390,0.416462,332.938773
2798,vehicle1,1532.740000,1532.542000,2227.619886,1,ok,23391,20618,1,0.116302,0.008276,0.000298,0.070713,23.517745,2.636922,0.000146,30.916305,17.404930,0.692652,461.992470,0.004880,7.305597,537.231883,544.542658,545.289889,0.747231,545.414467
2799,vehicle1,1532.935000,1532.740000,2228.370593,1,ok,25817,23263,1,0.104797,0.008665,0.000309,0.084084,18.936325,2.436760,0.000122,32.219685,15.935722,0.945942,457.780307,0.008359,6.608710,528.338947,534.956325,535.529928,0.573603,535.643390
2800,vehicle1,1533.134000,1532.940000,2229.137890,1,ok,26281,24008,1,0.230408,0.006270,0.000400,0.086071,14.915577,2.638502,0.000118,39.598505,15.039717,0.946308,447.600846,0.005148,7.379338,520.825644,528.210530,529.221152,1.010622,529.457830
2801,vehicle1,1533.334000,1533.142000,2229.911618,1,ok,25995,23838,1,0.109504,0.007659,0.000271,0.094782,19.605805,2.495394,0.000091,30.532307,13.473103,0.698176,458.407114,0.004189,6.558795,525.306772,531.870027,532.290081,0.420054,532.407244
2802,vehicle1,1533.535000,1533.341000,2230.646643,1,ok,25580,23547,1,0.118514,0.004678,0.000206,0.054517,11.532917,2.095770,0.000226,31.748664,15.732541,1.018257,432.926410,0.018196,8.942734,495.109302,504.070438,504.741129,0.670691,504.864321
2803,vehicle1,1533.734000,1533.542000,2231.402936,1,ok,25373,23385,1,0.220771,0.008838,0.000311,0.085366,11.146531,2.033673,0.000166,30.135330,14.976606,0.745710,416.812708,0.004292,7.326482,475.936090,483.267175,483.696404,0.429229,483.926013
2804,vehicle1,1533.935000,1533.739000,2232.166663,1,ok,25148,23217,1,0.143875,0.005899,0.000208,0.081344,10.101639,2.737898,0.000138,32.142594,13.783966,0.910413,416.515400,0.011799,8.581851,476.273392,484.867250,485.739480,0.872230,485.889254
2805,vehicle1,1534.134000,1533.943000,2232.953379,1,ok,25009,23097,1,0.104737,0.009506,0.000351,0.083751,8.880319,2.277818,0.000148,30.557143,13.530349,0.942316,416.430130,0.040754,7.307060,472.701974,480.050139,480.795448,0.745309,480.909691
2806,vehicle1,1534.336000,1534.141000,2233.708289,1,ok,24921,23014,1,0.114390,0.008970,0.000235,0.076391,9.228371,2.971254,0.000149,30.946501,16.173326,0.705808,409.949557,0.005129,9.005817,470.051357,479.062538,479.791265,0.728727,479.914625
2807,vehicle1,1534.536000,1534.343000,2234.462737,1,ok,24843,22955,1,0.119585,0.004869,0.000194,0.080245,9.344077,2.421774,0.000102,29.793167,14.405650,0.806579,421.566444,0.014518,7.481031,478.418038,485.913781,486.288010,0.374229,486.412464
2808,vehicle1,1534.735000,1534.539000,2235.192389,1,ok,24737,22868,1,0.095728,0.007024,0.000232,0.096445,11.156379,2.174693,0.000092,32.881966,14.249766,0.807989,410.528987,0.004305,8.333607,471.896317,480.234461,480.884848,0.650387,480.987600
2809,vehicle1,1534.934000,1534.743000,2235.981564,1,ok,24587,22720,1,0.112426,0.009968,0.000337,0.069258,14.518943,2.515445,0.000258,32.451431,12.495674,0.877372,428.081402,0.006427,6.934955,491.009783,497.951502,498.869620,0.918118,498.992014
2810,vehicle1,1535.138000,1534.941000,2236.768615,1,ok,24471,22589,1,0.201033,0.006761,0.000281,0.059111,13.809900,2.981631,0.000286,34.794896,14.489890,0.811606,450.664346,0.005042,8.508289,517.611666,526.125278,526.552523,0.427245,526.760317
2811,vehicle1,1535.335000,1535.144000,2237.541980,1,ok,24600,22674,1,0.269263,0.010855,0.000377,0.084567,16.643464,2.361474,0.000090,36.549772,15.348016,0.948156,474.390380,0.003716,8.267234,546.325919,554.597246,555.292834,0.695588,555.572952
2812,vehicle1,1535.542000,1535.342000,2238.359717,1,ok,24616,22730,1,0.112959,0.007639,0.000270,0.090174,23.802098,3.776059,0.000170,40.424477,16.034692,0.762905,462.856064,0.014735,7.640562,547.746639,555.402206,555.934280,0.532074,556.054878
2813,vehicle1,1535.742000,1535.542000,2239.092181,1,ok,24576,22688,1,0.129414,0.007736,0.000253,0.088540,15.323062,3.699723,0.000202,35.939209,16.370057,0.902354,463.863645,0.003994,6.822619,536.186792,543.013658,543.512168,0.498510,543.649318
2814,vehicle1,1535.947000,1535.742000,2239.859778,1,ok,24638,22670,1,0.151153,0.030630,0.000430,0.090101,23.468117,3.453963,0.000111,35.034122,16.984304,0.704570,469.427655,0.004879,6.479436,549.162943,555.647688,556.075678,0.427990,556.257461
2815,vehicle1,1536.149000,1535.948000,2240.647285,1,ok,24740,22663,1,0.098125,0.007636,0.000196,0.098132,20.008867,3.865220,0.000115,39.116551,15.387758,0.707553,485.586901,0.004385,6.948822,564.771097,571.724500,572.202856,0.478356,572.308617
2816,vehicle1,1536.343000,1536.142000,2241.266041,1,ok,24861,22615,1,0.090060,0.006927,0.000346,0.077304,17.720868,2.800096,0.000130,37.818620,18.083419,0.945473,485.627697,0.019406,8.251236,563.073607,571.344595,571.819604,0.475009,571.916591
2817,vehicle1,1536.540000,1536.343000,2242.022387,1,ok,24931,22543,1,0.096777,0.004429,0.000227,0.053027,14.049798,3.648578,0.000085,38.629295,14.439888,0.700752,503.410614,0.004212,6.272636,574.932037,581.209112,581.601060,0.391948,581.702266
2818,vehicle1,1536.743000,1536.540000,2242.749989,1,ok,25101,22516,1,0.147321,0.008222,0.000325,0.083122,15.910702,2.918804,0.000179,38.848363,17.824921,0.812111,492.499074,0.013251,7.523331,568.897276,576.434183,576.742789,0.308606,576.898332
2819,vehicle1,1536.941000,1536.743000,2243.502848,1,ok,25007,22183,1,0.229422,0.009323,0.000227,0.082101,14.612863,3.246770,0.000079,36.765748,16.173524,0.708857,497.669063,0.004169,6.218087,569.259005,575.481488,575.809098,0.327610,576.047843
2820,vehicle1,1537.149000,1536.942000,2244.233938,1,ok,24809,21732,1,0.214101,0.010286,0.000237,0.090670,16.087468,3.048298,0.000088,36.363866,15.666855,0.916559,485.224376,0.005677,6.911231,557.398180,564.315325,564.856144,0.540819,565.080531
2821,vehicle1,1537.340000,1537.141000,2244.922533,1,ok,24501,21261,1,0.150282,0.008376,0.000367,0.082876,16.114265,3.875867,0.000123,35.193648,16.634295,0.727727,503.130811,0.005569,6.223270,575.759612,581.988818,582.343517,0.354699,582.502175
2822,vehicle1,1537.541000,1537.340000,2245.644153,1,ok,24096,20821,1,0.123541,0.005387,0.000187,0.052016,15.658861,3.297501,0.000105,35.560038,14.748656,0.918909,488.937603,0.004007,6.456614,559.173689,565.634497,566.034352,0.399855,566.163280
2823,vehicle1,1537.742000,1537.541000,2246.387294,1,ok,23998,20671,1,0.170240,0.007157,0.000150,0.088545,18.385696,4.729469,0.000099,41.833731,14.915480,0.707872,468.627268,0.004371,7.183849,549.288160,556.476530,556.845777,0.369247,557.023174
2824,vehicle1,1537.943000,1537.742000,2247.180626,1,ok,24095,20744,1,0.208468,0.007177,0.005386,0.071319,11.626390,3.781409,0.000127,44.614893,15.400728,0.698330,494.588884,0.016133,6.961336,570.782080,577.764935,578.437400,0.672465,578.653045
2825,vehicle1,1538.140000,1537.943000,2247.955552,1,ok,24296,20897,1,0.076011,0.007885,0.000309,0.103843,11.274636,3.263674,0.000127,38.110153,18.692686,0.707574,511.399983,0.004174,6.417135,583.552676,589.974294,590.276581,0.302287,590.360477
2826,vehicle1,1538.349000,1538.140000,2248.693875,1,ok,24511,21187,1,0.220859,0.007519,0.000298,0.093848,16.492164,4.666514,0.000239,50.882354,16.328904,0.714007,513.642092,0.005055,6.903508,602.820122,609.728983,610.308109,0.579126,610.536487
2827,vehicle1,1538.542000,1538.344000,2249.405213,1,ok,24735,21460,1,0.129899,0.011141,0.000217,0.072581,15.082857,4.212366,0.000096,38.231330,15.538697,0.697442,513.551432,0.005295,7.769358,587.386801,595.161671,595.488879,0.327208,595.629919
2828,vehicle1,1538.741000,1538.542000,2250.156624,1,ok,24849,21563,1,0.143463,0.142284,0.000293,0.083945,14.482773,4.003368,0.000117,38.553888,16.200215,0.966043,523.272401,0.004000,6.471245,597.562750,604.038288,604.533165,0.494877,604.818912
2829,vehicle1,1538.946000,1538.739000,2250.857409,1,ok,24774,21459,1,0.117657,0.005128,0.000156,0.051374,10.295911,4.443559,0.000255,39.517994,14.138090,0.699958,504.763976,0.012753,6.448866,573.911117,580.372892,580.657271,0.284379,580.780056
2830,vehicle1,1539.142000,1538.946000,2251.668482,1,ok,24709,21392,1,0.217038,0.007562,0.000293,0.088424,12.745366,4.950322,0.000121,49.081743,20.393694,0.972493,528.256255,0.005075,6.298657,616.488418,622.792443,623.136076,0.343633,623.360676
2831,vehicle1,1539.342000,1539.142000,2252.404687,1,ok,24753,21414,1,0.124988,0.007665,0.000183,0.090517,35.350788,4.903350,0.000166,39.624204,17.852158,0.701495,501.046548,0.004301,6.910500,599.569226,606.484210,606.809564,0.325354,606.942217
2832,vehicle1,1539.539000,1539.342000,2253.189989,1,ok,24779,21416,1,0.202953,0.005950,0.000215,0.093933,20.635815,4.209676,0.000249,39.307040,15.371937,0.746012,525.020978,0.012584,7.120136,605.385640,612.518575,612.858663,0.340088,613.067566
2833,vehicle1,1539.744000,1539.539000,2253.952239,1,ok,24736,21403,1,0.232174,0.007186,0.000220,0.090983,14.999904,3.953943,0.000151,39.288921,15.221912,0.899410,536.111958,0.012829,8.477096,610.567182,619.057327,619.686810,0.629483,619.926170
2834,vehicle1,1539.943000,1539.744000,2254.725839,1,ok,24779,21493,1,0.219280,0.007264,0.000266,0.110341,17.245809,6.391345,0.000273,44.655225,16.094533,0.724949,521.535881,0.005011,7.365726,606.758356,614.129359,614.470922,0.341563,614.697466
2835,vehicle1,1540.142000,1539.943000,2255.482776,1,ok,24957,21714,1,0.131470,0.041925,0.000235,0.094233,26.346873,4.203308,0.000196,39.650315,15.347897,0.702134,533.406662,0.016860,6.796908,619.751618,626.565621,626.988860,0.423239,627.162255
2836,vehicle1,1540.340000,1540.142000,2256.235142,1,ok,25137,21839,1,0.100544,0.008792,0.000474,0.089527,13.083084,4.580245,0.000156,47.106283,16.439680,0.731043,526.365279,0.004572,7.012517,608.395297,615.412860,615.850533,0.437673,615.959869
2837,vehicle1,1540.548000,1540.340000,2256.992937,1,ok,25343,21993,1,0.123059,0.005867,0.000314,0.087796,12.147065,4.592360,0.000120,40.974706,14.625206,0.718710,537.307265,0.005567,7.381190,610.453228,617.840299,618.309910,0.469611,618.438836
2838,vehicle1,1540.743000,1540.548000,2257.752629,1,ok,25453,22056,1,0.124224,0.008237,0.000247,0.127511,10.939698,5.966642,0.000188,37.929408,12.863434,1.442849,503.641021,0.004134,6.423334,572.910751,579.338466,580.166037,0.827571,580.298498
2839,vehicle1,1540.942000,1540.743000,2258.469299,1,ok,25586,22139,1,0.112403,0.009497,0.000141,0.089891,8.385144,5.773451,0.000082,44.615287,14.928407,0.717056,498.611664,0.004616,6.444235,573.120982,579.569974,579.903213,0.333239,580.025113
2840,vehicle1,1541.143000,1540.942000,2259.232861,1,ok,25647,22136,1,0.168400,0.007689,0.000425,0.112815,9.327366,4.931334,0.000105,37.555003,14.373521,0.750140,484.669256,0.022826,7.794880,551.719540,559.537671,560.094262,0.556591,560.270351
2841,vehicle1,1541.343000,1541.143000,2259.970121,1,ok,25701,22172,1,0.120894,0.010737,0.000248,0.091658,10.509402,4.613505,0.000076,37.674834,13.545079,0.814489,484.927618,0.005661,7.777402,552.176661,559.959972,560.489189,0.529217,560.620820
2842,vehicle1,1541.542000,1541.343000,2260.761264,1,ok,25801,22308,1,0.212999,0.007995,0.000323,0.068428,19.912113,4.246928,0.000072,41.824307,19.018496,0.707086,510.753332,0.004463,6.995397,596.530762,603.530945,603.852503,0.321558,604.073497
2843,vehicle1,1541.744000,1541.542000,2261.525020,1,ok,25946,22477,1,0.087746,0.007870,0.000246,0.096116,20.218833,4.894166,0.000078,40.780425,27.099139,0.918442,503.255570,0.004395,6.914890,597.262769,604.182300,604.579818,0.397518,604.675434
2844,vehicle1,1541.941000,1541.744000,2262.264648,1,ok,26024,22589,1,0.106717,0.004370,0.000241,0.054110,12.173101,5.035817,0.000129,41.018985,13.529657,0.714341,506.001820,0.004756,7.720225,578.527960,586.253182,586.573369,0.320187,586.684456
2845,vehicle1,1542.147000,1541.941000,2263.058534,1,ok,25920,22536,1,0.095356,0.007414,0.000176,0.085820,12.750165,5.118556,0.000111,37.867423,15.432528,0.754125,508.174235,0.013592,8.331211,580.182963,588.527942,589.139131,0.611189,589.241901
2846,vehicle1,1542.355000,1542.147000,2263.793548,1,ok,25859,22480,1,0.118424,0.005462,0.000281,0.079677,11.633054,4.418007,0.000237,39.061271,12.959525,0.929079,509.059630,0.004569,6.662725,578.140480,584.808055,585.142873,0.334818,585.266759
2847,vehicle1,1542.743000,1542.541000,2265.111813,1,ok,25782,22306,1,0.140499,0.008327,0.000122,0.093192,16.950591,4.545272,0.000332,41.282992,21.463032,0.892745,501.115413,0.004665,6.822341,586.343569,593.170697,593.907738,0.737041,594.056564
2848,vehicle1,1542.942000,1542.743000,2265.862208,1,ok,25844,22195,1,0.237174,0.009257,0.000338,0.088359,11.771588,5.234962,0.000110,41.605332,15.994263,0.767150,500.361634,0.006272,7.238661,575.823398,583.068669,583.752650,0.683981,583.999081
2849,vehicle1,1543.144000,1542.942000,2266.612526,1,ok,25915,22105,1,0.258425,0.011130,0.000307,0.087871,9.248621,4.062893,0.000139,35.234340,13.465406,0.735779,484.383889,0.004025,6.448825,547.218938,553.672095,554.034325,0.362230,554.303880
2850,vehicle1,1543.345000,1543.144000,2267.410575,1,ok,26022,22174,1,0.091930,0.006583,0.000282,0.105069,9.215495,4.898907,0.000131,35.415438,18.356475,0.820224,497.033326,0.012935,6.224061,565.845065,572.082343,572.681507,0.599164,572.780020
2851,vehicle1,1543.544000,1543.345000,2268.178793,1,ok,25976,22131,1,0.112270,0.007347,0.000209,0.118925,13.666758,4.240112,0.000092,35.002702,13.351519,0.739996,521.209213,0.004679,8.470243,588.329317,596.804448,597.391768,0.587320,597.511385
2852,vehicle1,1543.743000,1543.544000,2268.950196,1,ok,25873,22069,1,0.119017,0.006638,0.000218,0.080004,10.298270,4.250117,0.000107,38.936649,14.064474,0.831794,492.583736,0.004352,8.392683,561.045151,569.442404,569.727103,0.284699,569.852758
2853,vehicle1,1543.943000,1543.743000,2269.730866,1,ok,25710,21977,1,0.230418,0.007083,0.000202,0.086880,11.255444,4.595197,0.000141,37.595135,17.524243,0.851943,511.884416,0.004319,9.594448,583.793399,593.392368,593.755343,0.362975,593.992844
2854,vehicle1,1544.145000,1543.943000,2270.518278,1,ok,25470,21787,1,0.307419,0.169074,0.000315,0.082465,12.676111,4.439458,0.000081,38.400820,13.440454,0.935605,532.034548,0.004656,6.798769,602.009542,608.813282,609.212483,0.399201,609.688976
2855,vehicle1,1544.342000,1544.145000,2271.253099,1,ok,25355,21683,1,0.126578,0.007392,0.000236,0.083852,8.713936,4.220812,0.000074,37.390398,16.086661,0.741551,515.771824,0.004290,6.174993,583.009108,589.188627,589.482811,0.294184,589.616781
2856,vehicle1,1544.541000,1544.342000,2272.025006,1,ok,25342,21633,1,0.092689,0.006196,0.000143,0.060292,7.888777,4.275407,0.000084,36.028454,12.958775,0.718373,511.582187,0.018364,7.001811,573.512349,580.532667,580.773703,0.241036,580.872588
2857,vehicle1,1544.744000,1544.541000,2272.791109,1,ok,25194,21495,1,0.120873,0.004243,0.000222,0.051308,9.308169,4.635032,0.000129,37.148496,13.913393,0.815003,508.819142,0.004338,6.203571,574.690672,580.898803,581.513247,0.614444,581.638363
2858,vehicle1,1544.944000,1544.744000,2273.542205,1,ok,25078,21369,1,0.122089,0.008726,0.000203,0.089019,11.046976,5.303478,0.000126,34.841041,14.948312,0.948047,503.303274,0.012571,7.523964,570.480273,578.017011,578.379563,0.362552,578.510378
2859,vehicle1,1545.141000,1544.944000,2274.270276,1,ok,24907,21210,1,0.240867,0.010926,0.000152,0.081799,11.843011,4.630573,0.000322,34.078192,14.648723,0.709103,491.408941,0.003785,7.206205,557.400664,564.610806,564.931498,0.320692,565.183291
2860,vehicle1,1545.343000,1545.141000,2275.052941,1,ok,24777,21119,1,0.093944,0.007994,0.000293,0.104655,13.771618,6.391838,0.000116,40.003874,11.318386,0.920018,499.746974,0.003541,6.194431,572.257479,578.455744,578.936851,0.481107,579.038789
2861,vehicle1,1545.536000,1545.343000,2275.765974,1,ok,24637,21035,1,0.249251,0.008514,0.000253,0.083427,8.092736,4.706702,0.000091,33.112758,11.913673,0.756160,471.421922,0.005441,7.386954,530.087469,537.480117,537.853996,0.373879,538.111761
2862,vehicle1,1545.750000,1545.548000,2276.604627,1,ok,24416,20874,1,0.079369,0.006478,0.000335,0.084158,11.239787,4.220157,0.000078,30.983503,13.239020,0.843253,475.676933,0.022731,7.226542,536.286889,543.536497,544.951200,1.414703,545.037047
2863,vehicle1,1546.043000,1545.841000,2277.611253,1,ok,24201,20716,1,0.073200,0.019545,0.000247,0.071729,9.569840,6.754015,0.000218,31.822802,11.883060,0.690140,495.194597,0.005716,6.449531,555.986401,562.441895,562.706640,0.264745,562.799385
2864,vehicle1,1546.242000,1546.043000,2278.371578,1,ok,24001,20588,1,0.136815,0.043180,0.000425,0.081561,12.662870,4.445284,0.000108,40.545951,12.998842,0.789283,467.200188,0.005441,6.977230,538.724087,545.707183,546.222216,0.515033,546.402211
2865,vehicle1,1546.436000,1546.243000,2279.110205,1,ok,23778,20416,1,0.111639,0.004744,0.000332,0.052724,8.331533,4.368786,0.000105,31.813003,10.967809,0.829465,446.337529,0.004082,7.499398,502.700954,510.204766,510.475297,0.270531,510.591680
2866,vehicle1,1546.633000,1546.445000,2279.870695,1,ok,23516,20203,1,0.098036,0.007200,0.000462,0.074168,9.224043,4.206075,0.000077,28.959646,11.218027,0.864002,446.001147,0.004789,7.001332,500.547185,507.553768,507.916935,0.363167,508.022171
2867,vehicle1,1546.836000,1546.641000,2280.622217,1,ok,23385,20008,1,0.184918,0.005222,0.000240,0.047520,6.818498,5.307965,0.000106,30.325188,11.038074,0.697214,445.593837,0.014761,6.651161,499.828402,506.494564,506.768004,0.273440,506.958144
2868,vehicle1,1547.036000,1546.843000,2281.399489,1,ok,23348,20011,1,0.114804,0.009360,0.000260,0.082553,7.462146,5.115012,0.000103,28.852100,14.874259,0.842099,454.669892,0.004249,7.728148,511.898164,519.630821,519.981691,0.350870,520.105855
2869,vehicle1,1547.237000,1547.043000,2282.172541,1,ok,23246,19969,1,0.214400,0.005199,0.000255,0.048528,10.969860,4.664351,0.000091,33.134726,11.874053,0.717601,449.591933,0.005838,7.173938,511.001143,518.181174,518.522585,0.341411,518.742184
2870,vehicle1,1547.435000,1547.243000,2282.898761,1,ok,23128,19872,1,0.228577,0.006840,0.000388,0.060240,8.064631,4.878614,0.000096,31.729457,10.931496,0.710142,435.872467,0.028809,9.348590,492.247143,501.624930,502.306752,0.681822,502.542169
2871,vehicle1,1547.642000,1547.442000,2283.669469,1,ok,23021,19730,1,0.209037,0.006252,0.000317,0.058427,8.019004,5.773543,0.000114,29.861165,12.514164,2.277966,430.240777,0.016521,7.060513,488.745160,495.822511,496.908530,1.086019,497.123819
2872,vehicle1,1547.846000,1547.649000,2284.450350,1,ok,22909,19617,1,0.099626,0.007577,0.000405,0.070185,7.850465,4.502491,0.000134,26.875112,9.527714,0.709946,424.227732,0.014022,7.653644,473.763779,481.431850,481.829863,0.398013,481.937066
2873,vehicle1,1548.135000,1547.946000,2285.485129,1,ok,22706,19454,1,0.188702,0.005452,0.000127,0.046787,6.446790,5.207276,0.000104,34.359008,12.073997,0.878968,415.255140,0.011655,6.308252,474.268070,480.588104,481.083094,0.494990,481.277248
2874,vehicle1,1548.331000,1548.145000,2286.227337,1,ok,22622,19303,1,0.220659,0.007227,0.000258,0.076696,7.908261,4.688622,0.000129,26.451407,9.487921,0.697703,402.846669,0.003183,6.871569,452.157408,459.032418,459.396870,0.364452,459.624756
2875,vehicle1,1548.535000,1548.341000,2287.046219,1,ok,22603,19214,1,0.184542,0.007470,0.000155,0.075806,13.979553,4.667160,0.000271,32.571012,13.365263,0.706407,404.483417,0.004634,7.787355,469.848889,477.641033,478.117419,0.476386,478.309431
2876,vehicle1,1548.734000,1548.540000,2287.775944,1,ok,22386,18978,1,0.218190,0.007275,0.000363,0.077213,9.137454,4.251675,0.000112,29.608667,10.405716,0.745992,389.241137,0.003358,7.950178,443.467966,451.421865,451.895382,0.473517,452.120847
2877,vehicle1,1548.934000,1548.742000,2288.552349,1,ok,22039,18673,1,0.302391,0.005148,0.000181,0.057187,7.097675,4.575915,0.000156,30.671274,11.666564,0.873088,396.520260,0.012615,6.666551,451.462119,458.141466,458.631394,0.489928,458.938933
2878,vehicle1,1549.134000,1548.941000,2289.317001,1,ok,21775,18383,1,0.192922,0.007012,0.000138,0.078247,7.356388,5.180053,0.000138,29.433461,10.930460,0.917026,380.651299,0.003406,7.545670,434.547072,442.096286,442.507416,0.411130,442.707350
2879,vehicle1,1549.336000,1549.140000,2290.079031,1,ok,21526,18140,1,0.105336,0.006436,0.000173,0.070366,8.120971,4.672930,0.000104,30.339527,12.779180,0.814613,400.776370,0.003446,6.988716,457.574061,464.566396,464.890407,0.324011,465.002179
2880,vehicle1,1549.532000,1549.343000,2290.824456,1,ok,21368,17956,1,0.257042,0.007193,0.000242,0.078598,10.184142,6.085557,0.000242,28.066365,9.464213,0.922325,386.646851,0.049102,7.571417,441.448293,449.069054,450.583419,1.514365,450.847654
2881,vehicle1,1549.718000,1549.545000,2291.576374,1,ok,21492,17967,1,0.103635,0.007268,0.000224,0.079613,6.978891,9.246407,0.000143,26.999187,11.479525,0.823839,366.103987,0.005073,7.116348,421.711592,428.833237,429.281078,0.447841,429.391981
2882,vehicle1,1549.908000,1549.742000,2292.315174,1,ok,21889,18205,1,0.088545,0.007148,0.000336,0.087606,9.304597,4.491254,0.000218,27.694699,10.703142,0.707441,362.749682,0.004573,7.629261,415.738639,423.372809,423.975417,0.602608,424.071110
2883,vehicle1,1550.076000,1549.943000,2293.088046,1,ok,22343,18493,1,0.244234,0.007702,0.000430,0.078005,13.354313,4.392733,0.000116,25.639438,8.522820,0.717466,359.306182,0.015063,8.727368,412.011073,420.753934,421.093528,0.339594,421.345464
2884,vehicle1,1550.289000,1550.142000,2293.876494,1,ok,22789,18773,1,0.215396,0.005617,0.000281,0.083970,11.665267,4.822436,0.000116,28.514328,9.881858,0.714744,358.875316,0.004139,6.612948,414.558035,421.175403,421.565912,0.390509,421.786925
2885,vehicle1,1550.535000,1550.342000,2294.676612,1,ok,23268,19036,1,0.079128,0.004638,0.000130,0.062385,9.887278,4.878775,0.000116,28.572751,8.947704,0.877867,378.242797,0.003508,6.669396,431.469673,438.142707,438.529061,0.386354,438.612827
2886,vehicle1,1550.735000,1550.543000,2295.451829,1,ok,23905,19394,1,0.251293,0.008869,0.000347,0.082500,13.876029,4.785944,0.000092,30.348037,11.970247,0.717184,392.567411,0.003865,8.741218,454.347444,463.092874,463.439007,0.346133,463.699169
2887,vehicle1,1550.935000,1550.742000,2296.213191,1,ok,24484,19725,1,0.180341,0.007491,0.000154,0.086631,11.719760,5.585231,0.000161,30.064971,9.129991,0.711875,415.433945,0.003968,6.273828,472.732565,479.010515,479.276153,0.265638,479.463985
2888,vehicle1,1551.135000,1550.942000,2296.978696,1,ok,24932,20004,1,0.222413,0.008487,0.000261,0.071408,13.509614,5.155272,0.000093,36.209401,11.432905,0.787892,415.217121,0.014156,7.281017,482.383706,489.679140,490.282565,0.603425,490.513465
2889,vehicle1,1551.335000,1551.142000,2297.718056,1,ok,25247,20158,1,0.124036,0.012264,0.000400,0.091029,10.887319,4.592613,0.000083,35.327597,13.269992,0.811203,424.689496,0.003678,6.288201,489.669332,495.961611,496.406871,0.445260,496.543171
2890,vehicle1,1551.537000,1551.342000,2298.432526,1,ok,25650,20389,1,0.256441,0.006188,0.000224,0.091838,11.913376,3.814639,0.000265,29.043056,10.799539,0.728569,411.467756,0.003853,8.482321,467.859038,476.345436,476.697633,0.352197,476.960262
2891,vehicle1,1551.734000,1551.545000,2299.168256,1,ok,26085,20581,1,0.251521,0.010740,0.000176,0.108379,12.073979,3.870777,0.000086,30.539569,11.234140,0.847007,379.050111,0.004160,7.724951,437.724048,445.453335,445.878750,0.425415,446.141011
2892,vehicle1,1551.935000,1551.742000,2299.965677,1,ok,26541,20773,1,0.273725,0.009062,0.000171,0.073466,11.550403,4.286167,0.000109,29.815263,11.045513,0.791682,410.580092,0.004957,9.391173,468.142695,477.538996,477.908659,0.369663,478.191446
2893,vehicle1,1552.136000,1551.942000,2300.747348,1,ok,27121,21011,1,0.196295,0.007640,0.000291,0.097423,17.338616,5.428759,0.000136,34.062509,12.495448,0.986721,423.681130,0.023607,7.165797,494.090742,501.280437,501.860171,0.579734,502.064106
2894,vehicle1,1552.336000,1552.143000,2301.525961,1,ok,27794,21269,1,0.243559,0.006855,0.000182,0.096210,11.755412,5.240573,0.000086,32.632175,13.127899,0.687691,441.770852,0.003710,7.246915,505.310898,512.561705,512.849629,0.287924,513.100043
2895,vehicle1,1552.536000,1552.347000,2302.221989,1,ok,28294,21390,1,0.183420,0.010408,0.000252,0.099722,11.350175,4.366867,0.000031,34.395841,12.060744,0.707366,406.818828,0.016762,8.238156,469.799574,478.054744,478.449654,0.394910,478.643482
2896,vehicle1,1552.737000,1552.544000,2302.986013,1,ok,28634,21501,1,0.149675,0.007850,0.000195,0.087259,10.190394,3.612137,0.000094,31.681029,11.308630,0.744182,423.992211,0.003954,9.100626,481.615936,490.720711,491.027485,0.306774,491.185010
2897,vehicle1,1552.937000,1552.743000,2303.790668,1,ok,28993,21636,1,0.203279,0.007892,0.000209,0.116301,14.551838,5.461992,0.000137,39.835423,11.481118,0.953995,433.421118,0.003618,6.544808,505.821922,512.370557,512.767996,0.397439,512.979167
2898,vehicle1,1553.141000,1552.943000,2304.568587,1,ok,29424,21871,1,0.147747,0.010732,0.000379,0.099444,15.316587,4.073436,0.000288,33.075131,14.178564,0.712511,444.176656,0.011197,7.829816,511.632617,519.474009,519.905593,0.431584,520.064072
2899,vehicle1,1553.336000,1553.143000,2305.342150,1,ok,29674,22030,1,0.245723,0.008903,0.000212,0.098312,14.014025,4.697465,0.000157,34.124001,17.899591,0.888617,467.877716,0.004179,6.865471,539.599884,546.469746,547.095115,0.625369,547.349741
2900,vehicle1,1553.535000,1553.344000,2306.098921,1,ok,29769,22123,1,0.142187,0.007957,0.000416,0.218709,11.770812,4.234319,0.000141,31.902265,13.649031,0.758876,451.845124,0.004738,6.723384,514.379277,521.107815,521.508800,0.400985,521.658944
2901,vehicle1,1553.737000,1553.543000,2306.882868,1,ok,29814,22156,1,0.126636,0.007576,0.000281,0.112863,16.609341,4.428922,0.000092,32.624988,14.860757,0.706047,453.067855,0.003668,7.463921,522.410865,529.878735,530.236281,0.357546,530.370493
2902,vehicle1,1553.936000,1553.739000,2307.640038,1,ok,29966,22220,1,0.286116,0.009002,0.000218,0.130205,12.304853,4.374492,0.000088,29.829533,11.613568,0.687407,447.046269,0.005892,10.742643,505.986415,516.735168,517.066425,0.331257,517.361543
2903,vehicle1,1554.137000,1553.947000,2308.384812,1,ok,30045,22262,1,0.299238,0.009153,0.000205,0.107690,11.191631,4.987348,0.000139,28.423898,11.976623,0.795874,432.184895,0.013931,8.095580,489.668098,497.777814,498.131148,0.353334,498.439539
2904,vehicle1,1554.337000,1554.145000,2309.134238,1,ok,30001,22209,1,0.083406,0.008685,0.000781,0.133179,7.713537,4.393726,0.000135,27.005831,11.437626,0.731465,418.579659,0.014873,6.540172,469.995158,476.550984,476.972839,0.421855,477.064930
2905,vehicle1,1554.536000,1554.347000,2309.967955,1,ok,30045,22257,1,0.106825,0.006520,0.000298,0.107891,9.872902,4.915520,0.000186,34.741466,15.826007,1.034963,443.280566,0.004747,7.730641,509.779501,517.515187,518.009448,0.494261,518.122793
2906,vehicle1,1554.737000,1554.543000,2310.742868,1,ok,30098,22298,1,0.187567,0.005335,0.000187,0.068001,6.760082,3.556588,0.000139,31.036048,12.682710,0.782103,436.848992,0.004261,6.510866,491.734663,498.249977,498.541042,0.291065,498.733944
2907,vehicle1,1554.936000,1554.744000,2311.498553,1,ok,30075,22290,1,0.267726,0.008355,0.000171,0.123172,10.432391,4.260746,0.000094,29.385835,14.208631,0.736681,443.456267,0.004545,8.422280,502.603817,511.030813,511.782853,0.752040,512.058934
2908,vehicle1,1555.136000,1554.943000,2312.239453,1,ok,30027,22243,1,0.100188,0.006695,0.000294,0.065352,7.929288,3.953971,0.000121,27.188223,10.444099,0.698354,391.715277,0.003373,6.518197,441.994685,448.516549,448.807208,0.290659,448.914091
2909,vehicle1,1555.341000,1555.144000,2313.100730,1,ok,30002,22218,1,0.277398,0.006106,0.000206,0.092110,10.184147,5.031411,0.000096,32.515014,14.783101,0.724792,456.654432,0.016664,7.507882,519.985103,527.509855,527.999835,0.489980,528.283339
2910,vehicle1,1555.539000,1555.343000,2313.851071,1,ok,29974,22204,1,0.746447,0.011498,0.000184,0.100898,11.540839,5.510415,0.000158,31.016055,16.146124,0.693485,442.804252,0.003925,7.718569,507.812226,515.534904,516.329002,0.794098,517.086947
2911,vehicle1,1555.738000,1555.544000,2314.598859,1,ok,29966,22192,1,0.256669,0.005070,0.000190,0.060923,5.178231,3.737294,0.000109,30.195339,10.584574,0.694609,442.445111,0.003986,7.632596,492.896190,500.532962,500.788447,0.255485,501.050186
2912,vehicle1,1555.937000,1555.746000,2315.313790,1,ok,30025,22250,1,0.193204,0.006311,0.000200,0.100139,6.853448,4.630775,0.000083,29.234556,10.129273,0.852421,417.157996,0.004006,6.212479,468.958691,475.175376,475.574365,0.398989,475.773880
2913,vehicle1,1556.136000,1555.943000,2316.053585,1,ok,30042,22258,1,0.181023,0.006995,0.000360,0.075383,6.720889,4.515840,0.000093,29.536441,12.286356,0.812355,393.950849,0.004067,8.020717,447.898206,455.923350,456.294029,0.370679,456.482047
2914,vehicle1,1556.336000,1556.143000,2316.811013,1,ok,30101,22297,1,0.085875,0.007650,0.000344,0.067892,7.772646,3.689020,0.000222,28.307433,10.886263,0.740595,395.461882,0.016412,6.906254,446.925953,453.848963,454.265716,0.416753,454.359241
2915,vehicle1,1556.536000,1556.343000,2317.594943,1,ok,30026,22252,1,0.254351,0.009017,0.000277,0.111054,8.607273,5.176482,0.000116,34.591115,11.475028,0.804335,408.221434,0.004081,7.076349,468.986837,476.067544,476.368707,0.301163,476.632075
2916,vehicle1,1556.737000,1556.544000,2318.356051,1,ok,29976,22206,1,0.150616,0.008556,0.000500,0.113595,10.445008,3.780248,0.000109,30.514768,12.934811,0.826167,421.791451,0.004019,7.404121,480.406157,487.814797,488.180782,0.365985,488.339954
2917,vehicle1,1556.937000,1556.745000,2319.171754,1,ok,29950,22175,1,0.124721,0.006966,0.000196,0.104334,15.434619,3.389847,0.000152,38.458865,13.594929,4.824016,468.248608,0.003551,7.469963,544.055370,551.529080,551.920651,0.391571,552.052338
2918,vehicle1,1557.136000,1556.945000,2319.912385,1,ok,29930,22162,1,0.156507,0.013567,0.000316,0.109699,8.305406,5.398145,0.000101,33.932182,13.994954,0.712650,439.016812,0.004553,6.175106,501.469949,507.649924,508.139584,0.489660,508.309658
2919,vehicle1,1557.336000,1557.143000,2320.618516,1,ok,29963,22211,1,0.187059,0.006948,0.000195,0.096638,7.880344,4.320537,0.000162,27.789369,11.818489,0.906214,412.663025,0.013437,7.537444,465.474778,473.025854,473.430707,0.404853,473.624714
2920,vehicle1,1557.500000,1557.343000,2321.349648,1,ok,29967,22214,1,0.269817,0.005949,0.000157,0.095810,5.275901,4.968758,0.000119,29.599808,11.357157,0.939706,359.711385,0.005778,8.762592,411.948644,420.717171,421.468112,0.750941,421.743878
2921,vehicle1,1557.703000,1557.548000,2322.158404,1,ok,29988,22240,1,0.123757,0.007284,0.000376,0.108088,6.146827,3.421601,0.000162,22.744884,12.513009,1.064391,335.882715,0.003966,6.931623,381.881677,388.817642,389.209407,0.391765,389.340448
2922,vehicle1,1557.942000,1557.750000,2322.994386,1,ok,29979,22240,1,0.118167,0.024516,0.000193,0.085032,4.627601,3.655534,0.000502,25.521707,11.540608,0.934124,390.605709,0.003649,7.800248,436.970817,444.774907,445.350605,0.575698,445.493288
2923,vehicle1,1558.156000,1557.952000,2323.780394,1,ok,30003,22269,1,0.227455,0.012249,0.000267,0.137289,6.773718,3.894148,0.000132,23.912870,8.769130,0.747260,382.989316,0.004707,7.519394,427.223863,434.748231,435.164688,0.416457,435.404392
2924,vehicle1,1558.441000,1558.248000,2324.702883,1,ok,30003,22253,1,0.282248,0.007509,0.000200,0.103932,5.976574,3.625911,0.000084,27.351111,9.900893,0.833885,360.433588,0.013127,7.873460,408.225978,416.112765,416.630423,0.517658,416.920180
2925,vehicle1,1558.735000,1558.548000,2325.701109,1,ok,29988,22232,1,0.147190,0.011186,0.000364,0.110446,5.799262,4.563751,0.000139,23.893667,8.822889,0.688188,338.912295,0.004318,8.596631,382.790637,391.391950,392.368681,0.976731,392.527057
2926,vehicle1,1558.884000,1558.747000,2326.393582,1,ok,29957,22204,1,0.135469,0.004606,0.000325,0.057062,4.106938,3.952660,0.000246,30.178450,7.425905,0.734722,334.780440,0.003406,8.184339,381.236423,389.424493,389.789158,0.364665,389.929233
2927,vehicle1,1559.140000,1558.950000,2327.194756,1,ok,29928,22185,1,0.292189,0.007544,0.000367,0.096108,5.868079,5.202373,0.000101,20.293642,9.058318,0.826559,350.093879,0.011826,10.557978,391.439059,402.009230,402.578700,0.569470,402.878433
2928,vehicle1,1559.255000,1559.147000,2327.843775,1,ok,29944,22228,1,0.148706,0.005875,0.000206,0.094052,5.386447,5.521850,0.000262,25.892991,7.592761,0.702698,293.892786,0.014349,7.169391,339.083847,346.267793,346.925756,0.657963,347.080337
2929,vehicle1,1559.537000,1559.346000,2328.730281,1,ok,29952,22246,1,0.257778,0.004464,0.000312,0.060093,6.595563,4.697542,0.000360,27.220987,11.412125,0.856010,391.888538,0.017840,8.342382,442.731218,451.091752,451.663053,0.571301,451.925295
2930,vehicle1,1559.737000,1559.549000,2329.472652,1,ok,29954,22248,1,0.138193,0.007118,0.000320,0.100730,5.401366,3.643020,0.000082,30.835670,10.955566,0.832849,345.472754,0.006082,7.391666,397.242037,404.640105,405.025937,0.385832,405.171248
2931,vehicle1,1559.941000,1559.750000,2330.276621,1,ok,29949,22241,1,0.093811,0.006828,0.000353,0.068831,5.298459,4.049517,0.000100,24.124307,9.707098,0.725347,412.226077,0.004903,9.215220,456.199736,465.420212,465.754381,0.334169,465.855020
2932,vehicle1,1560.141000,1559.950000,2331.021117,1,ok,29966,22261,1,0.213888,0.005176,0.000298,0.059010,5.096329,3.292769,0.000081,37.098505,11.965810,0.691211,378.773945,0.004281,6.310621,436.977660,443.292860,443.723688,0.430828,443.942752
2933,vehicle1,1560.340000,1560.149000,2331.851410,1,ok,29942,22246,1,0.294052,0.034235,0.000289,0.119495,13.098598,6.875381,0.000104,30.539183,10.361116,0.724485,428.257530,0.003699,6.551885,489.975892,496.531765,496.804106,0.272341,497.132393
2934,vehicle1,1560.541000,1560.347000,2332.561476,1,ok,29950,22252,1,0.158883,0.004758,0.000255,0.059365,7.942160,3.751506,0.000101,32.736515,14.270289,0.816395,420.836330,0.013385,7.250608,480.412661,487.676909,487.975717,0.298808,488.139358
2935,vehicle1,1560.741000,1560.547000,2333.295450,1,ok,29955,22241,1,0.271123,0.011344,0.000223,0.116627,9.774083,4.038696,0.000231,31.101327,10.899036,0.718977,408.944229,0.005632,7.309214,465.593206,472.908275,473.391651,0.483376,473.674118
2936,vehicle1,1560.941000,1560.747000,2334.072452,1,ok,29974,22268,1,0.270318,0.006901,0.000253,0.104670,6.781717,4.912219,0.000082,28.244397,11.780625,0.693151,430.198212,0.004452,9.222963,482.715073,491.942741,492.318885,0.376144,492.596104
2937,vehicle1,1561.102000,1560.948000,2334.742770,1,ok,29983,22278,1,0.116323,0.007102,0.000147,0.078017,5.639357,7.613385,0.000127,24.641122,10.015006,0.902426,328.597766,0.004049,6.672420,377.487206,384.163822,384.652062,0.488240,384.775487
2938,vehicle1,1561.255000,1561.147000,2335.478481,1,ok,29951,22252,1,0.115376,0.006353,0.000363,0.108983,6.250898,4.769402,0.000108,33.035363,10.305254,0.772681,305.769280,0.003324,6.276329,361.011969,367.291985,367.598072,0.306087,367.719801
2939,vehicle1,1561.540000,1561.346000,2336.329769,1,ok,29940,22249,1,0.237936,0.101288,0.000339,0.123033,6.022887,4.045274,0.000261,28.739140,10.517056,0.693095,402.853079,0.003526,8.628393,452.993825,461.626083,462.031807,0.405724,462.371031
2940,vehicle1,1561.722000,1561.548000,2337.059600,1,ok,29974,22293,1,0.130522,2.474058,0.000564,0.109902,5.896999,4.054975,0.000140,25.705815,9.082753,0.704344,338.719650,0.013735,7.870274,384.274578,392.159151,392.565721,0.406570,395.170301
2941,vehicle1,1561.942000,1561.748000,2337.913372,1,ok,29974,22297,1,0.110859,0.004979,0.000294,0.066588,6.036571,3.449862,0.000190,28.638093,11.437480,0.707706,423.054947,0.003473,7.583103,473.391437,480.978307,481.410549,0.432242,481.526387
2942,vehicle1,1562.142000,1561.951000,2338.643506,1,ok,29918,22232,1,0.125233,0.345347,0.000441,0.085153,9.112643,3.536776,0.000194,31.086693,10.426986,0.855140,388.609409,0.003770,7.290437,443.712994,451.007642,451.364295,0.356653,451.834875
2943,vehicle1,1562.316000,1562.150000,2339.386320,1,ok,29871,22184,1,0.318545,0.010563,0.000320,0.096799,9.386551,5.081353,0.000143,28.328835,8.665100,1.012952,351.857404,0.003451,7.604861,404.429137,412.037769,412.384318,0.346549,412.713426
2944,vehicle1,1562.490000,1562.347000,2340.111835,1,ok,29881,22191,1,0.213053,0.007588,0.000333,0.113232,6.266727,7.294821,0.000124,18.254125,6.856312,0.903196,333.094768,0.004037,6.910017,372.783305,379.697692,380.156684,0.458992,380.377325
2945,vehicle1,1562.740000,1562.547000,2340.935502,1,ok,29904,22206,1,0.310280,0.009394,0.000602,0.093946,11.587624,4.979413,0.000263,29.553476,11.803533,0.859266,391.377458,0.012554,7.142663,450.254979,457.410798,457.737447,0.326649,458.057121
2946,vehicle1,1562.940000,1562.748000,2341.706570,1,ok,29937,22254,1,0.266480,0.009084,0.000192,0.103476,6.033126,3.415203,0.000122,27.214076,9.902919,0.687134,388.720016,0.017412,9.230420,436.076072,445.324096,445.714910,0.390814,445.990474
2947,vehicle1,1563.142000,1562.951000,2342.389467,1,ok,29893,22217,1,0.151922,0.005784,0.000293,0.098854,5.857138,3.348080,0.000099,26.433013,10.520907,0.690164,350.694017,0.004118,9.393986,397.642272,407.040669,407.666734,0.626065,407.824440
2948,vehicle1,1563.340000,1563.150000,2343.145404,1,ok,29873,22215,1,0.276339,0.009969,0.000212,0.093987,6.583318,4.408664,0.000087,25.673322,8.662826,0.881386,366.676046,0.003835,6.158152,412.979636,419.141835,419.483700,0.341865,419.770008
2949,vehicle1,1563.540000,1563.347000,2343.962784,1,ok,29973,22240,1,0.158829,0.004726,0.000229,0.059206,9.493864,5.529661,0.000147,30.228671,14.570789,0.844188,439.463594,0.009062,7.582306,500.190120,507.781717,508.229661,0.447944,508.393216
2950,vehicle1,1563.741000,1563.546000,2344.714512,1,ok,30062,22287,1,0.424551,0.014918,0.000423,0.110424,10.957490,4.530469,0.004192,31.614137,11.593744,0.920933,425.459303,0.021239,6.378520,485.190692,491.590874,491.973549,0.382675,492.413018
2951,vehicle1,1563.948000,1563.749000,2345.515958,1,ok,30086,22313,1,0.256564,0.006094,0.000249,0.058898,7.862433,4.021390,0.000090,30.513754,13.862737,0.731897,443.789214,0.005445,6.348275,500.840413,507.194382,507.474227,0.279845,507.736885
2952,vehicle1,1564.141000,1563.948000,2346.215983,1,ok,30003,22321,1,0.231521,0.009258,0.000208,0.094553,6.526047,3.880980,0.000157,25.901119,10.748876,0.823361,391.415072,0.014180,6.234542,439.390165,445.639095,446.033755,0.394660,446.274534
2953,vehicle1,1564.434000,1564.250000,2347.236352,1,ok,29948,22286,1,0.270120,0.006303,0.000190,0.108297,6.768777,5.200962,0.000103,27.268051,10.190648,1.018419,353.069002,0.004288,7.312503,403.624259,410.941240,411.627645,0.686405,411.904068
2954,vehicle1,1564.640000,1564.449000,2348.010414,1,ok,29930,22308,1,0.296385,0.007739,0.000340,0.109161,8.331913,4.627569,0.000108,25.044772,9.239795,0.767217,377.441855,0.003765,7.196437,425.562390,432.762932,433.058558,0.295626,433.362682
2955,vehicle1,1564.844000,1564.650000,2348.730584,1,ok,29900,22281,1,0.126283,0.010069,0.000222,0.095588,6.824054,3.547021,0.000102,26.861526,11.342314,0.686232,422.404208,0.014852,7.041344,471.761045,478.817463,479.094764,0.277301,479.231116
2956,vehicle1,1565.045000,1564.852000,2349.393850,1,ok,29961,22316,1,0.106219,0.007154,0.000316,0.110003,6.402238,4.514674,0.000088,24.865151,8.920180,0.942555,332.703491,0.003878,9.884363,378.458380,388.346937,388.715464,0.368527,388.828837
2957,vehicle1,1565.443000,1565.250000,2350.816107,1,ok,29979,22320,1,0.275010,0.006779,0.000340,0.088187,5.944111,3.651172,0.000118,28.590983,10.040256,0.685800,423.437870,0.005535,7.280350,472.438497,479.724722,480.044625,0.319903,480.326414
2958,vehicle1,1565.643000,1565.450000,2351.521053,1,ok,30013,22356,1,0.284406,0.008468,0.000244,0.096357,7.971265,3.434945,0.000174,23.694879,10.265961,0.889014,373.125621,0.003766,8.530331,419.478216,428.012557,428.440898,0.428341,428.733772
2959,vehicle1,1565.842000,1565.651000,2352.271746,1,ok,30021,22381,1,0.220158,2.707984,0.000473,0.104608,6.594672,3.177439,0.000080,27.569178,12.605005,0.690735,377.845907,0.004133,7.375290,428.587624,435.967520,436.305575,0.338055,439.233717
2960,vehicle1,1566.042000,1565.851000,2353.037468,1,ok,29992,22352,1,0.241807,0.006017,0.000330,0.095434,6.787721,4.552905,0.000253,27.608493,11.764326,0.700037,380.590217,0.029130,11.992044,432.099386,444.120890,444.503897,0.383007,444.751721
2961,vehicle1,1566.177000,1566.049000,2353.701969,1,ok,29992,22346,1,0.272777,0.007888,0.000275,0.104733,6.395383,5.233329,0.000162,20.747796,6.318237,0.673776,308.785930,0.016499,8.719305,348.259346,356.995425,358.588632,1.593207,358.869297
2962,vehicle1,1566.455000,1566.253000,2354.611894,1,ok,29975,22350,1,0.143322,0.005675,0.000317,0.067843,11.608295,3.783287,0.000109,34.070881,12.375244,0.743004,451.153830,0.003273,6.673665,513.802493,520.479748,520.786676,0.306928,520.935673
2963,vehicle1,1566.681000,1566.551000,2355.490506,1,ok,29972,22339,1,0.283006,0.007985,0.000125,0.094730,7.227139,4.171607,0.000118,20.626106,9.657705,0.700284,315.656300,0.003017,7.004004,358.133989,365.141135,365.479708,0.338573,365.770699
2964,vehicle1,1566.944000,1566.750000,2356.330186,1,ok,29990,22343,1,0.231373,0.005374,0.000155,0.072738,5.249978,3.357301,0.000111,28.116736,13.947940,0.753347,386.409718,0.004513,8.235615,437.907869,446.148152,446.480042,0.331890,446.716789
2965,vehicle1,1567.113000,1566.953000,2356.967930,1,ok,29962,22327,1,0.298547,0.006713,0.000188,0.118551,6.105321,3.996083,0.000115,22.789576,10.762122,0.811215,345.208820,0.017715,8.149751,389.791803,397.959457,398.349686,0.390229,398.654946
2966,vehicle1,1567.343000,1567.153000,2357.765310,1,ok,29949,22328,1,0.150945,0.006092,0.000341,0.059619,7.095693,3.540754,0.000195,25.255168,9.467350,0.846786,389.418023,0.004559,8.486896,435.683588,444.175384,444.550955,0.375571,444.707992
2967,vehicle1,1567.543000,1567.349000,2358.571001,1,ok,29955,22320,1,0.168236,0.010371,0.000533,0.099449,15.129924,3.349844,0.000099,27.014462,11.375836,0.705470,418.996922,0.004990,10.416380,476.672006,487.093909,487.481584,0.387675,487.660191
2968,vehicle1,1567.826000,1567.653000,2359.451681,1,ok,29994,22367,1,0.177215,0.005208,0.000382,0.096719,7.394509,3.580880,0.000092,25.284374,10.354894,0.715350,368.883163,0.002954,7.133931,416.309981,423.447248,423.724792,0.277544,423.907215
2969,vehicle1,1568.045000,1567.851000,2360.254158,1,ok,30001,22375,1,0.127665,0.007019,0.000245,0.105818,9.485837,4.173616,0.000084,27.575796,12.186630,0.933212,402.990188,0.003709,8.657598,457.451181,466.112733,466.611276,0.498543,466.745960
2970,vehicle1,1568.180000,1568.055000,2360.955778,1,ok,30007,22379,1,0.116166,0.006759,0.000314,0.104944,5.201971,3.380264,0.000148,24.464316,7.759557,0.726464,339.219102,0.020413,8.043737,380.856766,388.921230,389.277563,0.356333,389.400488
2971,vehicle1,1568.436000,1568.249000,2361.782247,1,ok,29990,22345,1,0.255956,0.009555,0.000264,0.094703,4.691702,3.330238,0.000050,22.394712,7.963938,0.913210,365.916973,0.003281,6.484964,405.305526,411.794035,412.069256,0.275221,412.334767
2972,vehicle1,1568.582000,1568.451000,2362.509949,1,ok,29998,22355,1,0.223243,0.012133,0.000166,0.061651,5.217028,3.354469,0.000077,22.216713,9.411197,0.963311,336.196847,0.003468,7.637421,377.421293,385.062348,385.514058,0.451710,385.749434
2973,vehicle1,1568.760000,1568.649000,2363.244570,1,ok,30006,22343,1,0.137707,0.012846,0.000385,0.092775,4.716812,3.748610,0.000092,17.418895,7.263671,0.737887,281.504476,0.004587,6.324786,315.483218,321.812976,322.146424,0.333448,322.296977
2974,vehicle1,1568.991000,1568.849000,2364.078160,1,ok,29978,22328,1,0.217842,0.008580,0.000447,0.079814,6.529194,3.236999,0.000209,22.192019,10.708512,0.928687,351.124942,0.004660,8.690880,394.800376,403.496363,404.114458,0.618095,404.340880
2975,vehicle1,1569.243000,1569.051000,2364.964152,1,ok,29959,22332,1,0.137850,0.026317,0.000385,0.100305,7.428237,4.215337,0.000176,25.840680,11.372007,0.842873,417.392573,0.037623,7.506866,467.192188,474.737062,475.178298,0.441236,475.342465
2976,vehicle1,1569.412000,1569.251000,2365.639769,1,ok,29912,22312,1,0.272898,0.008953,0.000267,0.100498,5.145748,3.182432,0.000037,21.505677,11.290742,0.681986,328.682834,0.004633,8.381893,370.589954,378.976747,379.391381,0.414634,379.673232
2977,vehicle1,1569.641000,1569.448000,2366.464601,1,ok,29905,22314,1,0.084488,0.008827,0.000331,0.069301,7.905772,4.111231,0.000112,28.221561,9.974292,0.961568,397.459320,0.010608,9.356823,448.703157,458.070919,458.550145,0.479226,458.643460
2978,vehicle1,1569.757000,1569.650000,2367.078653,1,ok,29918,22310,1,0.290588,0.151762,0.000594,0.078130,4.774510,3.523438,0.000100,22.438598,8.478859,0.741577,272.236817,0.004230,6.246942,312.272029,318.523795,318.813961,0.290166,319.256311
2979,vehicle1,1570.030000,1569.849000,2367.958712,1,ok,29917,22313,1,0.142977,0.008523,0.000265,0.101973,5.068541,3.490674,0.000044,25.499105,10.629031,0.775578,370.910280,0.003406,6.827920,416.475226,423.306817,423.704928,0.398111,423.856428
2980,vehicle1,1570.166000,1570.050000,2368.672798,1,ok,29919,22317,1,0.154367,0.007923,0.000342,0.102244,5.698546,3.760529,0.000084,20.827982,7.697911,0.693819,282.472558,0.003581,7.745942,321.253673,329.003538,329.588861,0.585323,329.751151
2981,vehicle1,1570.443000,1570.252000,2369.512968,1,ok,29907,22311,1,0.269686,0.004388,0.000257,0.057605,4.945940,3.346802,0.000087,26.347309,11.275558,0.966003,386.756864,0.020336,8.153279,433.696168,441.870040,442.318180,0.448140,442.592254
2982,vehicle1,1570.588000,1570.450000,2370.200991,1,ok,29882,22300,1,0.278917,0.010063,0.000519,0.079576,5.139104,3.377237,0.000087,25.006548,9.811601,0.843308,321.671123,0.003430,6.690989,365.928584,372.623522,372.918082,0.294560,373.207062
2983,vehicle1,1570.821000,1570.649000,2370.982426,1,ok,29874,22326,1,0.087359,0.004761,0.000252,0.069578,5.033412,3.684026,0.000117,23.396290,9.533865,0.761323,356.373861,0.004143,7.589211,398.852472,406.446078,407.145699,0.699621,407.237819
2984,vehicle1,1571.041000,1570.848000,2371.778620,1,ok,29815,22300,1,0.134807,0.004729,0.000235,0.058737,4.687363,3.394603,0.000089,25.548371,10.210993,0.830781,384.187001,0.004902,11.275300,428.917938,440.198375,440.527417,0.329042,440.666953
2985,vehicle1,1571.203000,1571.048000,2372.501001,1,ok,29777,22297,1,0.130917,0.006575,0.000391,0.096956,4.848105,3.577868,0.000141,22.599877,8.499459,0.783767,335.466513,0.003979,9.117565,375.872686,384.994621,385.349456,0.354835,385.486948
2986,vehicle1,1571.421000,1571.250000,2373.288732,1,ok,29748,22289,1,0.147720,0.005863,0.000330,0.105886,5.509742,5.487191,0.000111,22.224200,7.663487,2.207940,355.038728,0.003932,6.850926,398.237285,405.092473,405.750347,0.657874,405.903930
2987,vehicle1,1571.644000,1571.446000,2374.120635,1,ok,29642,22219,1,0.202844,0.007118,0.000260,0.102880,16.922296,5.679862,0.000145,33.231860,12.749531,0.691004,428.426176,0.011904,6.352521,497.803754,504.168439,504.452007,0.283568,504.661969
2988,vehicle1,1571.842000,1571.651000,2374.888419,1,ok,29554,22232,1,0.245892,0.011411,0.000230,0.102062,7.862149,3.723029,0.000079,28.254367,13.564752,0.840710,412.639656,0.003978,6.587714,466.986804,473.578726,474.035451,0.456725,474.292754
2989,vehicle1,1572.042000,1571.849000,2375.710587,1,ok,29428,22252,1,0.251162,0.007874,0.000282,0.098364,7.007420,3.523475,0.000034,36.469196,15.034688,1.002404,445.385854,0.005238,7.948936,508.521435,516.475891,516.937456,0.461565,517.196492
2990,vehicle1,1572.244000,1572.050000,2376.454766,1,ok,29361,22295,1,0.147994,0.008873,0.000205,0.120718,16.927273,4.938741,0.000152,33.150562,12.797053,0.777877,422.701056,0.004354,7.268643,491.413432,498.686634,499.063818,0.377184,499.220685
2991,vehicle1,1572.443000,1572.253000,2377.226455,1,ok,29273,22292,1,0.218234,0.009280,0.000244,0.104082,10.159959,3.454198,0.000086,30.937845,12.047421,0.712838,429.594044,0.006320,8.690704,487.010473,495.707741,496.157422,0.449681,496.384936
2992,vehicle1,1572.645000,1572.451000,2377.936378,1,ok,29130,22247,1,0.114144,0.018594,0.000246,0.080852,9.849952,3.750707,0.000077,29.343474,12.137867,0.886185,400.696774,0.014498,7.726560,456.745888,464.487192,464.888680,0.401488,465.021418
2993,vehicle1,1572.844000,1572.651000,2378.672557,1,ok,29001,22219,1,0.189545,0.006149,0.000246,0.100987,9.540143,4.140286,0.000163,32.400238,11.677412,0.877194,358.401455,0.015814,6.877730,417.137878,424.031668,424.381060,0.349392,424.576754
2994,vehicle1,1572.975000,1572.851000,2379.363645,1,ok,28916,22189,1,0.142857,0.005787,0.000189,0.061179,6.553171,4.079182,0.000168,28.154292,10.960914,0.763295,314.598096,0.003926,7.454392,365.170297,372.628804,372.965096,0.336292,373.113740
2995,vehicle1,1573.189000,1573.050000,2380.144949,1,ok,28896,22187,1,0.150868,0.450313,0.000505,0.089401,7.884426,5.056135,0.000091,31.820261,11.211539,0.885696,316.231998,0.004162,7.076459,373.179547,380.260673,380.766077,0.505404,381.367258
2996,vehicle1,1573.425000,1573.251000,2380.935365,1,ok,28829,22135,1,0.122630,0.009730,0.000343,0.101791,5.562978,3.737478,0.000133,27.014312,10.573205,0.701367,338.719146,0.003774,8.809265,386.410410,395.223792,395.660548,0.436756,395.792908
2997,vehicle1,1573.642000,1573.449000,2381.696976,1,ok,28806,22114,1,0.149756,2.377982,0.000396,0.095024,6.769015,3.681593,0.000167,27.118997,9.513328,0.760763,359.890996,0.014175,7.476768,407.829883,415.321222,415.806076,0.484854,418.333814
2998,vehicle1,1573.843000,1573.648000,2382.456991,1,ok,28818,22143,1,0.256437,0.005252,0.000294,0.093143,7.525886,3.660583,0.000081,28.889360,11.881241,0.732608,366.831380,0.016655,9.752959,419.614282,429.384190,429.984661,0.600471,430.246350
2999,vehicle1,1574.042000,1573.851000,2383.234765,1,ok,28811,22146,1,0.246759,0.010076,0.000206,0.099838,12.582147,4.440280,0.000210,31.532786,13.974496,0.706808,391.400602,0.014495,8.036438,454.737167,462.788306,463.235767,0.447461,463.492602
3000,vehicle1,1574.241000,1574.050000,2383.994121,1,ok,28803,22135,1,0.151149,0.007013,0.000475,0.125839,5.869092,3.828597,0.000198,30.104989,10.591461,0.694593,396.815796,0.005357,11.084495,448.030565,459.120892,459.540077,0.419185,459.698239
3001,vehicle1,1574.419000,1574.249000,2384.720728,1,ok,28781,22089,1,0.160401,0.004192,0.000272,0.059994,7.660670,3.349824,0.000099,24.534149,11.799438,0.811925,345.139172,0.003802,6.530627,393.355271,399.889972,400.196732,0.306760,400.361325
3002,vehicle1,1574.593000,1574.447000,2385.482823,1,ok,28767,22072,1,0.132222,0.008282,0.000413,0.093782,7.081000,3.751681,0.000083,30.652886,10.300358,0.694262,362.440563,0.006185,11.286691,415.014615,426.307904,426.863554,0.555650,427.004058
3003,vehicle1,1574.828000,1574.652000,2386.261677,1,ok,28766,22080,1,0.102706,0.007371,0.000396,0.098590,6.051153,3.352825,0.000092,29.509100,11.101666,0.777734,337.143129,0.003805,7.082541,388.034289,395.121031,395.469844,0.348813,395.579921
3004,vehicle1,1575.043000,1574.852000,2387.057449,1,ok,28790,22127,1,0.164328,0.005877,0.000247,0.058763,13.239137,3.649372,0.000109,32.672687,12.953277,0.693681,379.971479,0.079142,8.192989,443.238505,451.510883,451.933515,0.422632,452.103720
3005,vehicle1,1575.229000,1575.049000,2387.789276,1,ok,28746,22089,1,0.092243,0.007944,0.000256,0.065091,6.823194,3.358739,0.000056,37.889996,11.998906,0.730226,358.015386,0.004277,6.827649,418.881594,425.713776,426.088671,0.374895,426.188858
3006,vehicle1,1575.453000,1575.254000,2388.565249,1,ok,28779,22128,1,0.264412,0.006189,0.000310,0.104543,6.401469,3.360690,0.000149,28.767904,12.654699,0.926888,371.188798,0.003587,8.122705,423.405140,431.531742,431.856538,0.324796,432.127139
3007,vehicle1,1575.740000,1575.552000,2389.627873,1,ok,28763,22106,1,0.106816,0.007405,0.000205,0.062056,6.894506,4.437520,0.000085,28.869291,11.509592,0.765023,363.288949,0.003242,7.271415,415.827022,423.101884,423.423899,0.322015,423.538120
3008,vehicle1,1575.938000,1575.751000,2390.378558,1,ok,28791,22137,1,0.237318,0.008008,0.000188,0.101986,5.701026,3.625415,0.000110,24.091024,10.762228,0.827063,357.977760,0.002904,7.198198,403.086612,410.287902,410.820321,0.532419,411.065647
3009,vehicle1,1576.144000,1575.950000,2391.170436,1,ok,28799,22171,1,0.248949,0.008347,0.000376,0.117097,8.973602,5.427186,0.000150,34.026487,13.181290,0.691610,395.515254,0.051577,11.484354,457.932676,469.468983,469.867891,0.398908,470.125187
3010,vehicle1,1576.315000,1576.152000,2391.845019,1,ok,28842,22235,1,0.152375,0.012057,0.000627,0.149088,7.818081,4.909520,0.000110,36.465138,15.221928,1.075411,320.490023,0.004206,7.237420,386.129299,393.371552,393.935937,0.564385,394.100369
3011,vehicle1,1576.643000,1576.451000,2392.905641,1,ok,28827,22189,1,0.249432,1.435716,0.000320,0.083657,7.673267,3.449765,0.000100,31.605407,11.355737,0.742439,375.158088,0.004382,8.304367,430.068460,438.377529,438.758447,0.380918,440.443595
3012,vehicle1,1576.845000,1576.650000,2393.663487,1,ok,28824,22206,1,0.113043,0.006836,0.000247,0.105223,5.276042,3.363618,0.000144,30.231959,13.269137,0.889445,368.305769,0.003733,9.384834,421.441337,430.830151,431.443618,0.613467,431.563497
3013,vehicle1,1577.044000,1576.853000,2394.445933,1,ok,28848,22239,1,0.262922,0.006883,0.000230,0.116547,6.538807,3.270624,0.000085,36.212769,15.339020,1.193433,383.096412,0.003890,6.894090,445.767697,452.665907,453.486955,0.821048,453.756760
3014,vehicle1,1577.219000,1577.052000,2395.155960,1,ok,28868,22263,1,0.138448,0.005351,0.000261,0.110424,7.790212,4.754009,0.000146,27.610939,11.140450,0.685796,343.954772,0.075087,7.223614,396.046748,403.345710,403.823448,0.477738,403.967247
3015,vehicle1,1577.372000,1577.251000,2395.861343,1,ok,28846,22230,1,0.318197,0.006732,0.000245,0.090480,6.165443,4.250011,0.000147,24.806767,8.336333,0.745534,293.353091,0.003927,8.124999,337.747806,345.876977,346.301846,0.424869,346.626775
3016,vehicle1,1577.611000,1577.449000,2396.672141,1,ok,28797,22179,1,0.249025,0.008213,0.000378,0.097634,5.676314,3.626159,0.000193,28.434748,9.734533,0.873108,344.243790,0.003539,8.975183,392.686479,401.665579,402.108190,0.442611,402.365428
3017,vehicle1,1577.860000,1577.751000,2397.653774,1,ok,28784,22166,1,0.218875,0.004886,0.000158,0.059779,5.338428,4.167623,0.000090,26.062889,8.545844,0.864861,301.866228,0.003440,7.163667,346.905742,354.073007,354.481703,0.408696,354.705464
3018,vehicle1,1578.111000,1577.950000,2398.500323,1,ok,28777,22208,1,0.188338,0.005909,0.000391,0.074298,6.197953,3.518921,0.000181,26.468521,10.472925,1.041872,335.734295,0.004695,8.751595,383.508966,392.265647,392.966700,0.701053,393.160947
3019,vehicle1,1578.343000,1578.150000,2399.341083,1,ok,28806,22227,1,0.147717,0.007900,0.000448,0.068577,6.611813,4.511408,0.000107,29.691137,12.871330,0.741113,387.532576,0.014156,7.624832,442.028061,449.667497,449.978044,0.310547,450.133661
3020,vehicle1,1578.544000,1578.351000,2400.118947,1,ok,28824,22242,1,0.287954,2.486053,0.000345,0.101207,6.944812,4.026064,0.000166,28.960064,11.889834,0.712660,363.481200,0.003753,6.804502,416.116007,422.924607,423.515724,0.591117,426.289731
3021,vehicle1,1578.660000,1578.551000,2400.794087,1,ok,28821,22215,1,0.327024,0.007605,0.000276,0.093611,6.379390,4.658583,0.000138,25.600835,10.043303,0.693623,274.975417,0.010402,7.775942,322.444900,330.231520,330.690265,0.458745,331.024894
3022,vehicle1,1578.873000,1578.751000,2401.599052,1,ok,28855,22219,1,0.087919,0.006173,0.000349,0.068710,5.144000,3.781495,0.000226,24.012340,9.593679,0.864741,313.412260,0.003604,7.140264,356.877451,364.021668,364.401097,0.379429,364.495189
3023,vehicle1,1579.087000,1578.949000,2402.405601,1,ok,28849,22228,1,0.115353,0.008765,0.000145,0.083538,5.917315,4.030654,0.000104,25.349171,10.431120,0.827235,319.085637,0.003473,6.789314,365.724774,372.517706,372.965269,0.447563,373.089387
3024,vehicle1,1579.344000,1579.152000,2403.290718,1,ok,28839,22257,1,0.117711,0.009874,0.000328,0.091106,10.095746,3.765566,0.000105,32.248944,12.536323,0.711003,402.875037,0.013364,7.972525,462.323830,470.310047,470.603196,0.293149,470.730781
3025,vehicle1,1579.461000,1579.351000,2403.952766,1,ok,28825,22243,1,0.267156,0.007630,0.000224,0.116013,8.250263,5.987631,0.000235,23.397360,8.422115,0.834873,288.828177,0.004429,8.194706,335.836667,344.036026,344.717805,0.681779,344.992591
3026,vehicle1,1579.742000,1579.551000,2404.844457,1,ok,28806,22190,1,0.247728,0.007223,0.000165,0.104345,10.892683,3.955067,0.000104,33.006646,11.564958,0.680494,370.540809,0.003125,9.284798,430.745106,440.033194,440.561481,0.528287,440.816432
3027,vehicle1,1579.942000,1579.751000,2405.611857,1,ok,28796,22210,1,0.077404,0.007338,0.000281,0.107881,7.398534,4.915877,0.000179,50.844313,15.183916,0.991785,368.228766,0.003488,6.406643,447.671251,454.081663,454.446436,0.364773,454.531178
3028,vehicle1,1580.058000,1579.950000,2406.317958,1,ok,28757,22173,1,0.118009,0.009140,0.000633,0.122516,6.707898,4.434704,0.000105,25.517502,10.392509,0.688878,275.625423,0.004937,7.022220,323.489535,330.517325,330.905934,0.388609,331.033083
3029,vehicle1,1580.344000,1580.153000,2407.210605,1,ok,28795,22211,1,0.129084,0.007610,0.000568,0.077819,8.916615,5.098094,0.000120,32.784973,14.339054,0.994923,373.237686,0.012413,6.458753,435.449284,441.921018,442.887739,0.966721,443.024433
3030,vehicle1,1580.538000,1580.352000,2408.009792,1,ok,28781,22207,1,0.221480,0.006382,0.000285,0.099023,9.926981,4.521029,0.000121,30.069034,10.310858,0.697371,369.338684,0.006799,8.765542,424.963101,433.735727,434.092070,0.356343,434.319932
3031,vehicle1,1580.733000,1580.548000,2408.797345,1,ok,28790,22262,1,0.139608,0.009110,0.000147,0.101173,8.228167,4.573682,0.000112,29.547453,11.203446,0.868812,364.678499,0.003218,7.871828,419.201344,427.076537,427.572961,0.496424,427.721679
3032,vehicle1,1580.914000,1580.754000,2409.559674,1,ok,28765,22251,1,0.177841,0.006849,0.000205,0.092235,6.160007,4.444084,0.000138,27.849483,10.406426,0.688863,353.746280,0.005493,7.115415,403.387516,410.508629,410.942475,0.433846,411.127165
3033,vehicle1,1581.101000,1580.951000,2410.330115,1,ok,28742,22194,1,0.327230,0.009097,0.000386,0.093000,7.862398,3.302482,0.000087,23.544976,10.911888,0.677057,320.317212,0.005595,7.212791,366.709100,373.927872,374.418751,0.490879,374.755078
3034,vehicle1,1581.276000,1581.150000,2411.088372,1,ok,28749,22210,1,0.128762,0.005583,0.000193,0.065208,5.558014,3.469686,0.000182,24.270730,9.494499,0.725713,327.143867,0.005233,6.733400,370.727899,377.466725,377.735483,0.268758,377.869828
3035,vehicle1,1581.465000,1581.350000,2411.844753,1,ok,28721,22182,1,0.081763,0.008479,0.000241,0.105627,4.977356,3.548806,0.000091,21.484347,7.756856,0.918822,300.667247,0.022663,7.572172,339.459152,347.054228,347.595761,0.541533,347.686003
3036,vehicle1,1581.727000,1581.551000,2412.701260,1,ok,28683,22168,1,0.278455,0.671422,0.000439,0.094130,5.657868,3.519508,0.000079,28.149544,10.766914,0.858430,341.143523,0.003444,8.336373,390.189996,398.530252,398.909669,0.379417,399.859546
3037,vehicle1,1581.860000,1581.750000,2413.397161,1,ok,28697,22170,1,0.295051,0.009755,0.000199,0.096492,5.523223,4.264700,0.000082,21.878419,7.987565,0.851765,289.205288,0.015078,7.085688,329.807534,336.908499,337.330516,0.422017,337.635322
3038,vehicle1,1582.117000,1581.949000,2414.237504,1,ok,28677,22137,1,0.340819,0.008087,0.000223,0.113843,8.814615,4.886328,0.000110,27.946970,10.884066,0.873626,330.009931,0.005633,7.474493,383.529489,391.009838,391.439360,0.429522,391.788266
3039,vehicle1,1582.343000,1582.152000,2415.059656,1,ok,28702,22171,1,0.113691,0.012551,0.000196,0.084725,8.919427,5.770274,0.000090,34.335229,12.271098,0.863374,370.621519,0.004417,8.652374,432.865736,441.522723,442.512276,0.989553,442.638518
3040,vehicle1,1582.467000,1582.354000,2415.771347,1,ok,28692,22182,1,0.249489,0.007180,0.000242,0.097187,8.255455,4.701102,0.000099,33.719044,11.120087,0.719731,304.114905,0.057751,7.015813,362.727610,369.801416,370.256507,0.455091,370.513176
3041,vehicle1,1582.656000,1582.554000,2416.548721,1,ok,28659,22144,1,0.108490,0.008749,0.000283,0.079475,6.323039,5.644962,0.000272,22.102211,11.857816,0.719153,281.503832,0.027326,7.247326,328.230760,335.505695,336.023550,0.517855,336.140789
3042,vehicle1,1582.942000,1582.751000,2417.432796,1,ok,28656,22132,1,0.160260,0.008824,0.000333,0.127354,14.997599,4.919740,0.000220,39.479076,11.912147,0.685675,377.615307,0.005428,9.929190,449.737118,459.672069,460.141246,0.469177,460.310330
3043,vehicle1,1583.063000,1582.951000,2418.144751,1,ok,28666,22128,1,0.341709,0.007756,0.000162,0.082786,6.953435,4.573393,0.000120,28.642300,10.119183,0.790825,307.310975,0.003757,6.372985,358.473017,364.849921,365.227179,0.377258,365.576644
3044,vehicle1,1583.261000,1583.150000,2418.877282,1,ok,28643,22100,1,0.214352,0.006726,0.000358,0.116171,5.085695,4.477504,0.000094,21.484708,8.514128,0.685923,273.437381,0.008386,6.219548,313.801604,320.029896,320.319977,0.290081,320.541055
